source_ref,target_ref,relation,confidence,note,element_text
AA.I.A.K1,ac-120-76e,guidance,auto,from the Task A References line,"Landing gear–extension/retraction system(s), indicators, float devices, brakes, antiskid, tires, nose- wheel steering, and shock absorbers."
AA.I.A.K1,ac-91-78a,guidance,auto,from the Task A References line,"Landing gear–extension/retraction system(s), indicators, float devices, brakes, antiskid, tires, nose- wheel steering, and shock absorbers."
AA.I.A.K1,afh,explanation,auto,from the Task A References line,"Landing gear–extension/retraction system(s), indicators, float devices, brakes, antiskid, tires, nose- wheel steering, and shock absorbers."
AA.I.A.K1,risk-management,explanation,auto,from the Task A References line,"Landing gear–extension/retraction system(s), indicators, float devices, brakes, antiskid, tires, nose- wheel steering, and shock absorbers."
AA.I.A.K1,seaplane,explanation,auto,from the Task A References line,"Landing gear–extension/retraction system(s), indicators, float devices, brakes, antiskid, tires, nose- wheel steering, and shock absorbers."
AA.I.A.K10,ac-120-76e,guidance,auto,from the Task A References line,"Ice protection–anti-ice, deice, pitot-static system protection, turbine inlet, propeller, windshield, airfoil surfaces, and other related components."
AA.I.A.K10,ac-91-78a,guidance,auto,from the Task A References line,"Ice protection–anti-ice, deice, pitot-static system protection, turbine inlet, propeller, windshield, airfoil surfaces, and other related components."
AA.I.A.K10,afh,explanation,auto,from the Task A References line,"Ice protection–anti-ice, deice, pitot-static system protection, turbine inlet, propeller, windshield, airfoil surfaces, and other related components."
AA.I.A.K10,risk-management,explanation,auto,from the Task A References line,"Ice protection–anti-ice, deice, pitot-static system protection, turbine inlet, propeller, windshield, airfoil surfaces, and other related components."
AA.I.A.K10,seaplane,explanation,auto,from the Task A References line,"Ice protection–anti-ice, deice, pitot-static system protection, turbine inlet, propeller, windshield, airfoil surfaces, and other related components."
AA.I.A.K11,ac-120-76e,guidance,auto,from the Task A References line,"Crewmember and passenger equipment–oxygen system, survival gear, emergency exits, evacuation procedures and crew duties, quick donning oxygen mask for crewmembers, passenger oxygen system."
AA.I.A.K11,ac-91-78a,guidance,auto,from the Task A References line,"Crewmember and passenger equipment–oxygen system, survival gear, emergency exits, evacuation procedures and crew duties, quick donning oxygen mask for crewmembers, passenger oxygen system."
AA.I.A.K11,afh,explanation,auto,from the Task A References line,"Crewmember and passenger equipment–oxygen system, survival gear, emergency exits, evacuation procedures and crew duties, quick donning oxygen mask for crewmembers, passenger oxygen system."
AA.I.A.K11,risk-management,explanation,auto,from the Task A References line,"Crewmember and passenger equipment–oxygen system, survival gear, emergency exits, evacuation procedures and crew duties, quick donning oxygen mask for crewmembers, passenger oxygen system."
AA.I.A.K11,seaplane,explanation,auto,from the Task A References line,"Crewmember and passenger equipment–oxygen system, survival gear, emergency exits, evacuation procedures and crew duties, quick donning oxygen mask for crewmembers, passenger oxygen system."
AA.I.A.K12,ac-120-76e,guidance,auto,from the Task A References line,"Flight controls–ailerons, elevator(s), rudder(s), control tabs, control boost/augmentation systems, flaps, spoilers, leading edge devices, speed brakes, stability augmentation system (e.g., yaw damper), and trim systems."
AA.I.A.K12,ac-91-78a,guidance,auto,from the Task A References line,"Flight controls–ailerons, elevator(s), rudder(s), control tabs, control boost/augmentation systems, flaps, spoilers, leading edge devices, speed brakes, stability augmentation system (e.g., yaw damper), and trim systems."
AA.I.A.K12,afh,explanation,auto,from the Task A References line,"Flight controls–ailerons, elevator(s), rudder(s), control tabs, control boost/augmentation systems, flaps, spoilers, leading edge devices, speed brakes, stability augmentation system (e.g., yaw damper), and trim systems."
AA.I.A.K12,risk-management,explanation,auto,from the Task A References line,"Flight controls–ailerons, elevator(s), rudder(s), control tabs, control boost/augmentation systems, flaps, spoilers, leading edge devices, speed brakes, stability augmentation system (e.g., yaw damper), and trim systems."
AA.I.A.K12,seaplane,explanation,auto,from the Task A References line,"Flight controls–ailerons, elevator(s), rudder(s), control tabs, control boost/augmentation systems, flaps, spoilers, leading edge devices, speed brakes, stability augmentation system (e.g., yaw damper), and trim systems."
AA.I.A.K13,ac-120-76e,guidance,auto,from the Task A References line,Pitot-static system–associated instruments and the power source for those flight instruments. Operation and power sources for other flight instruments. 3
AA.I.A.K13,ac-91-78a,guidance,auto,from the Task A References line,Pitot-static system–associated instruments and the power source for those flight instruments. Operation and power sources for other flight instruments. 3
AA.I.A.K13,afh,explanation,auto,from the Task A References line,Pitot-static system–associated instruments and the power source for those flight instruments. Operation and power sources for other flight instruments. 3
AA.I.A.K13,risk-management,explanation,auto,from the Task A References line,Pitot-static system–associated instruments and the power source for those flight instruments. Operation and power sources for other flight instruments. 3
AA.I.A.K13,seaplane,explanation,auto,from the Task A References line,Pitot-static system–associated instruments and the power source for those flight instruments. Operation and power sources for other flight instruments. 3
AA.I.A.K14,ac-120-76e,guidance,auto,from the Task A References line,"Fire & smoke detection, protection, and suppression–powerplant, cargo and passenger compartments, lavatory, pneumatic and environmental, electrical/avionics, and batteries (on aircraft and personal electronic devices)."
AA.I.A.K14,ac-91-78a,guidance,auto,from the Task A References line,"Fire & smoke detection, protection, and suppression–powerplant, cargo and passenger compartments, lavatory, pneumatic and environmental, electrical/avionics, and batteries (on aircraft and personal electronic devices)."
AA.I.A.K14,afh,explanation,auto,from the Task A References line,"Fire & smoke detection, protection, and suppression–powerplant, cargo and passenger compartments, lavatory, pneumatic and environmental, electrical/avionics, and batteries (on aircraft and personal electronic devices)."
AA.I.A.K14,risk-management,explanation,auto,from the Task A References line,"Fire & smoke detection, protection, and suppression–powerplant, cargo and passenger compartments, lavatory, pneumatic and environmental, electrical/avionics, and batteries (on aircraft and personal electronic devices)."
AA.I.A.K14,seaplane,explanation,auto,from the Task A References line,"Fire & smoke detection, protection, and suppression–powerplant, cargo and passenger compartments, lavatory, pneumatic and environmental, electrical/avionics, and batteries (on aircraft and personal electronic devices)."
AA.I.A.K15,ac-120-76e,guidance,auto,from the Task A References line,"Envelope protection–angle of attack warning and protection, and speed protection."
AA.I.A.K15,ac-91-78a,guidance,auto,from the Task A References line,"Envelope protection–angle of attack warning and protection, and speed protection."
AA.I.A.K15,afh,explanation,auto,from the Task A References line,"Envelope protection–angle of attack warning and protection, and speed protection."
AA.I.A.K15,risk-management,explanation,auto,from the Task A References line,"Envelope protection–angle of attack warning and protection, and speed protection."
AA.I.A.K15,seaplane,explanation,auto,from the Task A References line,"Envelope protection–angle of attack warning and protection, and speed protection."
AA.I.A.K16,ac-120-76e,guidance,auto,from the Task A References line,The contents of the Pilot Owner's Handbook (POH) or Airplane Flight Manual (AFM) with regard to the systems and components in the airplane.
AA.I.A.K16,ac-91-78a,guidance,auto,from the Task A References line,The contents of the Pilot Owner's Handbook (POH) or Airplane Flight Manual (AFM) with regard to the systems and components in the airplane.
AA.I.A.K16,afh,explanation,auto,from the Task A References line,The contents of the Pilot Owner's Handbook (POH) or Airplane Flight Manual (AFM) with regard to the systems and components in the airplane.
AA.I.A.K16,risk-management,explanation,auto,from the Task A References line,The contents of the Pilot Owner's Handbook (POH) or Airplane Flight Manual (AFM) with regard to the systems and components in the airplane.
AA.I.A.K16,seaplane,explanation,auto,from the Task A References line,The contents of the Pilot Owner's Handbook (POH) or Airplane Flight Manual (AFM) with regard to the systems and components in the airplane.
AA.I.A.K17,ac-120-76e,guidance,auto,from the Task A References line,How to use a Minimum Equipment List (MEL) and a Configuration Deviation List (CDL).
AA.I.A.K17,ac-91-78a,guidance,auto,from the Task A References line,How to use a Minimum Equipment List (MEL) and a Configuration Deviation List (CDL).
AA.I.A.K17,afh,explanation,auto,from the Task A References line,How to use a Minimum Equipment List (MEL) and a Configuration Deviation List (CDL).
AA.I.A.K17,risk-management,explanation,auto,from the Task A References line,How to use a Minimum Equipment List (MEL) and a Configuration Deviation List (CDL).
AA.I.A.K17,seaplane,explanation,auto,from the Task A References line,How to use a Minimum Equipment List (MEL) and a Configuration Deviation List (CDL).
AA.I.A.K2,ac-120-76e,guidance,auto,from the Task A References line,"Powerplant–controls and indications, induction system, carburetor and fuel injection, turbocharging, cooling, mounting points, turbine wheels, compressors, deicing, anti-icing, and other related components."
AA.I.A.K2,ac-91-78a,guidance,auto,from the Task A References line,"Powerplant–controls and indications, induction system, carburetor and fuel injection, turbocharging, cooling, mounting points, turbine wheels, compressors, deicing, anti-icing, and other related components."
AA.I.A.K2,afh,explanation,auto,from the Task A References line,"Powerplant–controls and indications, induction system, carburetor and fuel injection, turbocharging, cooling, mounting points, turbine wheels, compressors, deicing, anti-icing, and other related components."
AA.I.A.K2,risk-management,explanation,auto,from the Task A References line,"Powerplant–controls and indications, induction system, carburetor and fuel injection, turbocharging, cooling, mounting points, turbine wheels, compressors, deicing, anti-icing, and other related components."
AA.I.A.K2,seaplane,explanation,auto,from the Task A References line,"Powerplant–controls and indications, induction system, carburetor and fuel injection, turbocharging, cooling, mounting points, turbine wheels, compressors, deicing, anti-icing, and other related components."
AA.I.A.K3,ac-120-76e,guidance,auto,from the Task A References line,"Propellers–type, controls, feathering/unfeathering, auto-feather, negative torque sensing, synchronizing, synchrophasing, and thrust reverse, including uncommanded reverse procedures."
AA.I.A.K3,ac-91-78a,guidance,auto,from the Task A References line,"Propellers–type, controls, feathering/unfeathering, auto-feather, negative torque sensing, synchronizing, synchrophasing, and thrust reverse, including uncommanded reverse procedures."
AA.I.A.K3,afh,explanation,auto,from the Task A References line,"Propellers–type, controls, feathering/unfeathering, auto-feather, negative torque sensing, synchronizing, synchrophasing, and thrust reverse, including uncommanded reverse procedures."
AA.I.A.K3,risk-management,explanation,auto,from the Task A References line,"Propellers–type, controls, feathering/unfeathering, auto-feather, negative torque sensing, synchronizing, synchrophasing, and thrust reverse, including uncommanded reverse procedures."
AA.I.A.K3,seaplane,explanation,auto,from the Task A References line,"Propellers–type, controls, feathering/unfeathering, auto-feather, negative torque sensing, synchronizing, synchrophasing, and thrust reverse, including uncommanded reverse procedures."
AA.I.A.K4,ac-120-76e,guidance,auto,from the Task A References line,"Fuel system–capacity, drains, pumps, controls, indicators, cross-feeding, transferring, jettisoning, fuel grade, color and additives, fueling and defueling procedures, and fuel substitutions."
AA.I.A.K4,ac-91-78a,guidance,auto,from the Task A References line,"Fuel system–capacity, drains, pumps, controls, indicators, cross-feeding, transferring, jettisoning, fuel grade, color and additives, fueling and defueling procedures, and fuel substitutions."
AA.I.A.K4,afh,explanation,auto,from the Task A References line,"Fuel system–capacity, drains, pumps, controls, indicators, cross-feeding, transferring, jettisoning, fuel grade, color and additives, fueling and defueling procedures, and fuel substitutions."
AA.I.A.K4,risk-management,explanation,auto,from the Task A References line,"Fuel system–capacity, drains, pumps, controls, indicators, cross-feeding, transferring, jettisoning, fuel grade, color and additives, fueling and defueling procedures, and fuel substitutions."
AA.I.A.K4,seaplane,explanation,auto,from the Task A References line,"Fuel system–capacity, drains, pumps, controls, indicators, cross-feeding, transferring, jettisoning, fuel grade, color and additives, fueling and defueling procedures, and fuel substitutions."
AA.I.A.K5,ac-120-76e,guidance,auto,from the Task A References line,"Oil system–capacity, allowable types of oil, quantities, and indicators."
AA.I.A.K5,ac-91-78a,guidance,auto,from the Task A References line,"Oil system–capacity, allowable types of oil, quantities, and indicators."
AA.I.A.K5,afh,explanation,auto,from the Task A References line,"Oil system–capacity, allowable types of oil, quantities, and indicators."
AA.I.A.K5,risk-management,explanation,auto,from the Task A References line,"Oil system–capacity, allowable types of oil, quantities, and indicators."
AA.I.A.K5,seaplane,explanation,auto,from the Task A References line,"Oil system–capacity, allowable types of oil, quantities, and indicators."
AA.I.A.K6,ac-120-76e,guidance,auto,from the Task A References line,"Hydraulic system–capacity, pumps, pressure, reservoirs, allowable types of fluid, and regulators."
AA.I.A.K6,ac-91-78a,guidance,auto,from the Task A References line,"Hydraulic system–capacity, pumps, pressure, reservoirs, allowable types of fluid, and regulators."
AA.I.A.K6,afh,explanation,auto,from the Task A References line,"Hydraulic system–capacity, pumps, pressure, reservoirs, allowable types of fluid, and regulators."
AA.I.A.K6,risk-management,explanation,auto,from the Task A References line,"Hydraulic system–capacity, pumps, pressure, reservoirs, allowable types of fluid, and regulators."
AA.I.A.K6,seaplane,explanation,auto,from the Task A References line,"Hydraulic system–capacity, pumps, pressure, reservoirs, allowable types of fluid, and regulators."
AA.I.A.K7,ac-120-76e,guidance,auto,from the Task A References line,"Electrical system–alternators, generators, batteries, circuit breakers and protection devices, controls, indicators, and external and auxiliary power sources and ratings."
AA.I.A.K7,ac-91-78a,guidance,auto,from the Task A References line,"Electrical system–alternators, generators, batteries, circuit breakers and protection devices, controls, indicators, and external and auxiliary power sources and ratings."
AA.I.A.K7,afh,explanation,auto,from the Task A References line,"Electrical system–alternators, generators, batteries, circuit breakers and protection devices, controls, indicators, and external and auxiliary power sources and ratings."
AA.I.A.K7,risk-management,explanation,auto,from the Task A References line,"Electrical system–alternators, generators, batteries, circuit breakers and protection devices, controls, indicators, and external and auxiliary power sources and ratings."
AA.I.A.K7,seaplane,explanation,auto,from the Task A References line,"Electrical system–alternators, generators, batteries, circuit breakers and protection devices, controls, indicators, and external and auxiliary power sources and ratings."
AA.I.A.K8,ac-120-76e,guidance,auto,from the Task A References line,"Pneumatic and environmental systems–heating, cooling, ventilation, oxygen, pressurization, supply for ice protection systems, controls, indicators, and regulating devices."
AA.I.A.K8,ac-91-78a,guidance,auto,from the Task A References line,"Pneumatic and environmental systems–heating, cooling, ventilation, oxygen, pressurization, supply for ice protection systems, controls, indicators, and regulating devices."
AA.I.A.K8,afh,explanation,auto,from the Task A References line,"Pneumatic and environmental systems–heating, cooling, ventilation, oxygen, pressurization, supply for ice protection systems, controls, indicators, and regulating devices."
AA.I.A.K8,risk-management,explanation,auto,from the Task A References line,"Pneumatic and environmental systems–heating, cooling, ventilation, oxygen, pressurization, supply for ice protection systems, controls, indicators, and regulating devices."
AA.I.A.K8,seaplane,explanation,auto,from the Task A References line,"Pneumatic and environmental systems–heating, cooling, ventilation, oxygen, pressurization, supply for ice protection systems, controls, indicators, and regulating devices."
AA.I.A.K9,ac-120-76e,guidance,auto,from the Task A References line,"Avionics and communications–autopilot, flight director, Electronic Flight Instrument Systems (EFIS), Flight Management System (FMS), Electronic Flight Bag (EFB), Radar, Inertial Navigation Systems (INS), Global Navigation Satellite System (GNSS), Space-Based Augmentation System (SBAS), Ground-Based "
AA.I.A.K9,ac-91-78a,guidance,auto,from the Task A References line,"Avionics and communications–autopilot, flight director, Electronic Flight Instrument Systems (EFIS), Flight Management System (FMS), Electronic Flight Bag (EFB), Radar, Inertial Navigation Systems (INS), Global Navigation Satellite System (GNSS), Space-Based Augmentation System (SBAS), Ground-Based "
AA.I.A.K9,afh,explanation,auto,from the Task A References line,"Avionics and communications–autopilot, flight director, Electronic Flight Instrument Systems (EFIS), Flight Management System (FMS), Electronic Flight Bag (EFB), Radar, Inertial Navigation Systems (INS), Global Navigation Satellite System (GNSS), Space-Based Augmentation System (SBAS), Ground-Based "
AA.I.A.K9,risk-management,explanation,auto,from the Task A References line,"Avionics and communications–autopilot, flight director, Electronic Flight Instrument Systems (EFIS), Flight Management System (FMS), Electronic Flight Bag (EFB), Radar, Inertial Navigation Systems (INS), Global Navigation Satellite System (GNSS), Space-Based Augmentation System (SBAS), Ground-Based "
AA.I.A.K9,seaplane,explanation,auto,from the Task A References line,"Avionics and communications–autopilot, flight director, Electronic Flight Instrument Systems (EFIS), Flight Management System (FMS), Electronic Flight Bag (EFB), Radar, Inertial Navigation Systems (INS), Global Navigation Satellite System (GNSS), Space-Based Augmentation System (SBAS), Ground-Based "
AA.I.A.R1,ac-120-76e,guidance,auto,from the Task A References line,Detection of system malfunctions or failures.
AA.I.A.R1,ac-91-78a,guidance,auto,from the Task A References line,Detection of system malfunctions or failures.
AA.I.A.R1,afh,explanation,auto,from the Task A References line,Detection of system malfunctions or failures.
AA.I.A.R1,risk-management,explanation,auto,from the Task A References line,Detection of system malfunctions or failures.
AA.I.A.R1,seaplane,explanation,auto,from the Task A References line,Detection of system malfunctions or failures.
AA.I.A.R2,ac-120-76e,guidance,auto,from the Task A References line,Management of a system failure.
AA.I.A.R2,ac-91-78a,guidance,auto,from the Task A References line,Management of a system failure.
AA.I.A.R2,afh,explanation,auto,from the Task A References line,Management of a system failure.
AA.I.A.R2,risk-management,explanation,auto,from the Task A References line,Management of a system failure.
AA.I.A.R2,seaplane,explanation,auto,from the Task A References line,Management of a system failure.
AA.I.A.R3,ac-120-76e,guidance,auto,from the Task A References line,Monitoring and management of automated systems.
AA.I.A.R3,ac-91-78a,guidance,auto,from the Task A References line,Monitoring and management of automated systems.
AA.I.A.R3,afh,explanation,auto,from the Task A References line,Monitoring and management of automated systems.
AA.I.A.R3,risk-management,explanation,auto,from the Task A References line,Monitoring and management of automated systems.
AA.I.A.R3,seaplane,explanation,auto,from the Task A References line,Monitoring and management of automated systems.
AA.I.A.R4,ac-120-76e,guidance,auto,from the Task A References line,Following checklists or procedures.
AA.I.A.R4,ac-91-78a,guidance,auto,from the Task A References line,Following checklists or procedures.
AA.I.A.R4,afh,explanation,auto,from the Task A References line,Following checklists or procedures.
AA.I.A.R4,risk-management,explanation,auto,from the Task A References line,Following checklists or procedures.
AA.I.A.R4,seaplane,explanation,auto,from the Task A References line,Following checklists or procedures.
AA.I.A.S1,ac-120-76e,guidance,auto,from the Task A References line,Explain and describe the operation of the aircraft systems and components using correct terminology.
AA.I.A.S1,ac-91-78a,guidance,auto,from the Task A References line,Explain and describe the operation of the aircraft systems and components using correct terminology.
AA.I.A.S1,afh,explanation,auto,from the Task A References line,Explain and describe the operation of the aircraft systems and components using correct terminology.
AA.I.A.S1,risk-management,explanation,auto,from the Task A References line,Explain and describe the operation of the aircraft systems and components using correct terminology.
AA.I.A.S1,seaplane,explanation,auto,from the Task A References line,Explain and describe the operation of the aircraft systems and components using correct terminology.
AA.I.A.S2,ac-120-76e,guidance,auto,from the Task A References line,"Recall immediate action items or memory items, if appropriate."
AA.I.A.S2,ac-91-78a,guidance,auto,from the Task A References line,"Recall immediate action items or memory items, if appropriate."
AA.I.A.S2,afh,explanation,auto,from the Task A References line,"Recall immediate action items or memory items, if appropriate."
AA.I.A.S2,risk-management,explanation,auto,from the Task A References line,"Recall immediate action items or memory items, if appropriate."
AA.I.A.S2,seaplane,explanation,auto,from the Task A References line,"Recall immediate action items or memory items, if appropriate."
AA.I.A.S3,ac-120-76e,guidance,auto,from the Task A References line,Identify system or component limitations listed in the POH/AFM.
AA.I.A.S3,ac-91-78a,guidance,auto,from the Task A References line,Identify system or component limitations listed in the POH/AFM.
AA.I.A.S3,afh,explanation,auto,from the Task A References line,Identify system or component limitations listed in the POH/AFM.
AA.I.A.S3,risk-management,explanation,auto,from the Task A References line,Identify system or component limitations listed in the POH/AFM.
AA.I.A.S3,seaplane,explanation,auto,from the Task A References line,Identify system or component limitations listed in the POH/AFM.
AA.I.A.S4,ac-120-76e,guidance,auto,from the Task A References line,"Demonstrate or describe, as appropriate, the process for deferring inoperative equipment (e.g., MEL) and using a CDL."
AA.I.A.S4,ac-91-78a,guidance,auto,from the Task A References line,"Demonstrate or describe, as appropriate, the process for deferring inoperative equipment (e.g., MEL) and using a CDL."
AA.I.A.S4,afh,explanation,auto,from the Task A References line,"Demonstrate or describe, as appropriate, the process for deferring inoperative equipment (e.g., MEL) and using a CDL."
AA.I.A.S4,risk-management,explanation,auto,from the Task A References line,"Demonstrate or describe, as appropriate, the process for deferring inoperative equipment (e.g., MEL) and using a CDL."
AA.I.A.S4,seaplane,explanation,auto,from the Task A References line,"Demonstrate or describe, as appropriate, the process for deferring inoperative equipment (e.g., MEL) and using a CDL."
AA.I.A.S5,ac-120-76e,guidance,auto,from the Task A References line,"Comply with operations specifications, management specifications, and letters of authorization, if applicable."
AA.I.A.S5,ac-91-78a,guidance,auto,from the Task A References line,"Comply with operations specifications, management specifications, and letters of authorization, if applicable."
AA.I.A.S5,afh,explanation,auto,from the Task A References line,"Comply with operations specifications, management specifications, and letters of authorization, if applicable."
AA.I.A.S5,risk-management,explanation,auto,from the Task A References line,"Comply with operations specifications, management specifications, and letters of authorization, if applicable."
AA.I.A.S5,seaplane,explanation,auto,from the Task A References line,"Comply with operations specifications, management specifications, and letters of authorization, if applicable."
AA.I.A.S6,ac-120-76e,guidance,auto,from the Task A References line,"Through the use of the appropriate checklists and normal and abnormal procedures, demonstrate the proper use of the aircraft systems, subsystems, and devices, as determined by the evaluator."
AA.I.A.S6,ac-91-78a,guidance,auto,from the Task A References line,"Through the use of the appropriate checklists and normal and abnormal procedures, demonstrate the proper use of the aircraft systems, subsystems, and devices, as determined by the evaluator."
AA.I.A.S6,afh,explanation,auto,from the Task A References line,"Through the use of the appropriate checklists and normal and abnormal procedures, demonstrate the proper use of the aircraft systems, subsystems, and devices, as determined by the evaluator."
AA.I.A.S6,risk-management,explanation,auto,from the Task A References line,"Through the use of the appropriate checklists and normal and abnormal procedures, demonstrate the proper use of the aircraft systems, subsystems, and devices, as determined by the evaluator."
AA.I.A.S6,seaplane,explanation,auto,from the Task A References line,"Through the use of the appropriate checklists and normal and abnormal procedures, demonstrate the proper use of the aircraft systems, subsystems, and devices, as determined by the evaluator."
AA.I.B.K1,14cfr:part-1,regulation,auto,from the Task B References line,"Elements related to performance and limitations by explaining the use of charts, tables, and data to determine performance."
AA.I.B.K1,14cfr:part-91,regulation,auto,from the Task B References line,"Elements related to performance and limitations by explaining the use of charts, tables, and data to determine performance."
AA.I.B.K1,ac-61-107b,guidance,auto,from the Task B References line,"Elements related to performance and limitations by explaining the use of charts, tables, and data to determine performance."
AA.I.B.K1,ac-91-74b,guidance,auto,from the Task B References line,"Elements related to performance and limitations by explaining the use of charts, tables, and data to determine performance."
AA.I.B.K2,14cfr:part-1,regulation,auto,from the Task B References line,"How to determine the following, as applicable to the class sought:"
AA.I.B.K2,14cfr:part-91,regulation,auto,from the Task B References line,"How to determine the following, as applicable to the class sought:"
AA.I.B.K2,ac-61-107b,guidance,auto,from the Task B References line,"How to determine the following, as applicable to the class sought:"
AA.I.B.K2,ac-91-74b,guidance,auto,from the Task B References line,"How to determine the following, as applicable to the class sought:"
AA.I.B.K2a,14cfr:part-1,regulation,auto,from the Task B References line,a. Accelerate-stop / accelerate-go distance
AA.I.B.K2a,14cfr:part-91,regulation,auto,from the Task B References line,a. Accelerate-stop / accelerate-go distance
AA.I.B.K2a,ac-61-107b,guidance,auto,from the Task B References line,a. Accelerate-stop / accelerate-go distance
AA.I.B.K2a,ac-91-74b,guidance,auto,from the Task B References line,a. Accelerate-stop / accelerate-go distance
AA.I.B.K2b,14cfr:part-1,regulation,auto,from the Task B References line,"b. Takeoff performance [e.g., balance field length and Velocity, Minimum Control (ground) (VMCG)] 4"
AA.I.B.K2b,14cfr:part-91,regulation,auto,from the Task B References line,"b. Takeoff performance [e.g., balance field length and Velocity, Minimum Control (ground) (VMCG)] 4"
AA.I.B.K2b,ac-61-107b,guidance,auto,from the Task B References line,"b. Takeoff performance [e.g., balance field length and Velocity, Minimum Control (ground) (VMCG)] 4"
AA.I.B.K2b,ac-91-74b,guidance,auto,from the Task B References line,"b. Takeoff performance [e.g., balance field length and Velocity, Minimum Control (ground) (VMCG)] 4"
AA.I.B.K2c,14cfr:part-1,regulation,auto,from the Task B References line,c. Climb performance
AA.I.B.K2c,14cfr:part-91,regulation,auto,from the Task B References line,c. Climb performance
AA.I.B.K2c,ac-61-107b,guidance,auto,from the Task B References line,c. Climb performance
AA.I.B.K2c,ac-91-74b,guidance,auto,from the Task B References line,c. Climb performance
AA.I.B.K2d,14cfr:part-1,regulation,auto,from the Task B References line,"d. Cruise performance (e.g., optimum and maximum operating altitudes)"
AA.I.B.K2d,14cfr:part-91,regulation,auto,from the Task B References line,"d. Cruise performance (e.g., optimum and maximum operating altitudes)"
AA.I.B.K2d,ac-61-107b,guidance,auto,from the Task B References line,"d. Cruise performance (e.g., optimum and maximum operating altitudes)"
AA.I.B.K2d,ac-91-74b,guidance,auto,from the Task B References line,"d. Cruise performance (e.g., optimum and maximum operating altitudes)"
AA.I.B.K2e,14cfr:part-1,regulation,auto,from the Task B References line,e. Descent performance
AA.I.B.K2e,14cfr:part-91,regulation,auto,from the Task B References line,e. Descent performance
AA.I.B.K2e,ac-61-107b,guidance,auto,from the Task B References line,e. Descent performance
AA.I.B.K2e,ac-91-74b,guidance,auto,from the Task B References line,e. Descent performance
AA.I.B.K2f,14cfr:part-1,regulation,auto,from the Task B References line,f. Landing performance
AA.I.B.K2f,14cfr:part-91,regulation,auto,from the Task B References line,f. Landing performance
AA.I.B.K2f,ac-61-107b,guidance,auto,from the Task B References line,f. Landing performance
AA.I.B.K2f,ac-91-74b,guidance,auto,from the Task B References line,f. Landing performance
AA.I.B.K2g,14cfr:part-1,regulation,auto,from the Task B References line,"g. Performance with an inoperative powerplant for all phases of flight (AMEL, AMES)"
AA.I.B.K2g,14cfr:part-91,regulation,auto,from the Task B References line,"g. Performance with an inoperative powerplant for all phases of flight (AMEL, AMES)"
AA.I.B.K2g,ac-61-107b,guidance,auto,from the Task B References line,"g. Performance with an inoperative powerplant for all phases of flight (AMEL, AMES)"
AA.I.B.K2g,ac-91-74b,guidance,auto,from the Task B References line,"g. Performance with an inoperative powerplant for all phases of flight (AMEL, AMES)"
AA.I.B.K2h,14cfr:part-1,regulation,auto,from the Task B References line,h. Weight and balance and how to shift weight
AA.I.B.K2h,14cfr:part-91,regulation,auto,from the Task B References line,h. Weight and balance and how to shift weight
AA.I.B.K2h,ac-61-107b,guidance,auto,from the Task B References line,h. Weight and balance and how to shift weight
AA.I.B.K2h,ac-91-74b,guidance,auto,from the Task B References line,h. Weight and balance and how to shift weight
AA.I.B.K3,14cfr:part-1,regulation,auto,from the Task B References line,"Factors affecting performance, including:"
AA.I.B.K3,14cfr:part-91,regulation,auto,from the Task B References line,"Factors affecting performance, including:"
AA.I.B.K3,ac-61-107b,guidance,auto,from the Task B References line,"Factors affecting performance, including:"
AA.I.B.K3,ac-91-74b,guidance,auto,from the Task B References line,"Factors affecting performance, including:"
AA.I.B.K3a,14cfr:part-1,regulation,auto,from the Task B References line,a. Atmospheric conditions
AA.I.B.K3a,14cfr:part-91,regulation,auto,from the Task B References line,a. Atmospheric conditions
AA.I.B.K3a,ac-61-107b,guidance,auto,from the Task B References line,a. Atmospheric conditions
AA.I.B.K3a,ac-91-74b,guidance,auto,from the Task B References line,a. Atmospheric conditions
AA.I.B.K3b,14cfr:part-1,regulation,auto,from the Task B References line,b. Pilot technique
AA.I.B.K3b,14cfr:part-91,regulation,auto,from the Task B References line,b. Pilot technique
AA.I.B.K3b,ac-61-107b,guidance,auto,from the Task B References line,b. Pilot technique
AA.I.B.K3b,ac-91-74b,guidance,auto,from the Task B References line,b. Pilot technique
AA.I.B.K3c,14cfr:part-1,regulation,auto,from the Task B References line,"c. Aircraft configuration (e.g., flap setting)"
AA.I.B.K3c,14cfr:part-91,regulation,auto,from the Task B References line,"c. Aircraft configuration (e.g., flap setting)"
AA.I.B.K3c,ac-61-107b,guidance,auto,from the Task B References line,"c. Aircraft configuration (e.g., flap setting)"
AA.I.B.K3c,ac-91-74b,guidance,auto,from the Task B References line,"c. Aircraft configuration (e.g., flap setting)"
AA.I.B.K3d,14cfr:part-1,regulation,auto,from the Task B References line,"d. Airport environment (e.g., runway condition, land and hold short operations (LAHSO))"
AA.I.B.K3d,14cfr:part-91,regulation,auto,from the Task B References line,"d. Airport environment (e.g., runway condition, land and hold short operations (LAHSO))"
AA.I.B.K3d,ac-61-107b,guidance,auto,from the Task B References line,"d. Airport environment (e.g., runway condition, land and hold short operations (LAHSO))"
AA.I.B.K3d,ac-91-74b,guidance,auto,from the Task B References line,"d. Airport environment (e.g., runway condition, land and hold short operations (LAHSO))"
AA.I.B.K3e,14cfr:part-1,regulation,auto,from the Task B References line,"e. Loading (e.g., center of gravity)"
AA.I.B.K3e,14cfr:part-91,regulation,auto,from the Task B References line,"e. Loading (e.g., center of gravity)"
AA.I.B.K3e,ac-61-107b,guidance,auto,from the Task B References line,"e. Loading (e.g., center of gravity)"
AA.I.B.K3e,ac-91-74b,guidance,auto,from the Task B References line,"e. Loading (e.g., center of gravity)"
AA.I.B.K3f,14cfr:part-1,regulation,auto,from the Task B References line,f. Aircraft weight
AA.I.B.K3f,14cfr:part-91,regulation,auto,from the Task B References line,f. Aircraft weight
AA.I.B.K3f,ac-61-107b,guidance,auto,from the Task B References line,f. Aircraft weight
AA.I.B.K3f,ac-91-74b,guidance,auto,from the Task B References line,f. Aircraft weight
AA.I.B.K4,14cfr:part-1,regulation,auto,from the Task B References line,Aerodynamics and how it relates to performance.
AA.I.B.K4,14cfr:part-91,regulation,auto,from the Task B References line,Aerodynamics and how it relates to performance.
AA.I.B.K4,ac-61-107b,guidance,auto,from the Task B References line,Aerodynamics and how it relates to performance.
AA.I.B.K4,ac-91-74b,guidance,auto,from the Task B References line,Aerodynamics and how it relates to performance.
AA.I.B.K5,14cfr:part-1,regulation,auto,from the Task B References line,Adverse effects of exceeding an airplane limitation or the aircraft operating envelope.
AA.I.B.K5,14cfr:part-91,regulation,auto,from the Task B References line,Adverse effects of exceeding an airplane limitation or the aircraft operating envelope.
AA.I.B.K5,ac-61-107b,guidance,auto,from the Task B References line,Adverse effects of exceeding an airplane limitation or the aircraft operating envelope.
AA.I.B.K5,ac-91-74b,guidance,auto,from the Task B References line,Adverse effects of exceeding an airplane limitation or the aircraft operating envelope.
AA.I.B.K6,14cfr:part-1,regulation,auto,from the Task B References line,Effects of icing on performance.
AA.I.B.K6,14cfr:part-91,regulation,auto,from the Task B References line,Effects of icing on performance.
AA.I.B.K6,ac-61-107b,guidance,auto,from the Task B References line,Effects of icing on performance.
AA.I.B.K6,ac-91-74b,guidance,auto,from the Task B References line,Effects of icing on performance.
AA.I.B.K7,14cfr:part-1,regulation,auto,from the Task B References line,"Clean wing concept; deicing and anti-icing procedures, including use of appropriate deice fluid, hold- over tables, calculating hold-over times, and pre-takeoff contamination checks."
AA.I.B.K7,14cfr:part-91,regulation,auto,from the Task B References line,"Clean wing concept; deicing and anti-icing procedures, including use of appropriate deice fluid, hold- over tables, calculating hold-over times, and pre-takeoff contamination checks."
AA.I.B.K7,ac-61-107b,guidance,auto,from the Task B References line,"Clean wing concept; deicing and anti-icing procedures, including use of appropriate deice fluid, hold- over tables, calculating hold-over times, and pre-takeoff contamination checks."
AA.I.B.K7,ac-91-74b,guidance,auto,from the Task B References line,"Clean wing concept; deicing and anti-icing procedures, including use of appropriate deice fluid, hold- over tables, calculating hold-over times, and pre-takeoff contamination checks."
AA.I.B.K8,14cfr:part-1,regulation,auto,from the Task B References line,"Air carrier weight and balance systems (e.g., average weight program). Air Transport Pilot (ATP) (AMEL, AMES)."
AA.I.B.K8,14cfr:part-91,regulation,auto,from the Task B References line,"Air carrier weight and balance systems (e.g., average weight program). Air Transport Pilot (ATP) (AMEL, AMES)."
AA.I.B.K8,ac-61-107b,guidance,auto,from the Task B References line,"Air carrier weight and balance systems (e.g., average weight program). Air Transport Pilot (ATP) (AMEL, AMES)."
AA.I.B.K8,ac-91-74b,guidance,auto,from the Task B References line,"Air carrier weight and balance systems (e.g., average weight program). Air Transport Pilot (ATP) (AMEL, AMES)."
AA.I.B.K9,14cfr:part-1,regulation,auto,from the Task B References line,"Runway assessment and condition reporting and use of the Runway Condition Assessment Matrix (RCAM). (ATP)(AMEL, AMES)."
AA.I.B.K9,14cfr:part-91,regulation,auto,from the Task B References line,"Runway assessment and condition reporting and use of the Runway Condition Assessment Matrix (RCAM). (ATP)(AMEL, AMES)."
AA.I.B.K9,ac-61-107b,guidance,auto,from the Task B References line,"Runway assessment and condition reporting and use of the Runway Condition Assessment Matrix (RCAM). (ATP)(AMEL, AMES)."
AA.I.B.K9,ac-91-74b,guidance,auto,from the Task B References line,"Runway assessment and condition reporting and use of the Runway Condition Assessment Matrix (RCAM). (ATP)(AMEL, AMES)."
AA.I.B.R1,14cfr:part-1,regulation,auto,from the Task B References line,"Use of performance charts, tables, and data."
AA.I.B.R1,14cfr:part-91,regulation,auto,from the Task B References line,"Use of performance charts, tables, and data."
AA.I.B.R1,ac-61-107b,guidance,auto,from the Task B References line,"Use of performance charts, tables, and data."
AA.I.B.R1,ac-91-74b,guidance,auto,from the Task B References line,"Use of performance charts, tables, and data."
AA.I.B.R2,14cfr:part-1,regulation,auto,from the Task B References line,Airplane limitations.
AA.I.B.R2,14cfr:part-91,regulation,auto,from the Task B References line,Airplane limitations.
AA.I.B.R2,ac-61-107b,guidance,auto,from the Task B References line,Airplane limitations.
AA.I.B.R2,ac-91-74b,guidance,auto,from the Task B References line,Airplane limitations.
AA.I.B.R3,14cfr:part-1,regulation,auto,from the Task B References line,Possible differences between calculated performance and actual performance.
AA.I.B.R3,14cfr:part-91,regulation,auto,from the Task B References line,Possible differences between calculated performance and actual performance.
AA.I.B.R3,ac-61-107b,guidance,auto,from the Task B References line,Possible differences between calculated performance and actual performance.
AA.I.B.R3,ac-91-74b,guidance,auto,from the Task B References line,Possible differences between calculated performance and actual performance.
AA.I.B.R4,14cfr:part-1,regulation,auto,from the Task B References line,Airplane icing and its effect on performance and stall warning.
AA.I.B.R4,14cfr:part-91,regulation,auto,from the Task B References line,Airplane icing and its effect on performance and stall warning.
AA.I.B.R4,ac-61-107b,guidance,auto,from the Task B References line,Airplane icing and its effect on performance and stall warning.
AA.I.B.R4,ac-91-74b,guidance,auto,from the Task B References line,Airplane icing and its effect on performance and stall warning.
AA.I.B.R5,14cfr:part-1,regulation,auto,from the Task B References line,Runway excursions.
AA.I.B.R5,14cfr:part-91,regulation,auto,from the Task B References line,Runway excursions.
AA.I.B.R5,ac-61-107b,guidance,auto,from the Task B References line,Runway excursions.
AA.I.B.R5,ac-91-74b,guidance,auto,from the Task B References line,Runway excursions.
AA.I.B.S1,14cfr:part-1,regulation,auto,from the Task B References line,Describe the airspeeds used during specific phases of flight.
AA.I.B.S1,14cfr:part-91,regulation,auto,from the Task B References line,Describe the airspeeds used during specific phases of flight.
AA.I.B.S1,ac-61-107b,guidance,auto,from the Task B References line,Describe the airspeeds used during specific phases of flight.
AA.I.B.S1,ac-91-74b,guidance,auto,from the Task B References line,Describe the airspeeds used during specific phases of flight.
AA.I.B.S2,14cfr:part-1,regulation,auto,from the Task B References line,"Describe the effects of meteorological conditions on performance for all phases of flight and correctly apply these factors to a specific chart, table, graph, or other performance data."
AA.I.B.S2,14cfr:part-91,regulation,auto,from the Task B References line,"Describe the effects of meteorological conditions on performance for all phases of flight and correctly apply these factors to a specific chart, table, graph, or other performance data."
AA.I.B.S2,ac-61-107b,guidance,auto,from the Task B References line,"Describe the effects of meteorological conditions on performance for all phases of flight and correctly apply these factors to a specific chart, table, graph, or other performance data."
AA.I.B.S2,ac-91-74b,guidance,auto,from the Task B References line,"Describe the effects of meteorological conditions on performance for all phases of flight and correctly apply these factors to a specific chart, table, graph, or other performance data."
AA.I.B.S3,14cfr:part-1,regulation,auto,from the Task B References line,Describe the procedures for wing contamination recognition and any deice/anti-ice procedures prior to takeoff. 5
AA.I.B.S3,14cfr:part-91,regulation,auto,from the Task B References line,Describe the procedures for wing contamination recognition and any deice/anti-ice procedures prior to takeoff. 5
AA.I.B.S3,ac-61-107b,guidance,auto,from the Task B References line,Describe the procedures for wing contamination recognition and any deice/anti-ice procedures prior to takeoff. 5
AA.I.B.S3,ac-91-74b,guidance,auto,from the Task B References line,Describe the procedures for wing contamination recognition and any deice/anti-ice procedures prior to takeoff. 5
AA.I.B.S4,14cfr:part-1,regulation,auto,from the Task B References line,"Explain the adverse effects of airframe icing during all phases of flight. Describe any operating limitations for flight in icing conditions. If equipped, describe the procedures for deicing and anti-icing system use and their effects on performance."
AA.I.B.S4,14cfr:part-91,regulation,auto,from the Task B References line,"Explain the adverse effects of airframe icing during all phases of flight. Describe any operating limitations for flight in icing conditions. If equipped, describe the procedures for deicing and anti-icing system use and their effects on performance."
AA.I.B.S4,ac-61-107b,guidance,auto,from the Task B References line,"Explain the adverse effects of airframe icing during all phases of flight. Describe any operating limitations for flight in icing conditions. If equipped, describe the procedures for deicing and anti-icing system use and their effects on performance."
AA.I.B.S4,ac-91-74b,guidance,auto,from the Task B References line,"Explain the adverse effects of airframe icing during all phases of flight. Describe any operating limitations for flight in icing conditions. If equipped, describe the procedures for deicing and anti-icing system use and their effects on performance."
AA.I.B.S5,14cfr:part-1,regulation,auto,from the Task B References line,"Compute weight and balance, including practical techniques to resolve out-of-limits calculations for a representative scenario, as specified by the evaluator."
AA.I.B.S5,14cfr:part-91,regulation,auto,from the Task B References line,"Compute weight and balance, including practical techniques to resolve out-of-limits calculations for a representative scenario, as specified by the evaluator."
AA.I.B.S5,ac-61-107b,guidance,auto,from the Task B References line,"Compute weight and balance, including practical techniques to resolve out-of-limits calculations for a representative scenario, as specified by the evaluator."
AA.I.B.S5,ac-91-74b,guidance,auto,from the Task B References line,"Compute weight and balance, including practical techniques to resolve out-of-limits calculations for a representative scenario, as specified by the evaluator."
AA.I.B.S6,14cfr:part-1,regulation,auto,from the Task B References line,Determine the computed center-of-gravity is within the acceptable limits and the lateral fuel balance is within limits for takeoff and landing.
AA.I.B.S6,14cfr:part-91,regulation,auto,from the Task B References line,Determine the computed center-of-gravity is within the acceptable limits and the lateral fuel balance is within limits for takeoff and landing.
AA.I.B.S6,ac-61-107b,guidance,auto,from the Task B References line,Determine the computed center-of-gravity is within the acceptable limits and the lateral fuel balance is within limits for takeoff and landing.
AA.I.B.S6,ac-91-74b,guidance,auto,from the Task B References line,Determine the computed center-of-gravity is within the acceptable limits and the lateral fuel balance is within limits for takeoff and landing.
AA.I.B.S7,14cfr:part-1,regulation,auto,from the Task B References line,"Demonstrate proficient use of appropriate performance charts, tables, graphs, or other data to determine airplane performance and limitations for all phases of flight."
AA.I.B.S7,14cfr:part-91,regulation,auto,from the Task B References line,"Demonstrate proficient use of appropriate performance charts, tables, graphs, or other data to determine airplane performance and limitations for all phases of flight."
AA.I.B.S7,ac-61-107b,guidance,auto,from the Task B References line,"Demonstrate proficient use of appropriate performance charts, tables, graphs, or other data to determine airplane performance and limitations for all phases of flight."
AA.I.B.S7,ac-91-74b,guidance,auto,from the Task B References line,"Demonstrate proficient use of appropriate performance charts, tables, graphs, or other data to determine airplane performance and limitations for all phases of flight."
AA.I.C.K1,14cfr:part-91,regulation,auto,from the Task C References line,"Sources of weather data (e.g., National Weather Service, Flight Service) for flight planning purposes."
AA.I.C.K1,ac-61-107b,guidance,auto,from the Task C References line,"Sources of weather data (e.g., National Weather Service, Flight Service) for flight planning purposes."
AA.I.C.K1,ac-91-74b,guidance,auto,from the Task C References line,"Sources of weather data (e.g., National Weather Service, Flight Service) for flight planning purposes."
AA.I.C.K1,ac-91-92,guidance,auto,from the Task C References line,"Sources of weather data (e.g., National Weather Service, Flight Service) for flight planning purposes."
AA.I.C.K1,afh,explanation,auto,from the Task C References line,"Sources of weather data (e.g., National Weather Service, Flight Service) for flight planning purposes."
AA.I.C.K1,aim,guidance,auto,from the Task C References line,"Sources of weather data (e.g., National Weather Service, Flight Service) for flight planning purposes."
AA.I.C.K1,risk-management,explanation,auto,from the Task C References line,"Sources of weather data (e.g., National Weather Service, Flight Service) for flight planning purposes."
AA.I.C.K2,14cfr:part-91,regulation,auto,from the Task C References line,"Acceptable weather products and resources required for preflight planning, current and forecast weather for departure, en route, and arrival phases of flight such as:"
AA.I.C.K2,ac-61-107b,guidance,auto,from the Task C References line,"Acceptable weather products and resources required for preflight planning, current and forecast weather for departure, en route, and arrival phases of flight such as:"
AA.I.C.K2,ac-91-74b,guidance,auto,from the Task C References line,"Acceptable weather products and resources required for preflight planning, current and forecast weather for departure, en route, and arrival phases of flight such as:"
AA.I.C.K2,ac-91-92,guidance,auto,from the Task C References line,"Acceptable weather products and resources required for preflight planning, current and forecast weather for departure, en route, and arrival phases of flight such as:"
AA.I.C.K2,afh,explanation,auto,from the Task C References line,"Acceptable weather products and resources required for preflight planning, current and forecast weather for departure, en route, and arrival phases of flight such as:"
AA.I.C.K2,aim,guidance,auto,from the Task C References line,"Acceptable weather products and resources required for preflight planning, current and forecast weather for departure, en route, and arrival phases of flight such as:"
AA.I.C.K2,risk-management,explanation,auto,from the Task C References line,"Acceptable weather products and resources required for preflight planning, current and forecast weather for departure, en route, and arrival phases of flight such as:"
AA.I.C.K2a,14cfr:part-91,regulation,auto,from the Task C References line,a. Airport Observations (METAR and SPECI) and Pilot Observations (PIREP)
AA.I.C.K2a,ac-61-107b,guidance,auto,from the Task C References line,a. Airport Observations (METAR and SPECI) and Pilot Observations (PIREP)
AA.I.C.K2a,ac-91-74b,guidance,auto,from the Task C References line,a. Airport Observations (METAR and SPECI) and Pilot Observations (PIREP)
AA.I.C.K2a,ac-91-92,guidance,auto,from the Task C References line,a. Airport Observations (METAR and SPECI) and Pilot Observations (PIREP)
AA.I.C.K2a,afh,explanation,auto,from the Task C References line,a. Airport Observations (METAR and SPECI) and Pilot Observations (PIREP)
AA.I.C.K2a,aim,guidance,auto,from the Task C References line,a. Airport Observations (METAR and SPECI) and Pilot Observations (PIREP)
AA.I.C.K2a,risk-management,explanation,auto,from the Task C References line,a. Airport Observations (METAR and SPECI) and Pilot Observations (PIREP)
AA.I.C.K2b,14cfr:part-91,regulation,auto,from the Task C References line,"b. Surface Analysis Chart, Ceiling and Visibility Chart (CVA)"
AA.I.C.K2b,ac-61-107b,guidance,auto,from the Task C References line,"b. Surface Analysis Chart, Ceiling and Visibility Chart (CVA)"
AA.I.C.K2b,ac-91-74b,guidance,auto,from the Task C References line,"b. Surface Analysis Chart, Ceiling and Visibility Chart (CVA)"
AA.I.C.K2b,ac-91-92,guidance,auto,from the Task C References line,"b. Surface Analysis Chart, Ceiling and Visibility Chart (CVA)"
AA.I.C.K2b,afh,explanation,auto,from the Task C References line,"b. Surface Analysis Chart, Ceiling and Visibility Chart (CVA)"
AA.I.C.K2b,aim,guidance,auto,from the Task C References line,"b. Surface Analysis Chart, Ceiling and Visibility Chart (CVA)"
AA.I.C.K2b,risk-management,explanation,auto,from the Task C References line,"b. Surface Analysis Chart, Ceiling and Visibility Chart (CVA)"
AA.I.C.K2c,14cfr:part-91,regulation,auto,from the Task C References line,c. Terminal Aerodrome Forecasts (TAF)
AA.I.C.K2c,ac-61-107b,guidance,auto,from the Task C References line,c. Terminal Aerodrome Forecasts (TAF)
AA.I.C.K2c,ac-91-74b,guidance,auto,from the Task C References line,c. Terminal Aerodrome Forecasts (TAF)
AA.I.C.K2c,ac-91-92,guidance,auto,from the Task C References line,c. Terminal Aerodrome Forecasts (TAF)
AA.I.C.K2c,afh,explanation,auto,from the Task C References line,c. Terminal Aerodrome Forecasts (TAF)
AA.I.C.K2c,aim,guidance,auto,from the Task C References line,c. Terminal Aerodrome Forecasts (TAF)
AA.I.C.K2c,risk-management,explanation,auto,from the Task C References line,c. Terminal Aerodrome Forecasts (TAF)
AA.I.C.K2d,14cfr:part-91,regulation,auto,from the Task C References line,d. Graphical Forecasts for Aviation (GFA)
AA.I.C.K2d,ac-61-107b,guidance,auto,from the Task C References line,d. Graphical Forecasts for Aviation (GFA)
AA.I.C.K2d,ac-91-74b,guidance,auto,from the Task C References line,d. Graphical Forecasts for Aviation (GFA)
AA.I.C.K2d,ac-91-92,guidance,auto,from the Task C References line,d. Graphical Forecasts for Aviation (GFA)
AA.I.C.K2d,afh,explanation,auto,from the Task C References line,d. Graphical Forecasts for Aviation (GFA)
AA.I.C.K2d,aim,guidance,auto,from the Task C References line,d. Graphical Forecasts for Aviation (GFA)
AA.I.C.K2d,risk-management,explanation,auto,from the Task C References line,d. Graphical Forecasts for Aviation (GFA)
AA.I.C.K2e,14cfr:part-91,regulation,auto,from the Task C References line,e. Wind and Temperature Aloft Forecast (FB)
AA.I.C.K2e,ac-61-107b,guidance,auto,from the Task C References line,e. Wind and Temperature Aloft Forecast (FB)
AA.I.C.K2e,ac-91-74b,guidance,auto,from the Task C References line,e. Wind and Temperature Aloft Forecast (FB)
AA.I.C.K2e,ac-91-92,guidance,auto,from the Task C References line,e. Wind and Temperature Aloft Forecast (FB)
AA.I.C.K2e,afh,explanation,auto,from the Task C References line,e. Wind and Temperature Aloft Forecast (FB)
AA.I.C.K2e,aim,guidance,auto,from the Task C References line,e. Wind and Temperature Aloft Forecast (FB)
AA.I.C.K2e,risk-management,explanation,auto,from the Task C References line,e. Wind and Temperature Aloft Forecast (FB)
AA.I.C.K2f,14cfr:part-91,regulation,auto,from the Task C References line,f. Convective Outlook (AC)
AA.I.C.K2f,ac-61-107b,guidance,auto,from the Task C References line,f. Convective Outlook (AC)
AA.I.C.K2f,ac-91-74b,guidance,auto,from the Task C References line,f. Convective Outlook (AC)
AA.I.C.K2f,ac-91-92,guidance,auto,from the Task C References line,f. Convective Outlook (AC)
AA.I.C.K2f,afh,explanation,auto,from the Task C References line,f. Convective Outlook (AC)
AA.I.C.K2f,aim,guidance,auto,from the Task C References line,f. Convective Outlook (AC)
AA.I.C.K2f,risk-management,explanation,auto,from the Task C References line,f. Convective Outlook (AC)
AA.I.C.K2g,14cfr:part-91,regulation,auto,from the Task C References line,"g. Inflight Aviation Weather Advisories including Airmen's Meteorological Information (AIRMET), Significant Meteorological Information (SIGMET), and Convective SIGMET"
AA.I.C.K2g,ac-61-107b,guidance,auto,from the Task C References line,"g. Inflight Aviation Weather Advisories including Airmen's Meteorological Information (AIRMET), Significant Meteorological Information (SIGMET), and Convective SIGMET"
AA.I.C.K2g,ac-91-74b,guidance,auto,from the Task C References line,"g. Inflight Aviation Weather Advisories including Airmen's Meteorological Information (AIRMET), Significant Meteorological Information (SIGMET), and Convective SIGMET"
AA.I.C.K2g,ac-91-92,guidance,auto,from the Task C References line,"g. Inflight Aviation Weather Advisories including Airmen's Meteorological Information (AIRMET), Significant Meteorological Information (SIGMET), and Convective SIGMET"
AA.I.C.K2g,afh,explanation,auto,from the Task C References line,"g. Inflight Aviation Weather Advisories including Airmen's Meteorological Information (AIRMET), Significant Meteorological Information (SIGMET), and Convective SIGMET"
AA.I.C.K2g,aim,guidance,auto,from the Task C References line,"g. Inflight Aviation Weather Advisories including Airmen's Meteorological Information (AIRMET), Significant Meteorological Information (SIGMET), and Convective SIGMET"
AA.I.C.K2g,risk-management,explanation,auto,from the Task C References line,"g. Inflight Aviation Weather Advisories including Airmen's Meteorological Information (AIRMET), Significant Meteorological Information (SIGMET), and Convective SIGMET"
AA.I.C.K3,14cfr:part-91,regulation,auto,from the Task C References line,"Meteorology applicable to the departure, en route, alternate, and destination for flights conducted under Instrument Flight Rules (IFR) to include expected climate and hazardous conditions such as:"
AA.I.C.K3,ac-61-107b,guidance,auto,from the Task C References line,"Meteorology applicable to the departure, en route, alternate, and destination for flights conducted under Instrument Flight Rules (IFR) to include expected climate and hazardous conditions such as:"
AA.I.C.K3,ac-91-74b,guidance,auto,from the Task C References line,"Meteorology applicable to the departure, en route, alternate, and destination for flights conducted under Instrument Flight Rules (IFR) to include expected climate and hazardous conditions such as:"
AA.I.C.K3,ac-91-92,guidance,auto,from the Task C References line,"Meteorology applicable to the departure, en route, alternate, and destination for flights conducted under Instrument Flight Rules (IFR) to include expected climate and hazardous conditions such as:"
AA.I.C.K3,afh,explanation,auto,from the Task C References line,"Meteorology applicable to the departure, en route, alternate, and destination for flights conducted under Instrument Flight Rules (IFR) to include expected climate and hazardous conditions such as:"
AA.I.C.K3,aim,guidance,auto,from the Task C References line,"Meteorology applicable to the departure, en route, alternate, and destination for flights conducted under Instrument Flight Rules (IFR) to include expected climate and hazardous conditions such as:"
AA.I.C.K3,risk-management,explanation,auto,from the Task C References line,"Meteorology applicable to the departure, en route, alternate, and destination for flights conducted under Instrument Flight Rules (IFR) to include expected climate and hazardous conditions such as:"
AA.I.C.K3a,14cfr:part-91,regulation,auto,from the Task C References line,a. Atmospheric composition and stability
AA.I.C.K3a,ac-61-107b,guidance,auto,from the Task C References line,a. Atmospheric composition and stability
AA.I.C.K3a,ac-91-74b,guidance,auto,from the Task C References line,a. Atmospheric composition and stability
AA.I.C.K3a,ac-91-92,guidance,auto,from the Task C References line,a. Atmospheric composition and stability
AA.I.C.K3a,afh,explanation,auto,from the Task C References line,a. Atmospheric composition and stability
AA.I.C.K3a,aim,guidance,auto,from the Task C References line,a. Atmospheric composition and stability
AA.I.C.K3a,risk-management,explanation,auto,from the Task C References line,a. Atmospheric composition and stability
AA.I.C.K3b,14cfr:part-91,regulation,auto,from the Task C References line,"b. Wind (e.g., windshear, mountain wave, factors affecting wind, etc.)"
AA.I.C.K3b,ac-61-107b,guidance,auto,from the Task C References line,"b. Wind (e.g., windshear, mountain wave, factors affecting wind, etc.)"
AA.I.C.K3b,ac-91-74b,guidance,auto,from the Task C References line,"b. Wind (e.g., windshear, mountain wave, factors affecting wind, etc.)"
AA.I.C.K3b,ac-91-92,guidance,auto,from the Task C References line,"b. Wind (e.g., windshear, mountain wave, factors affecting wind, etc.)"
AA.I.C.K3b,afh,explanation,auto,from the Task C References line,"b. Wind (e.g., windshear, mountain wave, factors affecting wind, etc.)"
AA.I.C.K3b,aim,guidance,auto,from the Task C References line,"b. Wind (e.g., windshear, mountain wave, factors affecting wind, etc.)"
AA.I.C.K3b,risk-management,explanation,auto,from the Task C References line,"b. Wind (e.g., windshear, mountain wave, factors affecting wind, etc.)"
AA.I.C.K3c,14cfr:part-91,regulation,auto,from the Task C References line,c. Temperature and heat exchange
AA.I.C.K3c,ac-61-107b,guidance,auto,from the Task C References line,c. Temperature and heat exchange
AA.I.C.K3c,ac-91-74b,guidance,auto,from the Task C References line,c. Temperature and heat exchange
AA.I.C.K3c,ac-91-92,guidance,auto,from the Task C References line,c. Temperature and heat exchange
AA.I.C.K3c,afh,explanation,auto,from the Task C References line,c. Temperature and heat exchange
AA.I.C.K3c,aim,guidance,auto,from the Task C References line,c. Temperature and heat exchange
AA.I.C.K3c,risk-management,explanation,auto,from the Task C References line,c. Temperature and heat exchange
AA.I.C.K3d,14cfr:part-91,regulation,auto,from the Task C References line,d. Moisture/precipitation
AA.I.C.K3d,ac-61-107b,guidance,auto,from the Task C References line,d. Moisture/precipitation
AA.I.C.K3d,ac-91-74b,guidance,auto,from the Task C References line,d. Moisture/precipitation
AA.I.C.K3d,ac-91-92,guidance,auto,from the Task C References line,d. Moisture/precipitation
AA.I.C.K3d,afh,explanation,auto,from the Task C References line,d. Moisture/precipitation
AA.I.C.K3d,aim,guidance,auto,from the Task C References line,d. Moisture/precipitation
AA.I.C.K3d,risk-management,explanation,auto,from the Task C References line,d. Moisture/precipitation
AA.I.C.K3e,14cfr:part-91,regulation,auto,from the Task C References line,"e. Weather system formation, including air masses and fronts 6"
AA.I.C.K3e,ac-61-107b,guidance,auto,from the Task C References line,"e. Weather system formation, including air masses and fronts 6"
AA.I.C.K3e,ac-91-74b,guidance,auto,from the Task C References line,"e. Weather system formation, including air masses and fronts 6"
AA.I.C.K3e,ac-91-92,guidance,auto,from the Task C References line,"e. Weather system formation, including air masses and fronts 6"
AA.I.C.K3e,afh,explanation,auto,from the Task C References line,"e. Weather system formation, including air masses and fronts 6"
AA.I.C.K3e,aim,guidance,auto,from the Task C References line,"e. Weather system formation, including air masses and fronts 6"
AA.I.C.K3e,risk-management,explanation,auto,from the Task C References line,"e. Weather system formation, including air masses and fronts 6"
AA.I.C.K3f,14cfr:part-91,regulation,auto,from the Task C References line,f. Clouds
AA.I.C.K3f,ac-61-107b,guidance,auto,from the Task C References line,f. Clouds
AA.I.C.K3f,ac-91-74b,guidance,auto,from the Task C References line,f. Clouds
AA.I.C.K3f,ac-91-92,guidance,auto,from the Task C References line,f. Clouds
AA.I.C.K3f,afh,explanation,auto,from the Task C References line,f. Clouds
AA.I.C.K3f,aim,guidance,auto,from the Task C References line,f. Clouds
AA.I.C.K3f,risk-management,explanation,auto,from the Task C References line,f. Clouds
AA.I.C.K3g,14cfr:part-91,regulation,auto,from the Task C References line,g. Turbulence
AA.I.C.K3g,ac-61-107b,guidance,auto,from the Task C References line,g. Turbulence
AA.I.C.K3g,ac-91-74b,guidance,auto,from the Task C References line,g. Turbulence
AA.I.C.K3g,ac-91-92,guidance,auto,from the Task C References line,g. Turbulence
AA.I.C.K3g,afh,explanation,auto,from the Task C References line,g. Turbulence
AA.I.C.K3g,aim,guidance,auto,from the Task C References line,g. Turbulence
AA.I.C.K3g,risk-management,explanation,auto,from the Task C References line,g. Turbulence
AA.I.C.K3h,14cfr:part-91,regulation,auto,from the Task C References line,h. Thunderstorms and microbursts
AA.I.C.K3h,ac-61-107b,guidance,auto,from the Task C References line,h. Thunderstorms and microbursts
AA.I.C.K3h,ac-91-74b,guidance,auto,from the Task C References line,h. Thunderstorms and microbursts
AA.I.C.K3h,ac-91-92,guidance,auto,from the Task C References line,h. Thunderstorms and microbursts
AA.I.C.K3h,afh,explanation,auto,from the Task C References line,h. Thunderstorms and microbursts
AA.I.C.K3h,aim,guidance,auto,from the Task C References line,h. Thunderstorms and microbursts
AA.I.C.K3h,risk-management,explanation,auto,from the Task C References line,h. Thunderstorms and microbursts
AA.I.C.K3i,14cfr:part-91,regulation,auto,from the Task C References line,i. Icing and freezing level information
AA.I.C.K3i,ac-61-107b,guidance,auto,from the Task C References line,i. Icing and freezing level information
AA.I.C.K3i,ac-91-74b,guidance,auto,from the Task C References line,i. Icing and freezing level information
AA.I.C.K3i,ac-91-92,guidance,auto,from the Task C References line,i. Icing and freezing level information
AA.I.C.K3i,afh,explanation,auto,from the Task C References line,i. Icing and freezing level information
AA.I.C.K3i,aim,guidance,auto,from the Task C References line,i. Icing and freezing level information
AA.I.C.K3i,risk-management,explanation,auto,from the Task C References line,i. Icing and freezing level information
AA.I.C.K3j,14cfr:part-91,regulation,auto,from the Task C References line,j. Fog/mist
AA.I.C.K3j,ac-61-107b,guidance,auto,from the Task C References line,j. Fog/mist
AA.I.C.K3j,ac-91-74b,guidance,auto,from the Task C References line,j. Fog/mist
AA.I.C.K3j,ac-91-92,guidance,auto,from the Task C References line,j. Fog/mist
AA.I.C.K3j,afh,explanation,auto,from the Task C References line,j. Fog/mist
AA.I.C.K3j,aim,guidance,auto,from the Task C References line,j. Fog/mist
AA.I.C.K3j,risk-management,explanation,auto,from the Task C References line,j. Fog/mist
AA.I.C.K3k,14cfr:part-91,regulation,auto,from the Task C References line,k. Frost
AA.I.C.K3k,ac-61-107b,guidance,auto,from the Task C References line,k. Frost
AA.I.C.K3k,ac-91-74b,guidance,auto,from the Task C References line,k. Frost
AA.I.C.K3k,ac-91-92,guidance,auto,from the Task C References line,k. Frost
AA.I.C.K3k,afh,explanation,auto,from the Task C References line,k. Frost
AA.I.C.K3k,aim,guidance,auto,from the Task C References line,k. Frost
AA.I.C.K3k,risk-management,explanation,auto,from the Task C References line,k. Frost
AA.I.C.K3l,14cfr:part-91,regulation,auto,from the Task C References line,"l. Obstructions to visibility (e.g., smoke, haze, volcanic ash, etc.)"
AA.I.C.K3l,ac-61-107b,guidance,auto,from the Task C References line,"l. Obstructions to visibility (e.g., smoke, haze, volcanic ash, etc.)"
AA.I.C.K3l,ac-91-74b,guidance,auto,from the Task C References line,"l. Obstructions to visibility (e.g., smoke, haze, volcanic ash, etc.)"
AA.I.C.K3l,ac-91-92,guidance,auto,from the Task C References line,"l. Obstructions to visibility (e.g., smoke, haze, volcanic ash, etc.)"
AA.I.C.K3l,afh,explanation,auto,from the Task C References line,"l. Obstructions to visibility (e.g., smoke, haze, volcanic ash, etc.)"
AA.I.C.K3l,aim,guidance,auto,from the Task C References line,"l. Obstructions to visibility (e.g., smoke, haze, volcanic ash, etc.)"
AA.I.C.K3l,risk-management,explanation,auto,from the Task C References line,"l. Obstructions to visibility (e.g., smoke, haze, volcanic ash, etc.)"
AA.I.C.K4,14cfr:part-91,regulation,auto,from the Task C References line,"Flight deck displays of digital weather and aeronautical information, their use to navigate around weather, and equipment limitations."
AA.I.C.K4,ac-61-107b,guidance,auto,from the Task C References line,"Flight deck displays of digital weather and aeronautical information, their use to navigate around weather, and equipment limitations."
AA.I.C.K4,ac-91-74b,guidance,auto,from the Task C References line,"Flight deck displays of digital weather and aeronautical information, their use to navigate around weather, and equipment limitations."
AA.I.C.K4,ac-91-92,guidance,auto,from the Task C References line,"Flight deck displays of digital weather and aeronautical information, their use to navigate around weather, and equipment limitations."
AA.I.C.K4,afh,explanation,auto,from the Task C References line,"Flight deck displays of digital weather and aeronautical information, their use to navigate around weather, and equipment limitations."
AA.I.C.K4,aim,guidance,auto,from the Task C References line,"Flight deck displays of digital weather and aeronautical information, their use to navigate around weather, and equipment limitations."
AA.I.C.K4,risk-management,explanation,auto,from the Task C References line,"Flight deck displays of digital weather and aeronautical information, their use to navigate around weather, and equipment limitations."
AA.I.C.K5,14cfr:part-91,regulation,auto,from the Task C References line,"Low-visibility operations (e.g., surface movement, category II and III approaches). (ATP)(AMEL, AMES)."
AA.I.C.K5,ac-61-107b,guidance,auto,from the Task C References line,"Low-visibility operations (e.g., surface movement, category II and III approaches). (ATP)(AMEL, AMES)."
AA.I.C.K5,ac-91-74b,guidance,auto,from the Task C References line,"Low-visibility operations (e.g., surface movement, category II and III approaches). (ATP)(AMEL, AMES)."
AA.I.C.K5,ac-91-92,guidance,auto,from the Task C References line,"Low-visibility operations (e.g., surface movement, category II and III approaches). (ATP)(AMEL, AMES)."
AA.I.C.K5,afh,explanation,auto,from the Task C References line,"Low-visibility operations (e.g., surface movement, category II and III approaches). (ATP)(AMEL, AMES)."
AA.I.C.K5,aim,guidance,auto,from the Task C References line,"Low-visibility operations (e.g., surface movement, category II and III approaches). (ATP)(AMEL, AMES)."
AA.I.C.K5,risk-management,explanation,auto,from the Task C References line,"Low-visibility operations (e.g., surface movement, category II and III approaches). (ATP)(AMEL, AMES)."
AA.I.C.K6,14cfr:part-91,regulation,auto,from the Task C References line,Flight Risk Assessment Tools.
AA.I.C.K6,ac-61-107b,guidance,auto,from the Task C References line,Flight Risk Assessment Tools.
AA.I.C.K6,ac-91-74b,guidance,auto,from the Task C References line,Flight Risk Assessment Tools.
AA.I.C.K6,ac-91-92,guidance,auto,from the Task C References line,Flight Risk Assessment Tools.
AA.I.C.K6,afh,explanation,auto,from the Task C References line,Flight Risk Assessment Tools.
AA.I.C.K6,aim,guidance,auto,from the Task C References line,Flight Risk Assessment Tools.
AA.I.C.K6,risk-management,explanation,auto,from the Task C References line,Flight Risk Assessment Tools.
AA.I.C.R1,14cfr:part-91,regulation,auto,from the Task C References line,"Weather conditions involved in departure and in-flight decision making, to include:"
AA.I.C.R1,ac-61-107b,guidance,auto,from the Task C References line,"Weather conditions involved in departure and in-flight decision making, to include:"
AA.I.C.R1,ac-91-74b,guidance,auto,from the Task C References line,"Weather conditions involved in departure and in-flight decision making, to include:"
AA.I.C.R1,ac-91-92,guidance,auto,from the Task C References line,"Weather conditions involved in departure and in-flight decision making, to include:"
AA.I.C.R1,afh,explanation,auto,from the Task C References line,"Weather conditions involved in departure and in-flight decision making, to include:"
AA.I.C.R1,aim,guidance,auto,from the Task C References line,"Weather conditions involved in departure and in-flight decision making, to include:"
AA.I.C.R1,risk-management,explanation,auto,from the Task C References line,"Weather conditions involved in departure and in-flight decision making, to include:"
AA.I.C.R1a,14cfr:part-91,regulation,auto,from the Task C References line,a. Circumstances requiring a change in course or destination
AA.I.C.R1a,ac-61-107b,guidance,auto,from the Task C References line,a. Circumstances requiring a change in course or destination
AA.I.C.R1a,ac-91-74b,guidance,auto,from the Task C References line,a. Circumstances requiring a change in course or destination
AA.I.C.R1a,ac-91-92,guidance,auto,from the Task C References line,a. Circumstances requiring a change in course or destination
AA.I.C.R1a,afh,explanation,auto,from the Task C References line,a. Circumstances requiring a change in course or destination
AA.I.C.R1a,aim,guidance,auto,from the Task C References line,a. Circumstances requiring a change in course or destination
AA.I.C.R1a,risk-management,explanation,auto,from the Task C References line,a. Circumstances requiring a change in course or destination
AA.I.C.R1b,14cfr:part-91,regulation,auto,from the Task C References line,"b. Known or forecast icing, winds or turbulence aloft, volcanic ash, destination weather, etc."
AA.I.C.R1b,ac-61-107b,guidance,auto,from the Task C References line,"b. Known or forecast icing, winds or turbulence aloft, volcanic ash, destination weather, etc."
AA.I.C.R1b,ac-91-74b,guidance,auto,from the Task C References line,"b. Known or forecast icing, winds or turbulence aloft, volcanic ash, destination weather, etc."
AA.I.C.R1b,ac-91-92,guidance,auto,from the Task C References line,"b. Known or forecast icing, winds or turbulence aloft, volcanic ash, destination weather, etc."
AA.I.C.R1b,afh,explanation,auto,from the Task C References line,"b. Known or forecast icing, winds or turbulence aloft, volcanic ash, destination weather, etc."
AA.I.C.R1b,aim,guidance,auto,from the Task C References line,"b. Known or forecast icing, winds or turbulence aloft, volcanic ash, destination weather, etc."
AA.I.C.R1b,risk-management,explanation,auto,from the Task C References line,"b. Known or forecast icing, winds or turbulence aloft, volcanic ash, destination weather, etc."
AA.I.C.R1c,14cfr:part-91,regulation,auto,from the Task C References line,c. Personal weather minimums
AA.I.C.R1c,ac-61-107b,guidance,auto,from the Task C References line,c. Personal weather minimums
AA.I.C.R1c,ac-91-74b,guidance,auto,from the Task C References line,c. Personal weather minimums
AA.I.C.R1c,ac-91-92,guidance,auto,from the Task C References line,c. Personal weather minimums
AA.I.C.R1c,afh,explanation,auto,from the Task C References line,c. Personal weather minimums
AA.I.C.R1c,aim,guidance,auto,from the Task C References line,c. Personal weather minimums
AA.I.C.R1c,risk-management,explanation,auto,from the Task C References line,c. Personal weather minimums
AA.I.C.R1d,14cfr:part-91,regulation,auto,from the Task C References line,"d. Operator specified or aircraft operational limitations, if applicable"
AA.I.C.R1d,ac-61-107b,guidance,auto,from the Task C References line,"d. Operator specified or aircraft operational limitations, if applicable"
AA.I.C.R1d,ac-91-74b,guidance,auto,from the Task C References line,"d. Operator specified or aircraft operational limitations, if applicable"
AA.I.C.R1d,ac-91-92,guidance,auto,from the Task C References line,"d. Operator specified or aircraft operational limitations, if applicable"
AA.I.C.R1d,afh,explanation,auto,from the Task C References line,"d. Operator specified or aircraft operational limitations, if applicable"
AA.I.C.R1d,aim,guidance,auto,from the Task C References line,"d. Operator specified or aircraft operational limitations, if applicable"
AA.I.C.R1d,risk-management,explanation,auto,from the Task C References line,"d. Operator specified or aircraft operational limitations, if applicable"
AA.I.C.R2,14cfr:part-91,regulation,auto,from the Task C References line,Use and limitations of:
AA.I.C.R2,ac-61-107b,guidance,auto,from the Task C References line,Use and limitations of:
AA.I.C.R2,ac-91-74b,guidance,auto,from the Task C References line,Use and limitations of:
AA.I.C.R2,ac-91-92,guidance,auto,from the Task C References line,Use and limitations of:
AA.I.C.R2,afh,explanation,auto,from the Task C References line,Use and limitations of:
AA.I.C.R2,aim,guidance,auto,from the Task C References line,Use and limitations of:
AA.I.C.R2,risk-management,explanation,auto,from the Task C References line,Use and limitations of:
AA.I.C.R2a,14cfr:part-91,regulation,auto,from the Task C References line,a. Installed onboard weather equipment
AA.I.C.R2a,ac-61-107b,guidance,auto,from the Task C References line,a. Installed onboard weather equipment
AA.I.C.R2a,ac-91-74b,guidance,auto,from the Task C References line,a. Installed onboard weather equipment
AA.I.C.R2a,ac-91-92,guidance,auto,from the Task C References line,a. Installed onboard weather equipment
AA.I.C.R2a,afh,explanation,auto,from the Task C References line,a. Installed onboard weather equipment
AA.I.C.R2a,aim,guidance,auto,from the Task C References line,a. Installed onboard weather equipment
AA.I.C.R2a,risk-management,explanation,auto,from the Task C References line,a. Installed onboard weather equipment
AA.I.C.R2b,14cfr:part-91,regulation,auto,from the Task C References line,b. Aviation weather reports and forecasts
AA.I.C.R2b,ac-61-107b,guidance,auto,from the Task C References line,b. Aviation weather reports and forecasts
AA.I.C.R2b,ac-91-74b,guidance,auto,from the Task C References line,b. Aviation weather reports and forecasts
AA.I.C.R2b,ac-91-92,guidance,auto,from the Task C References line,b. Aviation weather reports and forecasts
AA.I.C.R2b,afh,explanation,auto,from the Task C References line,b. Aviation weather reports and forecasts
AA.I.C.R2b,aim,guidance,auto,from the Task C References line,b. Aviation weather reports and forecasts
AA.I.C.R2b,risk-management,explanation,auto,from the Task C References line,b. Aviation weather reports and forecasts
AA.I.C.R2c,14cfr:part-91,regulation,auto,from the Task C References line,c. Inflight weather resources
AA.I.C.R2c,ac-61-107b,guidance,auto,from the Task C References line,c. Inflight weather resources
AA.I.C.R2c,ac-91-74b,guidance,auto,from the Task C References line,c. Inflight weather resources
AA.I.C.R2c,ac-91-92,guidance,auto,from the Task C References line,c. Inflight weather resources
AA.I.C.R2c,afh,explanation,auto,from the Task C References line,c. Inflight weather resources
AA.I.C.R2c,aim,guidance,auto,from the Task C References line,c. Inflight weather resources
AA.I.C.R2c,risk-management,explanation,auto,from the Task C References line,c. Inflight weather resources
AA.I.C.S1,14cfr:part-91,regulation,auto,from the Task C References line,"Interpret weather information, apply principles of aeronautical decision-making, and use a Flight Risk Assessment Tool, if available."
AA.I.C.S1,ac-61-107b,guidance,auto,from the Task C References line,"Interpret weather information, apply principles of aeronautical decision-making, and use a Flight Risk Assessment Tool, if available."
AA.I.C.S1,ac-91-74b,guidance,auto,from the Task C References line,"Interpret weather information, apply principles of aeronautical decision-making, and use a Flight Risk Assessment Tool, if available."
AA.I.C.S1,ac-91-92,guidance,auto,from the Task C References line,"Interpret weather information, apply principles of aeronautical decision-making, and use a Flight Risk Assessment Tool, if available."
AA.I.C.S1,afh,explanation,auto,from the Task C References line,"Interpret weather information, apply principles of aeronautical decision-making, and use a Flight Risk Assessment Tool, if available."
AA.I.C.S1,aim,guidance,auto,from the Task C References line,"Interpret weather information, apply principles of aeronautical decision-making, and use a Flight Risk Assessment Tool, if available."
AA.I.C.S1,risk-management,explanation,auto,from the Task C References line,"Interpret weather information, apply principles of aeronautical decision-making, and use a Flight Risk Assessment Tool, if available."
AA.I.D.K1,ac-61-107b,guidance,auto,from the Task D References line,"Aerodynamics of large transport category airplanes, including flight characteristics of swept wing airplanes (e.g., Mach buffet). 7"
AA.I.D.K1,afh,explanation,auto,from the Task D References line,"Aerodynamics of large transport category airplanes, including flight characteristics of swept wing airplanes (e.g., Mach buffet). 7"
AA.I.D.K1,phak,explanation,auto,from the Task D References line,"Aerodynamics of large transport category airplanes, including flight characteristics of swept wing airplanes (e.g., Mach buffet). 7"
AA.I.D.K1,risk-management,explanation,auto,from the Task D References line,"Aerodynamics of large transport category airplanes, including flight characteristics of swept wing airplanes (e.g., Mach buffet). 7"
AA.I.D.K2,ac-61-107b,guidance,auto,from the Task D References line,Energy management.
AA.I.D.K2,afh,explanation,auto,from the Task D References line,Energy management.
AA.I.D.K2,phak,explanation,auto,from the Task D References line,Energy management.
AA.I.D.K2,risk-management,explanation,auto,from the Task D References line,Energy management.
AA.I.D.K3,ac-61-107b,guidance,auto,from the Task D References line,"Relationship between Mach number, indicated airspeed, true airspeed, and change over altitudes."
AA.I.D.K3,afh,explanation,auto,from the Task D References line,"Relationship between Mach number, indicated airspeed, true airspeed, and change over altitudes."
AA.I.D.K3,phak,explanation,auto,from the Task D References line,"Relationship between Mach number, indicated airspeed, true airspeed, and change over altitudes."
AA.I.D.K3,risk-management,explanation,auto,from the Task D References line,"Relationship between Mach number, indicated airspeed, true airspeed, and change over altitudes."
AA.I.D.K4,ac-61-107b,guidance,auto,from the Task D References line,Load factor at high altitude and its effect on high and low speed operating margins.
AA.I.D.K4,afh,explanation,auto,from the Task D References line,Load factor at high altitude and its effect on high and low speed operating margins.
AA.I.D.K4,phak,explanation,auto,from the Task D References line,Load factor at high altitude and its effect on high and low speed operating margins.
AA.I.D.K4,risk-management,explanation,auto,from the Task D References line,Load factor at high altitude and its effect on high and low speed operating margins.
AA.I.D.K5,ac-61-107b,guidance,auto,from the Task D References line,"Relationship between altitude capability, weight, and temperature."
AA.I.D.K5,afh,explanation,auto,from the Task D References line,"Relationship between altitude capability, weight, and temperature."
AA.I.D.K5,phak,explanation,auto,from the Task D References line,"Relationship between altitude capability, weight, and temperature."
AA.I.D.K5,risk-management,explanation,auto,from the Task D References line,"Relationship between altitude capability, weight, and temperature."
AA.I.D.K6,ac-61-107b,guidance,auto,from the Task D References line,Maximum Operating Speed - Knots (VMO) / Maximum Operating Speed - Mach (MMO) convergence and stall angle of attack.
AA.I.D.K6,afh,explanation,auto,from the Task D References line,Maximum Operating Speed - Knots (VMO) / Maximum Operating Speed - Mach (MMO) convergence and stall angle of attack.
AA.I.D.K6,phak,explanation,auto,from the Task D References line,Maximum Operating Speed - Knots (VMO) / Maximum Operating Speed - Mach (MMO) convergence and stall angle of attack.
AA.I.D.K6,risk-management,explanation,auto,from the Task D References line,Maximum Operating Speed - Knots (VMO) / Maximum Operating Speed - Mach (MMO) convergence and stall angle of attack.
AA.I.D.K7,ac-61-107b,guidance,auto,from the Task D References line,Maximum Lift over Drag Ratio (L/DMAX).
AA.I.D.K7,afh,explanation,auto,from the Task D References line,Maximum Lift over Drag Ratio (L/DMAX).
AA.I.D.K7,phak,explanation,auto,from the Task D References line,Maximum Lift over Drag Ratio (L/DMAX).
AA.I.D.K7,risk-management,explanation,auto,from the Task D References line,Maximum Lift over Drag Ratio (L/DMAX).
AA.I.D.K8,ac-61-107b,guidance,auto,from the Task D References line,Best range and best endurance.
AA.I.D.K8,afh,explanation,auto,from the Task D References line,Best range and best endurance.
AA.I.D.K8,phak,explanation,auto,from the Task D References line,Best range and best endurance.
AA.I.D.K8,risk-management,explanation,auto,from the Task D References line,Best range and best endurance.
AA.I.D.K9,ac-61-107b,guidance,auto,from the Task D References line,Factors which contribute to airplane upsets at high altitude and upset prevention and recovery techniques.
AA.I.D.K9,afh,explanation,auto,from the Task D References line,Factors which contribute to airplane upsets at high altitude and upset prevention and recovery techniques.
AA.I.D.K9,phak,explanation,auto,from the Task D References line,Factors which contribute to airplane upsets at high altitude and upset prevention and recovery techniques.
AA.I.D.K9,risk-management,explanation,auto,from the Task D References line,Factors which contribute to airplane upsets at high altitude and upset prevention and recovery techniques.
AA.I.D.R1,ac-61-107b,guidance,auto,from the Task D References line,Managing the airplane’s energy state.
AA.I.D.R1,afh,explanation,auto,from the Task D References line,Managing the airplane’s energy state.
AA.I.D.R1,phak,explanation,auto,from the Task D References line,Managing the airplane’s energy state.
AA.I.D.R1,risk-management,explanation,auto,from the Task D References line,Managing the airplane’s energy state.
AA.I.D.R2,ac-61-107b,guidance,auto,from the Task D References line,High operating altitudes at high operational weights.
AA.I.D.R2,afh,explanation,auto,from the Task D References line,High operating altitudes at high operational weights.
AA.I.D.R2,phak,explanation,auto,from the Task D References line,High operating altitudes at high operational weights.
AA.I.D.R2,risk-management,explanation,auto,from the Task D References line,High operating altitudes at high operational weights.
AA.I.D.R3,ac-61-107b,guidance,auto,from the Task D References line,High altitude slow-downs and excursions behind the power curve.
AA.I.D.R3,afh,explanation,auto,from the Task D References line,High altitude slow-downs and excursions behind the power curve.
AA.I.D.R3,phak,explanation,auto,from the Task D References line,High altitude slow-downs and excursions behind the power curve.
AA.I.D.R3,risk-management,explanation,auto,from the Task D References line,High altitude slow-downs and excursions behind the power curve.
AA.I.D.R4,ac-61-107b,guidance,auto,from the Task D References line,Turbulence at high altitude.
AA.I.D.R4,afh,explanation,auto,from the Task D References line,Turbulence at high altitude.
AA.I.D.R4,phak,explanation,auto,from the Task D References line,Turbulence at high altitude.
AA.I.D.R4,risk-management,explanation,auto,from the Task D References line,Turbulence at high altitude.
AA.I.D.S1,ac-61-107b,guidance,auto,from the Task D References line,"If a cruise altitude is reached, manage the airplane’s systems and energy state."
AA.I.D.S1,afh,explanation,auto,from the Task D References line,"If a cruise altitude is reached, manage the airplane’s systems and energy state."
AA.I.D.S1,phak,explanation,auto,from the Task D References line,"If a cruise altitude is reached, manage the airplane’s systems and energy state."
AA.I.D.S1,risk-management,explanation,auto,from the Task D References line,"If a cruise altitude is reached, manage the airplane’s systems and energy state."
AA.I.E.K1,14cfr:part-121,regulation,auto,from the Task E References line,"Turbine engines, thrust reversing systems, and system malfunctions."
AA.I.E.K1,14cfr:part-25,regulation,auto,from the Task E References line,"Turbine engines, thrust reversing systems, and system malfunctions."
AA.I.E.K1,ac-120-76e,guidance,auto,from the Task E References line,"Turbine engines, thrust reversing systems, and system malfunctions."
AA.I.E.K1,ac-91-78a,guidance,auto,from the Task E References line,"Turbine engines, thrust reversing systems, and system malfunctions."
AA.I.E.K10,14cfr:part-121,regulation,auto,from the Task E References line,Elements associated with operating at complex and high traffic airports with emphasis on runway incursion prevention techniques.
AA.I.E.K10,14cfr:part-25,regulation,auto,from the Task E References line,Elements associated with operating at complex and high traffic airports with emphasis on runway incursion prevention techniques.
AA.I.E.K10,ac-120-76e,guidance,auto,from the Task E References line,Elements associated with operating at complex and high traffic airports with emphasis on runway incursion prevention techniques.
AA.I.E.K10,ac-91-78a,guidance,auto,from the Task E References line,Elements associated with operating at complex and high traffic airports with emphasis on runway incursion prevention techniques.
AA.I.E.K11,14cfr:part-121,regulation,auto,from the Task E References line,Professional responsibilities associated with being an ATP certificate holder and how to apply leadership skills as pilot-in-command.
AA.I.E.K11,14cfr:part-25,regulation,auto,from the Task E References line,Professional responsibilities associated with being an ATP certificate holder and how to apply leadership skills as pilot-in-command.
AA.I.E.K11,ac-120-76e,guidance,auto,from the Task E References line,Professional responsibilities associated with being an ATP certificate holder and how to apply leadership skills as pilot-in-command.
AA.I.E.K11,ac-91-78a,guidance,auto,from the Task E References line,Professional responsibilities associated with being an ATP certificate holder and how to apply leadership skills as pilot-in-command.
AA.I.E.K12,14cfr:part-121,regulation,auto,from the Task E References line,Crew resource management (CRM) principles and application in a multi-crew environment.
AA.I.E.K12,14cfr:part-25,regulation,auto,from the Task E References line,Crew resource management (CRM) principles and application in a multi-crew environment.
AA.I.E.K12,ac-120-76e,guidance,auto,from the Task E References line,Crew resource management (CRM) principles and application in a multi-crew environment.
AA.I.E.K12,ac-91-78a,guidance,auto,from the Task E References line,Crew resource management (CRM) principles and application in a multi-crew environment.
AA.I.E.K13,14cfr:part-121,regulation,auto,from the Task E References line,"Use of safety programs to manage risk across an organization (e.g., Threat and error management (TEM), or Aviation Safety Action Program (ASAP))."
AA.I.E.K13,14cfr:part-25,regulation,auto,from the Task E References line,"Use of safety programs to manage risk across an organization (e.g., Threat and error management (TEM), or Aviation Safety Action Program (ASAP))."
AA.I.E.K13,ac-120-76e,guidance,auto,from the Task E References line,"Use of safety programs to manage risk across an organization (e.g., Threat and error management (TEM), or Aviation Safety Action Program (ASAP))."
AA.I.E.K13,ac-91-78a,guidance,auto,from the Task E References line,"Use of safety programs to manage risk across an organization (e.g., Threat and error management (TEM), or Aviation Safety Action Program (ASAP))."
AA.I.E.K14,14cfr:part-121,regulation,auto,from the Task E References line,Operations specifications.
AA.I.E.K14,14cfr:part-25,regulation,auto,from the Task E References line,Operations specifications.
AA.I.E.K14,ac-120-76e,guidance,auto,from the Task E References line,Operations specifications.
AA.I.E.K14,ac-91-78a,guidance,auto,from the Task E References line,Operations specifications.
AA.I.E.K2,14cfr:part-121,regulation,auto,from the Task E References line,"Airplane automation components (e.g., flight director, autopilot), their relationship to each other, and how to manage the automation for flight."
AA.I.E.K2,14cfr:part-25,regulation,auto,from the Task E References line,"Airplane automation components (e.g., flight director, autopilot), their relationship to each other, and how to manage the automation for flight."
AA.I.E.K2,ac-120-76e,guidance,auto,from the Task E References line,"Airplane automation components (e.g., flight director, autopilot), their relationship to each other, and how to manage the automation for flight."
AA.I.E.K2,ac-91-78a,guidance,auto,from the Task E References line,"Airplane automation components (e.g., flight director, autopilot), their relationship to each other, and how to manage the automation for flight."
AA.I.E.K3,14cfr:part-121,regulation,auto,from the Task E References line,"Advanced navigation equipment (e.g., FMS, Required Navigation Performance (RNP), ADS-B, EFB, etc.) and how it is used inflight."
AA.I.E.K3,14cfr:part-25,regulation,auto,from the Task E References line,"Advanced navigation equipment (e.g., FMS, Required Navigation Performance (RNP), ADS-B, EFB, etc.) and how it is used inflight."
AA.I.E.K3,ac-120-76e,guidance,auto,from the Task E References line,"Advanced navigation equipment (e.g., FMS, Required Navigation Performance (RNP), ADS-B, EFB, etc.) and how it is used inflight."
AA.I.E.K3,ac-91-78a,guidance,auto,from the Task E References line,"Advanced navigation equipment (e.g., FMS, Required Navigation Performance (RNP), ADS-B, EFB, etc.) and how it is used inflight."
AA.I.E.K4,14cfr:part-121,regulation,auto,from the Task E References line,"Flightpath warning systems (e.g., Traffic Alert and Collision Avoidance Systems (TCAS), Terrain Awareness and Warning System (TAWS) and how to respond to a warning."
AA.I.E.K4,14cfr:part-25,regulation,auto,from the Task E References line,"Flightpath warning systems (e.g., Traffic Alert and Collision Avoidance Systems (TCAS), Terrain Awareness and Warning System (TAWS) and how to respond to a warning."
AA.I.E.K4,ac-120-76e,guidance,auto,from the Task E References line,"Flightpath warning systems (e.g., Traffic Alert and Collision Avoidance Systems (TCAS), Terrain Awareness and Warning System (TAWS) and how to respond to a warning."
AA.I.E.K4,ac-91-78a,guidance,auto,from the Task E References line,"Flightpath warning systems (e.g., Traffic Alert and Collision Avoidance Systems (TCAS), Terrain Awareness and Warning System (TAWS) and how to respond to a warning."
AA.I.E.K5,14cfr:part-121,regulation,auto,from the Task E References line,Altitudes and conditions that require the use of oxygen masks.
AA.I.E.K5,14cfr:part-25,regulation,auto,from the Task E References line,Altitudes and conditions that require the use of oxygen masks.
AA.I.E.K5,ac-120-76e,guidance,auto,from the Task E References line,Altitudes and conditions that require the use of oxygen masks.
AA.I.E.K5,ac-91-78a,guidance,auto,from the Task E References line,Altitudes and conditions that require the use of oxygen masks.
AA.I.E.K6,14cfr:part-121,regulation,auto,from the Task E References line,Causes and recognition of cabin pressure loss. 8
AA.I.E.K6,14cfr:part-25,regulation,auto,from the Task E References line,Causes and recognition of cabin pressure loss. 8
AA.I.E.K6,ac-120-76e,guidance,auto,from the Task E References line,Causes and recognition of cabin pressure loss. 8
AA.I.E.K6,ac-91-78a,guidance,auto,from the Task E References line,Causes and recognition of cabin pressure loss. 8
AA.I.E.K7,14cfr:part-121,regulation,auto,from the Task E References line,Appropriate rudder use in transport aircraft to avoid rudder reversal.
AA.I.E.K7,14cfr:part-25,regulation,auto,from the Task E References line,Appropriate rudder use in transport aircraft to avoid rudder reversal.
AA.I.E.K7,ac-120-76e,guidance,auto,from the Task E References line,Appropriate rudder use in transport aircraft to avoid rudder reversal.
AA.I.E.K7,ac-91-78a,guidance,auto,from the Task E References line,Appropriate rudder use in transport aircraft to avoid rudder reversal.
AA.I.E.K8,14cfr:part-121,regulation,auto,from the Task E References line,"Crew communications (e.g., sterile flight deck rules, briefings)."
AA.I.E.K8,14cfr:part-25,regulation,auto,from the Task E References line,"Crew communications (e.g., sterile flight deck rules, briefings)."
AA.I.E.K8,ac-120-76e,guidance,auto,from the Task E References line,"Crew communications (e.g., sterile flight deck rules, briefings)."
AA.I.E.K8,ac-91-78a,guidance,auto,from the Task E References line,"Crew communications (e.g., sterile flight deck rules, briefings)."
AA.I.E.K9,14cfr:part-121,regulation,auto,from the Task E References line,Operational control.
AA.I.E.K9,14cfr:part-25,regulation,auto,from the Task E References line,Operational control.
AA.I.E.K9,ac-120-76e,guidance,auto,from the Task E References line,Operational control.
AA.I.E.K9,ac-91-78a,guidance,auto,from the Task E References line,Operational control.
AA.I.E.R1,14cfr:part-121,regulation,auto,from the Task E References line,Turbine engine and thrust reversing system malfunctions.
AA.I.E.R1,14cfr:part-25,regulation,auto,from the Task E References line,Turbine engine and thrust reversing system malfunctions.
AA.I.E.R1,ac-120-76e,guidance,auto,from the Task E References line,Turbine engine and thrust reversing system malfunctions.
AA.I.E.R1,ac-91-78a,guidance,auto,from the Task E References line,Turbine engine and thrust reversing system malfunctions.
AA.I.E.R2,14cfr:part-121,regulation,auto,from the Task E References line,Managing automation and navigation equipment.
AA.I.E.R2,14cfr:part-25,regulation,auto,from the Task E References line,Managing automation and navigation equipment.
AA.I.E.R2,ac-120-76e,guidance,auto,from the Task E References line,Managing automation and navigation equipment.
AA.I.E.R2,ac-91-78a,guidance,auto,from the Task E References line,Managing automation and navigation equipment.
AA.I.E.R3,14cfr:part-121,regulation,auto,from the Task E References line,Responding to a flightpath warning system alert.
AA.I.E.R3,14cfr:part-25,regulation,auto,from the Task E References line,Responding to a flightpath warning system alert.
AA.I.E.R3,ac-120-76e,guidance,auto,from the Task E References line,Responding to a flightpath warning system alert.
AA.I.E.R3,ac-91-78a,guidance,auto,from the Task E References line,Responding to a flightpath warning system alert.
AA.I.E.R4,14cfr:part-121,regulation,auto,from the Task E References line,Loss of cabin pressure.
AA.I.E.R4,14cfr:part-25,regulation,auto,from the Task E References line,Loss of cabin pressure.
AA.I.E.R4,ac-120-76e,guidance,auto,from the Task E References line,Loss of cabin pressure.
AA.I.E.R4,ac-91-78a,guidance,auto,from the Task E References line,Loss of cabin pressure.
AA.I.E.R5,14cfr:part-121,regulation,auto,from the Task E References line,Crew coordination.
AA.I.E.R5,14cfr:part-25,regulation,auto,from the Task E References line,Crew coordination.
AA.I.E.R5,ac-120-76e,guidance,auto,from the Task E References line,Crew coordination.
AA.I.E.R5,ac-91-78a,guidance,auto,from the Task E References line,Crew coordination.
AA.I.E.S1,14cfr:part-121,regulation,auto,from the Task E References line,"Apply CRM principles and use in a crew environment, as appropriate."
AA.I.E.S1,14cfr:part-25,regulation,auto,from the Task E References line,"Apply CRM principles and use in a crew environment, as appropriate."
AA.I.E.S1,ac-120-76e,guidance,auto,from the Task E References line,"Apply CRM principles and use in a crew environment, as appropriate."
AA.I.E.S1,ac-91-78a,guidance,auto,from the Task E References line,"Apply CRM principles and use in a crew environment, as appropriate."
AA.I.F.K1,ac-61-107b,guidance,auto,from the Task F References line,"Causes, effects, recognition, and corrective actions associated with aeromedical and physiological issues, including:"
AA.I.F.K1,afh,explanation,auto,from the Task F References line,"Causes, effects, recognition, and corrective actions associated with aeromedical and physiological issues, including:"
AA.I.F.K1,aim,guidance,auto,from the Task F References line,"Causes, effects, recognition, and corrective actions associated with aeromedical and physiological issues, including:"
AA.I.F.K1,risk-management,explanation,auto,from the Task F References line,"Causes, effects, recognition, and corrective actions associated with aeromedical and physiological issues, including:"
AA.I.F.K1a,ac-61-107b,guidance,auto,from the Task F References line,a. Hypoxia
AA.I.F.K1a,afh,explanation,auto,from the Task F References line,a. Hypoxia
AA.I.F.K1a,aim,guidance,auto,from the Task F References line,a. Hypoxia
AA.I.F.K1a,risk-management,explanation,auto,from the Task F References line,a. Hypoxia
AA.I.F.K1b,ac-61-107b,guidance,auto,from the Task F References line,b. Hyperventilation
AA.I.F.K1b,afh,explanation,auto,from the Task F References line,b. Hyperventilation
AA.I.F.K1b,aim,guidance,auto,from the Task F References line,b. Hyperventilation
AA.I.F.K1b,risk-management,explanation,auto,from the Task F References line,b. Hyperventilation
AA.I.F.K1c,ac-61-107b,guidance,auto,from the Task F References line,c. Middle ear and sinus problems
AA.I.F.K1c,afh,explanation,auto,from the Task F References line,c. Middle ear and sinus problems
AA.I.F.K1c,aim,guidance,auto,from the Task F References line,c. Middle ear and sinus problems
AA.I.F.K1c,risk-management,explanation,auto,from the Task F References line,c. Middle ear and sinus problems
AA.I.F.K1d,ac-61-107b,guidance,auto,from the Task F References line,d. Spatial disorientation 9
AA.I.F.K1d,afh,explanation,auto,from the Task F References line,d. Spatial disorientation 9
AA.I.F.K1d,aim,guidance,auto,from the Task F References line,d. Spatial disorientation 9
AA.I.F.K1d,risk-management,explanation,auto,from the Task F References line,d. Spatial disorientation 9
AA.I.F.K1e,ac-61-107b,guidance,auto,from the Task F References line,e. Motion sickness
AA.I.F.K1e,afh,explanation,auto,from the Task F References line,e. Motion sickness
AA.I.F.K1e,aim,guidance,auto,from the Task F References line,e. Motion sickness
AA.I.F.K1e,risk-management,explanation,auto,from the Task F References line,e. Motion sickness
AA.I.F.K1f,ac-61-107b,guidance,auto,from the Task F References line,f. Carbon monoxide poisoning
AA.I.F.K1f,afh,explanation,auto,from the Task F References line,f. Carbon monoxide poisoning
AA.I.F.K1f,aim,guidance,auto,from the Task F References line,f. Carbon monoxide poisoning
AA.I.F.K1f,risk-management,explanation,auto,from the Task F References line,f. Carbon monoxide poisoning
AA.I.F.K1g,ac-61-107b,guidance,auto,from the Task F References line,g. Stress
AA.I.F.K1g,afh,explanation,auto,from the Task F References line,g. Stress
AA.I.F.K1g,aim,guidance,auto,from the Task F References line,g. Stress
AA.I.F.K1g,risk-management,explanation,auto,from the Task F References line,g. Stress
AA.I.F.K1h,ac-61-107b,guidance,auto,from the Task F References line,h. Fatigue
AA.I.F.K1h,afh,explanation,auto,from the Task F References line,h. Fatigue
AA.I.F.K1h,aim,guidance,auto,from the Task F References line,h. Fatigue
AA.I.F.K1h,risk-management,explanation,auto,from the Task F References line,h. Fatigue
AA.I.F.K1i,ac-61-107b,guidance,auto,from the Task F References line,i. Dehydration and nutrition
AA.I.F.K1i,afh,explanation,auto,from the Task F References line,i. Dehydration and nutrition
AA.I.F.K1i,aim,guidance,auto,from the Task F References line,i. Dehydration and nutrition
AA.I.F.K1i,risk-management,explanation,auto,from the Task F References line,i. Dehydration and nutrition
AA.I.F.K1j,ac-61-107b,guidance,auto,from the Task F References line,j. Hypothermia
AA.I.F.K1j,afh,explanation,auto,from the Task F References line,j. Hypothermia
AA.I.F.K1j,aim,guidance,auto,from the Task F References line,j. Hypothermia
AA.I.F.K1j,risk-management,explanation,auto,from the Task F References line,j. Hypothermia
AA.I.F.K1k,ac-61-107b,guidance,auto,from the Task F References line,k. Optical illusions
AA.I.F.K1k,afh,explanation,auto,from the Task F References line,k. Optical illusions
AA.I.F.K1k,aim,guidance,auto,from the Task F References line,k. Optical illusions
AA.I.F.K1k,risk-management,explanation,auto,from the Task F References line,k. Optical illusions
AA.I.F.K1l,ac-61-107b,guidance,auto,from the Task F References line,l. Dissolved nitrogen in the bloodstream after scuba dives
AA.I.F.K1l,afh,explanation,auto,from the Task F References line,l. Dissolved nitrogen in the bloodstream after scuba dives
AA.I.F.K1l,aim,guidance,auto,from the Task F References line,l. Dissolved nitrogen in the bloodstream after scuba dives
AA.I.F.K1l,risk-management,explanation,auto,from the Task F References line,l. Dissolved nitrogen in the bloodstream after scuba dives
AA.I.F.K2,ac-61-107b,guidance,auto,from the Task F References line,"Effects of alcohol, drugs, and over-the-counter medications."
AA.I.F.K2,afh,explanation,auto,from the Task F References line,"Effects of alcohol, drugs, and over-the-counter medications."
AA.I.F.K2,aim,guidance,auto,from the Task F References line,"Effects of alcohol, drugs, and over-the-counter medications."
AA.I.F.K2,risk-management,explanation,auto,from the Task F References line,"Effects of alcohol, drugs, and over-the-counter medications."
AA.I.F.K3,ac-61-107b,guidance,auto,from the Task F References line,"Aeronautical Decision-Making (ADM) to include using Crew Resource Management (CRM) or Single- Pilot Resource Management (SRM), as appropriate."
AA.I.F.K3,afh,explanation,auto,from the Task F References line,"Aeronautical Decision-Making (ADM) to include using Crew Resource Management (CRM) or Single- Pilot Resource Management (SRM), as appropriate."
AA.I.F.K3,aim,guidance,auto,from the Task F References line,"Aeronautical Decision-Making (ADM) to include using Crew Resource Management (CRM) or Single- Pilot Resource Management (SRM), as appropriate."
AA.I.F.K3,risk-management,explanation,auto,from the Task F References line,"Aeronautical Decision-Making (ADM) to include using Crew Resource Management (CRM) or Single- Pilot Resource Management (SRM), as appropriate."
AA.I.F.K4,ac-61-107b,guidance,auto,from the Task F References line,Components of self-assessment for determining fitness for flight.
AA.I.F.K4,afh,explanation,auto,from the Task F References line,Components of self-assessment for determining fitness for flight.
AA.I.F.K4,aim,guidance,auto,from the Task F References line,Components of self-assessment for determining fitness for flight.
AA.I.F.K4,risk-management,explanation,auto,from the Task F References line,Components of self-assessment for determining fitness for flight.
AA.I.F.R1,ac-61-107b,guidance,auto,from the Task F References line,Aeromedical and physiological issues.
AA.I.F.R1,afh,explanation,auto,from the Task F References line,Aeromedical and physiological issues.
AA.I.F.R1,aim,guidance,auto,from the Task F References line,Aeromedical and physiological issues.
AA.I.F.R1,risk-management,explanation,auto,from the Task F References line,Aeromedical and physiological issues.
AA.I.F.R2,ac-61-107b,guidance,auto,from the Task F References line,Hazardous attitudes.
AA.I.F.R2,afh,explanation,auto,from the Task F References line,Hazardous attitudes.
AA.I.F.R2,aim,guidance,auto,from the Task F References line,Hazardous attitudes.
AA.I.F.R2,risk-management,explanation,auto,from the Task F References line,Hazardous attitudes.
AA.I.F.R3,ac-61-107b,guidance,auto,from the Task F References line,"Distractions, task prioritization, loss of situational awareness, or disorientation."
AA.I.F.R3,afh,explanation,auto,from the Task F References line,"Distractions, task prioritization, loss of situational awareness, or disorientation."
AA.I.F.R3,aim,guidance,auto,from the Task F References line,"Distractions, task prioritization, loss of situational awareness, or disorientation."
AA.I.F.R3,risk-management,explanation,auto,from the Task F References line,"Distractions, task prioritization, loss of situational awareness, or disorientation."
AA.I.F.R4,ac-61-107b,guidance,auto,from the Task F References line,Confirmation and expectation bias.
AA.I.F.R4,afh,explanation,auto,from the Task F References line,Confirmation and expectation bias.
AA.I.F.R4,aim,guidance,auto,from the Task F References line,Confirmation and expectation bias.
AA.I.F.R4,risk-management,explanation,auto,from the Task F References line,Confirmation and expectation bias.
AA.I.F.S1,ac-61-107b,guidance,auto,from the Task F References line,Perform a self-assessment and determine fitness for flight.
AA.I.F.S1,afh,explanation,auto,from the Task F References line,Perform a self-assessment and determine fitness for flight.
AA.I.F.S1,aim,guidance,auto,from the Task F References line,Perform a self-assessment and determine fitness for flight.
AA.I.F.S1,risk-management,explanation,auto,from the Task F References line,Perform a self-assessment and determine fitness for flight.
AA.I.G.K1,14cfr:part-111,regulation,auto,from the Task G References line,"14 CFR part 61, subparts A, B, and G."
AA.I.G.K1,14cfr:part-117,regulation,auto,from the Task G References line,"14 CFR part 61, subparts A, B, and G."
AA.I.G.K1,14cfr:part-121,regulation,auto,from the Task G References line,"14 CFR part 61, subparts A, B, and G."
AA.I.G.K1,14cfr:part-135,regulation,auto,from the Task G References line,"14 CFR part 61, subparts A, B, and G."
AA.I.G.K1,14cfr:part-61,regulation,auto,from the Task G References line,"14 CFR part 61, subparts A, B, and G."
AA.I.G.K1,14cfr:part-91,regulation,auto,from the Task G References line,"14 CFR part 61, subparts A, B, and G."
AA.I.G.K1,afh,explanation,auto,from the Task G References line,"14 CFR part 61, subparts A, B, and G."
AA.I.G.K1,risk-management,explanation,auto,from the Task G References line,"14 CFR part 61, subparts A, B, and G."
AA.I.G.K2,14cfr:part-111,regulation,auto,from the Task G References line,"14 CFR part 91 subparts A, B, C, F, G, H."
AA.I.G.K2,14cfr:part-117,regulation,auto,from the Task G References line,"14 CFR part 91 subparts A, B, C, F, G, H."
AA.I.G.K2,14cfr:part-121,regulation,auto,from the Task G References line,"14 CFR part 91 subparts A, B, C, F, G, H."
AA.I.G.K2,14cfr:part-135,regulation,auto,from the Task G References line,"14 CFR part 91 subparts A, B, C, F, G, H."
AA.I.G.K2,14cfr:part-61,regulation,auto,from the Task G References line,"14 CFR part 91 subparts A, B, C, F, G, H."
AA.I.G.K2,14cfr:part-91,regulation,auto,from the Task G References line,"14 CFR part 91 subparts A, B, C, F, G, H."
AA.I.G.K2,afh,explanation,auto,from the Task G References line,"14 CFR part 91 subparts A, B, C, F, G, H."
AA.I.G.K2,risk-management,explanation,auto,from the Task G References line,"14 CFR part 91 subparts A, B, C, F, G, H."
AA.I.G.K3,14cfr:part-111,regulation,auto,from the Task G References line,"14 CFR part 117 (AMEL, AMES)."
AA.I.G.K3,14cfr:part-117,regulation,auto,from the Task G References line,"14 CFR part 117 (AMEL, AMES)."
AA.I.G.K3,14cfr:part-121,regulation,auto,from the Task G References line,"14 CFR part 117 (AMEL, AMES)."
AA.I.G.K3,14cfr:part-135,regulation,auto,from the Task G References line,"14 CFR part 117 (AMEL, AMES)."
AA.I.G.K3,14cfr:part-61,regulation,auto,from the Task G References line,"14 CFR part 117 (AMEL, AMES)."
AA.I.G.K3,14cfr:part-91,regulation,auto,from the Task G References line,"14 CFR part 117 (AMEL, AMES)."
AA.I.G.K3,afh,explanation,auto,from the Task G References line,"14 CFR part 117 (AMEL, AMES)."
AA.I.G.K3,risk-management,explanation,auto,from the Task G References line,"14 CFR part 117 (AMEL, AMES)."
AA.I.G.K4,14cfr:part-111,regulation,auto,from the Task G References line,"14 CFR part 121 subparts A, G, K, M, O, T, U, V (AMEL, AMES). 10"
AA.I.G.K4,14cfr:part-117,regulation,auto,from the Task G References line,"14 CFR part 121 subparts A, G, K, M, O, T, U, V (AMEL, AMES). 10"
AA.I.G.K4,14cfr:part-121,regulation,auto,from the Task G References line,"14 CFR part 121 subparts A, G, K, M, O, T, U, V (AMEL, AMES). 10"
AA.I.G.K4,14cfr:part-135,regulation,auto,from the Task G References line,"14 CFR part 121 subparts A, G, K, M, O, T, U, V (AMEL, AMES). 10"
AA.I.G.K4,14cfr:part-61,regulation,auto,from the Task G References line,"14 CFR part 121 subparts A, G, K, M, O, T, U, V (AMEL, AMES). 10"
AA.I.G.K4,14cfr:part-91,regulation,auto,from the Task G References line,"14 CFR part 121 subparts A, G, K, M, O, T, U, V (AMEL, AMES). 10"
AA.I.G.K4,afh,explanation,auto,from the Task G References line,"14 CFR part 121 subparts A, G, K, M, O, T, U, V (AMEL, AMES). 10"
AA.I.G.K4,risk-management,explanation,auto,from the Task G References line,"14 CFR part 121 subparts A, G, K, M, O, T, U, V (AMEL, AMES). 10"
AA.I.G.K5,14cfr:part-111,regulation,auto,from the Task G References line,"14 CFR part 135 subparts A, B, C, D, E, F, G (ASEL, ASES)."
AA.I.G.K5,14cfr:part-117,regulation,auto,from the Task G References line,"14 CFR part 135 subparts A, B, C, D, E, F, G (ASEL, ASES)."
AA.I.G.K5,14cfr:part-121,regulation,auto,from the Task G References line,"14 CFR part 135 subparts A, B, C, D, E, F, G (ASEL, ASES)."
AA.I.G.K5,14cfr:part-135,regulation,auto,from the Task G References line,"14 CFR part 135 subparts A, B, C, D, E, F, G (ASEL, ASES)."
AA.I.G.K5,14cfr:part-61,regulation,auto,from the Task G References line,"14 CFR part 135 subparts A, B, C, D, E, F, G (ASEL, ASES)."
AA.I.G.K5,14cfr:part-91,regulation,auto,from the Task G References line,"14 CFR part 135 subparts A, B, C, D, E, F, G (ASEL, ASES)."
AA.I.G.K5,afh,explanation,auto,from the Task G References line,"14 CFR part 135 subparts A, B, C, D, E, F, G (ASEL, ASES)."
AA.I.G.K5,risk-management,explanation,auto,from the Task G References line,"14 CFR part 135 subparts A, B, C, D, E, F, G (ASEL, ASES)."
AA.I.G.K6,14cfr:part-111,regulation,auto,from the Task G References line,49 CFR part 830.
AA.I.G.K6,14cfr:part-117,regulation,auto,from the Task G References line,49 CFR part 830.
AA.I.G.K6,14cfr:part-121,regulation,auto,from the Task G References line,49 CFR part 830.
AA.I.G.K6,14cfr:part-135,regulation,auto,from the Task G References line,49 CFR part 830.
AA.I.G.K6,14cfr:part-61,regulation,auto,from the Task G References line,49 CFR part 830.
AA.I.G.K6,14cfr:part-91,regulation,auto,from the Task G References line,49 CFR part 830.
AA.I.G.K6,afh,explanation,auto,from the Task G References line,49 CFR part 830.
AA.I.G.K6,risk-management,explanation,auto,from the Task G References line,49 CFR part 830.
AA.I.G.K7,14cfr:part-111,regulation,auto,from the Task G References line,"14 CFR part 111 subparts A, D."
AA.I.G.K7,14cfr:part-117,regulation,auto,from the Task G References line,"14 CFR part 111 subparts A, D."
AA.I.G.K7,14cfr:part-121,regulation,auto,from the Task G References line,"14 CFR part 111 subparts A, D."
AA.I.G.K7,14cfr:part-135,regulation,auto,from the Task G References line,"14 CFR part 111 subparts A, D."
AA.I.G.K7,14cfr:part-61,regulation,auto,from the Task G References line,"14 CFR part 111 subparts A, D."
AA.I.G.K7,14cfr:part-91,regulation,auto,from the Task G References line,"14 CFR part 111 subparts A, D."
AA.I.G.K7,afh,explanation,auto,from the Task G References line,"14 CFR part 111 subparts A, D."
AA.I.G.K7,risk-management,explanation,auto,from the Task G References line,"14 CFR part 111 subparts A, D."
AA.I.G.R1,14cfr:part-111,regulation,auto,from the Task G References line,Lack of compliance with the applicable CFRs.
AA.I.G.R1,14cfr:part-117,regulation,auto,from the Task G References line,Lack of compliance with the applicable CFRs.
AA.I.G.R1,14cfr:part-121,regulation,auto,from the Task G References line,Lack of compliance with the applicable CFRs.
AA.I.G.R1,14cfr:part-135,regulation,auto,from the Task G References line,Lack of compliance with the applicable CFRs.
AA.I.G.R1,14cfr:part-61,regulation,auto,from the Task G References line,Lack of compliance with the applicable CFRs.
AA.I.G.R1,14cfr:part-91,regulation,auto,from the Task G References line,Lack of compliance with the applicable CFRs.
AA.I.G.R1,afh,explanation,auto,from the Task G References line,Lack of compliance with the applicable CFRs.
AA.I.G.R1,risk-management,explanation,auto,from the Task G References line,Lack of compliance with the applicable CFRs.
AA.I.G.S1,14cfr:part-111,regulation,auto,from the Task G References line,Apply the CFRs to the flight and operation.
AA.I.G.S1,14cfr:part-117,regulation,auto,from the Task G References line,Apply the CFRs to the flight and operation.
AA.I.G.S1,14cfr:part-121,regulation,auto,from the Task G References line,Apply the CFRs to the flight and operation.
AA.I.G.S1,14cfr:part-135,regulation,auto,from the Task G References line,Apply the CFRs to the flight and operation.
AA.I.G.S1,14cfr:part-61,regulation,auto,from the Task G References line,Apply the CFRs to the flight and operation.
AA.I.G.S1,14cfr:part-91,regulation,auto,from the Task G References line,Apply the CFRs to the flight and operation.
AA.I.G.S1,afh,explanation,auto,from the Task G References line,Apply the CFRs to the flight and operation.
AA.I.G.S1,risk-management,explanation,auto,from the Task G References line,Apply the CFRs to the flight and operation.
AA.I.H.K1,afh,explanation,auto,from the Task H References line,"The characteristics of a water surface as affected by features, such as:"
AA.I.H.K1,aim,guidance,auto,from the Task H References line,"The characteristics of a water surface as affected by features, such as:"
AA.I.H.K1,phak,explanation,auto,from the Task H References line,"The characteristics of a water surface as affected by features, such as:"
AA.I.H.K1,risk-management,explanation,auto,from the Task H References line,"The characteristics of a water surface as affected by features, such as:"
AA.I.H.K1,seaplane,explanation,auto,from the Task H References line,"The characteristics of a water surface as affected by features, such as:"
AA.I.H.K1a,afh,explanation,auto,from the Task H References line,a. Size and location
AA.I.H.K1a,aim,guidance,auto,from the Task H References line,a. Size and location
AA.I.H.K1a,phak,explanation,auto,from the Task H References line,a. Size and location
AA.I.H.K1a,risk-management,explanation,auto,from the Task H References line,a. Size and location
AA.I.H.K1a,seaplane,explanation,auto,from the Task H References line,a. Size and location
AA.I.H.K1b,afh,explanation,auto,from the Task H References line,b. Protected and unprotected areas
AA.I.H.K1b,aim,guidance,auto,from the Task H References line,b. Protected and unprotected areas
AA.I.H.K1b,phak,explanation,auto,from the Task H References line,b. Protected and unprotected areas
AA.I.H.K1b,risk-management,explanation,auto,from the Task H References line,b. Protected and unprotected areas
AA.I.H.K1b,seaplane,explanation,auto,from the Task H References line,b. Protected and unprotected areas
AA.I.H.K1c,afh,explanation,auto,from the Task H References line,c. Surface wind
AA.I.H.K1c,aim,guidance,auto,from the Task H References line,c. Surface wind
AA.I.H.K1c,phak,explanation,auto,from the Task H References line,c. Surface wind
AA.I.H.K1c,risk-management,explanation,auto,from the Task H References line,c. Surface wind
AA.I.H.K1c,seaplane,explanation,auto,from the Task H References line,c. Surface wind
AA.I.H.K1d,afh,explanation,auto,from the Task H References line,d. Direction and strength of water current
AA.I.H.K1d,aim,guidance,auto,from the Task H References line,d. Direction and strength of water current
AA.I.H.K1d,phak,explanation,auto,from the Task H References line,d. Direction and strength of water current
AA.I.H.K1d,risk-management,explanation,auto,from the Task H References line,d. Direction and strength of water current
AA.I.H.K1d,seaplane,explanation,auto,from the Task H References line,d. Direction and strength of water current
AA.I.H.K1e,afh,explanation,auto,from the Task H References line,e. Floating and partially submerged debris
AA.I.H.K1e,aim,guidance,auto,from the Task H References line,e. Floating and partially submerged debris
AA.I.H.K1e,phak,explanation,auto,from the Task H References line,e. Floating and partially submerged debris
AA.I.H.K1e,risk-management,explanation,auto,from the Task H References line,e. Floating and partially submerged debris
AA.I.H.K1e,seaplane,explanation,auto,from the Task H References line,e. Floating and partially submerged debris
AA.I.H.K1f,afh,explanation,auto,from the Task H References line,"f. Sandbars, islands, and shoals"
AA.I.H.K1f,aim,guidance,auto,from the Task H References line,"f. Sandbars, islands, and shoals"
AA.I.H.K1f,phak,explanation,auto,from the Task H References line,"f. Sandbars, islands, and shoals"
AA.I.H.K1f,risk-management,explanation,auto,from the Task H References line,"f. Sandbars, islands, and shoals"
AA.I.H.K1f,seaplane,explanation,auto,from the Task H References line,"f. Sandbars, islands, and shoals"
AA.I.H.K1g,afh,explanation,auto,from the Task H References line,g. Vessel traffic and wakes
AA.I.H.K1g,aim,guidance,auto,from the Task H References line,g. Vessel traffic and wakes
AA.I.H.K1g,phak,explanation,auto,from the Task H References line,g. Vessel traffic and wakes
AA.I.H.K1g,risk-management,explanation,auto,from the Task H References line,g. Vessel traffic and wakes
AA.I.H.K1g,seaplane,explanation,auto,from the Task H References line,g. Vessel traffic and wakes
AA.I.H.K1h,afh,explanation,auto,from the Task H References line,h. Other characteristics specific to the area
AA.I.H.K1h,aim,guidance,auto,from the Task H References line,h. Other characteristics specific to the area
AA.I.H.K1h,phak,explanation,auto,from the Task H References line,h. Other characteristics specific to the area
AA.I.H.K1h,risk-management,explanation,auto,from the Task H References line,h. Other characteristics specific to the area
AA.I.H.K1h,seaplane,explanation,auto,from the Task H References line,h. Other characteristics specific to the area
AA.I.H.K1i,afh,explanation,auto,from the Task H References line,i. Direction and height of waves
AA.I.H.K1i,aim,guidance,auto,from the Task H References line,i. Direction and height of waves
AA.I.H.K1i,phak,explanation,auto,from the Task H References line,i. Direction and height of waves
AA.I.H.K1i,risk-management,explanation,auto,from the Task H References line,i. Direction and height of waves
AA.I.H.K1i,seaplane,explanation,auto,from the Task H References line,i. Direction and height of waves
AA.I.H.K2,afh,explanation,auto,from the Task H References line,"Float and hull construction, and its effect on seaplane performance."
AA.I.H.K2,aim,guidance,auto,from the Task H References line,"Float and hull construction, and its effect on seaplane performance."
AA.I.H.K2,phak,explanation,auto,from the Task H References line,"Float and hull construction, and its effect on seaplane performance."
AA.I.H.K2,risk-management,explanation,auto,from the Task H References line,"Float and hull construction, and its effect on seaplane performance."
AA.I.H.K2,seaplane,explanation,auto,from the Task H References line,"Float and hull construction, and its effect on seaplane performance."
AA.I.H.K3,afh,explanation,auto,from the Task H References line,"Causes of porpoising and skipping, and the pilot action needed to prevent or correct these occurrences."
AA.I.H.K3,aim,guidance,auto,from the Task H References line,"Causes of porpoising and skipping, and the pilot action needed to prevent or correct these occurrences."
AA.I.H.K3,phak,explanation,auto,from the Task H References line,"Causes of porpoising and skipping, and the pilot action needed to prevent or correct these occurrences."
AA.I.H.K3,risk-management,explanation,auto,from the Task H References line,"Causes of porpoising and skipping, and the pilot action needed to prevent or correct these occurrences."
AA.I.H.K3,seaplane,explanation,auto,from the Task H References line,"Causes of porpoising and skipping, and the pilot action needed to prevent or correct these occurrences."
AA.I.H.K4,afh,explanation,auto,from the Task H References line,How to locate and identify seaplane bases on charts or in directories.
AA.I.H.K4,aim,guidance,auto,from the Task H References line,How to locate and identify seaplane bases on charts or in directories.
AA.I.H.K4,phak,explanation,auto,from the Task H References line,How to locate and identify seaplane bases on charts or in directories.
AA.I.H.K4,risk-management,explanation,auto,from the Task H References line,How to locate and identify seaplane bases on charts or in directories.
AA.I.H.K4,seaplane,explanation,auto,from the Task H References line,How to locate and identify seaplane bases on charts or in directories.
AA.I.H.K5,afh,explanation,auto,from the Task H References line,Operating restrictions at various bases.
AA.I.H.K5,aim,guidance,auto,from the Task H References line,Operating restrictions at various bases.
AA.I.H.K5,phak,explanation,auto,from the Task H References line,Operating restrictions at various bases.
AA.I.H.K5,risk-management,explanation,auto,from the Task H References line,Operating restrictions at various bases.
AA.I.H.K5,seaplane,explanation,auto,from the Task H References line,Operating restrictions at various bases.
AA.I.H.K6,afh,explanation,auto,from the Task H References line,"Right-of-way, steering, and sailing rules pertinent to seaplane operation."
AA.I.H.K6,aim,guidance,auto,from the Task H References line,"Right-of-way, steering, and sailing rules pertinent to seaplane operation."
AA.I.H.K6,phak,explanation,auto,from the Task H References line,"Right-of-way, steering, and sailing rules pertinent to seaplane operation."
AA.I.H.K6,risk-management,explanation,auto,from the Task H References line,"Right-of-way, steering, and sailing rules pertinent to seaplane operation."
AA.I.H.K6,seaplane,explanation,auto,from the Task H References line,"Right-of-way, steering, and sailing rules pertinent to seaplane operation."
AA.I.H.K7,afh,explanation,auto,from the Task H References line,"Marine navigation aids, such as buoys, beacons, lights, sound signals, and range markers."
AA.I.H.K7,aim,guidance,auto,from the Task H References line,"Marine navigation aids, such as buoys, beacons, lights, sound signals, and range markers."
AA.I.H.K7,phak,explanation,auto,from the Task H References line,"Marine navigation aids, such as buoys, beacons, lights, sound signals, and range markers."
AA.I.H.K7,risk-management,explanation,auto,from the Task H References line,"Marine navigation aids, such as buoys, beacons, lights, sound signals, and range markers."
AA.I.H.K7,seaplane,explanation,auto,from the Task H References line,"Marine navigation aids, such as buoys, beacons, lights, sound signals, and range markers."
AA.I.H.K8,afh,explanation,auto,from the Task H References line,Naval vessel protection zones.
AA.I.H.K8,aim,guidance,auto,from the Task H References line,Naval vessel protection zones.
AA.I.H.K8,phak,explanation,auto,from the Task H References line,Naval vessel protection zones.
AA.I.H.K8,risk-management,explanation,auto,from the Task H References line,Naval vessel protection zones.
AA.I.H.K8,seaplane,explanation,auto,from the Task H References line,Naval vessel protection zones.
AA.I.H.K9,afh,explanation,auto,from the Task H References line,No wake zones. 11
AA.I.H.K9,aim,guidance,auto,from the Task H References line,No wake zones. 11
AA.I.H.K9,phak,explanation,auto,from the Task H References line,No wake zones. 11
AA.I.H.K9,risk-management,explanation,auto,from the Task H References line,No wake zones. 11
AA.I.H.K9,seaplane,explanation,auto,from the Task H References line,No wake zones. 11
AA.I.H.R1,afh,explanation,auto,from the Task H References line,Local conditions.
AA.I.H.R1,aim,guidance,auto,from the Task H References line,Local conditions.
AA.I.H.R1,phak,explanation,auto,from the Task H References line,Local conditions.
AA.I.H.R1,risk-management,explanation,auto,from the Task H References line,Local conditions.
AA.I.H.R1,seaplane,explanation,auto,from the Task H References line,Local conditions.
AA.I.H.R2,afh,explanation,auto,from the Task H References line,Impact of marine traffic.
AA.I.H.R2,aim,guidance,auto,from the Task H References line,Impact of marine traffic.
AA.I.H.R2,phak,explanation,auto,from the Task H References line,Impact of marine traffic.
AA.I.H.R2,risk-management,explanation,auto,from the Task H References line,Impact of marine traffic.
AA.I.H.R2,seaplane,explanation,auto,from the Task H References line,Impact of marine traffic.
AA.I.H.R3,afh,explanation,auto,from the Task H References line,Right-of-way and sailing rules pertinent to seaplane operations.
AA.I.H.R3,aim,guidance,auto,from the Task H References line,Right-of-way and sailing rules pertinent to seaplane operations.
AA.I.H.R3,phak,explanation,auto,from the Task H References line,Right-of-way and sailing rules pertinent to seaplane operations.
AA.I.H.R3,risk-management,explanation,auto,from the Task H References line,Right-of-way and sailing rules pertinent to seaplane operations.
AA.I.H.R3,seaplane,explanation,auto,from the Task H References line,Right-of-way and sailing rules pertinent to seaplane operations.
AA.I.H.R4,afh,explanation,auto,from the Task H References line,Limited services and assistance available at seaplane bases.
AA.I.H.R4,aim,guidance,auto,from the Task H References line,Limited services and assistance available at seaplane bases.
AA.I.H.R4,phak,explanation,auto,from the Task H References line,Limited services and assistance available at seaplane bases.
AA.I.H.R4,risk-management,explanation,auto,from the Task H References line,Limited services and assistance available at seaplane bases.
AA.I.H.R4,seaplane,explanation,auto,from the Task H References line,Limited services and assistance available at seaplane bases.
AA.I.H.S1,afh,explanation,auto,from the Task H References line,Explain how float and hull construction can affect seaplane performance.
AA.I.H.S1,aim,guidance,auto,from the Task H References line,Explain how float and hull construction can affect seaplane performance.
AA.I.H.S1,phak,explanation,auto,from the Task H References line,Explain how float and hull construction can affect seaplane performance.
AA.I.H.S1,risk-management,explanation,auto,from the Task H References line,Explain how float and hull construction can affect seaplane performance.
AA.I.H.S1,seaplane,explanation,auto,from the Task H References line,Explain how float and hull construction can affect seaplane performance.
AA.I.H.S2,afh,explanation,auto,from the Task H References line,Describe how to correct for porpoising and skipping.
AA.I.H.S2,aim,guidance,auto,from the Task H References line,Describe how to correct for porpoising and skipping.
AA.I.H.S2,phak,explanation,auto,from the Task H References line,Describe how to correct for porpoising and skipping.
AA.I.H.S2,risk-management,explanation,auto,from the Task H References line,Describe how to correct for porpoising and skipping.
AA.I.H.S2,seaplane,explanation,auto,from the Task H References line,Describe how to correct for porpoising and skipping.
AA.I.H.S3,afh,explanation,auto,from the Task H References line,Locate seaplane bases on charts or in directories and identify any restrictions.
AA.I.H.S3,aim,guidance,auto,from the Task H References line,Locate seaplane bases on charts or in directories and identify any restrictions.
AA.I.H.S3,phak,explanation,auto,from the Task H References line,Locate seaplane bases on charts or in directories and identify any restrictions.
AA.I.H.S3,risk-management,explanation,auto,from the Task H References line,Locate seaplane bases on charts or in directories and identify any restrictions.
AA.I.H.S3,seaplane,explanation,auto,from the Task H References line,Locate seaplane bases on charts or in directories and identify any restrictions.
AA.I.H.S4,afh,explanation,auto,from the Task H References line,Identify marine navigation aids.
AA.I.H.S4,aim,guidance,auto,from the Task H References line,Identify marine navigation aids.
AA.I.H.S4,phak,explanation,auto,from the Task H References line,Identify marine navigation aids.
AA.I.H.S4,risk-management,explanation,auto,from the Task H References line,Identify marine navigation aids.
AA.I.H.S4,seaplane,explanation,auto,from the Task H References line,Identify marine navigation aids.
AA.I.H.S5,afh,explanation,auto,from the Task H References line,Describe what naval vessel protection zones and no wake zones are.
AA.I.H.S5,aim,guidance,auto,from the Task H References line,Describe what naval vessel protection zones and no wake zones are.
AA.I.H.S5,phak,explanation,auto,from the Task H References line,Describe what naval vessel protection zones and no wake zones are.
AA.I.H.S5,risk-management,explanation,auto,from the Task H References line,Describe what naval vessel protection zones and no wake zones are.
AA.I.H.S5,seaplane,explanation,auto,from the Task H References line,Describe what naval vessel protection zones and no wake zones are.
AA.I.H.S6,afh,explanation,auto,from the Task H References line,Assess the water surface characteristics for the proposed flight.
AA.I.H.S6,aim,guidance,auto,from the Task H References line,Assess the water surface characteristics for the proposed flight.
AA.I.H.S6,phak,explanation,auto,from the Task H References line,Assess the water surface characteristics for the proposed flight.
AA.I.H.S6,risk-management,explanation,auto,from the Task H References line,Assess the water surface characteristics for the proposed flight.
AA.I.H.S6,seaplane,explanation,auto,from the Task H References line,Assess the water surface characteristics for the proposed flight.
AA.I.H.S7,afh,explanation,auto,from the Task H References line,"Perform correct right-of-way, steering, and sailing operations. 12"
AA.I.H.S7,aim,guidance,auto,from the Task H References line,"Perform correct right-of-way, steering, and sailing operations. 12"
AA.I.H.S7,phak,explanation,auto,from the Task H References line,"Perform correct right-of-way, steering, and sailing operations. 12"
AA.I.H.S7,risk-management,explanation,auto,from the Task H References line,"Perform correct right-of-way, steering, and sailing operations. 12"
AA.I.H.S7,seaplane,explanation,auto,from the Task H References line,"Perform correct right-of-way, steering, and sailing operations. 12"
AA.II.A.K1,14cfr:part-117,regulation,auto,from the Task A References line,Pilot self-assessment.
AA.II.A.K1,14cfr:part-119,regulation,auto,from the Task A References line,Pilot self-assessment.
AA.II.A.K1,14cfr:part-121,regulation,auto,from the Task A References line,Pilot self-assessment.
AA.II.A.K1,14cfr:part-135,regulation,auto,from the Task A References line,Pilot self-assessment.
AA.II.A.K1,14cfr:part-43,regulation,auto,from the Task A References line,Pilot self-assessment.
AA.II.A.K1,14cfr:part-61,regulation,auto,from the Task A References line,Pilot self-assessment.
AA.II.A.K1,14cfr:part-63,regulation,auto,from the Task A References line,Pilot self-assessment.
AA.II.A.K1,14cfr:part-71,regulation,auto,from the Task A References line,Pilot self-assessment.
AA.II.A.K1,14cfr:part-91,regulation,auto,from the Task A References line,Pilot self-assessment.
AA.II.A.K1,14cfr:part-97,regulation,auto,from the Task A References line,Pilot self-assessment.
AA.II.A.K1,aim,guidance,auto,from the Task A References line,Pilot self-assessment.
AA.II.A.K2,14cfr:part-117,regulation,auto,from the Task A References line,"Determining that the aircraft to be used is appropriate, airworthy, and in a condition for safe flight by locating and explaining related documents such as:"
AA.II.A.K2,14cfr:part-119,regulation,auto,from the Task A References line,"Determining that the aircraft to be used is appropriate, airworthy, and in a condition for safe flight by locating and explaining related documents such as:"
AA.II.A.K2,14cfr:part-121,regulation,auto,from the Task A References line,"Determining that the aircraft to be used is appropriate, airworthy, and in a condition for safe flight by locating and explaining related documents such as:"
AA.II.A.K2,14cfr:part-135,regulation,auto,from the Task A References line,"Determining that the aircraft to be used is appropriate, airworthy, and in a condition for safe flight by locating and explaining related documents such as:"
AA.II.A.K2,14cfr:part-43,regulation,auto,from the Task A References line,"Determining that the aircraft to be used is appropriate, airworthy, and in a condition for safe flight by locating and explaining related documents such as:"
AA.II.A.K2,14cfr:part-61,regulation,auto,from the Task A References line,"Determining that the aircraft to be used is appropriate, airworthy, and in a condition for safe flight by locating and explaining related documents such as:"
AA.II.A.K2,14cfr:part-63,regulation,auto,from the Task A References line,"Determining that the aircraft to be used is appropriate, airworthy, and in a condition for safe flight by locating and explaining related documents such as:"
AA.II.A.K2,14cfr:part-71,regulation,auto,from the Task A References line,"Determining that the aircraft to be used is appropriate, airworthy, and in a condition for safe flight by locating and explaining related documents such as:"
AA.II.A.K2,14cfr:part-91,regulation,auto,from the Task A References line,"Determining that the aircraft to be used is appropriate, airworthy, and in a condition for safe flight by locating and explaining related documents such as:"
AA.II.A.K2,14cfr:part-97,regulation,auto,from the Task A References line,"Determining that the aircraft to be used is appropriate, airworthy, and in a condition for safe flight by locating and explaining related documents such as:"
AA.II.A.K2,aim,guidance,auto,from the Task A References line,"Determining that the aircraft to be used is appropriate, airworthy, and in a condition for safe flight by locating and explaining related documents such as:"
AA.II.A.K2a,14cfr:part-117,regulation,auto,from the Task A References line,a. Airworthiness and registration certificates
AA.II.A.K2a,14cfr:part-119,regulation,auto,from the Task A References line,a. Airworthiness and registration certificates
AA.II.A.K2a,14cfr:part-121,regulation,auto,from the Task A References line,a. Airworthiness and registration certificates
AA.II.A.K2a,14cfr:part-135,regulation,auto,from the Task A References line,a. Airworthiness and registration certificates
AA.II.A.K2a,14cfr:part-43,regulation,auto,from the Task A References line,a. Airworthiness and registration certificates
AA.II.A.K2a,14cfr:part-61,regulation,auto,from the Task A References line,a. Airworthiness and registration certificates
AA.II.A.K2a,14cfr:part-63,regulation,auto,from the Task A References line,a. Airworthiness and registration certificates
AA.II.A.K2a,14cfr:part-71,regulation,auto,from the Task A References line,a. Airworthiness and registration certificates
AA.II.A.K2a,14cfr:part-91,regulation,auto,from the Task A References line,a. Airworthiness and registration certificates
AA.II.A.K2a,14cfr:part-97,regulation,auto,from the Task A References line,a. Airworthiness and registration certificates
AA.II.A.K2a,aim,guidance,auto,from the Task A References line,a. Airworthiness and registration certificates
AA.II.A.K2b,14cfr:part-117,regulation,auto,from the Task A References line,"b. Operating limitations, handbooks, and manuals"
AA.II.A.K2b,14cfr:part-119,regulation,auto,from the Task A References line,"b. Operating limitations, handbooks, and manuals"
AA.II.A.K2b,14cfr:part-121,regulation,auto,from the Task A References line,"b. Operating limitations, handbooks, and manuals"
AA.II.A.K2b,14cfr:part-135,regulation,auto,from the Task A References line,"b. Operating limitations, handbooks, and manuals"
AA.II.A.K2b,14cfr:part-43,regulation,auto,from the Task A References line,"b. Operating limitations, handbooks, and manuals"
AA.II.A.K2b,14cfr:part-61,regulation,auto,from the Task A References line,"b. Operating limitations, handbooks, and manuals"
AA.II.A.K2b,14cfr:part-63,regulation,auto,from the Task A References line,"b. Operating limitations, handbooks, and manuals"
AA.II.A.K2b,14cfr:part-71,regulation,auto,from the Task A References line,"b. Operating limitations, handbooks, and manuals"
AA.II.A.K2b,14cfr:part-91,regulation,auto,from the Task A References line,"b. Operating limitations, handbooks, and manuals"
AA.II.A.K2b,14cfr:part-97,regulation,auto,from the Task A References line,"b. Operating limitations, handbooks, and manuals"
AA.II.A.K2b,aim,guidance,auto,from the Task A References line,"b. Operating limitations, handbooks, and manuals"
AA.II.A.K2c,14cfr:part-117,regulation,auto,from the Task A References line,"c. Minimum Equipment List (MEL) and Configuration Deviation List (CDL), Kinds of Operations Equipment Lists (KOEL)"
AA.II.A.K2c,14cfr:part-119,regulation,auto,from the Task A References line,"c. Minimum Equipment List (MEL) and Configuration Deviation List (CDL), Kinds of Operations Equipment Lists (KOEL)"
AA.II.A.K2c,14cfr:part-121,regulation,auto,from the Task A References line,"c. Minimum Equipment List (MEL) and Configuration Deviation List (CDL), Kinds of Operations Equipment Lists (KOEL)"
AA.II.A.K2c,14cfr:part-135,regulation,auto,from the Task A References line,"c. Minimum Equipment List (MEL) and Configuration Deviation List (CDL), Kinds of Operations Equipment Lists (KOEL)"
AA.II.A.K2c,14cfr:part-43,regulation,auto,from the Task A References line,"c. Minimum Equipment List (MEL) and Configuration Deviation List (CDL), Kinds of Operations Equipment Lists (KOEL)"
AA.II.A.K2c,14cfr:part-61,regulation,auto,from the Task A References line,"c. Minimum Equipment List (MEL) and Configuration Deviation List (CDL), Kinds of Operations Equipment Lists (KOEL)"
AA.II.A.K2c,14cfr:part-63,regulation,auto,from the Task A References line,"c. Minimum Equipment List (MEL) and Configuration Deviation List (CDL), Kinds of Operations Equipment Lists (KOEL)"
AA.II.A.K2c,14cfr:part-71,regulation,auto,from the Task A References line,"c. Minimum Equipment List (MEL) and Configuration Deviation List (CDL), Kinds of Operations Equipment Lists (KOEL)"
AA.II.A.K2c,14cfr:part-91,regulation,auto,from the Task A References line,"c. Minimum Equipment List (MEL) and Configuration Deviation List (CDL), Kinds of Operations Equipment Lists (KOEL)"
AA.II.A.K2c,14cfr:part-97,regulation,auto,from the Task A References line,"c. Minimum Equipment List (MEL) and Configuration Deviation List (CDL), Kinds of Operations Equipment Lists (KOEL)"
AA.II.A.K2c,aim,guidance,auto,from the Task A References line,"c. Minimum Equipment List (MEL) and Configuration Deviation List (CDL), Kinds of Operations Equipment Lists (KOEL)"
AA.II.A.K2d,14cfr:part-117,regulation,auto,from the Task A References line,d. Weight and balance data
AA.II.A.K2d,14cfr:part-119,regulation,auto,from the Task A References line,d. Weight and balance data
AA.II.A.K2d,14cfr:part-121,regulation,auto,from the Task A References line,d. Weight and balance data
AA.II.A.K2d,14cfr:part-135,regulation,auto,from the Task A References line,d. Weight and balance data
AA.II.A.K2d,14cfr:part-43,regulation,auto,from the Task A References line,d. Weight and balance data
AA.II.A.K2d,14cfr:part-61,regulation,auto,from the Task A References line,d. Weight and balance data
AA.II.A.K2d,14cfr:part-63,regulation,auto,from the Task A References line,d. Weight and balance data
AA.II.A.K2d,14cfr:part-71,regulation,auto,from the Task A References line,d. Weight and balance data
AA.II.A.K2d,14cfr:part-91,regulation,auto,from the Task A References line,d. Weight and balance data
AA.II.A.K2d,14cfr:part-97,regulation,auto,from the Task A References line,d. Weight and balance data
AA.II.A.K2d,aim,guidance,auto,from the Task A References line,d. Weight and balance data
AA.II.A.K2e,14cfr:part-117,regulation,auto,from the Task A References line,"e. Required inspections or tests and appropriate records and documentation (e.g., dispatch release) as applicable to the proposed flight or operation"
AA.II.A.K2e,14cfr:part-119,regulation,auto,from the Task A References line,"e. Required inspections or tests and appropriate records and documentation (e.g., dispatch release) as applicable to the proposed flight or operation"
AA.II.A.K2e,14cfr:part-121,regulation,auto,from the Task A References line,"e. Required inspections or tests and appropriate records and documentation (e.g., dispatch release) as applicable to the proposed flight or operation"
AA.II.A.K2e,14cfr:part-135,regulation,auto,from the Task A References line,"e. Required inspections or tests and appropriate records and documentation (e.g., dispatch release) as applicable to the proposed flight or operation"
AA.II.A.K2e,14cfr:part-43,regulation,auto,from the Task A References line,"e. Required inspections or tests and appropriate records and documentation (e.g., dispatch release) as applicable to the proposed flight or operation"
AA.II.A.K2e,14cfr:part-61,regulation,auto,from the Task A References line,"e. Required inspections or tests and appropriate records and documentation (e.g., dispatch release) as applicable to the proposed flight or operation"
AA.II.A.K2e,14cfr:part-63,regulation,auto,from the Task A References line,"e. Required inspections or tests and appropriate records and documentation (e.g., dispatch release) as applicable to the proposed flight or operation"
AA.II.A.K2e,14cfr:part-71,regulation,auto,from the Task A References line,"e. Required inspections or tests and appropriate records and documentation (e.g., dispatch release) as applicable to the proposed flight or operation"
AA.II.A.K2e,14cfr:part-91,regulation,auto,from the Task A References line,"e. Required inspections or tests and appropriate records and documentation (e.g., dispatch release) as applicable to the proposed flight or operation"
AA.II.A.K2e,14cfr:part-97,regulation,auto,from the Task A References line,"e. Required inspections or tests and appropriate records and documentation (e.g., dispatch release) as applicable to the proposed flight or operation"
AA.II.A.K2e,aim,guidance,auto,from the Task A References line,"e. Required inspections or tests and appropriate records and documentation (e.g., dispatch release) as applicable to the proposed flight or operation"
AA.II.A.K3,14cfr:part-117,regulation,auto,from the Task A References line,Preventive maintenance that can be performed by the pilot or other designated crewmember.
AA.II.A.K3,14cfr:part-119,regulation,auto,from the Task A References line,Preventive maintenance that can be performed by the pilot or other designated crewmember.
AA.II.A.K3,14cfr:part-121,regulation,auto,from the Task A References line,Preventive maintenance that can be performed by the pilot or other designated crewmember.
AA.II.A.K3,14cfr:part-135,regulation,auto,from the Task A References line,Preventive maintenance that can be performed by the pilot or other designated crewmember.
AA.II.A.K3,14cfr:part-43,regulation,auto,from the Task A References line,Preventive maintenance that can be performed by the pilot or other designated crewmember.
AA.II.A.K3,14cfr:part-61,regulation,auto,from the Task A References line,Preventive maintenance that can be performed by the pilot or other designated crewmember.
AA.II.A.K3,14cfr:part-63,regulation,auto,from the Task A References line,Preventive maintenance that can be performed by the pilot or other designated crewmember.
AA.II.A.K3,14cfr:part-71,regulation,auto,from the Task A References line,Preventive maintenance that can be performed by the pilot or other designated crewmember.
AA.II.A.K3,14cfr:part-91,regulation,auto,from the Task A References line,Preventive maintenance that can be performed by the pilot or other designated crewmember.
AA.II.A.K3,14cfr:part-97,regulation,auto,from the Task A References line,Preventive maintenance that can be performed by the pilot or other designated crewmember.
AA.II.A.K3,aim,guidance,auto,from the Task A References line,Preventive maintenance that can be performed by the pilot or other designated crewmember.
AA.II.A.K4,14cfr:part-117,regulation,auto,from the Task A References line,"Aircraft preflight inspection, including:"
AA.II.A.K4,14cfr:part-119,regulation,auto,from the Task A References line,"Aircraft preflight inspection, including:"
AA.II.A.K4,14cfr:part-121,regulation,auto,from the Task A References line,"Aircraft preflight inspection, including:"
AA.II.A.K4,14cfr:part-135,regulation,auto,from the Task A References line,"Aircraft preflight inspection, including:"
AA.II.A.K4,14cfr:part-43,regulation,auto,from the Task A References line,"Aircraft preflight inspection, including:"
AA.II.A.K4,14cfr:part-61,regulation,auto,from the Task A References line,"Aircraft preflight inspection, including:"
AA.II.A.K4,14cfr:part-63,regulation,auto,from the Task A References line,"Aircraft preflight inspection, including:"
AA.II.A.K4,14cfr:part-71,regulation,auto,from the Task A References line,"Aircraft preflight inspection, including:"
AA.II.A.K4,14cfr:part-91,regulation,auto,from the Task A References line,"Aircraft preflight inspection, including:"
AA.II.A.K4,14cfr:part-97,regulation,auto,from the Task A References line,"Aircraft preflight inspection, including:"
AA.II.A.K4,aim,guidance,auto,from the Task A References line,"Aircraft preflight inspection, including:"
AA.II.A.K4a,14cfr:part-117,regulation,auto,from the Task A References line,a. Which items should be inspected
AA.II.A.K4a,14cfr:part-119,regulation,auto,from the Task A References line,a. Which items should be inspected
AA.II.A.K4a,14cfr:part-121,regulation,auto,from the Task A References line,a. Which items should be inspected
AA.II.A.K4a,14cfr:part-135,regulation,auto,from the Task A References line,a. Which items should be inspected
AA.II.A.K4a,14cfr:part-43,regulation,auto,from the Task A References line,a. Which items should be inspected
AA.II.A.K4a,14cfr:part-61,regulation,auto,from the Task A References line,a. Which items should be inspected
AA.II.A.K4a,14cfr:part-63,regulation,auto,from the Task A References line,a. Which items should be inspected
AA.II.A.K4a,14cfr:part-71,regulation,auto,from the Task A References line,a. Which items should be inspected
AA.II.A.K4a,14cfr:part-91,regulation,auto,from the Task A References line,a. Which items should be inspected
AA.II.A.K4a,14cfr:part-97,regulation,auto,from the Task A References line,a. Which items should be inspected
AA.II.A.K4a,aim,guidance,auto,from the Task A References line,a. Which items should be inspected
AA.II.A.K4b,14cfr:part-117,regulation,auto,from the Task A References line,b. The reasons for checking each item
AA.II.A.K4b,14cfr:part-119,regulation,auto,from the Task A References line,b. The reasons for checking each item
AA.II.A.K4b,14cfr:part-121,regulation,auto,from the Task A References line,b. The reasons for checking each item
AA.II.A.K4b,14cfr:part-135,regulation,auto,from the Task A References line,b. The reasons for checking each item
AA.II.A.K4b,14cfr:part-43,regulation,auto,from the Task A References line,b. The reasons for checking each item
AA.II.A.K4b,14cfr:part-61,regulation,auto,from the Task A References line,b. The reasons for checking each item
AA.II.A.K4b,14cfr:part-63,regulation,auto,from the Task A References line,b. The reasons for checking each item
AA.II.A.K4b,14cfr:part-71,regulation,auto,from the Task A References line,b. The reasons for checking each item
AA.II.A.K4b,14cfr:part-91,regulation,auto,from the Task A References line,b. The reasons for checking each item
AA.II.A.K4b,14cfr:part-97,regulation,auto,from the Task A References line,b. The reasons for checking each item
AA.II.A.K4b,aim,guidance,auto,from the Task A References line,b. The reasons for checking each item
AA.II.A.K4c,14cfr:part-117,regulation,auto,from the Task A References line,c. How to detect possible defects
AA.II.A.K4c,14cfr:part-119,regulation,auto,from the Task A References line,c. How to detect possible defects
AA.II.A.K4c,14cfr:part-121,regulation,auto,from the Task A References line,c. How to detect possible defects
AA.II.A.K4c,14cfr:part-135,regulation,auto,from the Task A References line,c. How to detect possible defects
AA.II.A.K4c,14cfr:part-43,regulation,auto,from the Task A References line,c. How to detect possible defects
AA.II.A.K4c,14cfr:part-61,regulation,auto,from the Task A References line,c. How to detect possible defects
AA.II.A.K4c,14cfr:part-63,regulation,auto,from the Task A References line,c. How to detect possible defects
AA.II.A.K4c,14cfr:part-71,regulation,auto,from the Task A References line,c. How to detect possible defects
AA.II.A.K4c,14cfr:part-91,regulation,auto,from the Task A References line,c. How to detect possible defects
AA.II.A.K4c,14cfr:part-97,regulation,auto,from the Task A References line,c. How to detect possible defects
AA.II.A.K4c,aim,guidance,auto,from the Task A References line,c. How to detect possible defects
AA.II.A.K4d,14cfr:part-117,regulation,auto,from the Task A References line,d. The associated regulations
AA.II.A.K4d,14cfr:part-119,regulation,auto,from the Task A References line,d. The associated regulations
AA.II.A.K4d,14cfr:part-121,regulation,auto,from the Task A References line,d. The associated regulations
AA.II.A.K4d,14cfr:part-135,regulation,auto,from the Task A References line,d. The associated regulations
AA.II.A.K4d,14cfr:part-43,regulation,auto,from the Task A References line,d. The associated regulations
AA.II.A.K4d,14cfr:part-61,regulation,auto,from the Task A References line,d. The associated regulations
AA.II.A.K4d,14cfr:part-63,regulation,auto,from the Task A References line,d. The associated regulations
AA.II.A.K4d,14cfr:part-71,regulation,auto,from the Task A References line,d. The associated regulations
AA.II.A.K4d,14cfr:part-91,regulation,auto,from the Task A References line,d. The associated regulations
AA.II.A.K4d,14cfr:part-97,regulation,auto,from the Task A References line,d. The associated regulations
AA.II.A.K4d,aim,guidance,auto,from the Task A References line,d. The associated regulations
AA.II.A.K5,14cfr:part-117,regulation,auto,from the Task A References line,"Environmental factors, including weather, terrain, route selection, and obstructions."
AA.II.A.K5,14cfr:part-119,regulation,auto,from the Task A References line,"Environmental factors, including weather, terrain, route selection, and obstructions."
AA.II.A.K5,14cfr:part-121,regulation,auto,from the Task A References line,"Environmental factors, including weather, terrain, route selection, and obstructions."
AA.II.A.K5,14cfr:part-135,regulation,auto,from the Task A References line,"Environmental factors, including weather, terrain, route selection, and obstructions."
AA.II.A.K5,14cfr:part-43,regulation,auto,from the Task A References line,"Environmental factors, including weather, terrain, route selection, and obstructions."
AA.II.A.K5,14cfr:part-61,regulation,auto,from the Task A References line,"Environmental factors, including weather, terrain, route selection, and obstructions."
AA.II.A.K5,14cfr:part-63,regulation,auto,from the Task A References line,"Environmental factors, including weather, terrain, route selection, and obstructions."
AA.II.A.K5,14cfr:part-71,regulation,auto,from the Task A References line,"Environmental factors, including weather, terrain, route selection, and obstructions."
AA.II.A.K5,14cfr:part-91,regulation,auto,from the Task A References line,"Environmental factors, including weather, terrain, route selection, and obstructions."
AA.II.A.K5,14cfr:part-97,regulation,auto,from the Task A References line,"Environmental factors, including weather, terrain, route selection, and obstructions."
AA.II.A.K5,aim,guidance,auto,from the Task A References line,"Environmental factors, including weather, terrain, route selection, and obstructions."
AA.II.A.K6,14cfr:part-117,regulation,auto,from the Task A References line,Requirements for current and appropriate navigation data.
AA.II.A.K6,14cfr:part-119,regulation,auto,from the Task A References line,Requirements for current and appropriate navigation data.
AA.II.A.K6,14cfr:part-121,regulation,auto,from the Task A References line,Requirements for current and appropriate navigation data.
AA.II.A.K6,14cfr:part-135,regulation,auto,from the Task A References line,Requirements for current and appropriate navigation data.
AA.II.A.K6,14cfr:part-43,regulation,auto,from the Task A References line,Requirements for current and appropriate navigation data.
AA.II.A.K6,14cfr:part-61,regulation,auto,from the Task A References line,Requirements for current and appropriate navigation data.
AA.II.A.K6,14cfr:part-63,regulation,auto,from the Task A References line,Requirements for current and appropriate navigation data.
AA.II.A.K6,14cfr:part-71,regulation,auto,from the Task A References line,Requirements for current and appropriate navigation data.
AA.II.A.K6,14cfr:part-91,regulation,auto,from the Task A References line,Requirements for current and appropriate navigation data.
AA.II.A.K6,14cfr:part-97,regulation,auto,from the Task A References line,Requirements for current and appropriate navigation data.
AA.II.A.K6,aim,guidance,auto,from the Task A References line,Requirements for current and appropriate navigation data.
AA.II.A.K7,14cfr:part-117,regulation,auto,from the Task A References line,"Operations specifications, management specifications, or letters of authorization applying to a particular aircraft and operation, if applicable."
AA.II.A.K7,14cfr:part-119,regulation,auto,from the Task A References line,"Operations specifications, management specifications, or letters of authorization applying to a particular aircraft and operation, if applicable."
AA.II.A.K7,14cfr:part-121,regulation,auto,from the Task A References line,"Operations specifications, management specifications, or letters of authorization applying to a particular aircraft and operation, if applicable."
AA.II.A.K7,14cfr:part-135,regulation,auto,from the Task A References line,"Operations specifications, management specifications, or letters of authorization applying to a particular aircraft and operation, if applicable."
AA.II.A.K7,14cfr:part-43,regulation,auto,from the Task A References line,"Operations specifications, management specifications, or letters of authorization applying to a particular aircraft and operation, if applicable."
AA.II.A.K7,14cfr:part-61,regulation,auto,from the Task A References line,"Operations specifications, management specifications, or letters of authorization applying to a particular aircraft and operation, if applicable."
AA.II.A.K7,14cfr:part-63,regulation,auto,from the Task A References line,"Operations specifications, management specifications, or letters of authorization applying to a particular aircraft and operation, if applicable."
AA.II.A.K7,14cfr:part-71,regulation,auto,from the Task A References line,"Operations specifications, management specifications, or letters of authorization applying to a particular aircraft and operation, if applicable."
AA.II.A.K7,14cfr:part-91,regulation,auto,from the Task A References line,"Operations specifications, management specifications, or letters of authorization applying to a particular aircraft and operation, if applicable."
AA.II.A.K7,14cfr:part-97,regulation,auto,from the Task A References line,"Operations specifications, management specifications, or letters of authorization applying to a particular aircraft and operation, if applicable."
AA.II.A.K7,aim,guidance,auto,from the Task A References line,"Operations specifications, management specifications, or letters of authorization applying to a particular aircraft and operation, if applicable."
AA.II.A.R1,14cfr:part-117,regulation,auto,from the Task A References line,Human performance factors.
AA.II.A.R1,14cfr:part-119,regulation,auto,from the Task A References line,Human performance factors.
AA.II.A.R1,14cfr:part-121,regulation,auto,from the Task A References line,Human performance factors.
AA.II.A.R1,14cfr:part-135,regulation,auto,from the Task A References line,Human performance factors.
AA.II.A.R1,14cfr:part-43,regulation,auto,from the Task A References line,Human performance factors.
AA.II.A.R1,14cfr:part-61,regulation,auto,from the Task A References line,Human performance factors.
AA.II.A.R1,14cfr:part-63,regulation,auto,from the Task A References line,Human performance factors.
AA.II.A.R1,14cfr:part-71,regulation,auto,from the Task A References line,Human performance factors.
AA.II.A.R1,14cfr:part-91,regulation,auto,from the Task A References line,Human performance factors.
AA.II.A.R1,14cfr:part-97,regulation,auto,from the Task A References line,Human performance factors.
AA.II.A.R1,aim,guidance,auto,from the Task A References line,Human performance factors.
AA.II.A.R2,14cfr:part-117,regulation,auto,from the Task A References line,Inoperative equipment discovered prior to flight.
AA.II.A.R2,14cfr:part-119,regulation,auto,from the Task A References line,Inoperative equipment discovered prior to flight.
AA.II.A.R2,14cfr:part-121,regulation,auto,from the Task A References line,Inoperative equipment discovered prior to flight.
AA.II.A.R2,14cfr:part-135,regulation,auto,from the Task A References line,Inoperative equipment discovered prior to flight.
AA.II.A.R2,14cfr:part-43,regulation,auto,from the Task A References line,Inoperative equipment discovered prior to flight.
AA.II.A.R2,14cfr:part-61,regulation,auto,from the Task A References line,Inoperative equipment discovered prior to flight.
AA.II.A.R2,14cfr:part-63,regulation,auto,from the Task A References line,Inoperative equipment discovered prior to flight.
AA.II.A.R2,14cfr:part-71,regulation,auto,from the Task A References line,Inoperative equipment discovered prior to flight.
AA.II.A.R2,14cfr:part-91,regulation,auto,from the Task A References line,Inoperative equipment discovered prior to flight.
AA.II.A.R2,14cfr:part-97,regulation,auto,from the Task A References line,Inoperative equipment discovered prior to flight.
AA.II.A.R2,aim,guidance,auto,from the Task A References line,Inoperative equipment discovered prior to flight.
AA.II.A.R3,14cfr:part-117,regulation,auto,from the Task A References line,"Environment (e.g., weather, airports, airspace, terrain, obstacles)."
AA.II.A.R3,14cfr:part-119,regulation,auto,from the Task A References line,"Environment (e.g., weather, airports, airspace, terrain, obstacles)."
AA.II.A.R3,14cfr:part-121,regulation,auto,from the Task A References line,"Environment (e.g., weather, airports, airspace, terrain, obstacles)."
AA.II.A.R3,14cfr:part-135,regulation,auto,from the Task A References line,"Environment (e.g., weather, airports, airspace, terrain, obstacles)."
AA.II.A.R3,14cfr:part-43,regulation,auto,from the Task A References line,"Environment (e.g., weather, airports, airspace, terrain, obstacles)."
AA.II.A.R3,14cfr:part-61,regulation,auto,from the Task A References line,"Environment (e.g., weather, airports, airspace, terrain, obstacles)."
AA.II.A.R3,14cfr:part-63,regulation,auto,from the Task A References line,"Environment (e.g., weather, airports, airspace, terrain, obstacles)."
AA.II.A.R3,14cfr:part-71,regulation,auto,from the Task A References line,"Environment (e.g., weather, airports, airspace, terrain, obstacles)."
AA.II.A.R3,14cfr:part-91,regulation,auto,from the Task A References line,"Environment (e.g., weather, airports, airspace, terrain, obstacles)."
AA.II.A.R3,14cfr:part-97,regulation,auto,from the Task A References line,"Environment (e.g., weather, airports, airspace, terrain, obstacles)."
AA.II.A.R3,aim,guidance,auto,from the Task A References line,"Environment (e.g., weather, airports, airspace, terrain, obstacles)."
AA.II.A.R4,14cfr:part-117,regulation,auto,from the Task A References line,External pressures.
AA.II.A.R4,14cfr:part-119,regulation,auto,from the Task A References line,External pressures.
AA.II.A.R4,14cfr:part-121,regulation,auto,from the Task A References line,External pressures.
AA.II.A.R4,14cfr:part-135,regulation,auto,from the Task A References line,External pressures.
AA.II.A.R4,14cfr:part-43,regulation,auto,from the Task A References line,External pressures.
AA.II.A.R4,14cfr:part-61,regulation,auto,from the Task A References line,External pressures.
AA.II.A.R4,14cfr:part-63,regulation,auto,from the Task A References line,External pressures.
AA.II.A.R4,14cfr:part-71,regulation,auto,from the Task A References line,External pressures.
AA.II.A.R4,14cfr:part-91,regulation,auto,from the Task A References line,External pressures.
AA.II.A.R4,14cfr:part-97,regulation,auto,from the Task A References line,External pressures.
AA.II.A.R4,aim,guidance,auto,from the Task A References line,External pressures.
AA.II.A.R5,14cfr:part-117,regulation,auto,from the Task A References line,Aviation security concerns. 13
AA.II.A.R5,14cfr:part-119,regulation,auto,from the Task A References line,Aviation security concerns. 13
AA.II.A.R5,14cfr:part-121,regulation,auto,from the Task A References line,Aviation security concerns. 13
AA.II.A.R5,14cfr:part-135,regulation,auto,from the Task A References line,Aviation security concerns. 13
AA.II.A.R5,14cfr:part-43,regulation,auto,from the Task A References line,Aviation security concerns. 13
AA.II.A.R5,14cfr:part-61,regulation,auto,from the Task A References line,Aviation security concerns. 13
AA.II.A.R5,14cfr:part-63,regulation,auto,from the Task A References line,Aviation security concerns. 13
AA.II.A.R5,14cfr:part-71,regulation,auto,from the Task A References line,Aviation security concerns. 13
AA.II.A.R5,14cfr:part-91,regulation,auto,from the Task A References line,Aviation security concerns. 13
AA.II.A.R5,14cfr:part-97,regulation,auto,from the Task A References line,Aviation security concerns. 13
AA.II.A.R5,aim,guidance,auto,from the Task A References line,Aviation security concerns. 13
AA.II.A.S1,14cfr:part-117,regulation,auto,from the Task A References line,"Inspect the aircraft in accordance with an appropriate checklist demonstrating proper operation of applicable airplane systems. Coordinate checklist with crew, if appropriate."
AA.II.A.S1,14cfr:part-119,regulation,auto,from the Task A References line,"Inspect the aircraft in accordance with an appropriate checklist demonstrating proper operation of applicable airplane systems. Coordinate checklist with crew, if appropriate."
AA.II.A.S1,14cfr:part-121,regulation,auto,from the Task A References line,"Inspect the aircraft in accordance with an appropriate checklist demonstrating proper operation of applicable airplane systems. Coordinate checklist with crew, if appropriate."
AA.II.A.S1,14cfr:part-135,regulation,auto,from the Task A References line,"Inspect the aircraft in accordance with an appropriate checklist demonstrating proper operation of applicable airplane systems. Coordinate checklist with crew, if appropriate."
AA.II.A.S1,14cfr:part-43,regulation,auto,from the Task A References line,"Inspect the aircraft in accordance with an appropriate checklist demonstrating proper operation of applicable airplane systems. Coordinate checklist with crew, if appropriate."
AA.II.A.S1,14cfr:part-61,regulation,auto,from the Task A References line,"Inspect the aircraft in accordance with an appropriate checklist demonstrating proper operation of applicable airplane systems. Coordinate checklist with crew, if appropriate."
AA.II.A.S1,14cfr:part-63,regulation,auto,from the Task A References line,"Inspect the aircraft in accordance with an appropriate checklist demonstrating proper operation of applicable airplane systems. Coordinate checklist with crew, if appropriate."
AA.II.A.S1,14cfr:part-71,regulation,auto,from the Task A References line,"Inspect the aircraft in accordance with an appropriate checklist demonstrating proper operation of applicable airplane systems. Coordinate checklist with crew, if appropriate."
AA.II.A.S1,14cfr:part-91,regulation,auto,from the Task A References line,"Inspect the aircraft in accordance with an appropriate checklist demonstrating proper operation of applicable airplane systems. Coordinate checklist with crew, if appropriate."
AA.II.A.S1,14cfr:part-97,regulation,auto,from the Task A References line,"Inspect the aircraft in accordance with an appropriate checklist demonstrating proper operation of applicable airplane systems. Coordinate checklist with crew, if appropriate."
AA.II.A.S1,aim,guidance,auto,from the Task A References line,"Inspect the aircraft in accordance with an appropriate checklist demonstrating proper operation of applicable airplane systems. Coordinate checklist with crew, if appropriate."
AA.II.A.S2,14cfr:part-117,regulation,auto,from the Task A References line,"Coordinate with ground crew and ensure adequate clearance prior to moving doors, hatches, flight control surfaces, etc."
AA.II.A.S2,14cfr:part-119,regulation,auto,from the Task A References line,"Coordinate with ground crew and ensure adequate clearance prior to moving doors, hatches, flight control surfaces, etc."
AA.II.A.S2,14cfr:part-121,regulation,auto,from the Task A References line,"Coordinate with ground crew and ensure adequate clearance prior to moving doors, hatches, flight control surfaces, etc."
AA.II.A.S2,14cfr:part-135,regulation,auto,from the Task A References line,"Coordinate with ground crew and ensure adequate clearance prior to moving doors, hatches, flight control surfaces, etc."
AA.II.A.S2,14cfr:part-43,regulation,auto,from the Task A References line,"Coordinate with ground crew and ensure adequate clearance prior to moving doors, hatches, flight control surfaces, etc."
AA.II.A.S2,14cfr:part-61,regulation,auto,from the Task A References line,"Coordinate with ground crew and ensure adequate clearance prior to moving doors, hatches, flight control surfaces, etc."
AA.II.A.S2,14cfr:part-63,regulation,auto,from the Task A References line,"Coordinate with ground crew and ensure adequate clearance prior to moving doors, hatches, flight control surfaces, etc."
AA.II.A.S2,14cfr:part-71,regulation,auto,from the Task A References line,"Coordinate with ground crew and ensure adequate clearance prior to moving doors, hatches, flight control surfaces, etc."
AA.II.A.S2,14cfr:part-91,regulation,auto,from the Task A References line,"Coordinate with ground crew and ensure adequate clearance prior to moving doors, hatches, flight control surfaces, etc."
AA.II.A.S2,14cfr:part-97,regulation,auto,from the Task A References line,"Coordinate with ground crew and ensure adequate clearance prior to moving doors, hatches, flight control surfaces, etc."
AA.II.A.S2,aim,guidance,auto,from the Task A References line,"Coordinate with ground crew and ensure adequate clearance prior to moving doors, hatches, flight control surfaces, etc."
AA.II.A.S3,14cfr:part-117,regulation,auto,from the Task A References line,"Document any discrepancies found; take corrective action and acknowledge limitations imposed by MEL/CDL items, if applicable."
AA.II.A.S3,14cfr:part-119,regulation,auto,from the Task A References line,"Document any discrepancies found; take corrective action and acknowledge limitations imposed by MEL/CDL items, if applicable."
AA.II.A.S3,14cfr:part-121,regulation,auto,from the Task A References line,"Document any discrepancies found; take corrective action and acknowledge limitations imposed by MEL/CDL items, if applicable."
AA.II.A.S3,14cfr:part-135,regulation,auto,from the Task A References line,"Document any discrepancies found; take corrective action and acknowledge limitations imposed by MEL/CDL items, if applicable."
AA.II.A.S3,14cfr:part-43,regulation,auto,from the Task A References line,"Document any discrepancies found; take corrective action and acknowledge limitations imposed by MEL/CDL items, if applicable."
AA.II.A.S3,14cfr:part-61,regulation,auto,from the Task A References line,"Document any discrepancies found; take corrective action and acknowledge limitations imposed by MEL/CDL items, if applicable."
AA.II.A.S3,14cfr:part-63,regulation,auto,from the Task A References line,"Document any discrepancies found; take corrective action and acknowledge limitations imposed by MEL/CDL items, if applicable."
AA.II.A.S3,14cfr:part-71,regulation,auto,from the Task A References line,"Document any discrepancies found; take corrective action and acknowledge limitations imposed by MEL/CDL items, if applicable."
AA.II.A.S3,14cfr:part-91,regulation,auto,from the Task A References line,"Document any discrepancies found; take corrective action and acknowledge limitations imposed by MEL/CDL items, if applicable."
AA.II.A.S3,14cfr:part-97,regulation,auto,from the Task A References line,"Document any discrepancies found; take corrective action and acknowledge limitations imposed by MEL/CDL items, if applicable."
AA.II.A.S3,aim,guidance,auto,from the Task A References line,"Document any discrepancies found; take corrective action and acknowledge limitations imposed by MEL/CDL items, if applicable."
AA.II.A.S4,14cfr:part-117,regulation,auto,from the Task A References line,Determine if the aircraft is airworthy and in condition for safe flight.
AA.II.A.S4,14cfr:part-119,regulation,auto,from the Task A References line,Determine if the aircraft is airworthy and in condition for safe flight.
AA.II.A.S4,14cfr:part-121,regulation,auto,from the Task A References line,Determine if the aircraft is airworthy and in condition for safe flight.
AA.II.A.S4,14cfr:part-135,regulation,auto,from the Task A References line,Determine if the aircraft is airworthy and in condition for safe flight.
AA.II.A.S4,14cfr:part-43,regulation,auto,from the Task A References line,Determine if the aircraft is airworthy and in condition for safe flight.
AA.II.A.S4,14cfr:part-61,regulation,auto,from the Task A References line,Determine if the aircraft is airworthy and in condition for safe flight.
AA.II.A.S4,14cfr:part-63,regulation,auto,from the Task A References line,Determine if the aircraft is airworthy and in condition for safe flight.
AA.II.A.S4,14cfr:part-71,regulation,auto,from the Task A References line,Determine if the aircraft is airworthy and in condition for safe flight.
AA.II.A.S4,14cfr:part-91,regulation,auto,from the Task A References line,Determine if the aircraft is airworthy and in condition for safe flight.
AA.II.A.S4,14cfr:part-97,regulation,auto,from the Task A References line,Determine if the aircraft is airworthy and in condition for safe flight.
AA.II.A.S4,aim,guidance,auto,from the Task A References line,Determine if the aircraft is airworthy and in condition for safe flight.
AA.II.A.S5,14cfr:part-117,regulation,auto,from the Task A References line,Identify and comply with operations specifications as required.
AA.II.A.S5,14cfr:part-119,regulation,auto,from the Task A References line,Identify and comply with operations specifications as required.
AA.II.A.S5,14cfr:part-121,regulation,auto,from the Task A References line,Identify and comply with operations specifications as required.
AA.II.A.S5,14cfr:part-135,regulation,auto,from the Task A References line,Identify and comply with operations specifications as required.
AA.II.A.S5,14cfr:part-43,regulation,auto,from the Task A References line,Identify and comply with operations specifications as required.
AA.II.A.S5,14cfr:part-61,regulation,auto,from the Task A References line,Identify and comply with operations specifications as required.
AA.II.A.S5,14cfr:part-63,regulation,auto,from the Task A References line,Identify and comply with operations specifications as required.
AA.II.A.S5,14cfr:part-71,regulation,auto,from the Task A References line,Identify and comply with operations specifications as required.
AA.II.A.S5,14cfr:part-91,regulation,auto,from the Task A References line,Identify and comply with operations specifications as required.
AA.II.A.S5,14cfr:part-97,regulation,auto,from the Task A References line,Identify and comply with operations specifications as required.
AA.II.A.S5,aim,guidance,auto,from the Task A References line,Identify and comply with operations specifications as required.
AA.II.A.S6,14cfr:part-117,regulation,auto,from the Task A References line,"Assess factors related to the environment (weather, airports, terrain, airspace)."
AA.II.A.S6,14cfr:part-119,regulation,auto,from the Task A References line,"Assess factors related to the environment (weather, airports, terrain, airspace)."
AA.II.A.S6,14cfr:part-121,regulation,auto,from the Task A References line,"Assess factors related to the environment (weather, airports, terrain, airspace)."
AA.II.A.S6,14cfr:part-135,regulation,auto,from the Task A References line,"Assess factors related to the environment (weather, airports, terrain, airspace)."
AA.II.A.S6,14cfr:part-43,regulation,auto,from the Task A References line,"Assess factors related to the environment (weather, airports, terrain, airspace)."
AA.II.A.S6,14cfr:part-61,regulation,auto,from the Task A References line,"Assess factors related to the environment (weather, airports, terrain, airspace)."
AA.II.A.S6,14cfr:part-63,regulation,auto,from the Task A References line,"Assess factors related to the environment (weather, airports, terrain, airspace)."
AA.II.A.S6,14cfr:part-71,regulation,auto,from the Task A References line,"Assess factors related to the environment (weather, airports, terrain, airspace)."
AA.II.A.S6,14cfr:part-91,regulation,auto,from the Task A References line,"Assess factors related to the environment (weather, airports, terrain, airspace)."
AA.II.A.S6,14cfr:part-97,regulation,auto,from the Task A References line,"Assess factors related to the environment (weather, airports, terrain, airspace)."
AA.II.A.S6,aim,guidance,auto,from the Task A References line,"Assess factors related to the environment (weather, airports, terrain, airspace)."
AA.II.A.S7,14cfr:part-117,regulation,auto,from the Task A References line,"Ensure the airplane and surfaces are free of ice, snow, and frost. If icing conditions are present, demonstrate satisfactory knowledge of deicing procedures."
AA.II.A.S7,14cfr:part-119,regulation,auto,from the Task A References line,"Ensure the airplane and surfaces are free of ice, snow, and frost. If icing conditions are present, demonstrate satisfactory knowledge of deicing procedures."
AA.II.A.S7,14cfr:part-121,regulation,auto,from the Task A References line,"Ensure the airplane and surfaces are free of ice, snow, and frost. If icing conditions are present, demonstrate satisfactory knowledge of deicing procedures."
AA.II.A.S7,14cfr:part-135,regulation,auto,from the Task A References line,"Ensure the airplane and surfaces are free of ice, snow, and frost. If icing conditions are present, demonstrate satisfactory knowledge of deicing procedures."
AA.II.A.S7,14cfr:part-43,regulation,auto,from the Task A References line,"Ensure the airplane and surfaces are free of ice, snow, and frost. If icing conditions are present, demonstrate satisfactory knowledge of deicing procedures."
AA.II.A.S7,14cfr:part-61,regulation,auto,from the Task A References line,"Ensure the airplane and surfaces are free of ice, snow, and frost. If icing conditions are present, demonstrate satisfactory knowledge of deicing procedures."
AA.II.A.S7,14cfr:part-63,regulation,auto,from the Task A References line,"Ensure the airplane and surfaces are free of ice, snow, and frost. If icing conditions are present, demonstrate satisfactory knowledge of deicing procedures."
AA.II.A.S7,14cfr:part-71,regulation,auto,from the Task A References line,"Ensure the airplane and surfaces are free of ice, snow, and frost. If icing conditions are present, demonstrate satisfactory knowledge of deicing procedures."
AA.II.A.S7,14cfr:part-91,regulation,auto,from the Task A References line,"Ensure the airplane and surfaces are free of ice, snow, and frost. If icing conditions are present, demonstrate satisfactory knowledge of deicing procedures."
AA.II.A.S7,14cfr:part-97,regulation,auto,from the Task A References line,"Ensure the airplane and surfaces are free of ice, snow, and frost. If icing conditions are present, demonstrate satisfactory knowledge of deicing procedures."
AA.II.A.S7,aim,guidance,auto,from the Task A References line,"Ensure the airplane and surfaces are free of ice, snow, and frost. If icing conditions are present, demonstrate satisfactory knowledge of deicing procedures."
AA.II.B.K1,afh,explanation,auto,from the Task B References line,"Normal and abnormal powerplant start procedures and limitations, including the use of an auxiliary power unit (APU) or external power source, if applicable."
AA.II.B.K1,aim,guidance,auto,from the Task B References line,"Normal and abnormal powerplant start procedures and limitations, including the use of an auxiliary power unit (APU) or external power source, if applicable."
AA.II.B.K1,phak,explanation,auto,from the Task B References line,"Normal and abnormal powerplant start procedures and limitations, including the use of an auxiliary power unit (APU) or external power source, if applicable."
AA.II.B.K1,risk-management,explanation,auto,from the Task B References line,"Normal and abnormal powerplant start procedures and limitations, including the use of an auxiliary power unit (APU) or external power source, if applicable."
AA.II.B.K2,afh,explanation,auto,from the Task B References line,Starting under various conditions.
AA.II.B.K2,aim,guidance,auto,from the Task B References line,Starting under various conditions.
AA.II.B.K2,phak,explanation,auto,from the Task B References line,Starting under various conditions.
AA.II.B.K2,risk-management,explanation,auto,from the Task B References line,Starting under various conditions.
AA.II.B.K3,afh,explanation,auto,from the Task B References line,"Malfunctions during powerplant start, procedures to address the malfunction, and any associated limitations."
AA.II.B.K3,aim,guidance,auto,from the Task B References line,"Malfunctions during powerplant start, procedures to address the malfunction, and any associated limitations."
AA.II.B.K3,phak,explanation,auto,from the Task B References line,"Malfunctions during powerplant start, procedures to address the malfunction, and any associated limitations."
AA.II.B.K3,risk-management,explanation,auto,from the Task B References line,"Malfunctions during powerplant start, procedures to address the malfunction, and any associated limitations."
AA.II.B.K4,afh,explanation,auto,from the Task B References line,"Coordinating and communicating with ground personnel for powerplant start, if applicable."
AA.II.B.K4,aim,guidance,auto,from the Task B References line,"Coordinating and communicating with ground personnel for powerplant start, if applicable."
AA.II.B.K4,phak,explanation,auto,from the Task B References line,"Coordinating and communicating with ground personnel for powerplant start, if applicable."
AA.II.B.K4,risk-management,explanation,auto,from the Task B References line,"Coordinating and communicating with ground personnel for powerplant start, if applicable."
AA.II.B.R1,afh,explanation,auto,from the Task B References line,Malfunctions during powerplant start.
AA.II.B.R1,aim,guidance,auto,from the Task B References line,Malfunctions during powerplant start.
AA.II.B.R1,phak,explanation,auto,from the Task B References line,Malfunctions during powerplant start.
AA.II.B.R1,risk-management,explanation,auto,from the Task B References line,Malfunctions during powerplant start.
AA.II.B.R2,afh,explanation,auto,from the Task B References line,Propeller and turbine powerplant safety.
AA.II.B.R2,aim,guidance,auto,from the Task B References line,Propeller and turbine powerplant safety.
AA.II.B.R2,phak,explanation,auto,from the Task B References line,Propeller and turbine powerplant safety.
AA.II.B.R2,risk-management,explanation,auto,from the Task B References line,Propeller and turbine powerplant safety.
AA.II.B.R3,afh,explanation,auto,from the Task B References line,Managing situations where specific instructions or checklist items are not published.
AA.II.B.R3,aim,guidance,auto,from the Task B References line,Managing situations where specific instructions or checklist items are not published.
AA.II.B.R3,phak,explanation,auto,from the Task B References line,Managing situations where specific instructions or checklist items are not published.
AA.II.B.R3,risk-management,explanation,auto,from the Task B References line,Managing situations where specific instructions or checklist items are not published.
AA.II.B.R4,afh,explanation,auto,from the Task B References line,"Personnel, vehicles, vessels, foreign object debris, and other aircraft in the vicinity during powerplant start."
AA.II.B.R4,aim,guidance,auto,from the Task B References line,"Personnel, vehicles, vessels, foreign object debris, and other aircraft in the vicinity during powerplant start."
AA.II.B.R4,phak,explanation,auto,from the Task B References line,"Personnel, vehicles, vessels, foreign object debris, and other aircraft in the vicinity during powerplant start."
AA.II.B.R4,risk-management,explanation,auto,from the Task B References line,"Personnel, vehicles, vessels, foreign object debris, and other aircraft in the vicinity during powerplant start."
AA.II.B.S1,afh,explanation,auto,from the Task B References line,"Ensure the ground safety procedures are followed during the before-start, start, and after-start phases."
AA.II.B.S1,aim,guidance,auto,from the Task B References line,"Ensure the ground safety procedures are followed during the before-start, start, and after-start phases."
AA.II.B.S1,phak,explanation,auto,from the Task B References line,"Ensure the ground safety procedures are followed during the before-start, start, and after-start phases."
AA.II.B.S1,risk-management,explanation,auto,from the Task B References line,"Ensure the ground safety procedures are followed during the before-start, start, and after-start phases."
AA.II.B.S2,afh,explanation,auto,from the Task B References line,Use appropriate ground crew personnel during the start procedures (if applicable). 14
AA.II.B.S2,aim,guidance,auto,from the Task B References line,Use appropriate ground crew personnel during the start procedures (if applicable). 14
AA.II.B.S2,phak,explanation,auto,from the Task B References line,Use appropriate ground crew personnel during the start procedures (if applicable). 14
AA.II.B.S2,risk-management,explanation,auto,from the Task B References line,Use appropriate ground crew personnel during the start procedures (if applicable). 14
AA.II.B.S3,afh,explanation,auto,from the Task B References line,"Coordinate with crew, if applicable, and complete the appropriate checklist(s) prior to and after powerplant start."
AA.II.B.S3,aim,guidance,auto,from the Task B References line,"Coordinate with crew, if applicable, and complete the appropriate checklist(s) prior to and after powerplant start."
AA.II.B.S3,phak,explanation,auto,from the Task B References line,"Coordinate with crew, if applicable, and complete the appropriate checklist(s) prior to and after powerplant start."
AA.II.B.S3,risk-management,explanation,auto,from the Task B References line,"Coordinate with crew, if applicable, and complete the appropriate checklist(s) prior to and after powerplant start."
AA.II.B.S4,afh,explanation,auto,from the Task B References line,Respond appropriately to an abnormal start or malfunction.
AA.II.B.S4,aim,guidance,auto,from the Task B References line,Respond appropriately to an abnormal start or malfunction.
AA.II.B.S4,phak,explanation,auto,from the Task B References line,Respond appropriately to an abnormal start or malfunction.
AA.II.B.S4,risk-management,explanation,auto,from the Task B References line,Respond appropriately to an abnormal start or malfunction.
AA.II.C.K1,14cfr:part-121,regulation,auto,from the Task C References line,"Current airport aeronautical references and information resources such as the Chart Supplement, airport diagram, and Notices to Air Missions (NOTAMs)."
AA.II.C.K1,14cfr:part-135,regulation,auto,from the Task C References line,"Current airport aeronautical references and information resources such as the Chart Supplement, airport diagram, and Notices to Air Missions (NOTAMs)."
AA.II.C.K1,14cfr:part-91,regulation,auto,from the Task C References line,"Current airport aeronautical references and information resources such as the Chart Supplement, airport diagram, and Notices to Air Missions (NOTAMs)."
AA.II.C.K1,ac-91-73b,guidance,auto,from the Task C References line,"Current airport aeronautical references and information resources such as the Chart Supplement, airport diagram, and Notices to Air Missions (NOTAMs)."
AA.II.C.K1,aim,guidance,auto,from the Task C References line,"Current airport aeronautical references and information resources such as the Chart Supplement, airport diagram, and Notices to Air Missions (NOTAMs)."
AA.II.C.K1,risk-management,explanation,auto,from the Task C References line,"Current airport aeronautical references and information resources such as the Chart Supplement, airport diagram, and Notices to Air Missions (NOTAMs)."
AA.II.C.K10,14cfr:part-121,regulation,auto,from the Task C References line,Low visibility taxi operations and techniques used to avoid disorientation.
AA.II.C.K10,14cfr:part-135,regulation,auto,from the Task C References line,Low visibility taxi operations and techniques used to avoid disorientation.
AA.II.C.K10,14cfr:part-91,regulation,auto,from the Task C References line,Low visibility taxi operations and techniques used to avoid disorientation.
AA.II.C.K10,ac-91-73b,guidance,auto,from the Task C References line,Low visibility taxi operations and techniques used to avoid disorientation.
AA.II.C.K10,aim,guidance,auto,from the Task C References line,Low visibility taxi operations and techniques used to avoid disorientation.
AA.II.C.K10,risk-management,explanation,auto,from the Task C References line,Low visibility taxi operations and techniques used to avoid disorientation.
AA.II.C.K11,14cfr:part-121,regulation,auto,from the Task C References line,Single-Engine taxi procedures for (AMEL).
AA.II.C.K11,14cfr:part-135,regulation,auto,from the Task C References line,Single-Engine taxi procedures for (AMEL).
AA.II.C.K11,14cfr:part-91,regulation,auto,from the Task C References line,Single-Engine taxi procedures for (AMEL).
AA.II.C.K11,ac-91-73b,guidance,auto,from the Task C References line,Single-Engine taxi procedures for (AMEL).
AA.II.C.K11,aim,guidance,auto,from the Task C References line,Single-Engine taxi procedures for (AMEL).
AA.II.C.K11,risk-management,explanation,auto,from the Task C References line,Single-Engine taxi procedures for (AMEL).
AA.II.C.K2,14cfr:part-121,regulation,auto,from the Task C References line,"Taxi instructions/clearances, including published taxi routes."
AA.II.C.K2,14cfr:part-135,regulation,auto,from the Task C References line,"Taxi instructions/clearances, including published taxi routes."
AA.II.C.K2,14cfr:part-91,regulation,auto,from the Task C References line,"Taxi instructions/clearances, including published taxi routes."
AA.II.C.K2,ac-91-73b,guidance,auto,from the Task C References line,"Taxi instructions/clearances, including published taxi routes."
AA.II.C.K2,aim,guidance,auto,from the Task C References line,"Taxi instructions/clearances, including published taxi routes."
AA.II.C.K2,risk-management,explanation,auto,from the Task C References line,"Taxi instructions/clearances, including published taxi routes."
AA.II.C.K3,14cfr:part-121,regulation,auto,from the Task C References line,"Airport markings, signs, and lights."
AA.II.C.K3,14cfr:part-135,regulation,auto,from the Task C References line,"Airport markings, signs, and lights."
AA.II.C.K3,14cfr:part-91,regulation,auto,from the Task C References line,"Airport markings, signs, and lights."
AA.II.C.K3,ac-91-73b,guidance,auto,from the Task C References line,"Airport markings, signs, and lights."
AA.II.C.K3,aim,guidance,auto,from the Task C References line,"Airport markings, signs, and lights."
AA.II.C.K3,risk-management,explanation,auto,from the Task C References line,"Airport markings, signs, and lights."
AA.II.C.K4,14cfr:part-121,regulation,auto,from the Task C References line,Appropriate aircraft lighting for day and night operations.
AA.II.C.K4,14cfr:part-135,regulation,auto,from the Task C References line,Appropriate aircraft lighting for day and night operations.
AA.II.C.K4,14cfr:part-91,regulation,auto,from the Task C References line,Appropriate aircraft lighting for day and night operations.
AA.II.C.K4,ac-91-73b,guidance,auto,from the Task C References line,Appropriate aircraft lighting for day and night operations.
AA.II.C.K4,aim,guidance,auto,from the Task C References line,Appropriate aircraft lighting for day and night operations.
AA.II.C.K4,risk-management,explanation,auto,from the Task C References line,Appropriate aircraft lighting for day and night operations.
AA.II.C.K5,14cfr:part-121,regulation,auto,from the Task C References line,"Push-back procedures, if applicable."
AA.II.C.K5,14cfr:part-135,regulation,auto,from the Task C References line,"Push-back procedures, if applicable."
AA.II.C.K5,14cfr:part-91,regulation,auto,from the Task C References line,"Push-back procedures, if applicable."
AA.II.C.K5,ac-91-73b,guidance,auto,from the Task C References line,"Push-back procedures, if applicable."
AA.II.C.K5,aim,guidance,auto,from the Task C References line,"Push-back procedures, if applicable."
AA.II.C.K5,risk-management,explanation,auto,from the Task C References line,"Push-back procedures, if applicable."
AA.II.C.K6,14cfr:part-121,regulation,auto,from the Task C References line,"Appropriate flight deck activities prior to taxi, including route planning, identifying the location of Hot Spots, and coordinating with crew if, applicable."
AA.II.C.K6,14cfr:part-135,regulation,auto,from the Task C References line,"Appropriate flight deck activities prior to taxi, including route planning, identifying the location of Hot Spots, and coordinating with crew if, applicable."
AA.II.C.K6,14cfr:part-91,regulation,auto,from the Task C References line,"Appropriate flight deck activities prior to taxi, including route planning, identifying the location of Hot Spots, and coordinating with crew if, applicable."
AA.II.C.K6,ac-91-73b,guidance,auto,from the Task C References line,"Appropriate flight deck activities prior to taxi, including route planning, identifying the location of Hot Spots, and coordinating with crew if, applicable."
AA.II.C.K6,aim,guidance,auto,from the Task C References line,"Appropriate flight deck activities prior to taxi, including route planning, identifying the location of Hot Spots, and coordinating with crew if, applicable."
AA.II.C.K6,risk-management,explanation,auto,from the Task C References line,"Appropriate flight deck activities prior to taxi, including route planning, identifying the location of Hot Spots, and coordinating with crew if, applicable."
AA.II.C.K7,14cfr:part-121,regulation,auto,from the Task C References line,Communications at towered and nontowered airports.
AA.II.C.K7,14cfr:part-135,regulation,auto,from the Task C References line,Communications at towered and nontowered airports.
AA.II.C.K7,14cfr:part-91,regulation,auto,from the Task C References line,Communications at towered and nontowered airports.
AA.II.C.K7,ac-91-73b,guidance,auto,from the Task C References line,Communications at towered and nontowered airports.
AA.II.C.K7,aim,guidance,auto,from the Task C References line,Communications at towered and nontowered airports.
AA.II.C.K7,risk-management,explanation,auto,from the Task C References line,Communications at towered and nontowered airports.
AA.II.C.K8,14cfr:part-121,regulation,auto,from the Task C References line,Entering or crossing runways.
AA.II.C.K8,14cfr:part-135,regulation,auto,from the Task C References line,Entering or crossing runways.
AA.II.C.K8,14cfr:part-91,regulation,auto,from the Task C References line,Entering or crossing runways.
AA.II.C.K8,ac-91-73b,guidance,auto,from the Task C References line,Entering or crossing runways.
AA.II.C.K8,aim,guidance,auto,from the Task C References line,Entering or crossing runways.
AA.II.C.K8,risk-management,explanation,auto,from the Task C References line,Entering or crossing runways.
AA.II.C.K9,14cfr:part-121,regulation,auto,from the Task C References line,Night taxi operations.
AA.II.C.K9,14cfr:part-135,regulation,auto,from the Task C References line,Night taxi operations.
AA.II.C.K9,14cfr:part-91,regulation,auto,from the Task C References line,Night taxi operations.
AA.II.C.K9,ac-91-73b,guidance,auto,from the Task C References line,Night taxi operations.
AA.II.C.K9,aim,guidance,auto,from the Task C References line,Night taxi operations.
AA.II.C.K9,risk-management,explanation,auto,from the Task C References line,Night taxi operations.
AA.II.C.R1,14cfr:part-121,regulation,auto,from the Task C References line,"Distractions, task prioritization, loss of situational awareness, or disorientation."
AA.II.C.R1,14cfr:part-135,regulation,auto,from the Task C References line,"Distractions, task prioritization, loss of situational awareness, or disorientation."
AA.II.C.R1,14cfr:part-91,regulation,auto,from the Task C References line,"Distractions, task prioritization, loss of situational awareness, or disorientation."
AA.II.C.R1,ac-91-73b,guidance,auto,from the Task C References line,"Distractions, task prioritization, loss of situational awareness, or disorientation."
AA.II.C.R1,aim,guidance,auto,from the Task C References line,"Distractions, task prioritization, loss of situational awareness, or disorientation."
AA.II.C.R1,risk-management,explanation,auto,from the Task C References line,"Distractions, task prioritization, loss of situational awareness, or disorientation."
AA.II.C.R2,14cfr:part-121,regulation,auto,from the Task C References line,Confirmation or expectation bias as related to taxi instructions.
AA.II.C.R2,14cfr:part-135,regulation,auto,from the Task C References line,Confirmation or expectation bias as related to taxi instructions.
AA.II.C.R2,14cfr:part-91,regulation,auto,from the Task C References line,Confirmation or expectation bias as related to taxi instructions.
AA.II.C.R2,ac-91-73b,guidance,auto,from the Task C References line,Confirmation or expectation bias as related to taxi instructions.
AA.II.C.R2,aim,guidance,auto,from the Task C References line,Confirmation or expectation bias as related to taxi instructions.
AA.II.C.R2,risk-management,explanation,auto,from the Task C References line,Confirmation or expectation bias as related to taxi instructions.
AA.II.C.R3,14cfr:part-121,regulation,auto,from the Task C References line,A taxi route or departure runway change.
AA.II.C.R3,14cfr:part-135,regulation,auto,from the Task C References line,A taxi route or departure runway change.
AA.II.C.R3,14cfr:part-91,regulation,auto,from the Task C References line,A taxi route or departure runway change.
AA.II.C.R3,ac-91-73b,guidance,auto,from the Task C References line,A taxi route or departure runway change.
AA.II.C.R3,aim,guidance,auto,from the Task C References line,A taxi route or departure runway change.
AA.II.C.R3,risk-management,explanation,auto,from the Task C References line,A taxi route or departure runway change.
AA.II.C.R4,14cfr:part-121,regulation,auto,from the Task C References line,Partial completion of checklist(s).
AA.II.C.R4,14cfr:part-135,regulation,auto,from the Task C References line,Partial completion of checklist(s).
AA.II.C.R4,14cfr:part-91,regulation,auto,from the Task C References line,Partial completion of checklist(s).
AA.II.C.R4,ac-91-73b,guidance,auto,from the Task C References line,Partial completion of checklist(s).
AA.II.C.R4,aim,guidance,auto,from the Task C References line,Partial completion of checklist(s).
AA.II.C.R4,risk-management,explanation,auto,from the Task C References line,Partial completion of checklist(s).
AA.II.C.R5,14cfr:part-121,regulation,auto,from the Task C References line,Low visibility taxi operations.
AA.II.C.R5,14cfr:part-135,regulation,auto,from the Task C References line,Low visibility taxi operations.
AA.II.C.R5,14cfr:part-91,regulation,auto,from the Task C References line,Low visibility taxi operations.
AA.II.C.R5,ac-91-73b,guidance,auto,from the Task C References line,Low visibility taxi operations.
AA.II.C.R5,aim,guidance,auto,from the Task C References line,Low visibility taxi operations.
AA.II.C.R5,risk-management,explanation,auto,from the Task C References line,Low visibility taxi operations.
AA.II.C.R6,14cfr:part-121,regulation,auto,from the Task C References line,Runway incursion.
AA.II.C.R6,14cfr:part-135,regulation,auto,from the Task C References line,Runway incursion.
AA.II.C.R6,14cfr:part-91,regulation,auto,from the Task C References line,Runway incursion.
AA.II.C.R6,ac-91-73b,guidance,auto,from the Task C References line,Runway incursion.
AA.II.C.R6,aim,guidance,auto,from the Task C References line,Runway incursion.
AA.II.C.R6,risk-management,explanation,auto,from the Task C References line,Runway incursion.
AA.II.C.S1,14cfr:part-121,regulation,auto,from the Task C References line,"Receive/record taxi instructions, read back/acknowledge taxi clearances, and review taxi routes on the airport diagram."
AA.II.C.S1,14cfr:part-135,regulation,auto,from the Task C References line,"Receive/record taxi instructions, read back/acknowledge taxi clearances, and review taxi routes on the airport diagram."
AA.II.C.S1,14cfr:part-91,regulation,auto,from the Task C References line,"Receive/record taxi instructions, read back/acknowledge taxi clearances, and review taxi routes on the airport diagram."
AA.II.C.S1,ac-91-73b,guidance,auto,from the Task C References line,"Receive/record taxi instructions, read back/acknowledge taxi clearances, and review taxi routes on the airport diagram."
AA.II.C.S1,aim,guidance,auto,from the Task C References line,"Receive/record taxi instructions, read back/acknowledge taxi clearances, and review taxi routes on the airport diagram."
AA.II.C.S1,risk-management,explanation,auto,from the Task C References line,"Receive/record taxi instructions, read back/acknowledge taxi clearances, and review taxi routes on the airport diagram."
AA.II.C.S2,14cfr:part-121,regulation,auto,from the Task C References line,"Use an appropriate airport diagram or taxi chart, if published. 15"
AA.II.C.S2,14cfr:part-135,regulation,auto,from the Task C References line,"Use an appropriate airport diagram or taxi chart, if published. 15"
AA.II.C.S2,14cfr:part-91,regulation,auto,from the Task C References line,"Use an appropriate airport diagram or taxi chart, if published. 15"
AA.II.C.S2,ac-91-73b,guidance,auto,from the Task C References line,"Use an appropriate airport diagram or taxi chart, if published. 15"
AA.II.C.S2,aim,guidance,auto,from the Task C References line,"Use an appropriate airport diagram or taxi chart, if published. 15"
AA.II.C.S2,risk-management,explanation,auto,from the Task C References line,"Use an appropriate airport diagram or taxi chart, if published. 15"
AA.II.C.S3,14cfr:part-121,regulation,auto,from the Task C References line,"Comply with air traffic control (ATC) clearances and instructions and observe all runway hold lines, Instrument Landing System (ILS) critical areas, beacons, and other airport/taxiway markings and lighting."
AA.II.C.S3,14cfr:part-135,regulation,auto,from the Task C References line,"Comply with air traffic control (ATC) clearances and instructions and observe all runway hold lines, Instrument Landing System (ILS) critical areas, beacons, and other airport/taxiway markings and lighting."
AA.II.C.S3,14cfr:part-91,regulation,auto,from the Task C References line,"Comply with air traffic control (ATC) clearances and instructions and observe all runway hold lines, Instrument Landing System (ILS) critical areas, beacons, and other airport/taxiway markings and lighting."
AA.II.C.S3,ac-91-73b,guidance,auto,from the Task C References line,"Comply with air traffic control (ATC) clearances and instructions and observe all runway hold lines, Instrument Landing System (ILS) critical areas, beacons, and other airport/taxiway markings and lighting."
AA.II.C.S3,aim,guidance,auto,from the Task C References line,"Comply with air traffic control (ATC) clearances and instructions and observe all runway hold lines, Instrument Landing System (ILS) critical areas, beacons, and other airport/taxiway markings and lighting."
AA.II.C.S3,risk-management,explanation,auto,from the Task C References line,"Comply with air traffic control (ATC) clearances and instructions and observe all runway hold lines, Instrument Landing System (ILS) critical areas, beacons, and other airport/taxiway markings and lighting."
AA.II.C.S4,14cfr:part-121,regulation,auto,from the Task C References line,"Coordinate with crew, if applicable, and complete the appropriate checklist(s) prior to and during taxi, as appropriate."
AA.II.C.S4,14cfr:part-135,regulation,auto,from the Task C References line,"Coordinate with crew, if applicable, and complete the appropriate checklist(s) prior to and during taxi, as appropriate."
AA.II.C.S4,14cfr:part-91,regulation,auto,from the Task C References line,"Coordinate with crew, if applicable, and complete the appropriate checklist(s) prior to and during taxi, as appropriate."
AA.II.C.S4,ac-91-73b,guidance,auto,from the Task C References line,"Coordinate with crew, if applicable, and complete the appropriate checklist(s) prior to and during taxi, as appropriate."
AA.II.C.S4,aim,guidance,auto,from the Task C References line,"Coordinate with crew, if applicable, and complete the appropriate checklist(s) prior to and during taxi, as appropriate."
AA.II.C.S4,risk-management,explanation,auto,from the Task C References line,"Coordinate with crew, if applicable, and complete the appropriate checklist(s) prior to and during taxi, as appropriate."
AA.II.C.S5,14cfr:part-121,regulation,auto,from the Task C References line,Maintain situational awareness.
AA.II.C.S5,14cfr:part-135,regulation,auto,from the Task C References line,Maintain situational awareness.
AA.II.C.S5,14cfr:part-91,regulation,auto,from the Task C References line,Maintain situational awareness.
AA.II.C.S5,ac-91-73b,guidance,auto,from the Task C References line,Maintain situational awareness.
AA.II.C.S5,aim,guidance,auto,from the Task C References line,Maintain situational awareness.
AA.II.C.S5,risk-management,explanation,auto,from the Task C References line,Maintain situational awareness.
AA.II.C.S6,14cfr:part-121,regulation,auto,from the Task C References line,"Maintain correct and positive airplane control, proper speed, appropriate use of wheel brakes and reverse thrust, and separation between other aircraft, vehicles, and persons to avoid an incursion/ incident/accident."
AA.II.C.S6,14cfr:part-135,regulation,auto,from the Task C References line,"Maintain correct and positive airplane control, proper speed, appropriate use of wheel brakes and reverse thrust, and separation between other aircraft, vehicles, and persons to avoid an incursion/ incident/accident."
AA.II.C.S6,14cfr:part-91,regulation,auto,from the Task C References line,"Maintain correct and positive airplane control, proper speed, appropriate use of wheel brakes and reverse thrust, and separation between other aircraft, vehicles, and persons to avoid an incursion/ incident/accident."
AA.II.C.S6,ac-91-73b,guidance,auto,from the Task C References line,"Maintain correct and positive airplane control, proper speed, appropriate use of wheel brakes and reverse thrust, and separation between other aircraft, vehicles, and persons to avoid an incursion/ incident/accident."
AA.II.C.S6,aim,guidance,auto,from the Task C References line,"Maintain correct and positive airplane control, proper speed, appropriate use of wheel brakes and reverse thrust, and separation between other aircraft, vehicles, and persons to avoid an incursion/ incident/accident."
AA.II.C.S6,risk-management,explanation,auto,from the Task C References line,"Maintain correct and positive airplane control, proper speed, appropriate use of wheel brakes and reverse thrust, and separation between other aircraft, vehicles, and persons to avoid an incursion/ incident/accident."
AA.II.C.S7,14cfr:part-121,regulation,auto,from the Task C References line,"Demonstrate taxi during day and night operations. If either condition is not available, the applicant explains the differences between day and night taxi."
AA.II.C.S7,14cfr:part-135,regulation,auto,from the Task C References line,"Demonstrate taxi during day and night operations. If either condition is not available, the applicant explains the differences between day and night taxi."
AA.II.C.S7,14cfr:part-91,regulation,auto,from the Task C References line,"Demonstrate taxi during day and night operations. If either condition is not available, the applicant explains the differences between day and night taxi."
AA.II.C.S7,ac-91-73b,guidance,auto,from the Task C References line,"Demonstrate taxi during day and night operations. If either condition is not available, the applicant explains the differences between day and night taxi."
AA.II.C.S7,aim,guidance,auto,from the Task C References line,"Demonstrate taxi during day and night operations. If either condition is not available, the applicant explains the differences between day and night taxi."
AA.II.C.S7,risk-management,explanation,auto,from the Task C References line,"Demonstrate taxi during day and night operations. If either condition is not available, the applicant explains the differences between day and night taxi."
AA.II.C.S8,14cfr:part-121,regulation,auto,from the Task C References line,"Demonstrate proper use of aircraft exterior lighting for day and night operations. If either condition is not available, the applicant explains the differences between exterior aircraft lighting used for day and night operations."
AA.II.C.S8,14cfr:part-135,regulation,auto,from the Task C References line,"Demonstrate proper use of aircraft exterior lighting for day and night operations. If either condition is not available, the applicant explains the differences between exterior aircraft lighting used for day and night operations."
AA.II.C.S8,14cfr:part-91,regulation,auto,from the Task C References line,"Demonstrate proper use of aircraft exterior lighting for day and night operations. If either condition is not available, the applicant explains the differences between exterior aircraft lighting used for day and night operations."
AA.II.C.S8,ac-91-73b,guidance,auto,from the Task C References line,"Demonstrate proper use of aircraft exterior lighting for day and night operations. If either condition is not available, the applicant explains the differences between exterior aircraft lighting used for day and night operations."
AA.II.C.S8,aim,guidance,auto,from the Task C References line,"Demonstrate proper use of aircraft exterior lighting for day and night operations. If either condition is not available, the applicant explains the differences between exterior aircraft lighting used for day and night operations."
AA.II.C.S8,risk-management,explanation,auto,from the Task C References line,"Demonstrate proper use of aircraft exterior lighting for day and night operations. If either condition is not available, the applicant explains the differences between exterior aircraft lighting used for day and night operations."
AA.II.C.S9,14cfr:part-121,regulation,auto,from the Task C References line,Explain the hazards of low visibility taxi operations.
AA.II.C.S9,14cfr:part-135,regulation,auto,from the Task C References line,Explain the hazards of low visibility taxi operations.
AA.II.C.S9,14cfr:part-91,regulation,auto,from the Task C References line,Explain the hazards of low visibility taxi operations.
AA.II.C.S9,ac-91-73b,guidance,auto,from the Task C References line,Explain the hazards of low visibility taxi operations.
AA.II.C.S9,aim,guidance,auto,from the Task C References line,Explain the hazards of low visibility taxi operations.
AA.II.C.S9,risk-management,explanation,auto,from the Task C References line,Explain the hazards of low visibility taxi operations.
AA.II.D.K1,14cfr:part-121,regulation,auto,from the Task D References line,"Current airport/seaplane base aeronautical references and information resources, including Chart Supplements, airport diagram, and appropriate references."
AA.II.D.K1,14cfr:part-135,regulation,auto,from the Task D References line,"Current airport/seaplane base aeronautical references and information resources, including Chart Supplements, airport diagram, and appropriate references."
AA.II.D.K1,14cfr:part-91,regulation,auto,from the Task D References line,"Current airport/seaplane base aeronautical references and information resources, including Chart Supplements, airport diagram, and appropriate references."
AA.II.D.K1,ac-91-73b,guidance,auto,from the Task D References line,"Current airport/seaplane base aeronautical references and information resources, including Chart Supplements, airport diagram, and appropriate references."
AA.II.D.K1,aim,guidance,auto,from the Task D References line,"Current airport/seaplane base aeronautical references and information resources, including Chart Supplements, airport diagram, and appropriate references."
AA.II.D.K1,risk-management,explanation,auto,from the Task D References line,"Current airport/seaplane base aeronautical references and information resources, including Chart Supplements, airport diagram, and appropriate references."
AA.II.D.K2,14cfr:part-121,regulation,auto,from the Task D References line,"Taxi instructions/clearances, if applicable."
AA.II.D.K2,14cfr:part-135,regulation,auto,from the Task D References line,"Taxi instructions/clearances, if applicable."
AA.II.D.K2,14cfr:part-91,regulation,auto,from the Task D References line,"Taxi instructions/clearances, if applicable."
AA.II.D.K2,ac-91-73b,guidance,auto,from the Task D References line,"Taxi instructions/clearances, if applicable."
AA.II.D.K2,aim,guidance,auto,from the Task D References line,"Taxi instructions/clearances, if applicable."
AA.II.D.K2,risk-management,explanation,auto,from the Task D References line,"Taxi instructions/clearances, if applicable."
AA.II.D.K3,14cfr:part-121,regulation,auto,from the Task D References line,"Airport/seaplane base markings, signs, and lights."
AA.II.D.K3,14cfr:part-135,regulation,auto,from the Task D References line,"Airport/seaplane base markings, signs, and lights."
AA.II.D.K3,14cfr:part-91,regulation,auto,from the Task D References line,"Airport/seaplane base markings, signs, and lights."
AA.II.D.K3,ac-91-73b,guidance,auto,from the Task D References line,"Airport/seaplane base markings, signs, and lights."
AA.II.D.K3,aim,guidance,auto,from the Task D References line,"Airport/seaplane base markings, signs, and lights."
AA.II.D.K3,risk-management,explanation,auto,from the Task D References line,"Airport/seaplane base markings, signs, and lights."
AA.II.D.K4,14cfr:part-121,regulation,auto,from the Task D References line,Appropriate aircraft lighting for day and night operations.
AA.II.D.K4,14cfr:part-135,regulation,auto,from the Task D References line,Appropriate aircraft lighting for day and night operations.
AA.II.D.K4,14cfr:part-91,regulation,auto,from the Task D References line,Appropriate aircraft lighting for day and night operations.
AA.II.D.K4,ac-91-73b,guidance,auto,from the Task D References line,Appropriate aircraft lighting for day and night operations.
AA.II.D.K4,aim,guidance,auto,from the Task D References line,Appropriate aircraft lighting for day and night operations.
AA.II.D.K4,risk-management,explanation,auto,from the Task D References line,Appropriate aircraft lighting for day and night operations.
AA.II.D.K5,14cfr:part-121,regulation,auto,from the Task D References line,Sailing elements and techniques and when sailing should be used.
AA.II.D.K5,14cfr:part-135,regulation,auto,from the Task D References line,Sailing elements and techniques and when sailing should be used.
AA.II.D.K5,14cfr:part-91,regulation,auto,from the Task D References line,Sailing elements and techniques and when sailing should be used.
AA.II.D.K5,ac-91-73b,guidance,auto,from the Task D References line,Sailing elements and techniques and when sailing should be used.
AA.II.D.K5,aim,guidance,auto,from the Task D References line,Sailing elements and techniques and when sailing should be used.
AA.II.D.K5,risk-management,explanation,auto,from the Task D References line,Sailing elements and techniques and when sailing should be used.
AA.II.D.K6,14cfr:part-121,regulation,auto,from the Task D References line,Considerations for determining the most favorable sailing course.
AA.II.D.K6,14cfr:part-135,regulation,auto,from the Task D References line,Considerations for determining the most favorable sailing course.
AA.II.D.K6,14cfr:part-91,regulation,auto,from the Task D References line,Considerations for determining the most favorable sailing course.
AA.II.D.K6,ac-91-73b,guidance,auto,from the Task D References line,Considerations for determining the most favorable sailing course.
AA.II.D.K6,aim,guidance,auto,from the Task D References line,Considerations for determining the most favorable sailing course.
AA.II.D.K6,risk-management,explanation,auto,from the Task D References line,Considerations for determining the most favorable sailing course.
AA.II.D.K7,14cfr:part-121,regulation,auto,from the Task D References line,"Airport/seaplane base procedures, including:"
AA.II.D.K7,14cfr:part-135,regulation,auto,from the Task D References line,"Airport/seaplane base procedures, including:"
AA.II.D.K7,14cfr:part-91,regulation,auto,from the Task D References line,"Airport/seaplane base procedures, including:"
AA.II.D.K7,ac-91-73b,guidance,auto,from the Task D References line,"Airport/seaplane base procedures, including:"
AA.II.D.K7,aim,guidance,auto,from the Task D References line,"Airport/seaplane base procedures, including:"
AA.II.D.K7,risk-management,explanation,auto,from the Task D References line,"Airport/seaplane base procedures, including:"
AA.II.D.K7a,14cfr:part-121,regulation,auto,from the Task D References line,"a. Appropriate flight deck activities prior to taxi or sailing, including route planning, and coordinating with crew, if applicable"
AA.II.D.K7a,14cfr:part-135,regulation,auto,from the Task D References line,"a. Appropriate flight deck activities prior to taxi or sailing, including route planning, and coordinating with crew, if applicable"
AA.II.D.K7a,14cfr:part-91,regulation,auto,from the Task D References line,"a. Appropriate flight deck activities prior to taxi or sailing, including route planning, and coordinating with crew, if applicable"
AA.II.D.K7a,ac-91-73b,guidance,auto,from the Task D References line,"a. Appropriate flight deck activities prior to taxi or sailing, including route planning, and coordinating with crew, if applicable"
AA.II.D.K7a,aim,guidance,auto,from the Task D References line,"a. Appropriate flight deck activities prior to taxi or sailing, including route planning, and coordinating with crew, if applicable"
AA.II.D.K7a,risk-management,explanation,auto,from the Task D References line,"a. Appropriate flight deck activities prior to taxi or sailing, including route planning, and coordinating with crew, if applicable"
AA.II.D.K7b,14cfr:part-121,regulation,auto,from the Task D References line,b. Communications at towered and nontowered seaplane bases
AA.II.D.K7b,14cfr:part-135,regulation,auto,from the Task D References line,b. Communications at towered and nontowered seaplane bases
AA.II.D.K7b,14cfr:part-91,regulation,auto,from the Task D References line,b. Communications at towered and nontowered seaplane bases
AA.II.D.K7b,ac-91-73b,guidance,auto,from the Task D References line,b. Communications at towered and nontowered seaplane bases
AA.II.D.K7b,aim,guidance,auto,from the Task D References line,b. Communications at towered and nontowered seaplane bases
AA.II.D.K7b,risk-management,explanation,auto,from the Task D References line,b. Communications at towered and nontowered seaplane bases
AA.II.D.K7c,14cfr:part-121,regulation,auto,from the Task D References line,c. Entering or crossing runways (land operation)
AA.II.D.K7c,14cfr:part-135,regulation,auto,from the Task D References line,c. Entering or crossing runways (land operation)
AA.II.D.K7c,14cfr:part-91,regulation,auto,from the Task D References line,c. Entering or crossing runways (land operation)
AA.II.D.K7c,ac-91-73b,guidance,auto,from the Task D References line,c. Entering or crossing runways (land operation)
AA.II.D.K7c,aim,guidance,auto,from the Task D References line,c. Entering or crossing runways (land operation)
AA.II.D.K7c,risk-management,explanation,auto,from the Task D References line,c. Entering or crossing runways (land operation)
AA.II.D.K7d,14cfr:part-121,regulation,auto,from the Task D References line,d. Night taxi and sailing operations
AA.II.D.K7d,14cfr:part-135,regulation,auto,from the Task D References line,d. Night taxi and sailing operations
AA.II.D.K7d,14cfr:part-91,regulation,auto,from the Task D References line,d. Night taxi and sailing operations
AA.II.D.K7d,ac-91-73b,guidance,auto,from the Task D References line,d. Night taxi and sailing operations
AA.II.D.K7d,aim,guidance,auto,from the Task D References line,d. Night taxi and sailing operations
AA.II.D.K7d,risk-management,explanation,auto,from the Task D References line,d. Night taxi and sailing operations
AA.II.D.K7e,14cfr:part-121,regulation,auto,from the Task D References line,e. Low visibility taxi and sailing operations
AA.II.D.K7e,14cfr:part-135,regulation,auto,from the Task D References line,e. Low visibility taxi and sailing operations
AA.II.D.K7e,14cfr:part-91,regulation,auto,from the Task D References line,e. Low visibility taxi and sailing operations
AA.II.D.K7e,ac-91-73b,guidance,auto,from the Task D References line,e. Low visibility taxi and sailing operations
AA.II.D.K7e,aim,guidance,auto,from the Task D References line,e. Low visibility taxi and sailing operations
AA.II.D.K7e,risk-management,explanation,auto,from the Task D References line,e. Low visibility taxi and sailing operations
AA.II.D.R1,14cfr:part-121,regulation,auto,from the Task D References line,"Distractions, task prioritization, loss of situational awareness, or disorientation. 16"
AA.II.D.R1,14cfr:part-135,regulation,auto,from the Task D References line,"Distractions, task prioritization, loss of situational awareness, or disorientation. 16"
AA.II.D.R1,14cfr:part-91,regulation,auto,from the Task D References line,"Distractions, task prioritization, loss of situational awareness, or disorientation. 16"
AA.II.D.R1,ac-91-73b,guidance,auto,from the Task D References line,"Distractions, task prioritization, loss of situational awareness, or disorientation. 16"
AA.II.D.R1,aim,guidance,auto,from the Task D References line,"Distractions, task prioritization, loss of situational awareness, or disorientation. 16"
AA.II.D.R1,risk-management,explanation,auto,from the Task D References line,"Distractions, task prioritization, loss of situational awareness, or disorientation. 16"
AA.II.D.R2,14cfr:part-121,regulation,auto,from the Task D References line,Porpoising and skipping.
AA.II.D.R2,14cfr:part-135,regulation,auto,from the Task D References line,Porpoising and skipping.
AA.II.D.R2,14cfr:part-91,regulation,auto,from the Task D References line,Porpoising and skipping.
AA.II.D.R2,ac-91-73b,guidance,auto,from the Task D References line,Porpoising and skipping.
AA.II.D.R2,aim,guidance,auto,from the Task D References line,Porpoising and skipping.
AA.II.D.R2,risk-management,explanation,auto,from the Task D References line,Porpoising and skipping.
AA.II.D.R3,14cfr:part-121,regulation,auto,from the Task D References line,Partial completion of checklist(s).
AA.II.D.R3,14cfr:part-135,regulation,auto,from the Task D References line,Partial completion of checklist(s).
AA.II.D.R3,14cfr:part-91,regulation,auto,from the Task D References line,Partial completion of checklist(s).
AA.II.D.R3,ac-91-73b,guidance,auto,from the Task D References line,Partial completion of checklist(s).
AA.II.D.R3,aim,guidance,auto,from the Task D References line,Partial completion of checklist(s).
AA.II.D.R3,risk-management,explanation,auto,from the Task D References line,Partial completion of checklist(s).
AA.II.D.R4,14cfr:part-121,regulation,auto,from the Task D References line,Low visibility taxi and sailing operations.
AA.II.D.R4,14cfr:part-135,regulation,auto,from the Task D References line,Low visibility taxi and sailing operations.
AA.II.D.R4,14cfr:part-91,regulation,auto,from the Task D References line,Low visibility taxi and sailing operations.
AA.II.D.R4,ac-91-73b,guidance,auto,from the Task D References line,Low visibility taxi and sailing operations.
AA.II.D.R4,aim,guidance,auto,from the Task D References line,Low visibility taxi and sailing operations.
AA.II.D.R4,risk-management,explanation,auto,from the Task D References line,Low visibility taxi and sailing operations.
AA.II.D.R5,14cfr:part-121,regulation,auto,from the Task D References line,"Other aircraft, vessels, and hazards."
AA.II.D.R5,14cfr:part-135,regulation,auto,from the Task D References line,"Other aircraft, vessels, and hazards."
AA.II.D.R5,14cfr:part-91,regulation,auto,from the Task D References line,"Other aircraft, vessels, and hazards."
AA.II.D.R5,ac-91-73b,guidance,auto,from the Task D References line,"Other aircraft, vessels, and hazards."
AA.II.D.R5,aim,guidance,auto,from the Task D References line,"Other aircraft, vessels, and hazards."
AA.II.D.R5,risk-management,explanation,auto,from the Task D References line,"Other aircraft, vessels, and hazards."
AA.II.D.R6,14cfr:part-121,regulation,auto,from the Task D References line,Gear position in an amphibious airplane.
AA.II.D.R6,14cfr:part-135,regulation,auto,from the Task D References line,Gear position in an amphibious airplane.
AA.II.D.R6,14cfr:part-91,regulation,auto,from the Task D References line,Gear position in an amphibious airplane.
AA.II.D.R6,ac-91-73b,guidance,auto,from the Task D References line,Gear position in an amphibious airplane.
AA.II.D.R6,aim,guidance,auto,from the Task D References line,Gear position in an amphibious airplane.
AA.II.D.R6,risk-management,explanation,auto,from the Task D References line,Gear position in an amphibious airplane.
AA.II.D.R7,14cfr:part-121,regulation,auto,from the Task D References line,Confirmation or expectation bias as related to taxi instructions.
AA.II.D.R7,14cfr:part-135,regulation,auto,from the Task D References line,Confirmation or expectation bias as related to taxi instructions.
AA.II.D.R7,14cfr:part-91,regulation,auto,from the Task D References line,Confirmation or expectation bias as related to taxi instructions.
AA.II.D.R7,ac-91-73b,guidance,auto,from the Task D References line,Confirmation or expectation bias as related to taxi instructions.
AA.II.D.R7,aim,guidance,auto,from the Task D References line,Confirmation or expectation bias as related to taxi instructions.
AA.II.D.R7,risk-management,explanation,auto,from the Task D References line,Confirmation or expectation bias as related to taxi instructions.
AA.II.D.S1,14cfr:part-121,regulation,auto,from the Task D References line,"Receive/record taxi instructions, read back/acknowledge taxi clearances, and review taxi routes on the airport diagram."
AA.II.D.S1,14cfr:part-135,regulation,auto,from the Task D References line,"Receive/record taxi instructions, read back/acknowledge taxi clearances, and review taxi routes on the airport diagram."
AA.II.D.S1,14cfr:part-91,regulation,auto,from the Task D References line,"Receive/record taxi instructions, read back/acknowledge taxi clearances, and review taxi routes on the airport diagram."
AA.II.D.S1,ac-91-73b,guidance,auto,from the Task D References line,"Receive/record taxi instructions, read back/acknowledge taxi clearances, and review taxi routes on the airport diagram."
AA.II.D.S1,aim,guidance,auto,from the Task D References line,"Receive/record taxi instructions, read back/acknowledge taxi clearances, and review taxi routes on the airport diagram."
AA.II.D.S1,risk-management,explanation,auto,from the Task D References line,"Receive/record taxi instructions, read back/acknowledge taxi clearances, and review taxi routes on the airport diagram."
AA.II.D.S10,14cfr:part-121,regulation,auto,from the Task D References line,"Exhibit procedures for steering and maneuvering while maintaining proper situational awareness and desired orientation, path, and position."
AA.II.D.S10,14cfr:part-135,regulation,auto,from the Task D References line,"Exhibit procedures for steering and maneuvering while maintaining proper situational awareness and desired orientation, path, and position."
AA.II.D.S10,14cfr:part-91,regulation,auto,from the Task D References line,"Exhibit procedures for steering and maneuvering while maintaining proper situational awareness and desired orientation, path, and position."
AA.II.D.S10,ac-91-73b,guidance,auto,from the Task D References line,"Exhibit procedures for steering and maneuvering while maintaining proper situational awareness and desired orientation, path, and position."
AA.II.D.S10,aim,guidance,auto,from the Task D References line,"Exhibit procedures for steering and maneuvering while maintaining proper situational awareness and desired orientation, path, and position."
AA.II.D.S10,risk-management,explanation,auto,from the Task D References line,"Exhibit procedures for steering and maneuvering while maintaining proper situational awareness and desired orientation, path, and position."
AA.II.D.S11,14cfr:part-121,regulation,auto,from the Task D References line,Plan and follow the most favorable taxi or sailing course for current conditions.
AA.II.D.S11,14cfr:part-135,regulation,auto,from the Task D References line,Plan and follow the most favorable taxi or sailing course for current conditions.
AA.II.D.S11,14cfr:part-91,regulation,auto,from the Task D References line,Plan and follow the most favorable taxi or sailing course for current conditions.
AA.II.D.S11,ac-91-73b,guidance,auto,from the Task D References line,Plan and follow the most favorable taxi or sailing course for current conditions.
AA.II.D.S11,aim,guidance,auto,from the Task D References line,Plan and follow the most favorable taxi or sailing course for current conditions.
AA.II.D.S11,risk-management,explanation,auto,from the Task D References line,Plan and follow the most favorable taxi or sailing course for current conditions.
AA.II.D.S12,14cfr:part-121,regulation,auto,from the Task D References line,"Demonstrate taxi or sailing during day and night operations. If either condition is not available, the applicant explains the differences between day and night taxi or sailing."
AA.II.D.S12,14cfr:part-135,regulation,auto,from the Task D References line,"Demonstrate taxi or sailing during day and night operations. If either condition is not available, the applicant explains the differences between day and night taxi or sailing."
AA.II.D.S12,14cfr:part-91,regulation,auto,from the Task D References line,"Demonstrate taxi or sailing during day and night operations. If either condition is not available, the applicant explains the differences between day and night taxi or sailing."
AA.II.D.S12,ac-91-73b,guidance,auto,from the Task D References line,"Demonstrate taxi or sailing during day and night operations. If either condition is not available, the applicant explains the differences between day and night taxi or sailing."
AA.II.D.S12,aim,guidance,auto,from the Task D References line,"Demonstrate taxi or sailing during day and night operations. If either condition is not available, the applicant explains the differences between day and night taxi or sailing."
AA.II.D.S12,risk-management,explanation,auto,from the Task D References line,"Demonstrate taxi or sailing during day and night operations. If either condition is not available, the applicant explains the differences between day and night taxi or sailing."
AA.II.D.S13,14cfr:part-121,regulation,auto,from the Task D References line,"Demonstrate proper use of aircraft exterior lighting for day and night operations. If either condition is not available, the applicant explains the differences between exterior aircraft lighting used for day and night operations."
AA.II.D.S13,14cfr:part-135,regulation,auto,from the Task D References line,"Demonstrate proper use of aircraft exterior lighting for day and night operations. If either condition is not available, the applicant explains the differences between exterior aircraft lighting used for day and night operations."
AA.II.D.S13,14cfr:part-91,regulation,auto,from the Task D References line,"Demonstrate proper use of aircraft exterior lighting for day and night operations. If either condition is not available, the applicant explains the differences between exterior aircraft lighting used for day and night operations."
AA.II.D.S13,ac-91-73b,guidance,auto,from the Task D References line,"Demonstrate proper use of aircraft exterior lighting for day and night operations. If either condition is not available, the applicant explains the differences between exterior aircraft lighting used for day and night operations."
AA.II.D.S13,aim,guidance,auto,from the Task D References line,"Demonstrate proper use of aircraft exterior lighting for day and night operations. If either condition is not available, the applicant explains the differences between exterior aircraft lighting used for day and night operations."
AA.II.D.S13,risk-management,explanation,auto,from the Task D References line,"Demonstrate proper use of aircraft exterior lighting for day and night operations. If either condition is not available, the applicant explains the differences between exterior aircraft lighting used for day and night operations."
AA.II.D.S14,14cfr:part-121,regulation,auto,from the Task D References line,Explain the hazards of low visibility taxi and sailing operations.
AA.II.D.S14,14cfr:part-135,regulation,auto,from the Task D References line,Explain the hazards of low visibility taxi and sailing operations.
AA.II.D.S14,14cfr:part-91,regulation,auto,from the Task D References line,Explain the hazards of low visibility taxi and sailing operations.
AA.II.D.S14,ac-91-73b,guidance,auto,from the Task D References line,Explain the hazards of low visibility taxi and sailing operations.
AA.II.D.S14,aim,guidance,auto,from the Task D References line,Explain the hazards of low visibility taxi and sailing operations.
AA.II.D.S14,risk-management,explanation,auto,from the Task D References line,Explain the hazards of low visibility taxi and sailing operations.
AA.II.D.S2,14cfr:part-121,regulation,auto,from the Task D References line,"Use an appropriate chart during taxi, if published."
AA.II.D.S2,14cfr:part-135,regulation,auto,from the Task D References line,"Use an appropriate chart during taxi, if published."
AA.II.D.S2,14cfr:part-91,regulation,auto,from the Task D References line,"Use an appropriate chart during taxi, if published."
AA.II.D.S2,ac-91-73b,guidance,auto,from the Task D References line,"Use an appropriate chart during taxi, if published."
AA.II.D.S2,aim,guidance,auto,from the Task D References line,"Use an appropriate chart during taxi, if published."
AA.II.D.S2,risk-management,explanation,auto,from the Task D References line,"Use an appropriate chart during taxi, if published."
AA.II.D.S3,14cfr:part-121,regulation,auto,from the Task D References line,"Comply with ATC clearances, as appropriate, and seaplane base/airport/taxiway markings, signals and signs."
AA.II.D.S3,14cfr:part-135,regulation,auto,from the Task D References line,"Comply with ATC clearances, as appropriate, and seaplane base/airport/taxiway markings, signals and signs."
AA.II.D.S3,14cfr:part-91,regulation,auto,from the Task D References line,"Comply with ATC clearances, as appropriate, and seaplane base/airport/taxiway markings, signals and signs."
AA.II.D.S3,ac-91-73b,guidance,auto,from the Task D References line,"Comply with ATC clearances, as appropriate, and seaplane base/airport/taxiway markings, signals and signs."
AA.II.D.S3,aim,guidance,auto,from the Task D References line,"Comply with ATC clearances, as appropriate, and seaplane base/airport/taxiway markings, signals and signs."
AA.II.D.S3,risk-management,explanation,auto,from the Task D References line,"Comply with ATC clearances, as appropriate, and seaplane base/airport/taxiway markings, signals and signs."
AA.II.D.S4,14cfr:part-121,regulation,auto,from the Task D References line,"Depart the dock/mooring buoy or beach/ramp in a safe manner, considering wind, current, traffic, and hazards."
AA.II.D.S4,14cfr:part-135,regulation,auto,from the Task D References line,"Depart the dock/mooring buoy or beach/ramp in a safe manner, considering wind, current, traffic, and hazards."
AA.II.D.S4,14cfr:part-91,regulation,auto,from the Task D References line,"Depart the dock/mooring buoy or beach/ramp in a safe manner, considering wind, current, traffic, and hazards."
AA.II.D.S4,ac-91-73b,guidance,auto,from the Task D References line,"Depart the dock/mooring buoy or beach/ramp in a safe manner, considering wind, current, traffic, and hazards."
AA.II.D.S4,aim,guidance,auto,from the Task D References line,"Depart the dock/mooring buoy or beach/ramp in a safe manner, considering wind, current, traffic, and hazards."
AA.II.D.S4,risk-management,explanation,auto,from the Task D References line,"Depart the dock/mooring buoy or beach/ramp in a safe manner, considering wind, current, traffic, and hazards."
AA.II.D.S5,14cfr:part-121,regulation,auto,from the Task D References line,"Coordinate with crew, if applicable, and complete the appropriate checklist(s) prior to and during taxi or sailing, as appropriate."
AA.II.D.S5,14cfr:part-135,regulation,auto,from the Task D References line,"Coordinate with crew, if applicable, and complete the appropriate checklist(s) prior to and during taxi or sailing, as appropriate."
AA.II.D.S5,14cfr:part-91,regulation,auto,from the Task D References line,"Coordinate with crew, if applicable, and complete the appropriate checklist(s) prior to and during taxi or sailing, as appropriate."
AA.II.D.S5,ac-91-73b,guidance,auto,from the Task D References line,"Coordinate with crew, if applicable, and complete the appropriate checklist(s) prior to and during taxi or sailing, as appropriate."
AA.II.D.S5,aim,guidance,auto,from the Task D References line,"Coordinate with crew, if applicable, and complete the appropriate checklist(s) prior to and during taxi or sailing, as appropriate."
AA.II.D.S5,risk-management,explanation,auto,from the Task D References line,"Coordinate with crew, if applicable, and complete the appropriate checklist(s) prior to and during taxi or sailing, as appropriate."
AA.II.D.S6,14cfr:part-121,regulation,auto,from the Task D References line,Maintain situational awareness.
AA.II.D.S6,14cfr:part-135,regulation,auto,from the Task D References line,Maintain situational awareness.
AA.II.D.S6,14cfr:part-91,regulation,auto,from the Task D References line,Maintain situational awareness.
AA.II.D.S6,ac-91-73b,guidance,auto,from the Task D References line,Maintain situational awareness.
AA.II.D.S6,aim,guidance,auto,from the Task D References line,Maintain situational awareness.
AA.II.D.S6,risk-management,explanation,auto,from the Task D References line,Maintain situational awareness.
AA.II.D.S7,14cfr:part-121,regulation,auto,from the Task D References line,"Maintain correct and positive airplane control, proper speed, appropriate use of reverse thrust, and separation between other aircraft, vehicles, vessels, and persons to avoid an incursion or right-of-way violation."
AA.II.D.S7,14cfr:part-135,regulation,auto,from the Task D References line,"Maintain correct and positive airplane control, proper speed, appropriate use of reverse thrust, and separation between other aircraft, vehicles, vessels, and persons to avoid an incursion or right-of-way violation."
AA.II.D.S7,14cfr:part-91,regulation,auto,from the Task D References line,"Maintain correct and positive airplane control, proper speed, appropriate use of reverse thrust, and separation between other aircraft, vehicles, vessels, and persons to avoid an incursion or right-of-way violation."
AA.II.D.S7,ac-91-73b,guidance,auto,from the Task D References line,"Maintain correct and positive airplane control, proper speed, appropriate use of reverse thrust, and separation between other aircraft, vehicles, vessels, and persons to avoid an incursion or right-of-way violation."
AA.II.D.S7,aim,guidance,auto,from the Task D References line,"Maintain correct and positive airplane control, proper speed, appropriate use of reverse thrust, and separation between other aircraft, vehicles, vessels, and persons to avoid an incursion or right-of-way violation."
AA.II.D.S7,risk-management,explanation,auto,from the Task D References line,"Maintain correct and positive airplane control, proper speed, appropriate use of reverse thrust, and separation between other aircraft, vehicles, vessels, and persons to avoid an incursion or right-of-way violation."
AA.II.D.S8,14cfr:part-121,regulation,auto,from the Task D References line,"Position the flight controls, flaps, doors, water rudders, and power correctly for the existing conditions to follow the desired course while sailing and to prevent or correct for porpoising and skipping during step taxi."
AA.II.D.S8,14cfr:part-135,regulation,auto,from the Task D References line,"Position the flight controls, flaps, doors, water rudders, and power correctly for the existing conditions to follow the desired course while sailing and to prevent or correct for porpoising and skipping during step taxi."
AA.II.D.S8,14cfr:part-91,regulation,auto,from the Task D References line,"Position the flight controls, flaps, doors, water rudders, and power correctly for the existing conditions to follow the desired course while sailing and to prevent or correct for porpoising and skipping during step taxi."
AA.II.D.S8,ac-91-73b,guidance,auto,from the Task D References line,"Position the flight controls, flaps, doors, water rudders, and power correctly for the existing conditions to follow the desired course while sailing and to prevent or correct for porpoising and skipping during step taxi."
AA.II.D.S8,aim,guidance,auto,from the Task D References line,"Position the flight controls, flaps, doors, water rudders, and power correctly for the existing conditions to follow the desired course while sailing and to prevent or correct for porpoising and skipping during step taxi."
AA.II.D.S8,risk-management,explanation,auto,from the Task D References line,"Position the flight controls, flaps, doors, water rudders, and power correctly for the existing conditions to follow the desired course while sailing and to prevent or correct for porpoising and skipping during step taxi."
AA.II.D.S9,14cfr:part-121,regulation,auto,from the Task D References line,"Use the appropriate idle, plow, or step taxi technique."
AA.II.D.S9,14cfr:part-135,regulation,auto,from the Task D References line,"Use the appropriate idle, plow, or step taxi technique."
AA.II.D.S9,14cfr:part-91,regulation,auto,from the Task D References line,"Use the appropriate idle, plow, or step taxi technique."
AA.II.D.S9,ac-91-73b,guidance,auto,from the Task D References line,"Use the appropriate idle, plow, or step taxi technique."
AA.II.D.S9,aim,guidance,auto,from the Task D References line,"Use the appropriate idle, plow, or step taxi technique."
AA.II.D.S9,risk-management,explanation,auto,from the Task D References line,"Use the appropriate idle, plow, or step taxi technique."
AA.II.E.K1,afh,explanation,auto,from the Task E References line,"Purpose of pre-takeoff checklist items, including:"
AA.II.E.K1,phak,explanation,auto,from the Task E References line,"Purpose of pre-takeoff checklist items, including:"
AA.II.E.K1,risk-management,explanation,auto,from the Task E References line,"Purpose of pre-takeoff checklist items, including:"
AA.II.E.K1,seaplane,explanation,auto,from the Task E References line,"Purpose of pre-takeoff checklist items, including:"
AA.II.E.K1a,afh,explanation,auto,from the Task E References line,a. Reasons for checking each item
AA.II.E.K1a,phak,explanation,auto,from the Task E References line,a. Reasons for checking each item
AA.II.E.K1a,risk-management,explanation,auto,from the Task E References line,a. Reasons for checking each item
AA.II.E.K1a,seaplane,explanation,auto,from the Task E References line,a. Reasons for checking each item
AA.II.E.K1b,afh,explanation,auto,from the Task E References line,b. Detecting malfunctions
AA.II.E.K1b,phak,explanation,auto,from the Task E References line,b. Detecting malfunctions
AA.II.E.K1b,risk-management,explanation,auto,from the Task E References line,b. Detecting malfunctions
AA.II.E.K1b,seaplane,explanation,auto,from the Task E References line,b. Detecting malfunctions
AA.II.E.K1c,afh,explanation,auto,from the Task E References line,c. Ensuring the aircraft is in safe operating condition
AA.II.E.K1c,phak,explanation,auto,from the Task E References line,c. Ensuring the aircraft is in safe operating condition
AA.II.E.K1c,risk-management,explanation,auto,from the Task E References line,c. Ensuring the aircraft is in safe operating condition
AA.II.E.K1c,seaplane,explanation,auto,from the Task E References line,c. Ensuring the aircraft is in safe operating condition
AA.II.E.K2,afh,explanation,auto,from the Task E References line,"Deicing and anti-icing procedures, holdover times, and pre-takeoff contamination check."
AA.II.E.K2,phak,explanation,auto,from the Task E References line,"Deicing and anti-icing procedures, holdover times, and pre-takeoff contamination check."
AA.II.E.K2,risk-management,explanation,auto,from the Task E References line,"Deicing and anti-icing procedures, holdover times, and pre-takeoff contamination check."
AA.II.E.K2,seaplane,explanation,auto,from the Task E References line,"Deicing and anti-icing procedures, holdover times, and pre-takeoff contamination check."
AA.II.E.K3,afh,explanation,auto,from the Task E References line,"Adverse weather considerations for performance on takeoff (e.g., snow, ice, gusting crosswinds, low- visibility)."
AA.II.E.K3,phak,explanation,auto,from the Task E References line,"Adverse weather considerations for performance on takeoff (e.g., snow, ice, gusting crosswinds, low- visibility)."
AA.II.E.K3,risk-management,explanation,auto,from the Task E References line,"Adverse weather considerations for performance on takeoff (e.g., snow, ice, gusting crosswinds, low- visibility)."
AA.II.E.K3,seaplane,explanation,auto,from the Task E References line,"Adverse weather considerations for performance on takeoff (e.g., snow, ice, gusting crosswinds, low- visibility)."
AA.II.E.K4,afh,explanation,auto,from the Task E References line,Items to be included in a before takeoff briefing.
AA.II.E.K4,phak,explanation,auto,from the Task E References line,Items to be included in a before takeoff briefing.
AA.II.E.K4,risk-management,explanation,auto,from the Task E References line,Items to be included in a before takeoff briefing.
AA.II.E.K4,seaplane,explanation,auto,from the Task E References line,Items to be included in a before takeoff briefing.
AA.II.E.R1,afh,explanation,auto,from the Task E References line,Division of attention while conducting before takeoff checks.
AA.II.E.R1,phak,explanation,auto,from the Task E References line,Division of attention while conducting before takeoff checks.
AA.II.E.R1,risk-management,explanation,auto,from the Task E References line,Division of attention while conducting before takeoff checks.
AA.II.E.R1,seaplane,explanation,auto,from the Task E References line,Division of attention while conducting before takeoff checks.
AA.II.E.R2,afh,explanation,auto,from the Task E References line,An unexpected change in the runway to be used for departure.
AA.II.E.R2,phak,explanation,auto,from the Task E References line,An unexpected change in the runway to be used for departure.
AA.II.E.R2,risk-management,explanation,auto,from the Task E References line,An unexpected change in the runway to be used for departure.
AA.II.E.R2,seaplane,explanation,auto,from the Task E References line,An unexpected change in the runway to be used for departure.
AA.II.E.R3,afh,explanation,auto,from the Task E References line,Using performance data to set airspeeds and flight instruments for actual conditions and the departure runway.
AA.II.E.R3,phak,explanation,auto,from the Task E References line,Using performance data to set airspeeds and flight instruments for actual conditions and the departure runway.
AA.II.E.R3,risk-management,explanation,auto,from the Task E References line,Using performance data to set airspeeds and flight instruments for actual conditions and the departure runway.
AA.II.E.R3,seaplane,explanation,auto,from the Task E References line,Using performance data to set airspeeds and flight instruments for actual conditions and the departure runway.
AA.II.E.R4,afh,explanation,auto,from the Task E References line,Setting navigation and communication equipment for departure.
AA.II.E.R4,phak,explanation,auto,from the Task E References line,Setting navigation and communication equipment for departure.
AA.II.E.R4,risk-management,explanation,auto,from the Task E References line,Setting navigation and communication equipment for departure.
AA.II.E.R4,seaplane,explanation,auto,from the Task E References line,Setting navigation and communication equipment for departure.
AA.II.E.R5,afh,explanation,auto,from the Task E References line,Configuring autopilot and flight director for departure.
AA.II.E.R5,phak,explanation,auto,from the Task E References line,Configuring autopilot and flight director for departure.
AA.II.E.R5,risk-management,explanation,auto,from the Task E References line,Configuring autopilot and flight director for departure.
AA.II.E.R5,seaplane,explanation,auto,from the Task E References line,Configuring autopilot and flight director for departure.
AA.II.E.R6,afh,explanation,auto,from the Task E References line,"Adverse weather conditions prior to takeoff (e.g., snow, ice, gusting crosswinds, low-visibility)."
AA.II.E.R6,phak,explanation,auto,from the Task E References line,"Adverse weather conditions prior to takeoff (e.g., snow, ice, gusting crosswinds, low-visibility)."
AA.II.E.R6,risk-management,explanation,auto,from the Task E References line,"Adverse weather conditions prior to takeoff (e.g., snow, ice, gusting crosswinds, low-visibility)."
AA.II.E.R6,seaplane,explanation,auto,from the Task E References line,"Adverse weather conditions prior to takeoff (e.g., snow, ice, gusting crosswinds, low-visibility)."
AA.II.E.R7,afh,explanation,auto,from the Task E References line,"Potential powerplant failure during takeoff or other malfunction considering operational factors such as airplane characteristics, runway/takeoff path length, surface conditions, environmental conditions, and obstructions."
AA.II.E.R7,phak,explanation,auto,from the Task E References line,"Potential powerplant failure during takeoff or other malfunction considering operational factors such as airplane characteristics, runway/takeoff path length, surface conditions, environmental conditions, and obstructions."
AA.II.E.R7,risk-management,explanation,auto,from the Task E References line,"Potential powerplant failure during takeoff or other malfunction considering operational factors such as airplane characteristics, runway/takeoff path length, surface conditions, environmental conditions, and obstructions."
AA.II.E.R7,seaplane,explanation,auto,from the Task E References line,"Potential powerplant failure during takeoff or other malfunction considering operational factors such as airplane characteristics, runway/takeoff path length, surface conditions, environmental conditions, and obstructions."
AA.II.E.S1,afh,explanation,auto,from the Task E References line,Determine the airplane’s takeoff performance for actual conditions and planned departure runway or waterway.
AA.II.E.S1,phak,explanation,auto,from the Task E References line,Determine the airplane’s takeoff performance for actual conditions and planned departure runway or waterway.
AA.II.E.S1,risk-management,explanation,auto,from the Task E References line,Determine the airplane’s takeoff performance for actual conditions and planned departure runway or waterway.
AA.II.E.S1,seaplane,explanation,auto,from the Task E References line,Determine the airplane’s takeoff performance for actual conditions and planned departure runway or waterway.
AA.II.E.S2,afh,explanation,auto,from the Task E References line,"Coordinate with crew, if applicable, and complete the appropriate checklist(s) prior to takeoff in a timely manner."
AA.II.E.S2,phak,explanation,auto,from the Task E References line,"Coordinate with crew, if applicable, and complete the appropriate checklist(s) prior to takeoff in a timely manner."
AA.II.E.S2,risk-management,explanation,auto,from the Task E References line,"Coordinate with crew, if applicable, and complete the appropriate checklist(s) prior to takeoff in a timely manner."
AA.II.E.S2,seaplane,explanation,auto,from the Task E References line,"Coordinate with crew, if applicable, and complete the appropriate checklist(s) prior to takeoff in a timely manner."
AA.II.E.S3,afh,explanation,auto,from the Task E References line,"Determine all systems checked are within an acceptable operating range and are safe for the proposed flight. During the checks, explain at the request of the evaluator, any system operating characteristic or limitation and any corrective action for a malfunction."
AA.II.E.S3,phak,explanation,auto,from the Task E References line,"Determine all systems checked are within an acceptable operating range and are safe for the proposed flight. During the checks, explain at the request of the evaluator, any system operating characteristic or limitation and any corrective action for a malfunction."
AA.II.E.S3,risk-management,explanation,auto,from the Task E References line,"Determine all systems checked are within an acceptable operating range and are safe for the proposed flight. During the checks, explain at the request of the evaluator, any system operating characteristic or limitation and any corrective action for a malfunction."
AA.II.E.S3,seaplane,explanation,auto,from the Task E References line,"Determine all systems checked are within an acceptable operating range and are safe for the proposed flight. During the checks, explain at the request of the evaluator, any system operating characteristic or limitation and any corrective action for a malfunction."
AA.II.E.S4,afh,explanation,auto,from the Task E References line,"Determine airspeeds/V-speeds and set flight instruments appropriately, configure flight director, autopilot, and navigation and communication equipment for the current flight conditions and takeoff and departure clearances."
AA.II.E.S4,phak,explanation,auto,from the Task E References line,"Determine airspeeds/V-speeds and set flight instruments appropriately, configure flight director, autopilot, and navigation and communication equipment for the current flight conditions and takeoff and departure clearances."
AA.II.E.S4,risk-management,explanation,auto,from the Task E References line,"Determine airspeeds/V-speeds and set flight instruments appropriately, configure flight director, autopilot, and navigation and communication equipment for the current flight conditions and takeoff and departure clearances."
AA.II.E.S4,seaplane,explanation,auto,from the Task E References line,"Determine airspeeds/V-speeds and set flight instruments appropriately, configure flight director, autopilot, and navigation and communication equipment for the current flight conditions and takeoff and departure clearances."
AA.II.E.S5,afh,explanation,auto,from the Task E References line,"Conduct a briefing that includes procedures for emergency and abnormal situations (e.g., powerplant failure, windshear), which may be encountered during takeoff, and state the planned action if they were to occur."
AA.II.E.S5,phak,explanation,auto,from the Task E References line,"Conduct a briefing that includes procedures for emergency and abnormal situations (e.g., powerplant failure, windshear), which may be encountered during takeoff, and state the planned action if they were to occur."
AA.II.E.S5,risk-management,explanation,auto,from the Task E References line,"Conduct a briefing that includes procedures for emergency and abnormal situations (e.g., powerplant failure, windshear), which may be encountered during takeoff, and state the planned action if they were to occur."
AA.II.E.S5,seaplane,explanation,auto,from the Task E References line,"Conduct a briefing that includes procedures for emergency and abnormal situations (e.g., powerplant failure, windshear), which may be encountered during takeoff, and state the planned action if they were to occur."
AA.II.E.S6,afh,explanation,auto,from the Task E References line,Obtain and correctly interpret the takeoff and departure clearance. 18
AA.II.E.S6,phak,explanation,auto,from the Task E References line,Obtain and correctly interpret the takeoff and departure clearance. 18
AA.II.E.S6,risk-management,explanation,auto,from the Task E References line,Obtain and correctly interpret the takeoff and departure clearance. 18
AA.II.E.S6,seaplane,explanation,auto,from the Task E References line,Obtain and correctly interpret the takeoff and departure clearance. 18
AA.III.A.K1,afh,explanation,auto,from the Task A References line,"Effects of atmospheric conditions, including wind, on takeoff and climb performance."
AA.III.A.K1,phak,explanation,auto,from the Task A References line,"Effects of atmospheric conditions, including wind, on takeoff and climb performance."
AA.III.A.K1,risk-management,explanation,auto,from the Task A References line,"Effects of atmospheric conditions, including wind, on takeoff and climb performance."
AA.III.A.K1,seaplane,explanation,auto,from the Task A References line,"Effects of atmospheric conditions, including wind, on takeoff and climb performance."
AA.III.A.K2,afh,explanation,auto,from the Task A References line,Appropriate V-speeds for takeoff and climb.
AA.III.A.K2,phak,explanation,auto,from the Task A References line,Appropriate V-speeds for takeoff and climb.
AA.III.A.K2,risk-management,explanation,auto,from the Task A References line,Appropriate V-speeds for takeoff and climb.
AA.III.A.K2,seaplane,explanation,auto,from the Task A References line,Appropriate V-speeds for takeoff and climb.
AA.III.A.K3,afh,explanation,auto,from the Task A References line,Appropriate aircraft configuration and power setting for takeoff and climb.
AA.III.A.K3,phak,explanation,auto,from the Task A References line,Appropriate aircraft configuration and power setting for takeoff and climb.
AA.III.A.K3,risk-management,explanation,auto,from the Task A References line,Appropriate aircraft configuration and power setting for takeoff and climb.
AA.III.A.K3,seaplane,explanation,auto,from the Task A References line,Appropriate aircraft configuration and power setting for takeoff and climb.
AA.III.A.K4,afh,explanation,auto,from the Task A References line,Runway markings and lighting.
AA.III.A.K4,phak,explanation,auto,from the Task A References line,Runway markings and lighting.
AA.III.A.K4,risk-management,explanation,auto,from the Task A References line,Runway markings and lighting.
AA.III.A.K4,seaplane,explanation,auto,from the Task A References line,Runway markings and lighting.
AA.III.A.R1,afh,explanation,auto,from the Task A References line,"Selection of a runway, or runway intersection, based on aircraft limitations, available distance, surface conditions, and wind."
AA.III.A.R1,phak,explanation,auto,from the Task A References line,"Selection of a runway, or runway intersection, based on aircraft limitations, available distance, surface conditions, and wind."
AA.III.A.R1,risk-management,explanation,auto,from the Task A References line,"Selection of a runway, or runway intersection, based on aircraft limitations, available distance, surface conditions, and wind."
AA.III.A.R1,seaplane,explanation,auto,from the Task A References line,"Selection of a runway, or runway intersection, based on aircraft limitations, available distance, surface conditions, and wind."
AA.III.A.R2,afh,explanation,auto,from the Task A References line,Wake turbulence.
AA.III.A.R2,phak,explanation,auto,from the Task A References line,Wake turbulence.
AA.III.A.R2,risk-management,explanation,auto,from the Task A References line,Wake turbulence.
AA.III.A.R2,seaplane,explanation,auto,from the Task A References line,Wake turbulence.
AA.III.A.R3,afh,explanation,auto,from the Task A References line,"Abnormal operations, including planning for:"
AA.III.A.R3,phak,explanation,auto,from the Task A References line,"Abnormal operations, including planning for:"
AA.III.A.R3,risk-management,explanation,auto,from the Task A References line,"Abnormal operations, including planning for:"
AA.III.A.R3,seaplane,explanation,auto,from the Task A References line,"Abnormal operations, including planning for:"
AA.III.A.R3a,afh,explanation,auto,from the Task A References line,a. Rejected takeoff
AA.III.A.R3a,phak,explanation,auto,from the Task A References line,a. Rejected takeoff
AA.III.A.R3a,risk-management,explanation,auto,from the Task A References line,a. Rejected takeoff
AA.III.A.R3a,seaplane,explanation,auto,from the Task A References line,a. Rejected takeoff
AA.III.A.R3b,afh,explanation,auto,from the Task A References line,b. Potential engine failure in takeoff/climb phase of flight
AA.III.A.R3b,phak,explanation,auto,from the Task A References line,b. Potential engine failure in takeoff/climb phase of flight
AA.III.A.R3b,risk-management,explanation,auto,from the Task A References line,b. Potential engine failure in takeoff/climb phase of flight
AA.III.A.R3b,seaplane,explanation,auto,from the Task A References line,b. Potential engine failure in takeoff/climb phase of flight
AA.III.A.R4,afh,explanation,auto,from the Task A References line,"Configuring or setting the aircraft (e.g., trim, flaps, autobrakes, etc.)."
AA.III.A.R4,phak,explanation,auto,from the Task A References line,"Configuring or setting the aircraft (e.g., trim, flaps, autobrakes, etc.)."
AA.III.A.R4,risk-management,explanation,auto,from the Task A References line,"Configuring or setting the aircraft (e.g., trim, flaps, autobrakes, etc.)."
AA.III.A.R4,seaplane,explanation,auto,from the Task A References line,"Configuring or setting the aircraft (e.g., trim, flaps, autobrakes, etc.)."
AA.III.A.R5,afh,explanation,auto,from the Task A References line,Collision hazards.
AA.III.A.R5,phak,explanation,auto,from the Task A References line,Collision hazards.
AA.III.A.R5,risk-management,explanation,auto,from the Task A References line,Collision hazards.
AA.III.A.R5,seaplane,explanation,auto,from the Task A References line,Collision hazards.
AA.III.A.R6,afh,explanation,auto,from the Task A References line,"Low altitude maneuvering, including stall, spin, or controlled flight into terrain (CFIT)."
AA.III.A.R6,phak,explanation,auto,from the Task A References line,"Low altitude maneuvering, including stall, spin, or controlled flight into terrain (CFIT)."
AA.III.A.R6,risk-management,explanation,auto,from the Task A References line,"Low altitude maneuvering, including stall, spin, or controlled flight into terrain (CFIT)."
AA.III.A.R6,seaplane,explanation,auto,from the Task A References line,"Low altitude maneuvering, including stall, spin, or controlled flight into terrain (CFIT)."
AA.III.A.R7,afh,explanation,auto,from the Task A References line,"Distractions, task prioritization, loss of situational awareness, or disorientation."
AA.III.A.R7,phak,explanation,auto,from the Task A References line,"Distractions, task prioritization, loss of situational awareness, or disorientation."
AA.III.A.R7,risk-management,explanation,auto,from the Task A References line,"Distractions, task prioritization, loss of situational awareness, or disorientation."
AA.III.A.R7,seaplane,explanation,auto,from the Task A References line,"Distractions, task prioritization, loss of situational awareness, or disorientation."
AA.III.A.S1,afh,explanation,auto,from the Task A References line,"Coordinate with crew, if applicable, and complete the appropriate checklist(s) prior to takeoff in a timely manner."
AA.III.A.S1,phak,explanation,auto,from the Task A References line,"Coordinate with crew, if applicable, and complete the appropriate checklist(s) prior to takeoff in a timely manner."
AA.III.A.S1,risk-management,explanation,auto,from the Task A References line,"Coordinate with crew, if applicable, and complete the appropriate checklist(s) prior to takeoff in a timely manner."
AA.III.A.S1,seaplane,explanation,auto,from the Task A References line,"Coordinate with crew, if applicable, and complete the appropriate checklist(s) prior to takeoff in a timely manner."
AA.III.A.S10,afh,explanation,auto,from the Task A References line,"Confirm takeoff power and proper engine and flight instrument indications prior to rotation making callouts, as appropriate, for the airplane or per the operator’s procedures."
AA.III.A.S10,phak,explanation,auto,from the Task A References line,"Confirm takeoff power and proper engine and flight instrument indications prior to rotation making callouts, as appropriate, for the airplane or per the operator’s procedures."
AA.III.A.S10,risk-management,explanation,auto,from the Task A References line,"Confirm takeoff power and proper engine and flight instrument indications prior to rotation making callouts, as appropriate, for the airplane or per the operator’s procedures."
AA.III.A.S10,seaplane,explanation,auto,from the Task A References line,"Confirm takeoff power and proper engine and flight instrument indications prior to rotation making callouts, as appropriate, for the airplane or per the operator’s procedures."
AA.III.A.S11,afh,explanation,auto,from the Task A References line,"Avoid excessive water spray on the propeller(s) (ASES, AMES)."
AA.III.A.S11,phak,explanation,auto,from the Task A References line,"Avoid excessive water spray on the propeller(s) (ASES, AMES)."
AA.III.A.S11,risk-management,explanation,auto,from the Task A References line,"Avoid excessive water spray on the propeller(s) (ASES, AMES)."
AA.III.A.S11,seaplane,explanation,auto,from the Task A References line,"Avoid excessive water spray on the propeller(s) (ASES, AMES)."
AA.III.A.S12,afh,explanation,auto,from the Task A References line,Rotate and lift off at the recommended airspeed.
AA.III.A.S12,phak,explanation,auto,from the Task A References line,Rotate and lift off at the recommended airspeed.
AA.III.A.S12,risk-management,explanation,auto,from the Task A References line,Rotate and lift off at the recommended airspeed.
AA.III.A.S12,seaplane,explanation,auto,from the Task A References line,Rotate and lift off at the recommended airspeed.
AA.III.A.S13,afh,explanation,auto,from the Task A References line,"Establish a power setting and a pitch attitude to maintain the desired climb airspeed/V-speed, ±5 knots for each climb segment."
AA.III.A.S13,phak,explanation,auto,from the Task A References line,"Establish a power setting and a pitch attitude to maintain the desired climb airspeed/V-speed, ±5 knots for each climb segment."
AA.III.A.S13,risk-management,explanation,auto,from the Task A References line,"Establish a power setting and a pitch attitude to maintain the desired climb airspeed/V-speed, ±5 knots for each climb segment."
AA.III.A.S13,seaplane,explanation,auto,from the Task A References line,"Establish a power setting and a pitch attitude to maintain the desired climb airspeed/V-speed, ±5 knots for each climb segment."
AA.III.A.S14,afh,explanation,auto,from the Task A References line,Maintain desired heading ±5°.
AA.III.A.S14,phak,explanation,auto,from the Task A References line,Maintain desired heading ±5°.
AA.III.A.S14,risk-management,explanation,auto,from the Task A References line,Maintain desired heading ±5°.
AA.III.A.S14,seaplane,explanation,auto,from the Task A References line,Maintain desired heading ±5°.
AA.III.A.S15,afh,explanation,auto,from the Task A References line,"Retract the landing gear and flaps in accordance with manufacturer or operator procedures and limitations, as appropriate."
AA.III.A.S15,phak,explanation,auto,from the Task A References line,"Retract the landing gear and flaps in accordance with manufacturer or operator procedures and limitations, as appropriate."
AA.III.A.S15,risk-management,explanation,auto,from the Task A References line,"Retract the landing gear and flaps in accordance with manufacturer or operator procedures and limitations, as appropriate."
AA.III.A.S15,seaplane,explanation,auto,from the Task A References line,"Retract the landing gear and flaps in accordance with manufacturer or operator procedures and limitations, as appropriate."
AA.III.A.S16,afh,explanation,auto,from the Task A References line,"Avoid wake turbulence, if applicable."
AA.III.A.S16,phak,explanation,auto,from the Task A References line,"Avoid wake turbulence, if applicable."
AA.III.A.S16,risk-management,explanation,auto,from the Task A References line,"Avoid wake turbulence, if applicable."
AA.III.A.S16,seaplane,explanation,auto,from the Task A References line,"Avoid wake turbulence, if applicable."
AA.III.A.S17,afh,explanation,auto,from the Task A References line,"Follow noise abatement procedures, as practicable."
AA.III.A.S17,phak,explanation,auto,from the Task A References line,"Follow noise abatement procedures, as practicable."
AA.III.A.S17,risk-management,explanation,auto,from the Task A References line,"Follow noise abatement procedures, as practicable."
AA.III.A.S17,seaplane,explanation,auto,from the Task A References line,"Follow noise abatement procedures, as practicable."
AA.III.A.S18,afh,explanation,auto,from the Task A References line,Complete appropriate after takeoff checklist(s) in a timely manner.
AA.III.A.S18,phak,explanation,auto,from the Task A References line,Complete appropriate after takeoff checklist(s) in a timely manner.
AA.III.A.S18,risk-management,explanation,auto,from the Task A References line,Complete appropriate after takeoff checklist(s) in a timely manner.
AA.III.A.S18,seaplane,explanation,auto,from the Task A References line,Complete appropriate after takeoff checklist(s) in a timely manner.
AA.III.A.S2,afh,explanation,auto,from the Task A References line,Make radio calls as appropriate.
AA.III.A.S2,phak,explanation,auto,from the Task A References line,Make radio calls as appropriate.
AA.III.A.S2,risk-management,explanation,auto,from the Task A References line,Make radio calls as appropriate.
AA.III.A.S2,seaplane,explanation,auto,from the Task A References line,Make radio calls as appropriate.
AA.III.A.S3,afh,explanation,auto,from the Task A References line,"Verify assigned/correct runway (ASEL, AMEL) or takeoff path (ASES, AMES)."
AA.III.A.S3,phak,explanation,auto,from the Task A References line,"Verify assigned/correct runway (ASEL, AMEL) or takeoff path (ASES, AMES)."
AA.III.A.S3,risk-management,explanation,auto,from the Task A References line,"Verify assigned/correct runway (ASEL, AMEL) or takeoff path (ASES, AMES)."
AA.III.A.S3,seaplane,explanation,auto,from the Task A References line,"Verify assigned/correct runway (ASEL, AMEL) or takeoff path (ASES, AMES)."
AA.III.A.S4,afh,explanation,auto,from the Task A References line,Verify the airplane is configured for takeoff.
AA.III.A.S4,phak,explanation,auto,from the Task A References line,Verify the airplane is configured for takeoff.
AA.III.A.S4,risk-management,explanation,auto,from the Task A References line,Verify the airplane is configured for takeoff.
AA.III.A.S4,seaplane,explanation,auto,from the Task A References line,Verify the airplane is configured for takeoff.
AA.III.A.S5,afh,explanation,auto,from the Task A References line,"Position the flight controls for the existing wind, if applicable."
AA.III.A.S5,phak,explanation,auto,from the Task A References line,"Position the flight controls for the existing wind, if applicable."
AA.III.A.S5,risk-management,explanation,auto,from the Task A References line,"Position the flight controls for the existing wind, if applicable."
AA.III.A.S5,seaplane,explanation,auto,from the Task A References line,"Position the flight controls for the existing wind, if applicable."
AA.III.A.S6,afh,explanation,auto,from the Task A References line,"Clear the area, taxi into takeoff position, and align the airplane on the runway centerline (ASEL, AMEL) or takeoff path (ASES, AMES). 19"
AA.III.A.S6,phak,explanation,auto,from the Task A References line,"Clear the area, taxi into takeoff position, and align the airplane on the runway centerline (ASEL, AMEL) or takeoff path (ASES, AMES). 19"
AA.III.A.S6,risk-management,explanation,auto,from the Task A References line,"Clear the area, taxi into takeoff position, and align the airplane on the runway centerline (ASEL, AMEL) or takeoff path (ASES, AMES). 19"
AA.III.A.S6,seaplane,explanation,auto,from the Task A References line,"Clear the area, taxi into takeoff position, and align the airplane on the runway centerline (ASEL, AMEL) or takeoff path (ASES, AMES). 19"
AA.III.A.S7,afh,explanation,auto,from the Task A References line,"Retract the water rudders, as appropriate (ASES, AMES)."
AA.III.A.S7,phak,explanation,auto,from the Task A References line,"Retract the water rudders, as appropriate (ASES, AMES)."
AA.III.A.S7,risk-management,explanation,auto,from the Task A References line,"Retract the water rudders, as appropriate (ASES, AMES)."
AA.III.A.S7,seaplane,explanation,auto,from the Task A References line,"Retract the water rudders, as appropriate (ASES, AMES)."
AA.III.A.S8,afh,explanation,auto,from the Task A References line,"Establish and maintain the most efficient planing/lift-off attitude, and correct for porpoising or skipping (ASES, AMES)."
AA.III.A.S8,phak,explanation,auto,from the Task A References line,"Establish and maintain the most efficient planing/lift-off attitude, and correct for porpoising or skipping (ASES, AMES)."
AA.III.A.S8,risk-management,explanation,auto,from the Task A References line,"Establish and maintain the most efficient planing/lift-off attitude, and correct for porpoising or skipping (ASES, AMES)."
AA.III.A.S8,seaplane,explanation,auto,from the Task A References line,"Establish and maintain the most efficient planing/lift-off attitude, and correct for porpoising or skipping (ASES, AMES)."
AA.III.A.S9,afh,explanation,auto,from the Task A References line,"Maintain centerline (ASEL, AMEL) and proper flight control inputs during the takeoff roll."
AA.III.A.S9,phak,explanation,auto,from the Task A References line,"Maintain centerline (ASEL, AMEL) and proper flight control inputs during the takeoff roll."
AA.III.A.S9,risk-management,explanation,auto,from the Task A References line,"Maintain centerline (ASEL, AMEL) and proper flight control inputs during the takeoff roll."
AA.III.A.S9,seaplane,explanation,auto,from the Task A References line,"Maintain centerline (ASEL, AMEL) and proper flight control inputs during the takeoff roll."
AA.III.B.K1,afh,explanation,auto,from the Task B References line,"A stabilized approach, including energy management concepts."
AA.III.B.K1,aim,guidance,auto,from the Task B References line,"A stabilized approach, including energy management concepts."
AA.III.B.K1,phak,explanation,auto,from the Task B References line,"A stabilized approach, including energy management concepts."
AA.III.B.K1,risk-management,explanation,auto,from the Task B References line,"A stabilized approach, including energy management concepts."
AA.III.B.K1,seaplane,explanation,auto,from the Task B References line,"A stabilized approach, including energy management concepts."
AA.III.B.K2,afh,explanation,auto,from the Task B References line,"Effects of atmospheric conditions, including wind, on approach and landing performance."
AA.III.B.K2,aim,guidance,auto,from the Task B References line,"Effects of atmospheric conditions, including wind, on approach and landing performance."
AA.III.B.K2,phak,explanation,auto,from the Task B References line,"Effects of atmospheric conditions, including wind, on approach and landing performance."
AA.III.B.K2,risk-management,explanation,auto,from the Task B References line,"Effects of atmospheric conditions, including wind, on approach and landing performance."
AA.III.B.K2,seaplane,explanation,auto,from the Task B References line,"Effects of atmospheric conditions, including wind, on approach and landing performance."
AA.III.B.K3,afh,explanation,auto,from the Task B References line,Wind correction techniques on approach and landing.
AA.III.B.K3,aim,guidance,auto,from the Task B References line,Wind correction techniques on approach and landing.
AA.III.B.K3,phak,explanation,auto,from the Task B References line,Wind correction techniques on approach and landing.
AA.III.B.K3,risk-management,explanation,auto,from the Task B References line,Wind correction techniques on approach and landing.
AA.III.B.K3,seaplane,explanation,auto,from the Task B References line,Wind correction techniques on approach and landing.
AA.III.B.K4,afh,explanation,auto,from the Task B References line,Runway markings and lighting.
AA.III.B.K4,aim,guidance,auto,from the Task B References line,Runway markings and lighting.
AA.III.B.K4,phak,explanation,auto,from the Task B References line,Runway markings and lighting.
AA.III.B.K4,risk-management,explanation,auto,from the Task B References line,Runway markings and lighting.
AA.III.B.K4,seaplane,explanation,auto,from the Task B References line,Runway markings and lighting.
AA.III.B.R1,afh,explanation,auto,from the Task B References line,"Selection of a runway or approach path and touchdown area based on aircraft limitations, available distance, surface conditions, and wind."
AA.III.B.R1,aim,guidance,auto,from the Task B References line,"Selection of a runway or approach path and touchdown area based on aircraft limitations, available distance, surface conditions, and wind."
AA.III.B.R1,phak,explanation,auto,from the Task B References line,"Selection of a runway or approach path and touchdown area based on aircraft limitations, available distance, surface conditions, and wind."
AA.III.B.R1,risk-management,explanation,auto,from the Task B References line,"Selection of a runway or approach path and touchdown area based on aircraft limitations, available distance, surface conditions, and wind."
AA.III.B.R1,seaplane,explanation,auto,from the Task B References line,"Selection of a runway or approach path and touchdown area based on aircraft limitations, available distance, surface conditions, and wind."
AA.III.B.R2,afh,explanation,auto,from the Task B References line,Wake turbulence.
AA.III.B.R2,aim,guidance,auto,from the Task B References line,Wake turbulence.
AA.III.B.R2,phak,explanation,auto,from the Task B References line,Wake turbulence.
AA.III.B.R2,risk-management,explanation,auto,from the Task B References line,Wake turbulence.
AA.III.B.R2,seaplane,explanation,auto,from the Task B References line,Wake turbulence.
AA.III.B.R3,afh,explanation,auto,from the Task B References line,Go-around/rejected landing. 20
AA.III.B.R3,aim,guidance,auto,from the Task B References line,Go-around/rejected landing. 20
AA.III.B.R3,phak,explanation,auto,from the Task B References line,Go-around/rejected landing. 20
AA.III.B.R3,risk-management,explanation,auto,from the Task B References line,Go-around/rejected landing. 20
AA.III.B.R3,seaplane,explanation,auto,from the Task B References line,Go-around/rejected landing. 20
AA.III.B.R4,afh,explanation,auto,from the Task B References line,Land and hold short operations (LAHSO).
AA.III.B.R4,aim,guidance,auto,from the Task B References line,Land and hold short operations (LAHSO).
AA.III.B.R4,phak,explanation,auto,from the Task B References line,Land and hold short operations (LAHSO).
AA.III.B.R4,risk-management,explanation,auto,from the Task B References line,Land and hold short operations (LAHSO).
AA.III.B.R4,seaplane,explanation,auto,from the Task B References line,Land and hold short operations (LAHSO).
AA.III.B.R5,afh,explanation,auto,from the Task B References line,Collision hazards.
AA.III.B.R5,aim,guidance,auto,from the Task B References line,Collision hazards.
AA.III.B.R5,phak,explanation,auto,from the Task B References line,Collision hazards.
AA.III.B.R5,risk-management,explanation,auto,from the Task B References line,Collision hazards.
AA.III.B.R5,seaplane,explanation,auto,from the Task B References line,Collision hazards.
AA.III.B.R6,afh,explanation,auto,from the Task B References line,"Low altitude maneuvering, including stall, spin, or controlled flight into terrain (CFIT)."
AA.III.B.R6,aim,guidance,auto,from the Task B References line,"Low altitude maneuvering, including stall, spin, or controlled flight into terrain (CFIT)."
AA.III.B.R6,phak,explanation,auto,from the Task B References line,"Low altitude maneuvering, including stall, spin, or controlled flight into terrain (CFIT)."
AA.III.B.R6,risk-management,explanation,auto,from the Task B References line,"Low altitude maneuvering, including stall, spin, or controlled flight into terrain (CFIT)."
AA.III.B.R6,seaplane,explanation,auto,from the Task B References line,"Low altitude maneuvering, including stall, spin, or controlled flight into terrain (CFIT)."
AA.III.B.R7,afh,explanation,auto,from the Task B References line,"Distractions, loss of situational awareness, incorrect airport surface approach and landing, or improper task management."
AA.III.B.R7,aim,guidance,auto,from the Task B References line,"Distractions, loss of situational awareness, incorrect airport surface approach and landing, or improper task management."
AA.III.B.R7,phak,explanation,auto,from the Task B References line,"Distractions, loss of situational awareness, incorrect airport surface approach and landing, or improper task management."
AA.III.B.R7,risk-management,explanation,auto,from the Task B References line,"Distractions, loss of situational awareness, incorrect airport surface approach and landing, or improper task management."
AA.III.B.R7,seaplane,explanation,auto,from the Task B References line,"Distractions, loss of situational awareness, incorrect airport surface approach and landing, or improper task management."
AA.III.B.S1,afh,explanation,auto,from the Task B References line,"Coordinate with crew, if applicable, and complete the appropriate checklist(s)."
AA.III.B.S1,aim,guidance,auto,from the Task B References line,"Coordinate with crew, if applicable, and complete the appropriate checklist(s)."
AA.III.B.S1,phak,explanation,auto,from the Task B References line,"Coordinate with crew, if applicable, and complete the appropriate checklist(s)."
AA.III.B.S1,risk-management,explanation,auto,from the Task B References line,"Coordinate with crew, if applicable, and complete the appropriate checklist(s)."
AA.III.B.S1,seaplane,explanation,auto,from the Task B References line,"Coordinate with crew, if applicable, and complete the appropriate checklist(s)."
AA.III.B.S10,afh,explanation,auto,from the Task B References line,"Touch down with the runway centerline between the main landing gear at the appropriate speed and pitch attitude at the runway aiming point markings -250/+500 feet, or where there are no runway markings 750 to 1,500 feet from the approach threshold of the runway (ASEL, AMEL)."
AA.III.B.S10,aim,guidance,auto,from the Task B References line,"Touch down with the runway centerline between the main landing gear at the appropriate speed and pitch attitude at the runway aiming point markings -250/+500 feet, or where there are no runway markings 750 to 1,500 feet from the approach threshold of the runway (ASEL, AMEL)."
AA.III.B.S10,phak,explanation,auto,from the Task B References line,"Touch down with the runway centerline between the main landing gear at the appropriate speed and pitch attitude at the runway aiming point markings -250/+500 feet, or where there are no runway markings 750 to 1,500 feet from the approach threshold of the runway (ASEL, AMEL)."
AA.III.B.S10,risk-management,explanation,auto,from the Task B References line,"Touch down with the runway centerline between the main landing gear at the appropriate speed and pitch attitude at the runway aiming point markings -250/+500 feet, or where there are no runway markings 750 to 1,500 feet from the approach threshold of the runway (ASEL, AMEL)."
AA.III.B.S10,seaplane,explanation,auto,from the Task B References line,"Touch down with the runway centerline between the main landing gear at the appropriate speed and pitch attitude at the runway aiming point markings -250/+500 feet, or where there are no runway markings 750 to 1,500 feet from the approach threshold of the runway (ASEL, AMEL)."
AA.III.B.S11,afh,explanation,auto,from the Task B References line,"During round out and touchdown contact the water at the proper pitch attitude within 200 feet beyond a specified point (ASES, AMES). In addition, for AMES, the touchdown is within the first one-third of the water landing area."
AA.III.B.S11,aim,guidance,auto,from the Task B References line,"During round out and touchdown contact the water at the proper pitch attitude within 200 feet beyond a specified point (ASES, AMES). In addition, for AMES, the touchdown is within the first one-third of the water landing area."
AA.III.B.S11,phak,explanation,auto,from the Task B References line,"During round out and touchdown contact the water at the proper pitch attitude within 200 feet beyond a specified point (ASES, AMES). In addition, for AMES, the touchdown is within the first one-third of the water landing area."
AA.III.B.S11,risk-management,explanation,auto,from the Task B References line,"During round out and touchdown contact the water at the proper pitch attitude within 200 feet beyond a specified point (ASES, AMES). In addition, for AMES, the touchdown is within the first one-third of the water landing area."
AA.III.B.S11,seaplane,explanation,auto,from the Task B References line,"During round out and touchdown contact the water at the proper pitch attitude within 200 feet beyond a specified point (ASES, AMES). In addition, for AMES, the touchdown is within the first one-third of the water landing area."
AA.III.B.S12,afh,explanation,auto,from the Task B References line,"Decelerate to taxi speed (20 knots or less on dry pavement, 10 knots or less on contaminated pavement) to within the calculated landing distance plus 25% for the actual conditions with the runway centerline between the main landing gear (At least one landing) (ASEL, AMEL)."
AA.III.B.S12,aim,guidance,auto,from the Task B References line,"Decelerate to taxi speed (20 knots or less on dry pavement, 10 knots or less on contaminated pavement) to within the calculated landing distance plus 25% for the actual conditions with the runway centerline between the main landing gear (At least one landing) (ASEL, AMEL)."
AA.III.B.S12,phak,explanation,auto,from the Task B References line,"Decelerate to taxi speed (20 knots or less on dry pavement, 10 knots or less on contaminated pavement) to within the calculated landing distance plus 25% for the actual conditions with the runway centerline between the main landing gear (At least one landing) (ASEL, AMEL)."
AA.III.B.S12,risk-management,explanation,auto,from the Task B References line,"Decelerate to taxi speed (20 knots or less on dry pavement, 10 knots or less on contaminated pavement) to within the calculated landing distance plus 25% for the actual conditions with the runway centerline between the main landing gear (At least one landing) (ASEL, AMEL)."
AA.III.B.S12,seaplane,explanation,auto,from the Task B References line,"Decelerate to taxi speed (20 knots or less on dry pavement, 10 knots or less on contaminated pavement) to within the calculated landing distance plus 25% for the actual conditions with the runway centerline between the main landing gear (At least one landing) (ASEL, AMEL)."
AA.III.B.S13,afh,explanation,auto,from the Task B References line,"Use spoilers, prop reverse, thrust reverse, wheel brakes, and other drag/braking devices, as appropriate to safely slow the airplane. (At least one landing to a full stop)."
AA.III.B.S13,aim,guidance,auto,from the Task B References line,"Use spoilers, prop reverse, thrust reverse, wheel brakes, and other drag/braking devices, as appropriate to safely slow the airplane. (At least one landing to a full stop)."
AA.III.B.S13,phak,explanation,auto,from the Task B References line,"Use spoilers, prop reverse, thrust reverse, wheel brakes, and other drag/braking devices, as appropriate to safely slow the airplane. (At least one landing to a full stop)."
AA.III.B.S13,risk-management,explanation,auto,from the Task B References line,"Use spoilers, prop reverse, thrust reverse, wheel brakes, and other drag/braking devices, as appropriate to safely slow the airplane. (At least one landing to a full stop)."
AA.III.B.S13,seaplane,explanation,auto,from the Task B References line,"Use spoilers, prop reverse, thrust reverse, wheel brakes, and other drag/braking devices, as appropriate to safely slow the airplane. (At least one landing to a full stop)."
AA.III.B.S14,afh,explanation,auto,from the Task B References line,Execute a timely go-around if the approach cannot be made within the tolerances specified above or for any other condition that may result in an unsafe approach or landing.
AA.III.B.S14,aim,guidance,auto,from the Task B References line,Execute a timely go-around if the approach cannot be made within the tolerances specified above or for any other condition that may result in an unsafe approach or landing.
AA.III.B.S14,phak,explanation,auto,from the Task B References line,Execute a timely go-around if the approach cannot be made within the tolerances specified above or for any other condition that may result in an unsafe approach or landing.
AA.III.B.S14,risk-management,explanation,auto,from the Task B References line,Execute a timely go-around if the approach cannot be made within the tolerances specified above or for any other condition that may result in an unsafe approach or landing.
AA.III.B.S14,seaplane,explanation,auto,from the Task B References line,Execute a timely go-around if the approach cannot be made within the tolerances specified above or for any other condition that may result in an unsafe approach or landing.
AA.III.B.S15,afh,explanation,auto,from the Task B References line,"Use runway incursion avoidance procedures, if applicable."
AA.III.B.S15,aim,guidance,auto,from the Task B References line,"Use runway incursion avoidance procedures, if applicable."
AA.III.B.S15,phak,explanation,auto,from the Task B References line,"Use runway incursion avoidance procedures, if applicable."
AA.III.B.S15,risk-management,explanation,auto,from the Task B References line,"Use runway incursion avoidance procedures, if applicable."
AA.III.B.S15,seaplane,explanation,auto,from the Task B References line,"Use runway incursion avoidance procedures, if applicable."
AA.III.B.S2,afh,explanation,auto,from the Task B References line,Make radio calls as appropriate.
AA.III.B.S2,aim,guidance,auto,from the Task B References line,Make radio calls as appropriate.
AA.III.B.S2,phak,explanation,auto,from the Task B References line,Make radio calls as appropriate.
AA.III.B.S2,risk-management,explanation,auto,from the Task B References line,Make radio calls as appropriate.
AA.III.B.S2,seaplane,explanation,auto,from the Task B References line,Make radio calls as appropriate.
AA.III.B.S3,afh,explanation,auto,from the Task B References line,Maintain a ground track that ensures the desired traffic pattern flown takes into consideration obstructions and air traffic control (ATC) or evaluator instructions.
AA.III.B.S3,aim,guidance,auto,from the Task B References line,Maintain a ground track that ensures the desired traffic pattern flown takes into consideration obstructions and air traffic control (ATC) or evaluator instructions.
AA.III.B.S3,phak,explanation,auto,from the Task B References line,Maintain a ground track that ensures the desired traffic pattern flown takes into consideration obstructions and air traffic control (ATC) or evaluator instructions.
AA.III.B.S3,risk-management,explanation,auto,from the Task B References line,Maintain a ground track that ensures the desired traffic pattern flown takes into consideration obstructions and air traffic control (ATC) or evaluator instructions.
AA.III.B.S3,seaplane,explanation,auto,from the Task B References line,Maintain a ground track that ensures the desired traffic pattern flown takes into consideration obstructions and air traffic control (ATC) or evaluator instructions.
AA.III.B.S4,afh,explanation,auto,from the Task B References line,Ensure the airplane is aligned with the correct/assigned runway or landing surface.
AA.III.B.S4,aim,guidance,auto,from the Task B References line,Ensure the airplane is aligned with the correct/assigned runway or landing surface.
AA.III.B.S4,phak,explanation,auto,from the Task B References line,Ensure the airplane is aligned with the correct/assigned runway or landing surface.
AA.III.B.S4,risk-management,explanation,auto,from the Task B References line,Ensure the airplane is aligned with the correct/assigned runway or landing surface.
AA.III.B.S4,seaplane,explanation,auto,from the Task B References line,Ensure the airplane is aligned with the correct/assigned runway or landing surface.
AA.III.B.S5,afh,explanation,auto,from the Task B References line,Scan the runway or landing surface and adjoining area for traffic and obstructions.
AA.III.B.S5,aim,guidance,auto,from the Task B References line,Scan the runway or landing surface and adjoining area for traffic and obstructions.
AA.III.B.S5,phak,explanation,auto,from the Task B References line,Scan the runway or landing surface and adjoining area for traffic and obstructions.
AA.III.B.S5,risk-management,explanation,auto,from the Task B References line,Scan the runway or landing surface and adjoining area for traffic and obstructions.
AA.III.B.S5,seaplane,explanation,auto,from the Task B References line,Scan the runway or landing surface and adjoining area for traffic and obstructions.
AA.III.B.S6,afh,explanation,auto,from the Task B References line,"Select a suitable touchdown point considering wind, landing surface, and obstructions."
AA.III.B.S6,aim,guidance,auto,from the Task B References line,"Select a suitable touchdown point considering wind, landing surface, and obstructions."
AA.III.B.S6,phak,explanation,auto,from the Task B References line,"Select a suitable touchdown point considering wind, landing surface, and obstructions."
AA.III.B.S6,risk-management,explanation,auto,from the Task B References line,"Select a suitable touchdown point considering wind, landing surface, and obstructions."
AA.III.B.S6,seaplane,explanation,auto,from the Task B References line,"Select a suitable touchdown point considering wind, landing surface, and obstructions."
AA.III.B.S7,afh,explanation,auto,from the Task B References line,"Establish the recommended approach and landing configuration and airspeed, ±5 knots, and adjust pitch attitude and power as required to maintain a stabilized approach."
AA.III.B.S7,aim,guidance,auto,from the Task B References line,"Establish the recommended approach and landing configuration and airspeed, ±5 knots, and adjust pitch attitude and power as required to maintain a stabilized approach."
AA.III.B.S7,phak,explanation,auto,from the Task B References line,"Establish the recommended approach and landing configuration and airspeed, ±5 knots, and adjust pitch attitude and power as required to maintain a stabilized approach."
AA.III.B.S7,risk-management,explanation,auto,from the Task B References line,"Establish the recommended approach and landing configuration and airspeed, ±5 knots, and adjust pitch attitude and power as required to maintain a stabilized approach."
AA.III.B.S7,seaplane,explanation,auto,from the Task B References line,"Establish the recommended approach and landing configuration and airspeed, ±5 knots, and adjust pitch attitude and power as required to maintain a stabilized approach."
AA.III.B.S8,afh,explanation,auto,from the Task B References line,Maintain directional control and appropriate crosswind correction throughout the approach and landing.
AA.III.B.S8,aim,guidance,auto,from the Task B References line,Maintain directional control and appropriate crosswind correction throughout the approach and landing.
AA.III.B.S8,phak,explanation,auto,from the Task B References line,Maintain directional control and appropriate crosswind correction throughout the approach and landing.
AA.III.B.S8,risk-management,explanation,auto,from the Task B References line,Maintain directional control and appropriate crosswind correction throughout the approach and landing.
AA.III.B.S8,seaplane,explanation,auto,from the Task B References line,Maintain directional control and appropriate crosswind correction throughout the approach and landing.
AA.III.B.S9,afh,explanation,auto,from the Task B References line,"Make smooth, timely, and correct control application before, during, and after touchdown."
AA.III.B.S9,aim,guidance,auto,from the Task B References line,"Make smooth, timely, and correct control application before, during, and after touchdown."
AA.III.B.S9,phak,explanation,auto,from the Task B References line,"Make smooth, timely, and correct control application before, during, and after touchdown."
AA.III.B.S9,risk-management,explanation,auto,from the Task B References line,"Make smooth, timely, and correct control application before, during, and after touchdown."
AA.III.B.S9,seaplane,explanation,auto,from the Task B References line,"Make smooth, timely, and correct control application before, during, and after touchdown."
AA.III.C.K1,afh,explanation,auto,from the Task C References line,"Effects of atmospheric conditions, including wind, on takeoff and climb performance."
AA.III.C.K1,phak,explanation,auto,from the Task C References line,"Effects of atmospheric conditions, including wind, on takeoff and climb performance."
AA.III.C.K1,risk-management,explanation,auto,from the Task C References line,"Effects of atmospheric conditions, including wind, on takeoff and climb performance."
AA.III.C.K1,seaplane,explanation,auto,from the Task C References line,"Effects of atmospheric conditions, including wind, on takeoff and climb performance."
AA.III.C.K2,afh,explanation,auto,from the Task C References line,Appropriate power settings and V-speeds for takeoff and climb.
AA.III.C.K2,phak,explanation,auto,from the Task C References line,Appropriate power settings and V-speeds for takeoff and climb.
AA.III.C.K2,risk-management,explanation,auto,from the Task C References line,Appropriate power settings and V-speeds for takeoff and climb.
AA.III.C.K2,seaplane,explanation,auto,from the Task C References line,Appropriate power settings and V-speeds for takeoff and climb.
AA.III.C.K3,afh,explanation,auto,from the Task C References line,Appropriate airplane configuration.
AA.III.C.K3,phak,explanation,auto,from the Task C References line,Appropriate airplane configuration.
AA.III.C.K3,risk-management,explanation,auto,from the Task C References line,Appropriate airplane configuration.
AA.III.C.K3,seaplane,explanation,auto,from the Task C References line,Appropriate airplane configuration.
AA.III.C.K4,afh,explanation,auto,from the Task C References line,Appropriate use of glassy water takeoff and climb technique.
AA.III.C.K4,phak,explanation,auto,from the Task C References line,Appropriate use of glassy water takeoff and climb technique.
AA.III.C.K4,risk-management,explanation,auto,from the Task C References line,Appropriate use of glassy water takeoff and climb technique.
AA.III.C.K4,seaplane,explanation,auto,from the Task C References line,Appropriate use of glassy water takeoff and climb technique.
AA.III.C.R1,afh,explanation,auto,from the Task C References line,"Selection of the takeoff path based on aircraft limitations, available distance, surface conditions, and wind."
AA.III.C.R1,phak,explanation,auto,from the Task C References line,"Selection of the takeoff path based on aircraft limitations, available distance, surface conditions, and wind."
AA.III.C.R1,risk-management,explanation,auto,from the Task C References line,"Selection of the takeoff path based on aircraft limitations, available distance, surface conditions, and wind."
AA.III.C.R1,seaplane,explanation,auto,from the Task C References line,"Selection of the takeoff path based on aircraft limitations, available distance, surface conditions, and wind."
AA.III.C.R2,afh,explanation,auto,from the Task C References line,"Abnormal operations, including planning for:"
AA.III.C.R2,phak,explanation,auto,from the Task C References line,"Abnormal operations, including planning for:"
AA.III.C.R2,risk-management,explanation,auto,from the Task C References line,"Abnormal operations, including planning for:"
AA.III.C.R2,seaplane,explanation,auto,from the Task C References line,"Abnormal operations, including planning for:"
AA.III.C.R2a,afh,explanation,auto,from the Task C References line,a. Rejected takeoff
AA.III.C.R2a,phak,explanation,auto,from the Task C References line,a. Rejected takeoff
AA.III.C.R2a,risk-management,explanation,auto,from the Task C References line,a. Rejected takeoff
AA.III.C.R2a,seaplane,explanation,auto,from the Task C References line,a. Rejected takeoff
AA.III.C.R2b,afh,explanation,auto,from the Task C References line,b. Potential engine failure in takeoff/climb phase of flight
AA.III.C.R2b,phak,explanation,auto,from the Task C References line,b. Potential engine failure in takeoff/climb phase of flight
AA.III.C.R2b,risk-management,explanation,auto,from the Task C References line,b. Potential engine failure in takeoff/climb phase of flight
AA.III.C.R2b,seaplane,explanation,auto,from the Task C References line,b. Potential engine failure in takeoff/climb phase of flight
AA.III.C.R3,afh,explanation,auto,from the Task C References line,Collision hazards.
AA.III.C.R3,phak,explanation,auto,from the Task C References line,Collision hazards.
AA.III.C.R3,risk-management,explanation,auto,from the Task C References line,Collision hazards.
AA.III.C.R3,seaplane,explanation,auto,from the Task C References line,Collision hazards.
AA.III.C.R4,afh,explanation,auto,from the Task C References line,"Low altitude maneuvering, including stall, spin, or controlled flight into terrain (CFIT)."
AA.III.C.R4,phak,explanation,auto,from the Task C References line,"Low altitude maneuvering, including stall, spin, or controlled flight into terrain (CFIT)."
AA.III.C.R4,risk-management,explanation,auto,from the Task C References line,"Low altitude maneuvering, including stall, spin, or controlled flight into terrain (CFIT)."
AA.III.C.R4,seaplane,explanation,auto,from the Task C References line,"Low altitude maneuvering, including stall, spin, or controlled flight into terrain (CFIT)."
AA.III.C.R5,afh,explanation,auto,from the Task C References line,"Distractions, task prioritization, loss of situational awareness, or disorientation."
AA.III.C.R5,phak,explanation,auto,from the Task C References line,"Distractions, task prioritization, loss of situational awareness, or disorientation."
AA.III.C.R5,risk-management,explanation,auto,from the Task C References line,"Distractions, task prioritization, loss of situational awareness, or disorientation."
AA.III.C.R5,seaplane,explanation,auto,from the Task C References line,"Distractions, task prioritization, loss of situational awareness, or disorientation."
AA.III.C.R6,afh,explanation,auto,from the Task C References line,Gear position in an amphibious airplane.
AA.III.C.R6,phak,explanation,auto,from the Task C References line,Gear position in an amphibious airplane.
AA.III.C.R6,risk-management,explanation,auto,from the Task C References line,Gear position in an amphibious airplane.
AA.III.C.R6,seaplane,explanation,auto,from the Task C References line,Gear position in an amphibious airplane.
AA.III.C.S1,afh,explanation,auto,from the Task C References line,"Coordinate with crew, if applicable, and complete the appropriate checklist(s) prior to takeoff in a timely manner."
AA.III.C.S1,phak,explanation,auto,from the Task C References line,"Coordinate with crew, if applicable, and complete the appropriate checklist(s) prior to takeoff in a timely manner."
AA.III.C.S1,risk-management,explanation,auto,from the Task C References line,"Coordinate with crew, if applicable, and complete the appropriate checklist(s) prior to takeoff in a timely manner."
AA.III.C.S1,seaplane,explanation,auto,from the Task C References line,"Coordinate with crew, if applicable, and complete the appropriate checklist(s) prior to takeoff in a timely manner."
AA.III.C.S10,afh,explanation,auto,from the Task C References line,"Establish and maintain an appropriate planing attitude, directional control, and correct for porpoising, skipping, and increase in water drag."
AA.III.C.S10,phak,explanation,auto,from the Task C References line,"Establish and maintain an appropriate planing attitude, directional control, and correct for porpoising, skipping, and increase in water drag."
AA.III.C.S10,risk-management,explanation,auto,from the Task C References line,"Establish and maintain an appropriate planing attitude, directional control, and correct for porpoising, skipping, and increase in water drag."
AA.III.C.S10,seaplane,explanation,auto,from the Task C References line,"Establish and maintain an appropriate planing attitude, directional control, and correct for porpoising, skipping, and increase in water drag."
AA.III.C.S11,afh,explanation,auto,from the Task C References line,Utilize appropriate techniques to lift seaplane from the water considering surface conditions.
AA.III.C.S11,phak,explanation,auto,from the Task C References line,Utilize appropriate techniques to lift seaplane from the water considering surface conditions.
AA.III.C.S11,risk-management,explanation,auto,from the Task C References line,Utilize appropriate techniques to lift seaplane from the water considering surface conditions.
AA.III.C.S11,seaplane,explanation,auto,from the Task C References line,Utilize appropriate techniques to lift seaplane from the water considering surface conditions.
AA.III.C.S12,afh,explanation,auto,from the Task C References line,"Adjust power, as appropriate, and establish a pitch attitude to maintain the appropriate climb airspeed/ V-speed, ±5 knots for each climb segment. 22"
AA.III.C.S12,phak,explanation,auto,from the Task C References line,"Adjust power, as appropriate, and establish a pitch attitude to maintain the appropriate climb airspeed/ V-speed, ±5 knots for each climb segment. 22"
AA.III.C.S12,risk-management,explanation,auto,from the Task C References line,"Adjust power, as appropriate, and establish a pitch attitude to maintain the appropriate climb airspeed/ V-speed, ±5 knots for each climb segment. 22"
AA.III.C.S12,seaplane,explanation,auto,from the Task C References line,"Adjust power, as appropriate, and establish a pitch attitude to maintain the appropriate climb airspeed/ V-speed, ±5 knots for each climb segment. 22"
AA.III.C.S13,afh,explanation,auto,from the Task C References line,"Retract flaps after a positive rate of climb has been verified or in accordance with manufacturer or operator procedures and limitations, as appropriate."
AA.III.C.S13,phak,explanation,auto,from the Task C References line,"Retract flaps after a positive rate of climb has been verified or in accordance with manufacturer or operator procedures and limitations, as appropriate."
AA.III.C.S13,risk-management,explanation,auto,from the Task C References line,"Retract flaps after a positive rate of climb has been verified or in accordance with manufacturer or operator procedures and limitations, as appropriate."
AA.III.C.S13,seaplane,explanation,auto,from the Task C References line,"Retract flaps after a positive rate of climb has been verified or in accordance with manufacturer or operator procedures and limitations, as appropriate."
AA.III.C.S14,afh,explanation,auto,from the Task C References line,"Follow noise abatement procedures, as practicable."
AA.III.C.S14,phak,explanation,auto,from the Task C References line,"Follow noise abatement procedures, as practicable."
AA.III.C.S14,risk-management,explanation,auto,from the Task C References line,"Follow noise abatement procedures, as practicable."
AA.III.C.S14,seaplane,explanation,auto,from the Task C References line,"Follow noise abatement procedures, as practicable."
AA.III.C.S2,afh,explanation,auto,from the Task C References line,Make radio calls as appropriate.
AA.III.C.S2,phak,explanation,auto,from the Task C References line,Make radio calls as appropriate.
AA.III.C.S2,risk-management,explanation,auto,from the Task C References line,Make radio calls as appropriate.
AA.III.C.S2,seaplane,explanation,auto,from the Task C References line,Make radio calls as appropriate.
AA.III.C.S3,afh,explanation,auto,from the Task C References line,"Position the flight controls for the existing wind, if applicable."
AA.III.C.S3,phak,explanation,auto,from the Task C References line,"Position the flight controls for the existing wind, if applicable."
AA.III.C.S3,risk-management,explanation,auto,from the Task C References line,"Position the flight controls for the existing wind, if applicable."
AA.III.C.S3,seaplane,explanation,auto,from the Task C References line,"Position the flight controls for the existing wind, if applicable."
AA.III.C.S4,afh,explanation,auto,from the Task C References line,Verify the airplane is configured for takeoff.
AA.III.C.S4,phak,explanation,auto,from the Task C References line,Verify the airplane is configured for takeoff.
AA.III.C.S4,risk-management,explanation,auto,from the Task C References line,Verify the airplane is configured for takeoff.
AA.III.C.S4,seaplane,explanation,auto,from the Task C References line,Verify the airplane is configured for takeoff.
AA.III.C.S5,afh,explanation,auto,from the Task C References line,Clear the area; select appropriate takeoff path considering surface conditions and collision hazards.
AA.III.C.S5,phak,explanation,auto,from the Task C References line,Clear the area; select appropriate takeoff path considering surface conditions and collision hazards.
AA.III.C.S5,risk-management,explanation,auto,from the Task C References line,Clear the area; select appropriate takeoff path considering surface conditions and collision hazards.
AA.III.C.S5,seaplane,explanation,auto,from the Task C References line,Clear the area; select appropriate takeoff path considering surface conditions and collision hazards.
AA.III.C.S6,afh,explanation,auto,from the Task C References line,"Retract the water rudders, as appropriate."
AA.III.C.S6,phak,explanation,auto,from the Task C References line,"Retract the water rudders, as appropriate."
AA.III.C.S6,risk-management,explanation,auto,from the Task C References line,"Retract the water rudders, as appropriate."
AA.III.C.S6,seaplane,explanation,auto,from the Task C References line,"Retract the water rudders, as appropriate."
AA.III.C.S7,afh,explanation,auto,from the Task C References line,Set and confirm takeoff power.
AA.III.C.S7,phak,explanation,auto,from the Task C References line,Set and confirm takeoff power.
AA.III.C.S7,risk-management,explanation,auto,from the Task C References line,Set and confirm takeoff power.
AA.III.C.S7,seaplane,explanation,auto,from the Task C References line,Set and confirm takeoff power.
AA.III.C.S8,afh,explanation,auto,from the Task C References line,Avoid excessive water spray on the propeller(s).
AA.III.C.S8,phak,explanation,auto,from the Task C References line,Avoid excessive water spray on the propeller(s).
AA.III.C.S8,risk-management,explanation,auto,from the Task C References line,Avoid excessive water spray on the propeller(s).
AA.III.C.S8,seaplane,explanation,auto,from the Task C References line,Avoid excessive water spray on the propeller(s).
AA.III.C.S9,afh,explanation,auto,from the Task C References line,Maintain directional control throughout takeoff and climb.
AA.III.C.S9,phak,explanation,auto,from the Task C References line,Maintain directional control throughout takeoff and climb.
AA.III.C.S9,risk-management,explanation,auto,from the Task C References line,Maintain directional control throughout takeoff and climb.
AA.III.C.S9,seaplane,explanation,auto,from the Task C References line,Maintain directional control throughout takeoff and climb.
AA.III.D.K1,afh,explanation,auto,from the Task D References line,"A stabilized approach, including energy management concepts."
AA.III.D.K1,phak,explanation,auto,from the Task D References line,"A stabilized approach, including energy management concepts."
AA.III.D.K1,risk-management,explanation,auto,from the Task D References line,"A stabilized approach, including energy management concepts."
AA.III.D.K1,seaplane,explanation,auto,from the Task D References line,"A stabilized approach, including energy management concepts."
AA.III.D.K2,afh,explanation,auto,from the Task D References line,"Effects of atmospheric conditions, including wind, on approach and landing performance."
AA.III.D.K2,phak,explanation,auto,from the Task D References line,"Effects of atmospheric conditions, including wind, on approach and landing performance."
AA.III.D.K2,risk-management,explanation,auto,from the Task D References line,"Effects of atmospheric conditions, including wind, on approach and landing performance."
AA.III.D.K2,seaplane,explanation,auto,from the Task D References line,"Effects of atmospheric conditions, including wind, on approach and landing performance."
AA.III.D.K3,afh,explanation,auto,from the Task D References line,Wind correction techniques on approach and landing.
AA.III.D.K3,phak,explanation,auto,from the Task D References line,Wind correction techniques on approach and landing.
AA.III.D.K3,risk-management,explanation,auto,from the Task D References line,Wind correction techniques on approach and landing.
AA.III.D.K3,seaplane,explanation,auto,from the Task D References line,Wind correction techniques on approach and landing.
AA.III.D.K4,afh,explanation,auto,from the Task D References line,When and why glassy water techniques are used.
AA.III.D.K4,phak,explanation,auto,from the Task D References line,When and why glassy water techniques are used.
AA.III.D.K4,risk-management,explanation,auto,from the Task D References line,When and why glassy water techniques are used.
AA.III.D.K4,seaplane,explanation,auto,from the Task D References line,When and why glassy water techniques are used.
AA.III.D.K5,afh,explanation,auto,from the Task D References line,How a glassy water approach and landing is executed.
AA.III.D.K5,phak,explanation,auto,from the Task D References line,How a glassy water approach and landing is executed.
AA.III.D.K5,risk-management,explanation,auto,from the Task D References line,How a glassy water approach and landing is executed.
AA.III.D.K5,seaplane,explanation,auto,from the Task D References line,How a glassy water approach and landing is executed.
AA.III.D.R1,afh,explanation,auto,from the Task D References line,"Selection of the approach path and touchdown area based on aircraft limitations, available distance, surface conditions, and wind."
AA.III.D.R1,phak,explanation,auto,from the Task D References line,"Selection of the approach path and touchdown area based on aircraft limitations, available distance, surface conditions, and wind."
AA.III.D.R1,risk-management,explanation,auto,from the Task D References line,"Selection of the approach path and touchdown area based on aircraft limitations, available distance, surface conditions, and wind."
AA.III.D.R1,seaplane,explanation,auto,from the Task D References line,"Selection of the approach path and touchdown area based on aircraft limitations, available distance, surface conditions, and wind."
AA.III.D.R2,afh,explanation,auto,from the Task D References line,Go-around/rejected landing.
AA.III.D.R2,phak,explanation,auto,from the Task D References line,Go-around/rejected landing.
AA.III.D.R2,risk-management,explanation,auto,from the Task D References line,Go-around/rejected landing.
AA.III.D.R2,seaplane,explanation,auto,from the Task D References line,Go-around/rejected landing.
AA.III.D.R3,afh,explanation,auto,from the Task D References line,Collision hazards.
AA.III.D.R3,phak,explanation,auto,from the Task D References line,Collision hazards.
AA.III.D.R3,risk-management,explanation,auto,from the Task D References line,Collision hazards.
AA.III.D.R3,seaplane,explanation,auto,from the Task D References line,Collision hazards.
AA.III.D.R4,afh,explanation,auto,from the Task D References line,"Low altitude maneuvering, including stall, spin, or controlled flight into terrain (CFIT)."
AA.III.D.R4,phak,explanation,auto,from the Task D References line,"Low altitude maneuvering, including stall, spin, or controlled flight into terrain (CFIT)."
AA.III.D.R4,risk-management,explanation,auto,from the Task D References line,"Low altitude maneuvering, including stall, spin, or controlled flight into terrain (CFIT)."
AA.III.D.R4,seaplane,explanation,auto,from the Task D References line,"Low altitude maneuvering, including stall, spin, or controlled flight into terrain (CFIT)."
AA.III.D.R5,afh,explanation,auto,from the Task D References line,"Distractions, task prioritization, loss of situational awareness, or disorientation."
AA.III.D.R5,phak,explanation,auto,from the Task D References line,"Distractions, task prioritization, loss of situational awareness, or disorientation."
AA.III.D.R5,risk-management,explanation,auto,from the Task D References line,"Distractions, task prioritization, loss of situational awareness, or disorientation."
AA.III.D.R5,seaplane,explanation,auto,from the Task D References line,"Distractions, task prioritization, loss of situational awareness, or disorientation."
AA.III.D.R6,afh,explanation,auto,from the Task D References line,Gear position in an amphibious airplane.
AA.III.D.R6,phak,explanation,auto,from the Task D References line,Gear position in an amphibious airplane.
AA.III.D.R6,risk-management,explanation,auto,from the Task D References line,Gear position in an amphibious airplane.
AA.III.D.R6,seaplane,explanation,auto,from the Task D References line,Gear position in an amphibious airplane.
AA.III.D.S1,afh,explanation,auto,from the Task D References line,"Coordinate with crew, if applicable, and complete the appropriate checklist(s)."
AA.III.D.S1,phak,explanation,auto,from the Task D References line,"Coordinate with crew, if applicable, and complete the appropriate checklist(s)."
AA.III.D.S1,risk-management,explanation,auto,from the Task D References line,"Coordinate with crew, if applicable, and complete the appropriate checklist(s)."
AA.III.D.S1,seaplane,explanation,auto,from the Task D References line,"Coordinate with crew, if applicable, and complete the appropriate checklist(s)."
AA.III.D.S2,afh,explanation,auto,from the Task D References line,Make radio calls as appropriate.
AA.III.D.S2,phak,explanation,auto,from the Task D References line,Make radio calls as appropriate.
AA.III.D.S2,risk-management,explanation,auto,from the Task D References line,Make radio calls as appropriate.
AA.III.D.S2,seaplane,explanation,auto,from the Task D References line,Make radio calls as appropriate.
AA.III.D.S3,afh,explanation,auto,from the Task D References line,"Ensure that the landing gear and water rudders are retracted, if applicable."
AA.III.D.S3,phak,explanation,auto,from the Task D References line,"Ensure that the landing gear and water rudders are retracted, if applicable."
AA.III.D.S3,risk-management,explanation,auto,from the Task D References line,"Ensure that the landing gear and water rudders are retracted, if applicable."
AA.III.D.S3,seaplane,explanation,auto,from the Task D References line,"Ensure that the landing gear and water rudders are retracted, if applicable."
AA.III.D.S4,afh,explanation,auto,from the Task D References line,"Consider the landing surface, visual attitude references, water depth, and collision hazards and select the proper approach and landing path."
AA.III.D.S4,phak,explanation,auto,from the Task D References line,"Consider the landing surface, visual attitude references, water depth, and collision hazards and select the proper approach and landing path."
AA.III.D.S4,risk-management,explanation,auto,from the Task D References line,"Consider the landing surface, visual attitude references, water depth, and collision hazards and select the proper approach and landing path."
AA.III.D.S4,seaplane,explanation,auto,from the Task D References line,"Consider the landing surface, visual attitude references, water depth, and collision hazards and select the proper approach and landing path."
AA.III.D.S5,afh,explanation,auto,from the Task D References line,"Establish the recommended approach and landing configuration, airspeed, and trim, and adjust pitch attitude and power as required to maintain a stabilized approach."
AA.III.D.S5,phak,explanation,auto,from the Task D References line,"Establish the recommended approach and landing configuration, airspeed, and trim, and adjust pitch attitude and power as required to maintain a stabilized approach."
AA.III.D.S5,risk-management,explanation,auto,from the Task D References line,"Establish the recommended approach and landing configuration, airspeed, and trim, and adjust pitch attitude and power as required to maintain a stabilized approach."
AA.III.D.S5,seaplane,explanation,auto,from the Task D References line,"Establish the recommended approach and landing configuration, airspeed, and trim, and adjust pitch attitude and power as required to maintain a stabilized approach."
AA.III.D.S6,afh,explanation,auto,from the Task D References line,"Maintain a stabilized approach and recommended airspeed, ±5 knots. 23"
AA.III.D.S6,phak,explanation,auto,from the Task D References line,"Maintain a stabilized approach and recommended airspeed, ±5 knots. 23"
AA.III.D.S6,risk-management,explanation,auto,from the Task D References line,"Maintain a stabilized approach and recommended airspeed, ±5 knots. 23"
AA.III.D.S6,seaplane,explanation,auto,from the Task D References line,"Maintain a stabilized approach and recommended airspeed, ±5 knots. 23"
AA.III.D.S7,afh,explanation,auto,from the Task D References line,"Make smooth, timely, and correct power and control adjustments to maintain proper pitch attitude and rate of descent to touchdown."
AA.III.D.S7,phak,explanation,auto,from the Task D References line,"Make smooth, timely, and correct power and control adjustments to maintain proper pitch attitude and rate of descent to touchdown."
AA.III.D.S7,risk-management,explanation,auto,from the Task D References line,"Make smooth, timely, and correct power and control adjustments to maintain proper pitch attitude and rate of descent to touchdown."
AA.III.D.S7,seaplane,explanation,auto,from the Task D References line,"Make smooth, timely, and correct power and control adjustments to maintain proper pitch attitude and rate of descent to touchdown."
AA.III.D.S8,afh,explanation,auto,from the Task D References line,Maintain directional control throughout the approach and landing.
AA.III.D.S8,phak,explanation,auto,from the Task D References line,Maintain directional control throughout the approach and landing.
AA.III.D.S8,risk-management,explanation,auto,from the Task D References line,Maintain directional control throughout the approach and landing.
AA.III.D.S8,seaplane,explanation,auto,from the Task D References line,Maintain directional control throughout the approach and landing.
AA.III.D.S9,afh,explanation,auto,from the Task D References line,"Contact the water in a proper pitch attitude, and slow to idle taxi speed."
AA.III.D.S9,phak,explanation,auto,from the Task D References line,"Contact the water in a proper pitch attitude, and slow to idle taxi speed."
AA.III.D.S9,risk-management,explanation,auto,from the Task D References line,"Contact the water in a proper pitch attitude, and slow to idle taxi speed."
AA.III.D.S9,seaplane,explanation,auto,from the Task D References line,"Contact the water in a proper pitch attitude, and slow to idle taxi speed."
AA.III.E.K1,afh,explanation,auto,from the Task E References line,"Effects of atmospheric conditions, including wind, on takeoff and climb performance."
AA.III.E.K1,phak,explanation,auto,from the Task E References line,"Effects of atmospheric conditions, including wind, on takeoff and climb performance."
AA.III.E.K1,risk-management,explanation,auto,from the Task E References line,"Effects of atmospheric conditions, including wind, on takeoff and climb performance."
AA.III.E.K1,seaplane,explanation,auto,from the Task E References line,"Effects of atmospheric conditions, including wind, on takeoff and climb performance."
AA.III.E.K2,afh,explanation,auto,from the Task E References line,Appropriate power settings and V-speeds for takeoff and climb.
AA.III.E.K2,phak,explanation,auto,from the Task E References line,Appropriate power settings and V-speeds for takeoff and climb.
AA.III.E.K2,risk-management,explanation,auto,from the Task E References line,Appropriate power settings and V-speeds for takeoff and climb.
AA.III.E.K2,seaplane,explanation,auto,from the Task E References line,Appropriate power settings and V-speeds for takeoff and climb.
AA.III.E.K3,afh,explanation,auto,from the Task E References line,Appropriate airplane configuration.
AA.III.E.K3,phak,explanation,auto,from the Task E References line,Appropriate airplane configuration.
AA.III.E.K3,risk-management,explanation,auto,from the Task E References line,Appropriate airplane configuration.
AA.III.E.K3,seaplane,explanation,auto,from the Task E References line,Appropriate airplane configuration.
AA.III.E.K4,afh,explanation,auto,from the Task E References line,Appropriate use of rough water takeoff and climb technique.
AA.III.E.K4,phak,explanation,auto,from the Task E References line,Appropriate use of rough water takeoff and climb technique.
AA.III.E.K4,risk-management,explanation,auto,from the Task E References line,Appropriate use of rough water takeoff and climb technique.
AA.III.E.K4,seaplane,explanation,auto,from the Task E References line,Appropriate use of rough water takeoff and climb technique.
AA.III.E.R1,afh,explanation,auto,from the Task E References line,"Selection of the takeoff path based on aircraft limitations, available distance, surface conditions, and wind."
AA.III.E.R1,phak,explanation,auto,from the Task E References line,"Selection of the takeoff path based on aircraft limitations, available distance, surface conditions, and wind."
AA.III.E.R1,risk-management,explanation,auto,from the Task E References line,"Selection of the takeoff path based on aircraft limitations, available distance, surface conditions, and wind."
AA.III.E.R1,seaplane,explanation,auto,from the Task E References line,"Selection of the takeoff path based on aircraft limitations, available distance, surface conditions, and wind."
AA.III.E.R2,afh,explanation,auto,from the Task E References line,"Abnormal operations, including planning for:"
AA.III.E.R2,phak,explanation,auto,from the Task E References line,"Abnormal operations, including planning for:"
AA.III.E.R2,risk-management,explanation,auto,from the Task E References line,"Abnormal operations, including planning for:"
AA.III.E.R2,seaplane,explanation,auto,from the Task E References line,"Abnormal operations, including planning for:"
AA.III.E.R2a,afh,explanation,auto,from the Task E References line,a. Rejected takeoff
AA.III.E.R2a,phak,explanation,auto,from the Task E References line,a. Rejected takeoff
AA.III.E.R2a,risk-management,explanation,auto,from the Task E References line,a. Rejected takeoff
AA.III.E.R2a,seaplane,explanation,auto,from the Task E References line,a. Rejected takeoff
AA.III.E.R2b,afh,explanation,auto,from the Task E References line,b. Potential engine failure in takeoff/climb phase of flight
AA.III.E.R2b,phak,explanation,auto,from the Task E References line,b. Potential engine failure in takeoff/climb phase of flight
AA.III.E.R2b,risk-management,explanation,auto,from the Task E References line,b. Potential engine failure in takeoff/climb phase of flight
AA.III.E.R2b,seaplane,explanation,auto,from the Task E References line,b. Potential engine failure in takeoff/climb phase of flight
AA.III.E.R3,afh,explanation,auto,from the Task E References line,Collision hazards.
AA.III.E.R3,phak,explanation,auto,from the Task E References line,Collision hazards.
AA.III.E.R3,risk-management,explanation,auto,from the Task E References line,Collision hazards.
AA.III.E.R3,seaplane,explanation,auto,from the Task E References line,Collision hazards.
AA.III.E.R4,afh,explanation,auto,from the Task E References line,"Low altitude maneuvering, including stall, spin, or controlled flight into terrain (CFIT)."
AA.III.E.R4,phak,explanation,auto,from the Task E References line,"Low altitude maneuvering, including stall, spin, or controlled flight into terrain (CFIT)."
AA.III.E.R4,risk-management,explanation,auto,from the Task E References line,"Low altitude maneuvering, including stall, spin, or controlled flight into terrain (CFIT)."
AA.III.E.R4,seaplane,explanation,auto,from the Task E References line,"Low altitude maneuvering, including stall, spin, or controlled flight into terrain (CFIT)."
AA.III.E.R5,afh,explanation,auto,from the Task E References line,"Distractions, task prioritization, loss of situational awareness, or disorientation."
AA.III.E.R5,phak,explanation,auto,from the Task E References line,"Distractions, task prioritization, loss of situational awareness, or disorientation."
AA.III.E.R5,risk-management,explanation,auto,from the Task E References line,"Distractions, task prioritization, loss of situational awareness, or disorientation."
AA.III.E.R5,seaplane,explanation,auto,from the Task E References line,"Distractions, task prioritization, loss of situational awareness, or disorientation."
AA.III.E.R6,afh,explanation,auto,from the Task E References line,Gear position in an amphibious airplane.
AA.III.E.R6,phak,explanation,auto,from the Task E References line,Gear position in an amphibious airplane.
AA.III.E.R6,risk-management,explanation,auto,from the Task E References line,Gear position in an amphibious airplane.
AA.III.E.R6,seaplane,explanation,auto,from the Task E References line,Gear position in an amphibious airplane.
AA.III.E.S1,afh,explanation,auto,from the Task E References line,"Coordinate with crew, if applicable, and complete the appropriate checklist(s) prior to takeoff in a timely manner."
AA.III.E.S1,phak,explanation,auto,from the Task E References line,"Coordinate with crew, if applicable, and complete the appropriate checklist(s) prior to takeoff in a timely manner."
AA.III.E.S1,risk-management,explanation,auto,from the Task E References line,"Coordinate with crew, if applicable, and complete the appropriate checklist(s) prior to takeoff in a timely manner."
AA.III.E.S1,seaplane,explanation,auto,from the Task E References line,"Coordinate with crew, if applicable, and complete the appropriate checklist(s) prior to takeoff in a timely manner."
AA.III.E.S10,afh,explanation,auto,from the Task E References line,"Establish and maintain an appropriate planing attitude, directional control, and correct for porpoising, skipping, and increase in water drag."
AA.III.E.S10,phak,explanation,auto,from the Task E References line,"Establish and maintain an appropriate planing attitude, directional control, and correct for porpoising, skipping, and increase in water drag."
AA.III.E.S10,risk-management,explanation,auto,from the Task E References line,"Establish and maintain an appropriate planing attitude, directional control, and correct for porpoising, skipping, and increase in water drag."
AA.III.E.S10,seaplane,explanation,auto,from the Task E References line,"Establish and maintain an appropriate planing attitude, directional control, and correct for porpoising, skipping, and increase in water drag."
AA.III.E.S11,afh,explanation,auto,from the Task E References line,"Establish proper attitude and airspeed, lift off at minimum airspeed and accelerate to appropriate climb airspeed/V-speed, ±5 knots before leaving ground effect."
AA.III.E.S11,phak,explanation,auto,from the Task E References line,"Establish proper attitude and airspeed, lift off at minimum airspeed and accelerate to appropriate climb airspeed/V-speed, ±5 knots before leaving ground effect."
AA.III.E.S11,risk-management,explanation,auto,from the Task E References line,"Establish proper attitude and airspeed, lift off at minimum airspeed and accelerate to appropriate climb airspeed/V-speed, ±5 knots before leaving ground effect."
AA.III.E.S11,seaplane,explanation,auto,from the Task E References line,"Establish proper attitude and airspeed, lift off at minimum airspeed and accelerate to appropriate climb airspeed/V-speed, ±5 knots before leaving ground effect."
AA.III.E.S12,afh,explanation,auto,from the Task E References line,Retract the flaps after a positive rate of climb is established and a safe altitude has been achieved.
AA.III.E.S12,phak,explanation,auto,from the Task E References line,Retract the flaps after a positive rate of climb is established and a safe altitude has been achieved.
AA.III.E.S12,risk-management,explanation,auto,from the Task E References line,Retract the flaps after a positive rate of climb is established and a safe altitude has been achieved.
AA.III.E.S12,seaplane,explanation,auto,from the Task E References line,Retract the flaps after a positive rate of climb is established and a safe altitude has been achieved.
AA.III.E.S13,afh,explanation,auto,from the Task E References line,Maintain takeoff power to a safe maneuvering altitude then set climb power.
AA.III.E.S13,phak,explanation,auto,from the Task E References line,Maintain takeoff power to a safe maneuvering altitude then set climb power.
AA.III.E.S13,risk-management,explanation,auto,from the Task E References line,Maintain takeoff power to a safe maneuvering altitude then set climb power.
AA.III.E.S13,seaplane,explanation,auto,from the Task E References line,Maintain takeoff power to a safe maneuvering altitude then set climb power.
AA.III.E.S14,afh,explanation,auto,from the Task E References line,"Follow noise abatement procedures, as practicable."
AA.III.E.S14,phak,explanation,auto,from the Task E References line,"Follow noise abatement procedures, as practicable."
AA.III.E.S14,risk-management,explanation,auto,from the Task E References line,"Follow noise abatement procedures, as practicable."
AA.III.E.S14,seaplane,explanation,auto,from the Task E References line,"Follow noise abatement procedures, as practicable."
AA.III.E.S2,afh,explanation,auto,from the Task E References line,Make radio calls as appropriate.
AA.III.E.S2,phak,explanation,auto,from the Task E References line,Make radio calls as appropriate.
AA.III.E.S2,risk-management,explanation,auto,from the Task E References line,Make radio calls as appropriate.
AA.III.E.S2,seaplane,explanation,auto,from the Task E References line,Make radio calls as appropriate.
AA.III.E.S3,afh,explanation,auto,from the Task E References line,"Position the flight controls for the existing wind, if applicable."
AA.III.E.S3,phak,explanation,auto,from the Task E References line,"Position the flight controls for the existing wind, if applicable."
AA.III.E.S3,risk-management,explanation,auto,from the Task E References line,"Position the flight controls for the existing wind, if applicable."
AA.III.E.S3,seaplane,explanation,auto,from the Task E References line,"Position the flight controls for the existing wind, if applicable."
AA.III.E.S4,afh,explanation,auto,from the Task E References line,Verify the airplane is configured for takeoff.
AA.III.E.S4,phak,explanation,auto,from the Task E References line,Verify the airplane is configured for takeoff.
AA.III.E.S4,risk-management,explanation,auto,from the Task E References line,Verify the airplane is configured for takeoff.
AA.III.E.S4,seaplane,explanation,auto,from the Task E References line,Verify the airplane is configured for takeoff.
AA.III.E.S5,afh,explanation,auto,from the Task E References line,Clear the area; select appropriate takeoff path considering surface conditions and collision hazards. 24
AA.III.E.S5,phak,explanation,auto,from the Task E References line,Clear the area; select appropriate takeoff path considering surface conditions and collision hazards. 24
AA.III.E.S5,risk-management,explanation,auto,from the Task E References line,Clear the area; select appropriate takeoff path considering surface conditions and collision hazards. 24
AA.III.E.S5,seaplane,explanation,auto,from the Task E References line,Clear the area; select appropriate takeoff path considering surface conditions and collision hazards. 24
AA.III.E.S6,afh,explanation,auto,from the Task E References line,"Retract the water rudders, as appropriate."
AA.III.E.S6,phak,explanation,auto,from the Task E References line,"Retract the water rudders, as appropriate."
AA.III.E.S6,risk-management,explanation,auto,from the Task E References line,"Retract the water rudders, as appropriate."
AA.III.E.S6,seaplane,explanation,auto,from the Task E References line,"Retract the water rudders, as appropriate."
AA.III.E.S7,afh,explanation,auto,from the Task E References line,Set and confirm takeoff power.
AA.III.E.S7,phak,explanation,auto,from the Task E References line,Set and confirm takeoff power.
AA.III.E.S7,risk-management,explanation,auto,from the Task E References line,Set and confirm takeoff power.
AA.III.E.S7,seaplane,explanation,auto,from the Task E References line,Set and confirm takeoff power.
AA.III.E.S8,afh,explanation,auto,from the Task E References line,Avoid excessive water spray on the propeller(s).
AA.III.E.S8,phak,explanation,auto,from the Task E References line,Avoid excessive water spray on the propeller(s).
AA.III.E.S8,risk-management,explanation,auto,from the Task E References line,Avoid excessive water spray on the propeller(s).
AA.III.E.S8,seaplane,explanation,auto,from the Task E References line,Avoid excessive water spray on the propeller(s).
AA.III.E.S9,afh,explanation,auto,from the Task E References line,Maintain directional control and proper wind-drift correction throughout takeoff and climb.
AA.III.E.S9,phak,explanation,auto,from the Task E References line,Maintain directional control and proper wind-drift correction throughout takeoff and climb.
AA.III.E.S9,risk-management,explanation,auto,from the Task E References line,Maintain directional control and proper wind-drift correction throughout takeoff and climb.
AA.III.E.S9,seaplane,explanation,auto,from the Task E References line,Maintain directional control and proper wind-drift correction throughout takeoff and climb.
AA.III.F.K1,afh,explanation,auto,from the Task F References line,"A stabilized approach, including energy management concepts."
AA.III.F.K1,phak,explanation,auto,from the Task F References line,"A stabilized approach, including energy management concepts."
AA.III.F.K1,risk-management,explanation,auto,from the Task F References line,"A stabilized approach, including energy management concepts."
AA.III.F.K1,seaplane,explanation,auto,from the Task F References line,"A stabilized approach, including energy management concepts."
AA.III.F.K2,afh,explanation,auto,from the Task F References line,"Effects of atmospheric conditions, including wind, on approach and landing performance."
AA.III.F.K2,phak,explanation,auto,from the Task F References line,"Effects of atmospheric conditions, including wind, on approach and landing performance."
AA.III.F.K2,risk-management,explanation,auto,from the Task F References line,"Effects of atmospheric conditions, including wind, on approach and landing performance."
AA.III.F.K2,seaplane,explanation,auto,from the Task F References line,"Effects of atmospheric conditions, including wind, on approach and landing performance."
AA.III.F.K3,afh,explanation,auto,from the Task F References line,Wind correction techniques on approach and landing.
AA.III.F.K3,phak,explanation,auto,from the Task F References line,Wind correction techniques on approach and landing.
AA.III.F.K3,risk-management,explanation,auto,from the Task F References line,Wind correction techniques on approach and landing.
AA.III.F.K3,seaplane,explanation,auto,from the Task F References line,Wind correction techniques on approach and landing.
AA.III.F.K4,afh,explanation,auto,from the Task F References line,When and why rough water techniques are used.
AA.III.F.K4,phak,explanation,auto,from the Task F References line,When and why rough water techniques are used.
AA.III.F.K4,risk-management,explanation,auto,from the Task F References line,When and why rough water techniques are used.
AA.III.F.K4,seaplane,explanation,auto,from the Task F References line,When and why rough water techniques are used.
AA.III.F.K5,afh,explanation,auto,from the Task F References line,How to perform a proper rough water approach and landing.
AA.III.F.K5,phak,explanation,auto,from the Task F References line,How to perform a proper rough water approach and landing.
AA.III.F.K5,risk-management,explanation,auto,from the Task F References line,How to perform a proper rough water approach and landing.
AA.III.F.K5,seaplane,explanation,auto,from the Task F References line,How to perform a proper rough water approach and landing.
AA.III.F.R1,afh,explanation,auto,from the Task F References line,"Selection of the approach path and touchdown area based on airplane limitations, available distance, surface conditions, and wind."
AA.III.F.R1,phak,explanation,auto,from the Task F References line,"Selection of the approach path and touchdown area based on airplane limitations, available distance, surface conditions, and wind."
AA.III.F.R1,risk-management,explanation,auto,from the Task F References line,"Selection of the approach path and touchdown area based on airplane limitations, available distance, surface conditions, and wind."
AA.III.F.R1,seaplane,explanation,auto,from the Task F References line,"Selection of the approach path and touchdown area based on airplane limitations, available distance, surface conditions, and wind."
AA.III.F.R2,afh,explanation,auto,from the Task F References line,Go-around/rejected landing.
AA.III.F.R2,phak,explanation,auto,from the Task F References line,Go-around/rejected landing.
AA.III.F.R2,risk-management,explanation,auto,from the Task F References line,Go-around/rejected landing.
AA.III.F.R2,seaplane,explanation,auto,from the Task F References line,Go-around/rejected landing.
AA.III.F.R3,afh,explanation,auto,from the Task F References line,Collision hazards.
AA.III.F.R3,phak,explanation,auto,from the Task F References line,Collision hazards.
AA.III.F.R3,risk-management,explanation,auto,from the Task F References line,Collision hazards.
AA.III.F.R3,seaplane,explanation,auto,from the Task F References line,Collision hazards.
AA.III.F.R4,afh,explanation,auto,from the Task F References line,"Low altitude maneuvering, including stall, spin, or controlled flight into terrain (CFIT)."
AA.III.F.R4,phak,explanation,auto,from the Task F References line,"Low altitude maneuvering, including stall, spin, or controlled flight into terrain (CFIT)."
AA.III.F.R4,risk-management,explanation,auto,from the Task F References line,"Low altitude maneuvering, including stall, spin, or controlled flight into terrain (CFIT)."
AA.III.F.R4,seaplane,explanation,auto,from the Task F References line,"Low altitude maneuvering, including stall, spin, or controlled flight into terrain (CFIT)."
AA.III.F.R5,afh,explanation,auto,from the Task F References line,"Distractions, task prioritization, loss of situational awareness, or disorientation."
AA.III.F.R5,phak,explanation,auto,from the Task F References line,"Distractions, task prioritization, loss of situational awareness, or disorientation."
AA.III.F.R5,risk-management,explanation,auto,from the Task F References line,"Distractions, task prioritization, loss of situational awareness, or disorientation."
AA.III.F.R5,seaplane,explanation,auto,from the Task F References line,"Distractions, task prioritization, loss of situational awareness, or disorientation."
AA.III.F.R6,afh,explanation,auto,from the Task F References line,Gear position in an amphibious airplane.
AA.III.F.R6,phak,explanation,auto,from the Task F References line,Gear position in an amphibious airplane.
AA.III.F.R6,risk-management,explanation,auto,from the Task F References line,Gear position in an amphibious airplane.
AA.III.F.R6,seaplane,explanation,auto,from the Task F References line,Gear position in an amphibious airplane.
AA.III.F.S1,afh,explanation,auto,from the Task F References line,"Coordinate with crew, if applicable, and complete the appropriate checklist(s)."
AA.III.F.S1,phak,explanation,auto,from the Task F References line,"Coordinate with crew, if applicable, and complete the appropriate checklist(s)."
AA.III.F.S1,risk-management,explanation,auto,from the Task F References line,"Coordinate with crew, if applicable, and complete the appropriate checklist(s)."
AA.III.F.S1,seaplane,explanation,auto,from the Task F References line,"Coordinate with crew, if applicable, and complete the appropriate checklist(s)."
AA.III.F.S10,afh,explanation,auto,from the Task F References line,Maintain positive after-landing control.
AA.III.F.S10,phak,explanation,auto,from the Task F References line,Maintain positive after-landing control.
AA.III.F.S10,risk-management,explanation,auto,from the Task F References line,Maintain positive after-landing control.
AA.III.F.S10,seaplane,explanation,auto,from the Task F References line,Maintain positive after-landing control.
AA.III.F.S2,afh,explanation,auto,from the Task F References line,Make radio calls as appropriate.
AA.III.F.S2,phak,explanation,auto,from the Task F References line,Make radio calls as appropriate.
AA.III.F.S2,risk-management,explanation,auto,from the Task F References line,Make radio calls as appropriate.
AA.III.F.S2,seaplane,explanation,auto,from the Task F References line,Make radio calls as appropriate.
AA.III.F.S3,afh,explanation,auto,from the Task F References line,"Ensure that the landing gear and water rudders are retracted, if applicable."
AA.III.F.S3,phak,explanation,auto,from the Task F References line,"Ensure that the landing gear and water rudders are retracted, if applicable."
AA.III.F.S3,risk-management,explanation,auto,from the Task F References line,"Ensure that the landing gear and water rudders are retracted, if applicable."
AA.III.F.S3,seaplane,explanation,auto,from the Task F References line,"Ensure that the landing gear and water rudders are retracted, if applicable."
AA.III.F.S4,afh,explanation,auto,from the Task F References line,"Consider the landing surface, visual attitude references, water depth, and collision hazards and select the proper approach and landing path."
AA.III.F.S4,phak,explanation,auto,from the Task F References line,"Consider the landing surface, visual attitude references, water depth, and collision hazards and select the proper approach and landing path."
AA.III.F.S4,risk-management,explanation,auto,from the Task F References line,"Consider the landing surface, visual attitude references, water depth, and collision hazards and select the proper approach and landing path."
AA.III.F.S4,seaplane,explanation,auto,from the Task F References line,"Consider the landing surface, visual attitude references, water depth, and collision hazards and select the proper approach and landing path."
AA.III.F.S5,afh,explanation,auto,from the Task F References line,"Establish the recommended approach and landing configuration, airspeed, and trim, and adjust pitch attitude and power as required to maintain a stabilized approach."
AA.III.F.S5,phak,explanation,auto,from the Task F References line,"Establish the recommended approach and landing configuration, airspeed, and trim, and adjust pitch attitude and power as required to maintain a stabilized approach."
AA.III.F.S5,risk-management,explanation,auto,from the Task F References line,"Establish the recommended approach and landing configuration, airspeed, and trim, and adjust pitch attitude and power as required to maintain a stabilized approach."
AA.III.F.S5,seaplane,explanation,auto,from the Task F References line,"Establish the recommended approach and landing configuration, airspeed, and trim, and adjust pitch attitude and power as required to maintain a stabilized approach."
AA.III.F.S6,afh,explanation,auto,from the Task F References line,"Maintain a stabilized approach and recommended airspeed with gust factor applied, ±5 knots."
AA.III.F.S6,phak,explanation,auto,from the Task F References line,"Maintain a stabilized approach and recommended airspeed with gust factor applied, ±5 knots."
AA.III.F.S6,risk-management,explanation,auto,from the Task F References line,"Maintain a stabilized approach and recommended airspeed with gust factor applied, ±5 knots."
AA.III.F.S6,seaplane,explanation,auto,from the Task F References line,"Maintain a stabilized approach and recommended airspeed with gust factor applied, ±5 knots."
AA.III.F.S7,afh,explanation,auto,from the Task F References line,"Make smooth, timely, and correct power and control adjustments to maintain proper attitude and rate of descent to touchdown."
AA.III.F.S7,phak,explanation,auto,from the Task F References line,"Make smooth, timely, and correct power and control adjustments to maintain proper attitude and rate of descent to touchdown."
AA.III.F.S7,risk-management,explanation,auto,from the Task F References line,"Make smooth, timely, and correct power and control adjustments to maintain proper attitude and rate of descent to touchdown."
AA.III.F.S7,seaplane,explanation,auto,from the Task F References line,"Make smooth, timely, and correct power and control adjustments to maintain proper attitude and rate of descent to touchdown."
AA.III.F.S8,afh,explanation,auto,from the Task F References line,Contact the water at the correct pitch attitude and touchdown speed.
AA.III.F.S8,phak,explanation,auto,from the Task F References line,Contact the water at the correct pitch attitude and touchdown speed.
AA.III.F.S8,risk-management,explanation,auto,from the Task F References line,Contact the water at the correct pitch attitude and touchdown speed.
AA.III.F.S8,seaplane,explanation,auto,from the Task F References line,Contact the water at the correct pitch attitude and touchdown speed.
AA.III.F.S9,afh,explanation,auto,from the Task F References line,"Make smooth, timely, and correct power and control application during the landing while remaining alert for a go-around should conditions be too rough."
AA.III.F.S9,phak,explanation,auto,from the Task F References line,"Make smooth, timely, and correct power and control application during the landing while remaining alert for a go-around should conditions be too rough."
AA.III.F.S9,risk-management,explanation,auto,from the Task F References line,"Make smooth, timely, and correct power and control application during the landing while remaining alert for a go-around should conditions be too rough."
AA.III.F.S9,seaplane,explanation,auto,from the Task F References line,"Make smooth, timely, and correct power and control application during the landing while remaining alert for a go-around should conditions be too rough."
AA.III.G.K1,afh,explanation,auto,from the Task G References line,"Effects of atmospheric conditions, including wind, on takeoff and climb performance."
AA.III.G.K1,phak,explanation,auto,from the Task G References line,"Effects of atmospheric conditions, including wind, on takeoff and climb performance."
AA.III.G.K1,risk-management,explanation,auto,from the Task G References line,"Effects of atmospheric conditions, including wind, on takeoff and climb performance."
AA.III.G.K1,seaplane,explanation,auto,from the Task G References line,"Effects of atmospheric conditions, including wind, on takeoff and climb performance."
AA.III.G.K2,afh,explanation,auto,from the Task G References line,Appropriate power settings and V-speeds for takeoff and climb.
AA.III.G.K2,phak,explanation,auto,from the Task G References line,Appropriate power settings and V-speeds for takeoff and climb.
AA.III.G.K2,risk-management,explanation,auto,from the Task G References line,Appropriate power settings and V-speeds for takeoff and climb.
AA.III.G.K2,seaplane,explanation,auto,from the Task G References line,Appropriate power settings and V-speeds for takeoff and climb.
AA.III.G.K3,afh,explanation,auto,from the Task G References line,Appropriate airplane configuration.
AA.III.G.K3,phak,explanation,auto,from the Task G References line,Appropriate airplane configuration.
AA.III.G.K3,risk-management,explanation,auto,from the Task G References line,Appropriate airplane configuration.
AA.III.G.K3,seaplane,explanation,auto,from the Task G References line,Appropriate airplane configuration.
AA.III.G.K4,afh,explanation,auto,from the Task G References line,Effects of water surface.
AA.III.G.K4,phak,explanation,auto,from the Task G References line,Effects of water surface.
AA.III.G.K4,risk-management,explanation,auto,from the Task G References line,Effects of water surface.
AA.III.G.K4,seaplane,explanation,auto,from the Task G References line,Effects of water surface.
AA.III.G.K5,afh,explanation,auto,from the Task G References line,Available techniques for confined-area takeoff and climb.
AA.III.G.K5,phak,explanation,auto,from the Task G References line,Available techniques for confined-area takeoff and climb.
AA.III.G.K5,risk-management,explanation,auto,from the Task G References line,Available techniques for confined-area takeoff and climb.
AA.III.G.K5,seaplane,explanation,auto,from the Task G References line,Available techniques for confined-area takeoff and climb.
AA.III.G.R1,afh,explanation,auto,from the Task G References line,"Selection of the takeoff path based on airplane limitations, available distance, surface conditions, and wind."
AA.III.G.R1,phak,explanation,auto,from the Task G References line,"Selection of the takeoff path based on airplane limitations, available distance, surface conditions, and wind."
AA.III.G.R1,risk-management,explanation,auto,from the Task G References line,"Selection of the takeoff path based on airplane limitations, available distance, surface conditions, and wind."
AA.III.G.R1,seaplane,explanation,auto,from the Task G References line,"Selection of the takeoff path based on airplane limitations, available distance, surface conditions, and wind."
AA.III.G.R2,afh,explanation,auto,from the Task G References line,"Abnormal operations, including planning for:"
AA.III.G.R2,phak,explanation,auto,from the Task G References line,"Abnormal operations, including planning for:"
AA.III.G.R2,risk-management,explanation,auto,from the Task G References line,"Abnormal operations, including planning for:"
AA.III.G.R2,seaplane,explanation,auto,from the Task G References line,"Abnormal operations, including planning for:"
AA.III.G.R2a,afh,explanation,auto,from the Task G References line,a. Rejected takeoff
AA.III.G.R2a,phak,explanation,auto,from the Task G References line,a. Rejected takeoff
AA.III.G.R2a,risk-management,explanation,auto,from the Task G References line,a. Rejected takeoff
AA.III.G.R2a,seaplane,explanation,auto,from the Task G References line,a. Rejected takeoff
AA.III.G.R2b,afh,explanation,auto,from the Task G References line,b. Potential engine failure in takeoff/climb phase of flight
AA.III.G.R2b,phak,explanation,auto,from the Task G References line,b. Potential engine failure in takeoff/climb phase of flight
AA.III.G.R2b,risk-management,explanation,auto,from the Task G References line,b. Potential engine failure in takeoff/climb phase of flight
AA.III.G.R2b,seaplane,explanation,auto,from the Task G References line,b. Potential engine failure in takeoff/climb phase of flight
AA.III.G.R3,afh,explanation,auto,from the Task G References line,Collision hazards.
AA.III.G.R3,phak,explanation,auto,from the Task G References line,Collision hazards.
AA.III.G.R3,risk-management,explanation,auto,from the Task G References line,Collision hazards.
AA.III.G.R3,seaplane,explanation,auto,from the Task G References line,Collision hazards.
AA.III.G.R4,afh,explanation,auto,from the Task G References line,"Low altitude maneuvering, including stall, spin, or controlled flight into terrain (CFIT). 26"
AA.III.G.R4,phak,explanation,auto,from the Task G References line,"Low altitude maneuvering, including stall, spin, or controlled flight into terrain (CFIT). 26"
AA.III.G.R4,risk-management,explanation,auto,from the Task G References line,"Low altitude maneuvering, including stall, spin, or controlled flight into terrain (CFIT). 26"
AA.III.G.R4,seaplane,explanation,auto,from the Task G References line,"Low altitude maneuvering, including stall, spin, or controlled flight into terrain (CFIT). 26"
AA.III.G.R5,afh,explanation,auto,from the Task G References line,"Distractions, task prioritization, loss of situational awareness, or disorientation."
AA.III.G.R5,phak,explanation,auto,from the Task G References line,"Distractions, task prioritization, loss of situational awareness, or disorientation."
AA.III.G.R5,risk-management,explanation,auto,from the Task G References line,"Distractions, task prioritization, loss of situational awareness, or disorientation."
AA.III.G.R5,seaplane,explanation,auto,from the Task G References line,"Distractions, task prioritization, loss of situational awareness, or disorientation."
AA.III.G.R6,afh,explanation,auto,from the Task G References line,Gear position in an amphibious airplane.
AA.III.G.R6,phak,explanation,auto,from the Task G References line,Gear position in an amphibious airplane.
AA.III.G.R6,risk-management,explanation,auto,from the Task G References line,Gear position in an amphibious airplane.
AA.III.G.R6,seaplane,explanation,auto,from the Task G References line,Gear position in an amphibious airplane.
AA.III.G.S1,afh,explanation,auto,from the Task G References line,"Coordinate with crew, if applicable, and complete the appropriate checklist(s) prior to takeoff in a timely manner."
AA.III.G.S1,phak,explanation,auto,from the Task G References line,"Coordinate with crew, if applicable, and complete the appropriate checklist(s) prior to takeoff in a timely manner."
AA.III.G.S1,risk-management,explanation,auto,from the Task G References line,"Coordinate with crew, if applicable, and complete the appropriate checklist(s) prior to takeoff in a timely manner."
AA.III.G.S1,seaplane,explanation,auto,from the Task G References line,"Coordinate with crew, if applicable, and complete the appropriate checklist(s) prior to takeoff in a timely manner."
AA.III.G.S10,afh,explanation,auto,from the Task G References line,"Establish and maintain an appropriate planing attitude, directional control, and correct for porpoising, skipping, and increase in water drag."
AA.III.G.S10,phak,explanation,auto,from the Task G References line,"Establish and maintain an appropriate planing attitude, directional control, and correct for porpoising, skipping, and increase in water drag."
AA.III.G.S10,risk-management,explanation,auto,from the Task G References line,"Establish and maintain an appropriate planing attitude, directional control, and correct for porpoising, skipping, and increase in water drag."
AA.III.G.S10,seaplane,explanation,auto,from the Task G References line,"Establish and maintain an appropriate planing attitude, directional control, and correct for porpoising, skipping, and increase in water drag."
AA.III.G.S11,afh,explanation,auto,from the Task G References line,"Rotate and lift off at the appropriate airspeed, and accelerate to the recommended obstacle clearance airspeed or VX using appropriate bank angles to maintain terrain clearance, as needed."
AA.III.G.S11,phak,explanation,auto,from the Task G References line,"Rotate and lift off at the appropriate airspeed, and accelerate to the recommended obstacle clearance airspeed or VX using appropriate bank angles to maintain terrain clearance, as needed."
AA.III.G.S11,risk-management,explanation,auto,from the Task G References line,"Rotate and lift off at the appropriate airspeed, and accelerate to the recommended obstacle clearance airspeed or VX using appropriate bank angles to maintain terrain clearance, as needed."
AA.III.G.S11,seaplane,explanation,auto,from the Task G References line,"Rotate and lift off at the appropriate airspeed, and accelerate to the recommended obstacle clearance airspeed or VX using appropriate bank angles to maintain terrain clearance, as needed."
AA.III.G.S12,afh,explanation,auto,from the Task G References line,"Climb at the recommended airspeed or in its absence at best angle-of-climb speed (VX), +5/-0 knots until the obstacle is cleared, or until the airplane is 50 feet above the surface. In multiengine airplanes with VX values within 5 knots of minimum control speed (VMC), the use of best rate of climb s"
AA.III.G.S12,phak,explanation,auto,from the Task G References line,"Climb at the recommended airspeed or in its absence at best angle-of-climb speed (VX), +5/-0 knots until the obstacle is cleared, or until the airplane is 50 feet above the surface. In multiengine airplanes with VX values within 5 knots of minimum control speed (VMC), the use of best rate of climb s"
AA.III.G.S12,risk-management,explanation,auto,from the Task G References line,"Climb at the recommended airspeed or in its absence at best angle-of-climb speed (VX), +5/-0 knots until the obstacle is cleared, or until the airplane is 50 feet above the surface. In multiengine airplanes with VX values within 5 knots of minimum control speed (VMC), the use of best rate of climb s"
AA.III.G.S12,seaplane,explanation,auto,from the Task G References line,"Climb at the recommended airspeed or in its absence at best angle-of-climb speed (VX), +5/-0 knots until the obstacle is cleared, or until the airplane is 50 feet above the surface. In multiengine airplanes with VX values within 5 knots of minimum control speed (VMC), the use of best rate of climb s"
AA.III.G.S13,afh,explanation,auto,from the Task G References line,"After clearing all obstacles, accelerate to VY ±5 knots."
AA.III.G.S13,phak,explanation,auto,from the Task G References line,"After clearing all obstacles, accelerate to VY ±5 knots."
AA.III.G.S13,risk-management,explanation,auto,from the Task G References line,"After clearing all obstacles, accelerate to VY ±5 knots."
AA.III.G.S13,seaplane,explanation,auto,from the Task G References line,"After clearing all obstacles, accelerate to VY ±5 knots."
AA.III.G.S14,afh,explanation,auto,from the Task G References line,"Retract flaps and adjust power as needed to maintain VY or appropriate climb airspeed, ±5 knots to a safe maneuvering altitude."
AA.III.G.S14,phak,explanation,auto,from the Task G References line,"Retract flaps and adjust power as needed to maintain VY or appropriate climb airspeed, ±5 knots to a safe maneuvering altitude."
AA.III.G.S14,risk-management,explanation,auto,from the Task G References line,"Retract flaps and adjust power as needed to maintain VY or appropriate climb airspeed, ±5 knots to a safe maneuvering altitude."
AA.III.G.S14,seaplane,explanation,auto,from the Task G References line,"Retract flaps and adjust power as needed to maintain VY or appropriate climb airspeed, ±5 knots to a safe maneuvering altitude."
AA.III.G.S15,afh,explanation,auto,from the Task G References line,"Follow noise abatement procedures, as practicable."
AA.III.G.S15,phak,explanation,auto,from the Task G References line,"Follow noise abatement procedures, as practicable."
AA.III.G.S15,risk-management,explanation,auto,from the Task G References line,"Follow noise abatement procedures, as practicable."
AA.III.G.S15,seaplane,explanation,auto,from the Task G References line,"Follow noise abatement procedures, as practicable."
AA.III.G.S2,afh,explanation,auto,from the Task G References line,Make radio calls as appropriate.
AA.III.G.S2,phak,explanation,auto,from the Task G References line,Make radio calls as appropriate.
AA.III.G.S2,risk-management,explanation,auto,from the Task G References line,Make radio calls as appropriate.
AA.III.G.S2,seaplane,explanation,auto,from the Task G References line,Make radio calls as appropriate.
AA.III.G.S3,afh,explanation,auto,from the Task G References line,"Position the flight controls for the existing wind, if applicable."
AA.III.G.S3,phak,explanation,auto,from the Task G References line,"Position the flight controls for the existing wind, if applicable."
AA.III.G.S3,risk-management,explanation,auto,from the Task G References line,"Position the flight controls for the existing wind, if applicable."
AA.III.G.S3,seaplane,explanation,auto,from the Task G References line,"Position the flight controls for the existing wind, if applicable."
AA.III.G.S4,afh,explanation,auto,from the Task G References line,Verify the airplane is configured for takeoff.
AA.III.G.S4,phak,explanation,auto,from the Task G References line,Verify the airplane is configured for takeoff.
AA.III.G.S4,risk-management,explanation,auto,from the Task G References line,Verify the airplane is configured for takeoff.
AA.III.G.S4,seaplane,explanation,auto,from the Task G References line,Verify the airplane is configured for takeoff.
AA.III.G.S5,afh,explanation,auto,from the Task G References line,Clear the area; select appropriate takeoff path considering surface conditions and collision hazards.
AA.III.G.S5,phak,explanation,auto,from the Task G References line,Clear the area; select appropriate takeoff path considering surface conditions and collision hazards.
AA.III.G.S5,risk-management,explanation,auto,from the Task G References line,Clear the area; select appropriate takeoff path considering surface conditions and collision hazards.
AA.III.G.S5,seaplane,explanation,auto,from the Task G References line,Clear the area; select appropriate takeoff path considering surface conditions and collision hazards.
AA.III.G.S6,afh,explanation,auto,from the Task G References line,"Retract the water rudders, as appropriate."
AA.III.G.S6,phak,explanation,auto,from the Task G References line,"Retract the water rudders, as appropriate."
AA.III.G.S6,risk-management,explanation,auto,from the Task G References line,"Retract the water rudders, as appropriate."
AA.III.G.S6,seaplane,explanation,auto,from the Task G References line,"Retract the water rudders, as appropriate."
AA.III.G.S7,afh,explanation,auto,from the Task G References line,Set and confirm takeoff power.
AA.III.G.S7,phak,explanation,auto,from the Task G References line,Set and confirm takeoff power.
AA.III.G.S7,risk-management,explanation,auto,from the Task G References line,Set and confirm takeoff power.
AA.III.G.S7,seaplane,explanation,auto,from the Task G References line,Set and confirm takeoff power.
AA.III.G.S8,afh,explanation,auto,from the Task G References line,Avoid excessive water spray on the propeller(s).
AA.III.G.S8,phak,explanation,auto,from the Task G References line,Avoid excessive water spray on the propeller(s).
AA.III.G.S8,risk-management,explanation,auto,from the Task G References line,Avoid excessive water spray on the propeller(s).
AA.III.G.S8,seaplane,explanation,auto,from the Task G References line,Avoid excessive water spray on the propeller(s).
AA.III.G.S9,afh,explanation,auto,from the Task G References line,Maintain directional control and proper wind-drift correction throughout takeoff and climb.
AA.III.G.S9,phak,explanation,auto,from the Task G References line,Maintain directional control and proper wind-drift correction throughout takeoff and climb.
AA.III.G.S9,risk-management,explanation,auto,from the Task G References line,Maintain directional control and proper wind-drift correction throughout takeoff and climb.
AA.III.G.S9,seaplane,explanation,auto,from the Task G References line,Maintain directional control and proper wind-drift correction throughout takeoff and climb.
AA.III.H.K1,afh,explanation,auto,from the Task H References line,"A stabilized approach, including energy management concepts."
AA.III.H.K1,phak,explanation,auto,from the Task H References line,"A stabilized approach, including energy management concepts."
AA.III.H.K1,risk-management,explanation,auto,from the Task H References line,"A stabilized approach, including energy management concepts."
AA.III.H.K1,seaplane,explanation,auto,from the Task H References line,"A stabilized approach, including energy management concepts."
AA.III.H.K2,afh,explanation,auto,from the Task H References line,"Effects of atmospheric conditions, including wind, on approach and landing performance."
AA.III.H.K2,phak,explanation,auto,from the Task H References line,"Effects of atmospheric conditions, including wind, on approach and landing performance."
AA.III.H.K2,risk-management,explanation,auto,from the Task H References line,"Effects of atmospheric conditions, including wind, on approach and landing performance."
AA.III.H.K2,seaplane,explanation,auto,from the Task H References line,"Effects of atmospheric conditions, including wind, on approach and landing performance."
AA.III.H.K3,afh,explanation,auto,from the Task H References line,Available techniques for confined-area approach and landing. 27
AA.III.H.K3,phak,explanation,auto,from the Task H References line,Available techniques for confined-area approach and landing. 27
AA.III.H.K3,risk-management,explanation,auto,from the Task H References line,Available techniques for confined-area approach and landing. 27
AA.III.H.K3,seaplane,explanation,auto,from the Task H References line,Available techniques for confined-area approach and landing. 27
AA.III.H.K4,afh,explanation,auto,from the Task H References line,Wind correction techniques on approach and landing.
AA.III.H.K4,phak,explanation,auto,from the Task H References line,Wind correction techniques on approach and landing.
AA.III.H.K4,risk-management,explanation,auto,from the Task H References line,Wind correction techniques on approach and landing.
AA.III.H.K4,seaplane,explanation,auto,from the Task H References line,Wind correction techniques on approach and landing.
AA.III.H.R1,afh,explanation,auto,from the Task H References line,"Selection of the approach path and touchdown area based on aircraft limitations, available distance, surface conditions, and wind."
AA.III.H.R1,phak,explanation,auto,from the Task H References line,"Selection of the approach path and touchdown area based on aircraft limitations, available distance, surface conditions, and wind."
AA.III.H.R1,risk-management,explanation,auto,from the Task H References line,"Selection of the approach path and touchdown area based on aircraft limitations, available distance, surface conditions, and wind."
AA.III.H.R1,seaplane,explanation,auto,from the Task H References line,"Selection of the approach path and touchdown area based on aircraft limitations, available distance, surface conditions, and wind."
AA.III.H.R2,afh,explanation,auto,from the Task H References line,Go-around/rejected landing.
AA.III.H.R2,phak,explanation,auto,from the Task H References line,Go-around/rejected landing.
AA.III.H.R2,risk-management,explanation,auto,from the Task H References line,Go-around/rejected landing.
AA.III.H.R2,seaplane,explanation,auto,from the Task H References line,Go-around/rejected landing.
AA.III.H.R3,afh,explanation,auto,from the Task H References line,Collision hazards.
AA.III.H.R3,phak,explanation,auto,from the Task H References line,Collision hazards.
AA.III.H.R3,risk-management,explanation,auto,from the Task H References line,Collision hazards.
AA.III.H.R3,seaplane,explanation,auto,from the Task H References line,Collision hazards.
AA.III.H.R4,afh,explanation,auto,from the Task H References line,"Low altitude maneuvering, including stall, spin, or controlled flight into terrain (CFIT)."
AA.III.H.R4,phak,explanation,auto,from the Task H References line,"Low altitude maneuvering, including stall, spin, or controlled flight into terrain (CFIT)."
AA.III.H.R4,risk-management,explanation,auto,from the Task H References line,"Low altitude maneuvering, including stall, spin, or controlled flight into terrain (CFIT)."
AA.III.H.R4,seaplane,explanation,auto,from the Task H References line,"Low altitude maneuvering, including stall, spin, or controlled flight into terrain (CFIT)."
AA.III.H.R5,afh,explanation,auto,from the Task H References line,"Distractions, task prioritization, loss of situational awareness, or disorientation."
AA.III.H.R5,phak,explanation,auto,from the Task H References line,"Distractions, task prioritization, loss of situational awareness, or disorientation."
AA.III.H.R5,risk-management,explanation,auto,from the Task H References line,"Distractions, task prioritization, loss of situational awareness, or disorientation."
AA.III.H.R5,seaplane,explanation,auto,from the Task H References line,"Distractions, task prioritization, loss of situational awareness, or disorientation."
AA.III.H.R6,afh,explanation,auto,from the Task H References line,Gear position in an amphibious airplane.
AA.III.H.R6,phak,explanation,auto,from the Task H References line,Gear position in an amphibious airplane.
AA.III.H.R6,risk-management,explanation,auto,from the Task H References line,Gear position in an amphibious airplane.
AA.III.H.R6,seaplane,explanation,auto,from the Task H References line,Gear position in an amphibious airplane.
AA.III.H.R7,afh,explanation,auto,from the Task H References line,Landing in an area or in conditions where a takeoff/climb may not be possible.
AA.III.H.R7,phak,explanation,auto,from the Task H References line,Landing in an area or in conditions where a takeoff/climb may not be possible.
AA.III.H.R7,risk-management,explanation,auto,from the Task H References line,Landing in an area or in conditions where a takeoff/climb may not be possible.
AA.III.H.R7,seaplane,explanation,auto,from the Task H References line,Landing in an area or in conditions where a takeoff/climb may not be possible.
AA.III.H.S1,afh,explanation,auto,from the Task H References line,"Coordinate with crew, if applicable, and complete the appropriate checklist(s)."
AA.III.H.S1,phak,explanation,auto,from the Task H References line,"Coordinate with crew, if applicable, and complete the appropriate checklist(s)."
AA.III.H.S1,risk-management,explanation,auto,from the Task H References line,"Coordinate with crew, if applicable, and complete the appropriate checklist(s)."
AA.III.H.S1,seaplane,explanation,auto,from the Task H References line,"Coordinate with crew, if applicable, and complete the appropriate checklist(s)."
AA.III.H.S2,afh,explanation,auto,from the Task H References line,Make radio calls as appropriate.
AA.III.H.S2,phak,explanation,auto,from the Task H References line,Make radio calls as appropriate.
AA.III.H.S2,risk-management,explanation,auto,from the Task H References line,Make radio calls as appropriate.
AA.III.H.S2,seaplane,explanation,auto,from the Task H References line,Make radio calls as appropriate.
AA.III.H.S3,afh,explanation,auto,from the Task H References line,"Ensure that the landing gear and water rudders are retracted, if applicable."
AA.III.H.S3,phak,explanation,auto,from the Task H References line,"Ensure that the landing gear and water rudders are retracted, if applicable."
AA.III.H.S3,risk-management,explanation,auto,from the Task H References line,"Ensure that the landing gear and water rudders are retracted, if applicable."
AA.III.H.S3,seaplane,explanation,auto,from the Task H References line,"Ensure that the landing gear and water rudders are retracted, if applicable."
AA.III.H.S4,afh,explanation,auto,from the Task H References line,"Consider the landing surface, visual attitude references, water depth, and collision hazards and select the proper approach and landing path."
AA.III.H.S4,phak,explanation,auto,from the Task H References line,"Consider the landing surface, visual attitude references, water depth, and collision hazards and select the proper approach and landing path."
AA.III.H.S4,risk-management,explanation,auto,from the Task H References line,"Consider the landing surface, visual attitude references, water depth, and collision hazards and select the proper approach and landing path."
AA.III.H.S4,seaplane,explanation,auto,from the Task H References line,"Consider the landing surface, visual attitude references, water depth, and collision hazards and select the proper approach and landing path."
AA.III.H.S5,afh,explanation,auto,from the Task H References line,"Establish the recommended approach and landing configuration, airspeed, and trim, and adjust pitch attitude and power as required to maintain a stabilized approach."
AA.III.H.S5,phak,explanation,auto,from the Task H References line,"Establish the recommended approach and landing configuration, airspeed, and trim, and adjust pitch attitude and power as required to maintain a stabilized approach."
AA.III.H.S5,risk-management,explanation,auto,from the Task H References line,"Establish the recommended approach and landing configuration, airspeed, and trim, and adjust pitch attitude and power as required to maintain a stabilized approach."
AA.III.H.S5,seaplane,explanation,auto,from the Task H References line,"Establish the recommended approach and landing configuration, airspeed, and trim, and adjust pitch attitude and power as required to maintain a stabilized approach."
AA.III.H.S6,afh,explanation,auto,from the Task H References line,"Maintain a stabilized approach and recommended airspeed with gust factor applied, ±5 knots."
AA.III.H.S6,phak,explanation,auto,from the Task H References line,"Maintain a stabilized approach and recommended airspeed with gust factor applied, ±5 knots."
AA.III.H.S6,risk-management,explanation,auto,from the Task H References line,"Maintain a stabilized approach and recommended airspeed with gust factor applied, ±5 knots."
AA.III.H.S6,seaplane,explanation,auto,from the Task H References line,"Maintain a stabilized approach and recommended airspeed with gust factor applied, ±5 knots."
AA.III.H.S7,afh,explanation,auto,from the Task H References line,"Make smooth, timely, and correct power and control adjustments to maintain proper attitude and rate of descent to touchdown."
AA.III.H.S7,phak,explanation,auto,from the Task H References line,"Make smooth, timely, and correct power and control adjustments to maintain proper attitude and rate of descent to touchdown."
AA.III.H.S7,risk-management,explanation,auto,from the Task H References line,"Make smooth, timely, and correct power and control adjustments to maintain proper attitude and rate of descent to touchdown."
AA.III.H.S7,seaplane,explanation,auto,from the Task H References line,"Make smooth, timely, and correct power and control adjustments to maintain proper attitude and rate of descent to touchdown."
AA.III.H.S8,afh,explanation,auto,from the Task H References line,"Touch down smoothly at the recommended airspeed and pitch attitude, beyond and within 100 feet of a specified point/area."
AA.III.H.S8,phak,explanation,auto,from the Task H References line,"Touch down smoothly at the recommended airspeed and pitch attitude, beyond and within 100 feet of a specified point/area."
AA.III.H.S8,risk-management,explanation,auto,from the Task H References line,"Touch down smoothly at the recommended airspeed and pitch attitude, beyond and within 100 feet of a specified point/area."
AA.III.H.S8,seaplane,explanation,auto,from the Task H References line,"Touch down smoothly at the recommended airspeed and pitch attitude, beyond and within 100 feet of a specified point/area."
AA.III.H.S9,afh,explanation,auto,from the Task H References line,Maintain directional control and appropriate crosswind correction throughout the approach and landing.
AA.III.H.S9,phak,explanation,auto,from the Task H References line,Maintain directional control and appropriate crosswind correction throughout the approach and landing.
AA.III.H.S9,risk-management,explanation,auto,from the Task H References line,Maintain directional control and appropriate crosswind correction throughout the approach and landing.
AA.III.H.S9,seaplane,explanation,auto,from the Task H References line,Maintain directional control and appropriate crosswind correction throughout the approach and landing.
AA.III.I.K1,afh,explanation,auto,from the Task I References line,"Conditions and situations that could warrant a rejected takeoff (e.g., takeoff warning systems, powerplant failure, other systems warning/failure)."
AA.III.I.K1,phak,explanation,auto,from the Task I References line,"Conditions and situations that could warrant a rejected takeoff (e.g., takeoff warning systems, powerplant failure, other systems warning/failure)."
AA.III.I.K1,risk-management,explanation,auto,from the Task I References line,"Conditions and situations that could warrant a rejected takeoff (e.g., takeoff warning systems, powerplant failure, other systems warning/failure)."
AA.III.I.K1,seaplane,explanation,auto,from the Task I References line,"Conditions and situations that could warrant a rejected takeoff (e.g., takeoff warning systems, powerplant failure, other systems warning/failure)."
AA.III.I.K2,afh,explanation,auto,from the Task I References line,Safety considerations following a rejected takeoff. 28
AA.III.I.K2,phak,explanation,auto,from the Task I References line,Safety considerations following a rejected takeoff. 28
AA.III.I.K2,risk-management,explanation,auto,from the Task I References line,Safety considerations following a rejected takeoff. 28
AA.III.I.K2,seaplane,explanation,auto,from the Task I References line,Safety considerations following a rejected takeoff. 28
AA.III.I.K3,afh,explanation,auto,from the Task I References line,The procedure for accomplishing a rejected takeoff.
AA.III.I.K3,phak,explanation,auto,from the Task I References line,The procedure for accomplishing a rejected takeoff.
AA.III.I.K3,risk-management,explanation,auto,from the Task I References line,The procedure for accomplishing a rejected takeoff.
AA.III.I.K3,seaplane,explanation,auto,from the Task I References line,The procedure for accomplishing a rejected takeoff.
AA.III.I.K4,afh,explanation,auto,from the Task I References line,Accelerate/stop distance.
AA.III.I.K4,phak,explanation,auto,from the Task I References line,Accelerate/stop distance.
AA.III.I.K4,risk-management,explanation,auto,from the Task I References line,Accelerate/stop distance.
AA.III.I.K4,seaplane,explanation,auto,from the Task I References line,Accelerate/stop distance.
AA.III.I.K5,afh,explanation,auto,from the Task I References line,Relevant V-speeds for a rejected takeoff.
AA.III.I.K5,phak,explanation,auto,from the Task I References line,Relevant V-speeds for a rejected takeoff.
AA.III.I.K5,risk-management,explanation,auto,from the Task I References line,Relevant V-speeds for a rejected takeoff.
AA.III.I.K5,seaplane,explanation,auto,from the Task I References line,Relevant V-speeds for a rejected takeoff.
AA.III.I.R1,afh,explanation,auto,from the Task I References line,"Selection of the takeoff path based on aircraft limitations, available distance, surface conditions, and wind."
AA.III.I.R1,phak,explanation,auto,from the Task I References line,"Selection of the takeoff path based on aircraft limitations, available distance, surface conditions, and wind."
AA.III.I.R1,risk-management,explanation,auto,from the Task I References line,"Selection of the takeoff path based on aircraft limitations, available distance, surface conditions, and wind."
AA.III.I.R1,seaplane,explanation,auto,from the Task I References line,"Selection of the takeoff path based on aircraft limitations, available distance, surface conditions, and wind."
AA.III.I.R2,afh,explanation,auto,from the Task I References line,A powerplant failure or other malfunction during takeoff.
AA.III.I.R2,phak,explanation,auto,from the Task I References line,A powerplant failure or other malfunction during takeoff.
AA.III.I.R2,risk-management,explanation,auto,from the Task I References line,A powerplant failure or other malfunction during takeoff.
AA.III.I.R2,seaplane,explanation,auto,from the Task I References line,A powerplant failure or other malfunction during takeoff.
AA.III.I.R3,afh,explanation,auto,from the Task I References line,Directional control following a rejected takeoff.
AA.III.I.R3,phak,explanation,auto,from the Task I References line,Directional control following a rejected takeoff.
AA.III.I.R3,risk-management,explanation,auto,from the Task I References line,Directional control following a rejected takeoff.
AA.III.I.R3,seaplane,explanation,auto,from the Task I References line,Directional control following a rejected takeoff.
AA.III.I.R4,afh,explanation,auto,from the Task I References line,A rejected takeoff with inadequate stopping distance.
AA.III.I.R4,phak,explanation,auto,from the Task I References line,A rejected takeoff with inadequate stopping distance.
AA.III.I.R4,risk-management,explanation,auto,from the Task I References line,A rejected takeoff with inadequate stopping distance.
AA.III.I.R4,seaplane,explanation,auto,from the Task I References line,A rejected takeoff with inadequate stopping distance.
AA.III.I.R5,afh,explanation,auto,from the Task I References line,High-speed rejected takeoff.
AA.III.I.R5,phak,explanation,auto,from the Task I References line,High-speed rejected takeoff.
AA.III.I.R5,risk-management,explanation,auto,from the Task I References line,High-speed rejected takeoff.
AA.III.I.R5,seaplane,explanation,auto,from the Task I References line,High-speed rejected takeoff.
AA.III.I.R6,afh,explanation,auto,from the Task I References line,"Distractions, task prioritization, loss of situational awareness, or disorientation."
AA.III.I.R6,phak,explanation,auto,from the Task I References line,"Distractions, task prioritization, loss of situational awareness, or disorientation."
AA.III.I.R6,risk-management,explanation,auto,from the Task I References line,"Distractions, task prioritization, loss of situational awareness, or disorientation."
AA.III.I.R6,seaplane,explanation,auto,from the Task I References line,"Distractions, task prioritization, loss of situational awareness, or disorientation."
AA.III.I.S1,afh,explanation,auto,from the Task I References line,"Reject the takeoff if the powerplant failure occurs prior to becoming airborne (ASEL, ASES)."
AA.III.I.S1,phak,explanation,auto,from the Task I References line,"Reject the takeoff if the powerplant failure occurs prior to becoming airborne (ASEL, ASES)."
AA.III.I.S1,risk-management,explanation,auto,from the Task I References line,"Reject the takeoff if the powerplant failure occurs prior to becoming airborne (ASEL, ASES)."
AA.III.I.S1,seaplane,explanation,auto,from the Task I References line,"Reject the takeoff if the powerplant failure occurs prior to becoming airborne (ASEL, ASES)."
AA.III.I.S2,afh,explanation,auto,from the Task I References line,"Reject the takeoff if the powerplant failure occurs at a point during the takeoff where the rejected takeoff procedure can be initiated and the airplane can be safely stopped on the remaining runway/ waterway (AMEL, AMES)."
AA.III.I.S2,phak,explanation,auto,from the Task I References line,"Reject the takeoff if the powerplant failure occurs at a point during the takeoff where the rejected takeoff procedure can be initiated and the airplane can be safely stopped on the remaining runway/ waterway (AMEL, AMES)."
AA.III.I.S2,risk-management,explanation,auto,from the Task I References line,"Reject the takeoff if the powerplant failure occurs at a point during the takeoff where the rejected takeoff procedure can be initiated and the airplane can be safely stopped on the remaining runway/ waterway (AMEL, AMES)."
AA.III.I.S2,seaplane,explanation,auto,from the Task I References line,"Reject the takeoff if the powerplant failure occurs at a point during the takeoff where the rejected takeoff procedure can be initiated and the airplane can be safely stopped on the remaining runway/ waterway (AMEL, AMES)."
AA.III.I.S3,afh,explanation,auto,from the Task I References line,"Promptly reduce the power and maintain positive aircraft control using drag and braking devices, as appropriate, to come to a stop."
AA.III.I.S3,phak,explanation,auto,from the Task I References line,"Promptly reduce the power and maintain positive aircraft control using drag and braking devices, as appropriate, to come to a stop."
AA.III.I.S3,risk-management,explanation,auto,from the Task I References line,"Promptly reduce the power and maintain positive aircraft control using drag and braking devices, as appropriate, to come to a stop."
AA.III.I.S3,seaplane,explanation,auto,from the Task I References line,"Promptly reduce the power and maintain positive aircraft control using drag and braking devices, as appropriate, to come to a stop."
AA.III.I.S4,afh,explanation,auto,from the Task I References line,"Coordinate with crew, if applicable, and complete the appropriate procedures, checklist(s), and radio calls following a rejected takeoff in a timely manner."
AA.III.I.S4,phak,explanation,auto,from the Task I References line,"Coordinate with crew, if applicable, and complete the appropriate procedures, checklist(s), and radio calls following a rejected takeoff in a timely manner."
AA.III.I.S4,risk-management,explanation,auto,from the Task I References line,"Coordinate with crew, if applicable, and complete the appropriate procedures, checklist(s), and radio calls following a rejected takeoff in a timely manner."
AA.III.I.S4,seaplane,explanation,auto,from the Task I References line,"Coordinate with crew, if applicable, and complete the appropriate procedures, checklist(s), and radio calls following a rejected takeoff in a timely manner."
AA.III.J.K1,afh,explanation,auto,from the Task J References line,"A stabilized approach, including energy management concepts."
AA.III.J.K1,aim,guidance,auto,from the Task J References line,"A stabilized approach, including energy management concepts."
AA.III.J.K1,phak,explanation,auto,from the Task J References line,"A stabilized approach, including energy management concepts."
AA.III.J.K1,risk-management,explanation,auto,from the Task J References line,"A stabilized approach, including energy management concepts."
AA.III.J.K1,seaplane,explanation,auto,from the Task J References line,"A stabilized approach, including energy management concepts."
AA.III.J.K2,afh,explanation,auto,from the Task J References line,"Effects of atmospheric conditions, including wind and density altitude, on a go-around or rejected landing."
AA.III.J.K2,aim,guidance,auto,from the Task J References line,"Effects of atmospheric conditions, including wind and density altitude, on a go-around or rejected landing."
AA.III.J.K2,phak,explanation,auto,from the Task J References line,"Effects of atmospheric conditions, including wind and density altitude, on a go-around or rejected landing."
AA.III.J.K2,risk-management,explanation,auto,from the Task J References line,"Effects of atmospheric conditions, including wind and density altitude, on a go-around or rejected landing."
AA.III.J.K2,seaplane,explanation,auto,from the Task J References line,"Effects of atmospheric conditions, including wind and density altitude, on a go-around or rejected landing."
AA.III.J.K3,afh,explanation,auto,from the Task J References line,Wind correction techniques on takeoff/departure and approach/landing.
AA.III.J.K3,aim,guidance,auto,from the Task J References line,Wind correction techniques on takeoff/departure and approach/landing.
AA.III.J.K3,phak,explanation,auto,from the Task J References line,Wind correction techniques on takeoff/departure and approach/landing.
AA.III.J.K3,risk-management,explanation,auto,from the Task J References line,Wind correction techniques on takeoff/departure and approach/landing.
AA.III.J.K3,seaplane,explanation,auto,from the Task J References line,Wind correction techniques on takeoff/departure and approach/landing.
AA.III.J.K4,afh,explanation,auto,from the Task J References line,"Situations and considerations on approach that could require a go-around/rejected landing, including the inability to comply with a LAHSO clearance."
AA.III.J.K4,aim,guidance,auto,from the Task J References line,"Situations and considerations on approach that could require a go-around/rejected landing, including the inability to comply with a LAHSO clearance."
AA.III.J.K4,phak,explanation,auto,from the Task J References line,"Situations and considerations on approach that could require a go-around/rejected landing, including the inability to comply with a LAHSO clearance."
AA.III.J.K4,risk-management,explanation,auto,from the Task J References line,"Situations and considerations on approach that could require a go-around/rejected landing, including the inability to comply with a LAHSO clearance."
AA.III.J.K4,seaplane,explanation,auto,from the Task J References line,"Situations and considerations on approach that could require a go-around/rejected landing, including the inability to comply with a LAHSO clearance."
AA.III.J.K5,afh,explanation,auto,from the Task J References line,"Go-around/rejected landing procedures, the importance of a timely decision, and appropriate airspeed/ V-speeds for the maneuver. 29"
AA.III.J.K5,aim,guidance,auto,from the Task J References line,"Go-around/rejected landing procedures, the importance of a timely decision, and appropriate airspeed/ V-speeds for the maneuver. 29"
AA.III.J.K5,phak,explanation,auto,from the Task J References line,"Go-around/rejected landing procedures, the importance of a timely decision, and appropriate airspeed/ V-speeds for the maneuver. 29"
AA.III.J.K5,risk-management,explanation,auto,from the Task J References line,"Go-around/rejected landing procedures, the importance of a timely decision, and appropriate airspeed/ V-speeds for the maneuver. 29"
AA.III.J.K5,seaplane,explanation,auto,from the Task J References line,"Go-around/rejected landing procedures, the importance of a timely decision, and appropriate airspeed/ V-speeds for the maneuver. 29"
AA.III.J.R1,afh,explanation,auto,from the Task J References line,Delayed recognition of the need for a go-around/rejected landing.
AA.III.J.R1,aim,guidance,auto,from the Task J References line,Delayed recognition of the need for a go-around/rejected landing.
AA.III.J.R1,phak,explanation,auto,from the Task J References line,Delayed recognition of the need for a go-around/rejected landing.
AA.III.J.R1,risk-management,explanation,auto,from the Task J References line,Delayed recognition of the need for a go-around/rejected landing.
AA.III.J.R1,seaplane,explanation,auto,from the Task J References line,Delayed recognition of the need for a go-around/rejected landing.
AA.III.J.R2,afh,explanation,auto,from the Task J References line,Delayed performance of a go-around at low altitude.
AA.III.J.R2,aim,guidance,auto,from the Task J References line,Delayed performance of a go-around at low altitude.
AA.III.J.R2,phak,explanation,auto,from the Task J References line,Delayed performance of a go-around at low altitude.
AA.III.J.R2,risk-management,explanation,auto,from the Task J References line,Delayed performance of a go-around at low altitude.
AA.III.J.R2,seaplane,explanation,auto,from the Task J References line,Delayed performance of a go-around at low altitude.
AA.III.J.R3,afh,explanation,auto,from the Task J References line,Power application.
AA.III.J.R3,aim,guidance,auto,from the Task J References line,Power application.
AA.III.J.R3,phak,explanation,auto,from the Task J References line,Power application.
AA.III.J.R3,risk-management,explanation,auto,from the Task J References line,Power application.
AA.III.J.R3,seaplane,explanation,auto,from the Task J References line,Power application.
AA.III.J.R4,afh,explanation,auto,from the Task J References line,Configuring the airplane.
AA.III.J.R4,aim,guidance,auto,from the Task J References line,Configuring the airplane.
AA.III.J.R4,phak,explanation,auto,from the Task J References line,Configuring the airplane.
AA.III.J.R4,risk-management,explanation,auto,from the Task J References line,Configuring the airplane.
AA.III.J.R4,seaplane,explanation,auto,from the Task J References line,Configuring the airplane.
AA.III.J.R5,afh,explanation,auto,from the Task J References line,Collision hazards.
AA.III.J.R5,aim,guidance,auto,from the Task J References line,Collision hazards.
AA.III.J.R5,phak,explanation,auto,from the Task J References line,Collision hazards.
AA.III.J.R5,risk-management,explanation,auto,from the Task J References line,Collision hazards.
AA.III.J.R5,seaplane,explanation,auto,from the Task J References line,Collision hazards.
AA.III.J.R6,afh,explanation,auto,from the Task J References line,"Low altitude maneuvering, including stall, spin, or controlled flight into terrain (CFIT)."
AA.III.J.R6,aim,guidance,auto,from the Task J References line,"Low altitude maneuvering, including stall, spin, or controlled flight into terrain (CFIT)."
AA.III.J.R6,phak,explanation,auto,from the Task J References line,"Low altitude maneuvering, including stall, spin, or controlled flight into terrain (CFIT)."
AA.III.J.R6,risk-management,explanation,auto,from the Task J References line,"Low altitude maneuvering, including stall, spin, or controlled flight into terrain (CFIT)."
AA.III.J.R6,seaplane,explanation,auto,from the Task J References line,"Low altitude maneuvering, including stall, spin, or controlled flight into terrain (CFIT)."
AA.III.J.R7,afh,explanation,auto,from the Task J References line,"Distractions, task prioritization, loss of situational awareness, or disorientation."
AA.III.J.R7,aim,guidance,auto,from the Task J References line,"Distractions, task prioritization, loss of situational awareness, or disorientation."
AA.III.J.R7,phak,explanation,auto,from the Task J References line,"Distractions, task prioritization, loss of situational awareness, or disorientation."
AA.III.J.R7,risk-management,explanation,auto,from the Task J References line,"Distractions, task prioritization, loss of situational awareness, or disorientation."
AA.III.J.R7,seaplane,explanation,auto,from the Task J References line,"Distractions, task prioritization, loss of situational awareness, or disorientation."
AA.III.J.R8,afh,explanation,auto,from the Task J References line,Managing a go-around/rejected landing after accepting a LAHSO clearance.
AA.III.J.R8,aim,guidance,auto,from the Task J References line,Managing a go-around/rejected landing after accepting a LAHSO clearance.
AA.III.J.R8,phak,explanation,auto,from the Task J References line,Managing a go-around/rejected landing after accepting a LAHSO clearance.
AA.III.J.R8,risk-management,explanation,auto,from the Task J References line,Managing a go-around/rejected landing after accepting a LAHSO clearance.
AA.III.J.R8,seaplane,explanation,auto,from the Task J References line,Managing a go-around/rejected landing after accepting a LAHSO clearance.
AA.III.J.S1,afh,explanation,auto,from the Task J References line,Make a timely decision to go-around/reject the landing.
AA.III.J.S1,aim,guidance,auto,from the Task J References line,Make a timely decision to go-around/reject the landing.
AA.III.J.S1,phak,explanation,auto,from the Task J References line,Make a timely decision to go-around/reject the landing.
AA.III.J.S1,risk-management,explanation,auto,from the Task J References line,Make a timely decision to go-around/reject the landing.
AA.III.J.S1,seaplane,explanation,auto,from the Task J References line,Make a timely decision to go-around/reject the landing.
AA.III.J.S2,afh,explanation,auto,from the Task J References line,Apply the appropriate power setting for the flight condition and establish a pitch attitude necessary to obtain the desired performance.
AA.III.J.S2,aim,guidance,auto,from the Task J References line,Apply the appropriate power setting for the flight condition and establish a pitch attitude necessary to obtain the desired performance.
AA.III.J.S2,phak,explanation,auto,from the Task J References line,Apply the appropriate power setting for the flight condition and establish a pitch attitude necessary to obtain the desired performance.
AA.III.J.S2,risk-management,explanation,auto,from the Task J References line,Apply the appropriate power setting for the flight condition and establish a pitch attitude necessary to obtain the desired performance.
AA.III.J.S2,seaplane,explanation,auto,from the Task J References line,Apply the appropriate power setting for the flight condition and establish a pitch attitude necessary to obtain the desired performance.
AA.III.J.S3,afh,explanation,auto,from the Task J References line,"Establish a positive rate of climb and the appropriate airspeed/V-speed, ±5 knots."
AA.III.J.S3,aim,guidance,auto,from the Task J References line,"Establish a positive rate of climb and the appropriate airspeed/V-speed, ±5 knots."
AA.III.J.S3,phak,explanation,auto,from the Task J References line,"Establish a positive rate of climb and the appropriate airspeed/V-speed, ±5 knots."
AA.III.J.S3,risk-management,explanation,auto,from the Task J References line,"Establish a positive rate of climb and the appropriate airspeed/V-speed, ±5 knots."
AA.III.J.S3,seaplane,explanation,auto,from the Task J References line,"Establish a positive rate of climb and the appropriate airspeed/V-speed, ±5 knots."
AA.III.J.S4,afh,explanation,auto,from the Task J References line,"Configure and trim the airplane, when appropriate."
AA.III.J.S4,aim,guidance,auto,from the Task J References line,"Configure and trim the airplane, when appropriate."
AA.III.J.S4,phak,explanation,auto,from the Task J References line,"Configure and trim the airplane, when appropriate."
AA.III.J.S4,risk-management,explanation,auto,from the Task J References line,"Configure and trim the airplane, when appropriate."
AA.III.J.S4,seaplane,explanation,auto,from the Task J References line,"Configure and trim the airplane, when appropriate."
AA.III.J.S5,afh,explanation,auto,from the Task J References line,Make radio calls as appropriate.
AA.III.J.S5,aim,guidance,auto,from the Task J References line,Make radio calls as appropriate.
AA.III.J.S5,phak,explanation,auto,from the Task J References line,Make radio calls as appropriate.
AA.III.J.S5,risk-management,explanation,auto,from the Task J References line,Make radio calls as appropriate.
AA.III.J.S5,seaplane,explanation,auto,from the Task J References line,Make radio calls as appropriate.
AA.III.J.S6,afh,explanation,auto,from the Task J References line,"Maintain the ground track, heading, or course appropriate for the conditions, or as specified by ATC or the evaluator."
AA.III.J.S6,aim,guidance,auto,from the Task J References line,"Maintain the ground track, heading, or course appropriate for the conditions, or as specified by ATC or the evaluator."
AA.III.J.S6,phak,explanation,auto,from the Task J References line,"Maintain the ground track, heading, or course appropriate for the conditions, or as specified by ATC or the evaluator."
AA.III.J.S6,risk-management,explanation,auto,from the Task J References line,"Maintain the ground track, heading, or course appropriate for the conditions, or as specified by ATC or the evaluator."
AA.III.J.S6,seaplane,explanation,auto,from the Task J References line,"Maintain the ground track, heading, or course appropriate for the conditions, or as specified by ATC or the evaluator."
AA.III.J.S7,afh,explanation,auto,from the Task J References line,Complete the appropriate procedures and checklist(s) in a timely manner. 30
AA.III.J.S7,aim,guidance,auto,from the Task J References line,Complete the appropriate procedures and checklist(s) in a timely manner. 30
AA.III.J.S7,phak,explanation,auto,from the Task J References line,Complete the appropriate procedures and checklist(s) in a timely manner. 30
AA.III.J.S7,risk-management,explanation,auto,from the Task J References line,Complete the appropriate procedures and checklist(s) in a timely manner. 30
AA.III.J.S7,seaplane,explanation,auto,from the Task J References line,Complete the appropriate procedures and checklist(s) in a timely manner. 30
AA.IV.A.K1,afh,explanation,auto,from the Task A References line,Energy management concepts.
AA.IV.A.K1,phak,explanation,auto,from the Task A References line,Energy management concepts.
AA.IV.A.K1,risk-management,explanation,auto,from the Task A References line,Energy management concepts.
AA.IV.A.K2,afh,explanation,auto,from the Task A References line,"Aerodynamics associated with steep turns, including:"
AA.IV.A.K2,phak,explanation,auto,from the Task A References line,"Aerodynamics associated with steep turns, including:"
AA.IV.A.K2,risk-management,explanation,auto,from the Task A References line,"Aerodynamics associated with steep turns, including:"
AA.IV.A.K2a,afh,explanation,auto,from the Task A References line,a. Maintaining coordinated flight
AA.IV.A.K2a,phak,explanation,auto,from the Task A References line,a. Maintaining coordinated flight
AA.IV.A.K2a,risk-management,explanation,auto,from the Task A References line,a. Maintaining coordinated flight
AA.IV.A.K2b,afh,explanation,auto,from the Task A References line,b. Overbanking tendencies
AA.IV.A.K2b,phak,explanation,auto,from the Task A References line,b. Overbanking tendencies
AA.IV.A.K2b,risk-management,explanation,auto,from the Task A References line,b. Overbanking tendencies
AA.IV.A.K2c,afh,explanation,auto,from the Task A References line,"c. Maneuvering speed, including the impact of weight changes"
AA.IV.A.K2c,phak,explanation,auto,from the Task A References line,"c. Maneuvering speed, including the impact of weight changes"
AA.IV.A.K2c,risk-management,explanation,auto,from the Task A References line,"c. Maneuvering speed, including the impact of weight changes"
AA.IV.A.K2d,afh,explanation,auto,from the Task A References line,d. Load factor and accelerated stalls
AA.IV.A.K2d,phak,explanation,auto,from the Task A References line,d. Load factor and accelerated stalls
AA.IV.A.K2d,risk-management,explanation,auto,from the Task A References line,d. Load factor and accelerated stalls
AA.IV.A.K2e,afh,explanation,auto,from the Task A References line,e. Rate and radius of turn
AA.IV.A.K2e,phak,explanation,auto,from the Task A References line,e. Rate and radius of turn
AA.IV.A.K2e,risk-management,explanation,auto,from the Task A References line,e. Rate and radius of turn
AA.IV.A.R1,afh,explanation,auto,from the Task A References line,Spatial disorientation when conducting a steep turn while flying by reference to instruments.
AA.IV.A.R1,phak,explanation,auto,from the Task A References line,Spatial disorientation when conducting a steep turn while flying by reference to instruments.
AA.IV.A.R1,risk-management,explanation,auto,from the Task A References line,Spatial disorientation when conducting a steep turn while flying by reference to instruments.
AA.IV.A.R2,afh,explanation,auto,from the Task A References line,Collision hazards including aircraft and terrain.
AA.IV.A.R2,phak,explanation,auto,from the Task A References line,Collision hazards including aircraft and terrain.
AA.IV.A.R2,risk-management,explanation,auto,from the Task A References line,Collision hazards including aircraft and terrain.
AA.IV.A.R3,afh,explanation,auto,from the Task A References line,"Low altitude maneuvering, including stall, spin, or controlled flight into terrain (CFIT)."
AA.IV.A.R3,phak,explanation,auto,from the Task A References line,"Low altitude maneuvering, including stall, spin, or controlled flight into terrain (CFIT)."
AA.IV.A.R3,risk-management,explanation,auto,from the Task A References line,"Low altitude maneuvering, including stall, spin, or controlled flight into terrain (CFIT)."
AA.IV.A.R4,afh,explanation,auto,from the Task A References line,"Distractions, task prioritization, loss of situational awareness, or disorientation."
AA.IV.A.R4,phak,explanation,auto,from the Task A References line,"Distractions, task prioritization, loss of situational awareness, or disorientation."
AA.IV.A.R4,risk-management,explanation,auto,from the Task A References line,"Distractions, task prioritization, loss of situational awareness, or disorientation."
AA.IV.A.R5,afh,explanation,auto,from the Task A References line,Uncoordinated flight.
AA.IV.A.R5,phak,explanation,auto,from the Task A References line,Uncoordinated flight.
AA.IV.A.R5,risk-management,explanation,auto,from the Task A References line,Uncoordinated flight.
AA.IV.A.S1,afh,explanation,auto,from the Task A References line,"Select an entry altitude that allows the Task to be completed no lower than 3,000 feet above ground level (AGL)."
AA.IV.A.S1,phak,explanation,auto,from the Task A References line,"Select an entry altitude that allows the Task to be completed no lower than 3,000 feet above ground level (AGL)."
AA.IV.A.S1,risk-management,explanation,auto,from the Task A References line,"Select an entry altitude that allows the Task to be completed no lower than 3,000 feet above ground level (AGL)."
AA.IV.A.S2,afh,explanation,auto,from the Task A References line,"Establish the manufacturer's recommended airspeed; or if one is not available, an airspeed not to exceed maneuvering speed (VA)."
AA.IV.A.S2,phak,explanation,auto,from the Task A References line,"Establish the manufacturer's recommended airspeed; or if one is not available, an airspeed not to exceed maneuvering speed (VA)."
AA.IV.A.S2,risk-management,explanation,auto,from the Task A References line,"Establish the manufacturer's recommended airspeed; or if one is not available, an airspeed not to exceed maneuvering speed (VA)."
AA.IV.A.S3,afh,explanation,auto,from the Task A References line,"Establish at least a 45° bank solely by reference to instruments and make a coordinated steep turn of at least 180°, as specified by the evaluator."
AA.IV.A.S3,phak,explanation,auto,from the Task A References line,"Establish at least a 45° bank solely by reference to instruments and make a coordinated steep turn of at least 180°, as specified by the evaluator."
AA.IV.A.S3,risk-management,explanation,auto,from the Task A References line,"Establish at least a 45° bank solely by reference to instruments and make a coordinated steep turn of at least 180°, as specified by the evaluator."
AA.IV.A.S4,afh,explanation,auto,from the Task A References line,"Perform the Task in the opposite direction, as specified by evaluator."
AA.IV.A.S4,phak,explanation,auto,from the Task A References line,"Perform the Task in the opposite direction, as specified by evaluator."
AA.IV.A.S4,risk-management,explanation,auto,from the Task A References line,"Perform the Task in the opposite direction, as specified by evaluator."
AA.IV.A.S5,afh,explanation,auto,from the Task A References line,"Make smooth pitch, bank, and power adjustments as needed."
AA.IV.A.S5,phak,explanation,auto,from the Task A References line,"Make smooth pitch, bank, and power adjustments as needed."
AA.IV.A.S5,risk-management,explanation,auto,from the Task A References line,"Make smooth pitch, bank, and power adjustments as needed."
AA.IV.A.S6,afh,explanation,auto,from the Task A References line,"Maintain the entry altitude ±100 feet, airspeed ±10 knots, bank ±5°, and roll out on the specified heading, ±10°."
AA.IV.A.S6,phak,explanation,auto,from the Task A References line,"Maintain the entry altitude ±100 feet, airspeed ±10 knots, bank ±5°, and roll out on the specified heading, ±10°."
AA.IV.A.S6,risk-management,explanation,auto,from the Task A References line,"Maintain the entry altitude ±100 feet, airspeed ±10 knots, bank ±5°, and roll out on the specified heading, ±10°."
AA.IV.A.S7,afh,explanation,auto,from the Task A References line,"Avoid any indication of an impending stall, abnormal flight attitude, or exceeding any structural or operating limitation during any part of the Task. 31"
AA.IV.A.S7,phak,explanation,auto,from the Task A References line,"Avoid any indication of an impending stall, abnormal flight attitude, or exceeding any structural or operating limitation during any part of the Task. 31"
AA.IV.A.S7,risk-management,explanation,auto,from the Task A References line,"Avoid any indication of an impending stall, abnormal flight attitude, or exceeding any structural or operating limitation during any part of the Task. 31"
AA.IV.B.K1,ifh,explanation,auto,from the Task B References line,Procedures for recovery from unusual flight attitudes.
AA.IV.B.K1,phak,explanation,auto,from the Task B References line,Procedures for recovery from unusual flight attitudes.
AA.IV.B.K1,risk-management,explanation,auto,from the Task B References line,Procedures for recovery from unusual flight attitudes.
AA.IV.B.K2,ifh,explanation,auto,from the Task B References line,"Unusual flight attitude causal factors, including physiological factors, system and equipment failures, and environmental factors."
AA.IV.B.K2,phak,explanation,auto,from the Task B References line,"Unusual flight attitude causal factors, including physiological factors, system and equipment failures, and environmental factors."
AA.IV.B.K2,risk-management,explanation,auto,from the Task B References line,"Unusual flight attitude causal factors, including physiological factors, system and equipment failures, and environmental factors."
AA.IV.B.K3,ifh,explanation,auto,from the Task B References line,The operating envelope and structural limitations for the aircraft.
AA.IV.B.K3,phak,explanation,auto,from the Task B References line,The operating envelope and structural limitations for the aircraft.
AA.IV.B.K3,risk-management,explanation,auto,from the Task B References line,The operating envelope and structural limitations for the aircraft.
AA.IV.B.K4,ifh,explanation,auto,from the Task B References line,"Effects of engine location, wing design, and other specific design characteristics that could affect aircraft control during the recovery."
AA.IV.B.K4,phak,explanation,auto,from the Task B References line,"Effects of engine location, wing design, and other specific design characteristics that could affect aircraft control during the recovery."
AA.IV.B.K4,risk-management,explanation,auto,from the Task B References line,"Effects of engine location, wing design, and other specific design characteristics that could affect aircraft control during the recovery."
AA.IV.B.R1,ifh,explanation,auto,from the Task B References line,"Situations that could lead to loss of control in-flight (LOC-I) or unusual attitudes in-flight (e.g., stress, task saturation, inadequate instrument scan distractions, and spatial disorientation)."
AA.IV.B.R1,phak,explanation,auto,from the Task B References line,"Situations that could lead to loss of control in-flight (LOC-I) or unusual attitudes in-flight (e.g., stress, task saturation, inadequate instrument scan distractions, and spatial disorientation)."
AA.IV.B.R1,risk-management,explanation,auto,from the Task B References line,"Situations that could lead to loss of control in-flight (LOC-I) or unusual attitudes in-flight (e.g., stress, task saturation, inadequate instrument scan distractions, and spatial disorientation)."
AA.IV.B.R2,ifh,explanation,auto,from the Task B References line,[Archived]
AA.IV.B.R2,phak,explanation,auto,from the Task B References line,[Archived]
AA.IV.B.R2,risk-management,explanation,auto,from the Task B References line,[Archived]
AA.IV.B.R3,ifh,explanation,auto,from the Task B References line,Operating envelope considerations.
AA.IV.B.R3,phak,explanation,auto,from the Task B References line,Operating envelope considerations.
AA.IV.B.R3,risk-management,explanation,auto,from the Task B References line,Operating envelope considerations.
AA.IV.B.R4,ifh,explanation,auto,from the Task B References line,Interpreting flight instruments.
AA.IV.B.R4,phak,explanation,auto,from the Task B References line,Interpreting flight instruments.
AA.IV.B.R4,risk-management,explanation,auto,from the Task B References line,Interpreting flight instruments.
AA.IV.B.R5,ifh,explanation,auto,from the Task B References line,Assessment of the unusual attitude.
AA.IV.B.R5,phak,explanation,auto,from the Task B References line,Assessment of the unusual attitude.
AA.IV.B.R5,risk-management,explanation,auto,from the Task B References line,Assessment of the unusual attitude.
AA.IV.B.R6,ifh,explanation,auto,from the Task B References line,"Control input errors, inducing undesired aircraft attitudes."
AA.IV.B.R6,phak,explanation,auto,from the Task B References line,"Control input errors, inducing undesired aircraft attitudes."
AA.IV.B.R6,risk-management,explanation,auto,from the Task B References line,"Control input errors, inducing undesired aircraft attitudes."
AA.IV.B.R7,ifh,explanation,auto,from the Task B References line,Control application solely by reference to instruments.
AA.IV.B.R7,phak,explanation,auto,from the Task B References line,Control application solely by reference to instruments.
AA.IV.B.R7,risk-management,explanation,auto,from the Task B References line,Control application solely by reference to instruments.
AA.IV.B.R8,ifh,explanation,auto,from the Task B References line,Collision hazards.
AA.IV.B.R8,phak,explanation,auto,from the Task B References line,Collision hazards.
AA.IV.B.R8,risk-management,explanation,auto,from the Task B References line,Collision hazards.
AA.IV.B.R9,ifh,explanation,auto,from the Task B References line,"Distractions, task prioritization, loss of situational awareness, or disorientation."
AA.IV.B.R9,phak,explanation,auto,from the Task B References line,"Distractions, task prioritization, loss of situational awareness, or disorientation."
AA.IV.B.R9,risk-management,explanation,auto,from the Task B References line,"Distractions, task prioritization, loss of situational awareness, or disorientation."
AA.IV.B.S1,ifh,explanation,auto,from the Task B References line,"Use proper instrument cross-check and interpretation to identify an unusual attitude (including both nose-high and nose-low) in flight, and apply the appropriate flight control, power input, and aircraft configuration in the correct sequence, to return to a stabilized level flight attitude."
AA.IV.B.S1,phak,explanation,auto,from the Task B References line,"Use proper instrument cross-check and interpretation to identify an unusual attitude (including both nose-high and nose-low) in flight, and apply the appropriate flight control, power input, and aircraft configuration in the correct sequence, to return to a stabilized level flight attitude."
AA.IV.B.S1,risk-management,explanation,auto,from the Task B References line,"Use proper instrument cross-check and interpretation to identify an unusual attitude (including both nose-high and nose-low) in flight, and apply the appropriate flight control, power input, and aircraft configuration in the correct sequence, to return to a stabilized level flight attitude."
AA.IV.C.K1,afh,explanation,auto,from the Task C References line,All specific flight and performance characteristics associated with the aircraft. 32
AA.IV.C.K1,phak,explanation,auto,from the Task C References line,All specific flight and performance characteristics associated with the aircraft. 32
AA.IV.C.K1,risk-management,explanation,auto,from the Task C References line,All specific flight and performance characteristics associated with the aircraft. 32
AA.IV.C.R1,afh,explanation,auto,from the Task C References line,"Specific flight and performance characteristics, their effects, and applicable procedures."
AA.IV.C.R1,phak,explanation,auto,from the Task C References line,"Specific flight and performance characteristics, their effects, and applicable procedures."
AA.IV.C.R1,risk-management,explanation,auto,from the Task C References line,"Specific flight and performance characteristics, their effects, and applicable procedures."
AA.IV.C.R2,afh,explanation,auto,from the Task C References line,"Distractions, task prioritization, loss of situational awareness, or disorientation."
AA.IV.C.R2,phak,explanation,auto,from the Task C References line,"Distractions, task prioritization, loss of situational awareness, or disorientation."
AA.IV.C.R2,risk-management,explanation,auto,from the Task C References line,"Distractions, task prioritization, loss of situational awareness, or disorientation."
AA.IV.C.S1,afh,explanation,auto,from the Task C References line,"Use proper techniques, checklists, and procedures to enter into, operate within, and recover from specific flight situations, as applicable. 33"
AA.IV.C.S1,phak,explanation,auto,from the Task C References line,"Use proper techniques, checklists, and procedures to enter into, operate within, and recover from specific flight situations, as applicable. 33"
AA.IV.C.S1,risk-management,explanation,auto,from the Task C References line,"Use proper techniques, checklists, and procedures to enter into, operate within, and recover from specific flight situations, as applicable. 33"
AA.V.A.K1,ac-61-67c,guidance,auto,from the Task A References line,"Aerodynamics associated with stalls in a partial flap configuration, including the relationship between angle of attack, airspeed, load factor, power setting, aircraft weight and balance, aircraft attitude, and sideslip effects."
AA.V.A.K1,afh,explanation,auto,from the Task A References line,"Aerodynamics associated with stalls in a partial flap configuration, including the relationship between angle of attack, airspeed, load factor, power setting, aircraft weight and balance, aircraft attitude, and sideslip effects."
AA.V.A.K1,phak,explanation,auto,from the Task A References line,"Aerodynamics associated with stalls in a partial flap configuration, including the relationship between angle of attack, airspeed, load factor, power setting, aircraft weight and balance, aircraft attitude, and sideslip effects."
AA.V.A.K1,risk-management,explanation,auto,from the Task A References line,"Aerodynamics associated with stalls in a partial flap configuration, including the relationship between angle of attack, airspeed, load factor, power setting, aircraft weight and balance, aircraft attitude, and sideslip effects."
AA.V.A.K2,ac-61-67c,guidance,auto,from the Task A References line,"Stall characteristics as they relate to airplane design, and recognition impending stall and full stall indications using sight, sound, or feel."
AA.V.A.K2,afh,explanation,auto,from the Task A References line,"Stall characteristics as they relate to airplane design, and recognition impending stall and full stall indications using sight, sound, or feel."
AA.V.A.K2,phak,explanation,auto,from the Task A References line,"Stall characteristics as they relate to airplane design, and recognition impending stall and full stall indications using sight, sound, or feel."
AA.V.A.K2,risk-management,explanation,auto,from the Task A References line,"Stall characteristics as they relate to airplane design, and recognition impending stall and full stall indications using sight, sound, or feel."
AA.V.A.K3,ac-61-67c,guidance,auto,from the Task A References line,Factors and situations that can lead to a stall during takeoff or while on approach and actions that can be taken to prevent it.
AA.V.A.K3,afh,explanation,auto,from the Task A References line,Factors and situations that can lead to a stall during takeoff or while on approach and actions that can be taken to prevent it.
AA.V.A.K3,phak,explanation,auto,from the Task A References line,Factors and situations that can lead to a stall during takeoff or while on approach and actions that can be taken to prevent it.
AA.V.A.K3,risk-management,explanation,auto,from the Task A References line,Factors and situations that can lead to a stall during takeoff or while on approach and actions that can be taken to prevent it.
AA.V.A.K4,ac-61-67c,guidance,auto,from the Task A References line,"Effects of autoflight, flight envelope protection in normal and degraded modes, and unexpected disconnects of the autopilot or autothrottle/autothrust, if applicable to the aircraft used for the evaluation."
AA.V.A.K4,afh,explanation,auto,from the Task A References line,"Effects of autoflight, flight envelope protection in normal and degraded modes, and unexpected disconnects of the autopilot or autothrottle/autothrust, if applicable to the aircraft used for the evaluation."
AA.V.A.K4,phak,explanation,auto,from the Task A References line,"Effects of autoflight, flight envelope protection in normal and degraded modes, and unexpected disconnects of the autopilot or autothrottle/autothrust, if applicable to the aircraft used for the evaluation."
AA.V.A.K4,risk-management,explanation,auto,from the Task A References line,"Effects of autoflight, flight envelope protection in normal and degraded modes, and unexpected disconnects of the autopilot or autothrottle/autothrust, if applicable to the aircraft used for the evaluation."
AA.V.A.K5,ac-61-67c,guidance,auto,from the Task A References line,Fundamentals of stall recovery.
AA.V.A.K5,afh,explanation,auto,from the Task A References line,Fundamentals of stall recovery.
AA.V.A.K5,phak,explanation,auto,from the Task A References line,Fundamentals of stall recovery.
AA.V.A.K5,risk-management,explanation,auto,from the Task A References line,Fundamentals of stall recovery.
AA.V.A.R1,ac-61-67c,guidance,auto,from the Task A References line,"Factors and situations that could lead to an inadvertent stall, spin, and loss of control during takeoff or while on approach."
AA.V.A.R1,afh,explanation,auto,from the Task A References line,"Factors and situations that could lead to an inadvertent stall, spin, and loss of control during takeoff or while on approach."
AA.V.A.R1,phak,explanation,auto,from the Task A References line,"Factors and situations that could lead to an inadvertent stall, spin, and loss of control during takeoff or while on approach."
AA.V.A.R1,risk-management,explanation,auto,from the Task A References line,"Factors and situations that could lead to an inadvertent stall, spin, and loss of control during takeoff or while on approach."
AA.V.A.R2,ac-61-67c,guidance,auto,from the Task A References line,"Range and limitations of stall warning indicators (e.g., aircraft buffet, stall horn, stick shaker, etc.)."
AA.V.A.R2,afh,explanation,auto,from the Task A References line,"Range and limitations of stall warning indicators (e.g., aircraft buffet, stall horn, stick shaker, etc.)."
AA.V.A.R2,phak,explanation,auto,from the Task A References line,"Range and limitations of stall warning indicators (e.g., aircraft buffet, stall horn, stick shaker, etc.)."
AA.V.A.R2,risk-management,explanation,auto,from the Task A References line,"Range and limitations of stall warning indicators (e.g., aircraft buffet, stall horn, stick shaker, etc.)."
AA.V.A.R3,ac-61-67c,guidance,auto,from the Task A References line,Stall warning awareness.
AA.V.A.R3,afh,explanation,auto,from the Task A References line,Stall warning awareness.
AA.V.A.R3,phak,explanation,auto,from the Task A References line,Stall warning awareness.
AA.V.A.R3,risk-management,explanation,auto,from the Task A References line,Stall warning awareness.
AA.V.A.R4,ac-61-67c,guidance,auto,from the Task A References line,Stall recovery procedure.
AA.V.A.R4,afh,explanation,auto,from the Task A References line,Stall recovery procedure.
AA.V.A.R4,phak,explanation,auto,from the Task A References line,Stall recovery procedure.
AA.V.A.R4,risk-management,explanation,auto,from the Task A References line,Stall recovery procedure.
AA.V.A.R5,ac-61-67c,guidance,auto,from the Task A References line,"Secondary stalls, accelerated stalls, elevator trim stalls, and cross-control stalls."
AA.V.A.R5,afh,explanation,auto,from the Task A References line,"Secondary stalls, accelerated stalls, elevator trim stalls, and cross-control stalls."
AA.V.A.R5,phak,explanation,auto,from the Task A References line,"Secondary stalls, accelerated stalls, elevator trim stalls, and cross-control stalls."
AA.V.A.R5,risk-management,explanation,auto,from the Task A References line,"Secondary stalls, accelerated stalls, elevator trim stalls, and cross-control stalls."
AA.V.A.R6,ac-61-67c,guidance,auto,from the Task A References line,"Effect of environmental elements on aircraft performance while in a partial flap configuration as it relates to stalls (e.g., turbulence, microbursts, and high-density altitude)."
AA.V.A.R6,afh,explanation,auto,from the Task A References line,"Effect of environmental elements on aircraft performance while in a partial flap configuration as it relates to stalls (e.g., turbulence, microbursts, and high-density altitude)."
AA.V.A.R6,phak,explanation,auto,from the Task A References line,"Effect of environmental elements on aircraft performance while in a partial flap configuration as it relates to stalls (e.g., turbulence, microbursts, and high-density altitude)."
AA.V.A.R6,risk-management,explanation,auto,from the Task A References line,"Effect of environmental elements on aircraft performance while in a partial flap configuration as it relates to stalls (e.g., turbulence, microbursts, and high-density altitude)."
AA.V.A.R7,ac-61-67c,guidance,auto,from the Task A References line,Collision hazards including aircraft and terrain.
AA.V.A.R7,afh,explanation,auto,from the Task A References line,Collision hazards including aircraft and terrain.
AA.V.A.R7,phak,explanation,auto,from the Task A References line,Collision hazards including aircraft and terrain.
AA.V.A.R7,risk-management,explanation,auto,from the Task A References line,Collision hazards including aircraft and terrain.
AA.V.A.R8,ac-61-67c,guidance,auto,from the Task A References line,"Distractions, task prioritization, loss of situational awareness, or disorientation."
AA.V.A.R8,afh,explanation,auto,from the Task A References line,"Distractions, task prioritization, loss of situational awareness, or disorientation."
AA.V.A.R8,phak,explanation,auto,from the Task A References line,"Distractions, task prioritization, loss of situational awareness, or disorientation."
AA.V.A.R8,risk-management,explanation,auto,from the Task A References line,"Distractions, task prioritization, loss of situational awareness, or disorientation."
AA.V.A.S1,ac-61-67c,guidance,auto,from the Task A References line,"Clear the area and select an entry altitude that allows the recovery to be completed no lower than 3,000 feet above ground level (AGL) (non-transport category airplanes) or 5,000 feet AGL (transport category airplanes)."
AA.V.A.S1,afh,explanation,auto,from the Task A References line,"Clear the area and select an entry altitude that allows the recovery to be completed no lower than 3,000 feet above ground level (AGL) (non-transport category airplanes) or 5,000 feet AGL (transport category airplanes)."
AA.V.A.S1,phak,explanation,auto,from the Task A References line,"Clear the area and select an entry altitude that allows the recovery to be completed no lower than 3,000 feet above ground level (AGL) (non-transport category airplanes) or 5,000 feet AGL (transport category airplanes)."
AA.V.A.S1,risk-management,explanation,auto,from the Task A References line,"Clear the area and select an entry altitude that allows the recovery to be completed no lower than 3,000 feet above ground level (AGL) (non-transport category airplanes) or 5,000 feet AGL (transport category airplanes)."
AA.V.A.S2,ac-61-67c,guidance,auto,from the Task A References line,[Archived] 34
AA.V.A.S2,afh,explanation,auto,from the Task A References line,[Archived] 34
AA.V.A.S2,phak,explanation,auto,from the Task A References line,[Archived] 34
AA.V.A.S2,risk-management,explanation,auto,from the Task A References line,[Archived] 34
AA.V.A.S3,ac-61-67c,guidance,auto,from the Task A References line,"Establish the takeoff or approach configuration (partial flap), as specified by the evaluator, and maintain coordinated flight in simulated or actual instrument conditions throughout the maneuver."
AA.V.A.S3,afh,explanation,auto,from the Task A References line,"Establish the takeoff or approach configuration (partial flap), as specified by the evaluator, and maintain coordinated flight in simulated or actual instrument conditions throughout the maneuver."
AA.V.A.S3,phak,explanation,auto,from the Task A References line,"Establish the takeoff or approach configuration (partial flap), as specified by the evaluator, and maintain coordinated flight in simulated or actual instrument conditions throughout the maneuver."
AA.V.A.S3,risk-management,explanation,auto,from the Task A References line,"Establish the takeoff or approach configuration (partial flap), as specified by the evaluator, and maintain coordinated flight in simulated or actual instrument conditions throughout the maneuver."
AA.V.A.S4,ac-61-67c,guidance,auto,from the Task A References line,"Either manually or with the autopilot engaged, smoothly adjust pitch attitude, bank angle (15°-30°), and power setting in accordance with evaluator’s instructions to an impending stall."
AA.V.A.S4,afh,explanation,auto,from the Task A References line,"Either manually or with the autopilot engaged, smoothly adjust pitch attitude, bank angle (15°-30°), and power setting in accordance with evaluator’s instructions to an impending stall."
AA.V.A.S4,phak,explanation,auto,from the Task A References line,"Either manually or with the autopilot engaged, smoothly adjust pitch attitude, bank angle (15°-30°), and power setting in accordance with evaluator’s instructions to an impending stall."
AA.V.A.S4,risk-management,explanation,auto,from the Task A References line,"Either manually or with the autopilot engaged, smoothly adjust pitch attitude, bank angle (15°-30°), and power setting in accordance with evaluator’s instructions to an impending stall."
AA.V.A.S5,ac-61-67c,guidance,auto,from the Task A References line,"Acknowledge the cue(s) and promptly recover at the first indication of an impending stall (e.g., buffet, stall horn, stick shaker, etc.)."
AA.V.A.S5,afh,explanation,auto,from the Task A References line,"Acknowledge the cue(s) and promptly recover at the first indication of an impending stall (e.g., buffet, stall horn, stick shaker, etc.)."
AA.V.A.S5,phak,explanation,auto,from the Task A References line,"Acknowledge the cue(s) and promptly recover at the first indication of an impending stall (e.g., buffet, stall horn, stick shaker, etc.)."
AA.V.A.S5,risk-management,explanation,auto,from the Task A References line,"Acknowledge the cue(s) and promptly recover at the first indication of an impending stall (e.g., buffet, stall horn, stick shaker, etc.)."
AA.V.A.S6,ac-61-67c,guidance,auto,from the Task A References line,Execute a stall recovery in accordance with procedures set forth in the Pilot's Operating Handbook (POH)/Flight Manual (FM).
AA.V.A.S6,afh,explanation,auto,from the Task A References line,Execute a stall recovery in accordance with procedures set forth in the Pilot's Operating Handbook (POH)/Flight Manual (FM).
AA.V.A.S6,phak,explanation,auto,from the Task A References line,Execute a stall recovery in accordance with procedures set forth in the Pilot's Operating Handbook (POH)/Flight Manual (FM).
AA.V.A.S6,risk-management,explanation,auto,from the Task A References line,Execute a stall recovery in accordance with procedures set forth in the Pilot's Operating Handbook (POH)/Flight Manual (FM).
AA.V.A.S7,ac-61-67c,guidance,auto,from the Task A References line,"Retract the flaps or other lift/drag devices to the recommended setting, if applicable; retract the landing gear after a positive rate of climb is established, if applicable; and return to the desired flight path as specified by the evaluator."
AA.V.A.S7,afh,explanation,auto,from the Task A References line,"Retract the flaps or other lift/drag devices to the recommended setting, if applicable; retract the landing gear after a positive rate of climb is established, if applicable; and return to the desired flight path as specified by the evaluator."
AA.V.A.S7,phak,explanation,auto,from the Task A References line,"Retract the flaps or other lift/drag devices to the recommended setting, if applicable; retract the landing gear after a positive rate of climb is established, if applicable; and return to the desired flight path as specified by the evaluator."
AA.V.A.S7,risk-management,explanation,auto,from the Task A References line,"Retract the flaps or other lift/drag devices to the recommended setting, if applicable; retract the landing gear after a positive rate of climb is established, if applicable; and return to the desired flight path as specified by the evaluator."
AA.V.B.K1,ac-61-67c,guidance,auto,from the Task B References line,"Aerodynamics associated with stalls in a clean configuration, including the relationship between angle of attack, airspeed, load factor, power setting, aircraft weight and balance, and aircraft attitude."
AA.V.B.K1,afh,explanation,auto,from the Task B References line,"Aerodynamics associated with stalls in a clean configuration, including the relationship between angle of attack, airspeed, load factor, power setting, aircraft weight and balance, and aircraft attitude."
AA.V.B.K1,phak,explanation,auto,from the Task B References line,"Aerodynamics associated with stalls in a clean configuration, including the relationship between angle of attack, airspeed, load factor, power setting, aircraft weight and balance, and aircraft attitude."
AA.V.B.K1,risk-management,explanation,auto,from the Task B References line,"Aerodynamics associated with stalls in a clean configuration, including the relationship between angle of attack, airspeed, load factor, power setting, aircraft weight and balance, and aircraft attitude."
AA.V.B.K2,ac-61-67c,guidance,auto,from the Task B References line,"Stall characteristics as they relate to airplane design, and recognition impending stall and full stall indications using sight, sound, or feel."
AA.V.B.K2,afh,explanation,auto,from the Task B References line,"Stall characteristics as they relate to airplane design, and recognition impending stall and full stall indications using sight, sound, or feel."
AA.V.B.K2,phak,explanation,auto,from the Task B References line,"Stall characteristics as they relate to airplane design, and recognition impending stall and full stall indications using sight, sound, or feel."
AA.V.B.K2,risk-management,explanation,auto,from the Task B References line,"Stall characteristics as they relate to airplane design, and recognition impending stall and full stall indications using sight, sound, or feel."
AA.V.B.K3,ac-61-67c,guidance,auto,from the Task B References line,Factors and situations that can lead to a stall during cruise flight and actions that can be taken to prevent it.
AA.V.B.K3,afh,explanation,auto,from the Task B References line,Factors and situations that can lead to a stall during cruise flight and actions that can be taken to prevent it.
AA.V.B.K3,phak,explanation,auto,from the Task B References line,Factors and situations that can lead to a stall during cruise flight and actions that can be taken to prevent it.
AA.V.B.K3,risk-management,explanation,auto,from the Task B References line,Factors and situations that can lead to a stall during cruise flight and actions that can be taken to prevent it.
AA.V.B.K4,ac-61-67c,guidance,auto,from the Task B References line,"Effects of autoflight, flight envelope protection in normal and degraded modes, and unexpected disconnects of the autopilot or autothrottle/autothrust, if applicable to the aircraft used for the evaluation."
AA.V.B.K4,afh,explanation,auto,from the Task B References line,"Effects of autoflight, flight envelope protection in normal and degraded modes, and unexpected disconnects of the autopilot or autothrottle/autothrust, if applicable to the aircraft used for the evaluation."
AA.V.B.K4,phak,explanation,auto,from the Task B References line,"Effects of autoflight, flight envelope protection in normal and degraded modes, and unexpected disconnects of the autopilot or autothrottle/autothrust, if applicable to the aircraft used for the evaluation."
AA.V.B.K4,risk-management,explanation,auto,from the Task B References line,"Effects of autoflight, flight envelope protection in normal and degraded modes, and unexpected disconnects of the autopilot or autothrottle/autothrust, if applicable to the aircraft used for the evaluation."
AA.V.B.K5,ac-61-67c,guidance,auto,from the Task B References line,Fundamentals of stall recovery.
AA.V.B.K5,afh,explanation,auto,from the Task B References line,Fundamentals of stall recovery.
AA.V.B.K5,phak,explanation,auto,from the Task B References line,Fundamentals of stall recovery.
AA.V.B.K5,risk-management,explanation,auto,from the Task B References line,Fundamentals of stall recovery.
AA.V.B.K6,ac-61-67c,guidance,auto,from the Task B References line,"Effects of altitude on performance (e.g., thrust available) and flight control effectiveness during a recovery."
AA.V.B.K6,afh,explanation,auto,from the Task B References line,"Effects of altitude on performance (e.g., thrust available) and flight control effectiveness during a recovery."
AA.V.B.K6,phak,explanation,auto,from the Task B References line,"Effects of altitude on performance (e.g., thrust available) and flight control effectiveness during a recovery."
AA.V.B.K6,risk-management,explanation,auto,from the Task B References line,"Effects of altitude on performance (e.g., thrust available) and flight control effectiveness during a recovery."
AA.V.B.R1,ac-61-67c,guidance,auto,from the Task B References line,"Factors and situations that could lead to an inadvertent stall, spin, and loss of control during cruise flight."
AA.V.B.R1,afh,explanation,auto,from the Task B References line,"Factors and situations that could lead to an inadvertent stall, spin, and loss of control during cruise flight."
AA.V.B.R1,phak,explanation,auto,from the Task B References line,"Factors and situations that could lead to an inadvertent stall, spin, and loss of control during cruise flight."
AA.V.B.R1,risk-management,explanation,auto,from the Task B References line,"Factors and situations that could lead to an inadvertent stall, spin, and loss of control during cruise flight."
AA.V.B.R2,ac-61-67c,guidance,auto,from the Task B References line,"Range and limitations of stall warning indicators (e.g., aircraft buffet, stall horn, stick shaker, etc.)."
AA.V.B.R2,afh,explanation,auto,from the Task B References line,"Range and limitations of stall warning indicators (e.g., aircraft buffet, stall horn, stick shaker, etc.)."
AA.V.B.R2,phak,explanation,auto,from the Task B References line,"Range and limitations of stall warning indicators (e.g., aircraft buffet, stall horn, stick shaker, etc.)."
AA.V.B.R2,risk-management,explanation,auto,from the Task B References line,"Range and limitations of stall warning indicators (e.g., aircraft buffet, stall horn, stick shaker, etc.)."
AA.V.B.R3,ac-61-67c,guidance,auto,from the Task B References line,Stall warning awareness.
AA.V.B.R3,afh,explanation,auto,from the Task B References line,Stall warning awareness.
AA.V.B.R3,phak,explanation,auto,from the Task B References line,Stall warning awareness.
AA.V.B.R3,risk-management,explanation,auto,from the Task B References line,Stall warning awareness.
AA.V.B.R4,ac-61-67c,guidance,auto,from the Task B References line,Stall recovery procedure.
AA.V.B.R4,afh,explanation,auto,from the Task B References line,Stall recovery procedure.
AA.V.B.R4,phak,explanation,auto,from the Task B References line,Stall recovery procedure.
AA.V.B.R4,risk-management,explanation,auto,from the Task B References line,Stall recovery procedure.
AA.V.B.R5,ac-61-67c,guidance,auto,from the Task B References line,"Secondary stalls, accelerated stalls, elevator trim stalls, and cross-control stalls. 35"
AA.V.B.R5,afh,explanation,auto,from the Task B References line,"Secondary stalls, accelerated stalls, elevator trim stalls, and cross-control stalls. 35"
AA.V.B.R5,phak,explanation,auto,from the Task B References line,"Secondary stalls, accelerated stalls, elevator trim stalls, and cross-control stalls. 35"
AA.V.B.R5,risk-management,explanation,auto,from the Task B References line,"Secondary stalls, accelerated stalls, elevator trim stalls, and cross-control stalls. 35"
AA.V.B.R6,ac-61-67c,guidance,auto,from the Task B References line,"Effect of environmental elements on aircraft performance while in cruise flight as it relates to stalls (e.g., turbulence, microbursts, and high-density altitude)."
AA.V.B.R6,afh,explanation,auto,from the Task B References line,"Effect of environmental elements on aircraft performance while in cruise flight as it relates to stalls (e.g., turbulence, microbursts, and high-density altitude)."
AA.V.B.R6,phak,explanation,auto,from the Task B References line,"Effect of environmental elements on aircraft performance while in cruise flight as it relates to stalls (e.g., turbulence, microbursts, and high-density altitude)."
AA.V.B.R6,risk-management,explanation,auto,from the Task B References line,"Effect of environmental elements on aircraft performance while in cruise flight as it relates to stalls (e.g., turbulence, microbursts, and high-density altitude)."
AA.V.B.R7,ac-61-67c,guidance,auto,from the Task B References line,Collision hazards including aircraft and terrain.
AA.V.B.R7,afh,explanation,auto,from the Task B References line,Collision hazards including aircraft and terrain.
AA.V.B.R7,phak,explanation,auto,from the Task B References line,Collision hazards including aircraft and terrain.
AA.V.B.R7,risk-management,explanation,auto,from the Task B References line,Collision hazards including aircraft and terrain.
AA.V.B.R8,ac-61-67c,guidance,auto,from the Task B References line,"Distractions, task prioritization, loss of situational awareness, or disorientation."
AA.V.B.R8,afh,explanation,auto,from the Task B References line,"Distractions, task prioritization, loss of situational awareness, or disorientation."
AA.V.B.R8,phak,explanation,auto,from the Task B References line,"Distractions, task prioritization, loss of situational awareness, or disorientation."
AA.V.B.R8,risk-management,explanation,auto,from the Task B References line,"Distractions, task prioritization, loss of situational awareness, or disorientation."
AA.V.B.S1,ac-61-67c,guidance,auto,from the Task B References line,"Clear the area and select an entry altitude that allows the recovery to be completed no lower than 3,000 feet above ground level (AGL) (non-transport category airplanes) or 5,000 feet AGL (transport category airplanes)."
AA.V.B.S1,afh,explanation,auto,from the Task B References line,"Clear the area and select an entry altitude that allows the recovery to be completed no lower than 3,000 feet above ground level (AGL) (non-transport category airplanes) or 5,000 feet AGL (transport category airplanes)."
AA.V.B.S1,phak,explanation,auto,from the Task B References line,"Clear the area and select an entry altitude that allows the recovery to be completed no lower than 3,000 feet above ground level (AGL) (non-transport category airplanes) or 5,000 feet AGL (transport category airplanes)."
AA.V.B.S1,risk-management,explanation,auto,from the Task B References line,"Clear the area and select an entry altitude that allows the recovery to be completed no lower than 3,000 feet above ground level (AGL) (non-transport category airplanes) or 5,000 feet AGL (transport category airplanes)."
AA.V.B.S2,ac-61-67c,guidance,auto,from the Task B References line,[Archived]
AA.V.B.S2,afh,explanation,auto,from the Task B References line,[Archived]
AA.V.B.S2,phak,explanation,auto,from the Task B References line,[Archived]
AA.V.B.S2,risk-management,explanation,auto,from the Task B References line,[Archived]
AA.V.B.S3,ac-61-67c,guidance,auto,from the Task B References line,"While in cruise flight, maintain coordinated flight in simulated or actual instrument conditions throughout the maneuver."
AA.V.B.S3,afh,explanation,auto,from the Task B References line,"While in cruise flight, maintain coordinated flight in simulated or actual instrument conditions throughout the maneuver."
AA.V.B.S3,phak,explanation,auto,from the Task B References line,"While in cruise flight, maintain coordinated flight in simulated or actual instrument conditions throughout the maneuver."
AA.V.B.S3,risk-management,explanation,auto,from the Task B References line,"While in cruise flight, maintain coordinated flight in simulated or actual instrument conditions throughout the maneuver."
AA.V.B.S4,ac-61-67c,guidance,auto,from the Task B References line,"Either manually or with the autopilot engaged, smoothly adjust pitch attitude, bank angle (15°-30°), and power setting in accordance with evaluator’s instructions to an impending stall."
AA.V.B.S4,afh,explanation,auto,from the Task B References line,"Either manually or with the autopilot engaged, smoothly adjust pitch attitude, bank angle (15°-30°), and power setting in accordance with evaluator’s instructions to an impending stall."
AA.V.B.S4,phak,explanation,auto,from the Task B References line,"Either manually or with the autopilot engaged, smoothly adjust pitch attitude, bank angle (15°-30°), and power setting in accordance with evaluator’s instructions to an impending stall."
AA.V.B.S4,risk-management,explanation,auto,from the Task B References line,"Either manually or with the autopilot engaged, smoothly adjust pitch attitude, bank angle (15°-30°), and power setting in accordance with evaluator’s instructions to an impending stall."
AA.V.B.S5,ac-61-67c,guidance,auto,from the Task B References line,"Acknowledge the cue(s) and promptly recover at the first indication of an impending stall (e.g., buffet, stall horn, stick shaker, etc.)."
AA.V.B.S5,afh,explanation,auto,from the Task B References line,"Acknowledge the cue(s) and promptly recover at the first indication of an impending stall (e.g., buffet, stall horn, stick shaker, etc.)."
AA.V.B.S5,phak,explanation,auto,from the Task B References line,"Acknowledge the cue(s) and promptly recover at the first indication of an impending stall (e.g., buffet, stall horn, stick shaker, etc.)."
AA.V.B.S5,risk-management,explanation,auto,from the Task B References line,"Acknowledge the cue(s) and promptly recover at the first indication of an impending stall (e.g., buffet, stall horn, stick shaker, etc.)."
AA.V.B.S6,ac-61-67c,guidance,auto,from the Task B References line,Execute a stall recovery in accordance with procedures set forth in the Pilot's Operating Handbook (POH)/Flight Manual (FM).
AA.V.B.S6,afh,explanation,auto,from the Task B References line,Execute a stall recovery in accordance with procedures set forth in the Pilot's Operating Handbook (POH)/Flight Manual (FM).
AA.V.B.S6,phak,explanation,auto,from the Task B References line,Execute a stall recovery in accordance with procedures set forth in the Pilot's Operating Handbook (POH)/Flight Manual (FM).
AA.V.B.S6,risk-management,explanation,auto,from the Task B References line,Execute a stall recovery in accordance with procedures set forth in the Pilot's Operating Handbook (POH)/Flight Manual (FM).
AA.V.B.S7,ac-61-67c,guidance,auto,from the Task B References line,Return to the desired flight path as specified by the evaluator.
AA.V.B.S7,afh,explanation,auto,from the Task B References line,Return to the desired flight path as specified by the evaluator.
AA.V.B.S7,phak,explanation,auto,from the Task B References line,Return to the desired flight path as specified by the evaluator.
AA.V.B.S7,risk-management,explanation,auto,from the Task B References line,Return to the desired flight path as specified by the evaluator.
AA.V.C.K1,ac-61-67c,guidance,auto,from the Task C References line,"Aerodynamics associated with stalls in the landing configuration, including the relationship between angle of attack, airspeed, load factor, power setting, aircraft weight and balance, aircraft attitude, and sideslip effects."
AA.V.C.K1,afh,explanation,auto,from the Task C References line,"Aerodynamics associated with stalls in the landing configuration, including the relationship between angle of attack, airspeed, load factor, power setting, aircraft weight and balance, aircraft attitude, and sideslip effects."
AA.V.C.K1,phak,explanation,auto,from the Task C References line,"Aerodynamics associated with stalls in the landing configuration, including the relationship between angle of attack, airspeed, load factor, power setting, aircraft weight and balance, aircraft attitude, and sideslip effects."
AA.V.C.K1,risk-management,explanation,auto,from the Task C References line,"Aerodynamics associated with stalls in the landing configuration, including the relationship between angle of attack, airspeed, load factor, power setting, aircraft weight and balance, aircraft attitude, and sideslip effects."
AA.V.C.K2,ac-61-67c,guidance,auto,from the Task C References line,"Stall characteristics as they relate to airplane design, and recognition impending stall and full stall indications using sight, sound, or feel."
AA.V.C.K2,afh,explanation,auto,from the Task C References line,"Stall characteristics as they relate to airplane design, and recognition impending stall and full stall indications using sight, sound, or feel."
AA.V.C.K2,phak,explanation,auto,from the Task C References line,"Stall characteristics as they relate to airplane design, and recognition impending stall and full stall indications using sight, sound, or feel."
AA.V.C.K2,risk-management,explanation,auto,from the Task C References line,"Stall characteristics as they relate to airplane design, and recognition impending stall and full stall indications using sight, sound, or feel."
AA.V.C.K3,ac-61-67c,guidance,auto,from the Task C References line,Factors and situations that can lead to a stall when configured for landing and actions that can be taken to prevent it.
AA.V.C.K3,afh,explanation,auto,from the Task C References line,Factors and situations that can lead to a stall when configured for landing and actions that can be taken to prevent it.
AA.V.C.K3,phak,explanation,auto,from the Task C References line,Factors and situations that can lead to a stall when configured for landing and actions that can be taken to prevent it.
AA.V.C.K3,risk-management,explanation,auto,from the Task C References line,Factors and situations that can lead to a stall when configured for landing and actions that can be taken to prevent it.
AA.V.C.K4,ac-61-67c,guidance,auto,from the Task C References line,"Effects of autoflight, flight envelope protection in normal and degraded modes, and unexpected disconnects of the autopilot or autothrottle/autothrust, if applicable to the aircraft used for the evaluation."
AA.V.C.K4,afh,explanation,auto,from the Task C References line,"Effects of autoflight, flight envelope protection in normal and degraded modes, and unexpected disconnects of the autopilot or autothrottle/autothrust, if applicable to the aircraft used for the evaluation."
AA.V.C.K4,phak,explanation,auto,from the Task C References line,"Effects of autoflight, flight envelope protection in normal and degraded modes, and unexpected disconnects of the autopilot or autothrottle/autothrust, if applicable to the aircraft used for the evaluation."
AA.V.C.K4,risk-management,explanation,auto,from the Task C References line,"Effects of autoflight, flight envelope protection in normal and degraded modes, and unexpected disconnects of the autopilot or autothrottle/autothrust, if applicable to the aircraft used for the evaluation."
AA.V.C.K5,ac-61-67c,guidance,auto,from the Task C References line,Fundamentals of stall recovery.
AA.V.C.K5,afh,explanation,auto,from the Task C References line,Fundamentals of stall recovery.
AA.V.C.K5,phak,explanation,auto,from the Task C References line,Fundamentals of stall recovery.
AA.V.C.K5,risk-management,explanation,auto,from the Task C References line,Fundamentals of stall recovery.
AA.V.C.R1,ac-61-67c,guidance,auto,from the Task C References line,"Factors and situations that could lead to an inadvertent stall, spin, and loss of control during landing."
AA.V.C.R1,afh,explanation,auto,from the Task C References line,"Factors and situations that could lead to an inadvertent stall, spin, and loss of control during landing."
AA.V.C.R1,phak,explanation,auto,from the Task C References line,"Factors and situations that could lead to an inadvertent stall, spin, and loss of control during landing."
AA.V.C.R1,risk-management,explanation,auto,from the Task C References line,"Factors and situations that could lead to an inadvertent stall, spin, and loss of control during landing."
AA.V.C.R2,ac-61-67c,guidance,auto,from the Task C References line,"Range and limitations of stall warning indicators (e.g., aircraft buffet, stall horn, stick shaker, etc.)."
AA.V.C.R2,afh,explanation,auto,from the Task C References line,"Range and limitations of stall warning indicators (e.g., aircraft buffet, stall horn, stick shaker, etc.)."
AA.V.C.R2,phak,explanation,auto,from the Task C References line,"Range and limitations of stall warning indicators (e.g., aircraft buffet, stall horn, stick shaker, etc.)."
AA.V.C.R2,risk-management,explanation,auto,from the Task C References line,"Range and limitations of stall warning indicators (e.g., aircraft buffet, stall horn, stick shaker, etc.)."
AA.V.C.R3,ac-61-67c,guidance,auto,from the Task C References line,Stall warning awareness.
AA.V.C.R3,afh,explanation,auto,from the Task C References line,Stall warning awareness.
AA.V.C.R3,phak,explanation,auto,from the Task C References line,Stall warning awareness.
AA.V.C.R3,risk-management,explanation,auto,from the Task C References line,Stall warning awareness.
AA.V.C.R4,ac-61-67c,guidance,auto,from the Task C References line,Stall recovery procedure.
AA.V.C.R4,afh,explanation,auto,from the Task C References line,Stall recovery procedure.
AA.V.C.R4,phak,explanation,auto,from the Task C References line,Stall recovery procedure.
AA.V.C.R4,risk-management,explanation,auto,from the Task C References line,Stall recovery procedure.
AA.V.C.R5,ac-61-67c,guidance,auto,from the Task C References line,"Secondary stalls, accelerated stalls, elevator trim stalls, and cross-control stalls."
AA.V.C.R5,afh,explanation,auto,from the Task C References line,"Secondary stalls, accelerated stalls, elevator trim stalls, and cross-control stalls."
AA.V.C.R5,phak,explanation,auto,from the Task C References line,"Secondary stalls, accelerated stalls, elevator trim stalls, and cross-control stalls."
AA.V.C.R5,risk-management,explanation,auto,from the Task C References line,"Secondary stalls, accelerated stalls, elevator trim stalls, and cross-control stalls."
AA.V.C.R6,ac-61-67c,guidance,auto,from the Task C References line,"Effect of environmental elements on aircraft performance while landing as it relates to stalls (e.g., turbulence, icing, microbursts, and high-density altitude)."
AA.V.C.R6,afh,explanation,auto,from the Task C References line,"Effect of environmental elements on aircraft performance while landing as it relates to stalls (e.g., turbulence, icing, microbursts, and high-density altitude)."
AA.V.C.R6,phak,explanation,auto,from the Task C References line,"Effect of environmental elements on aircraft performance while landing as it relates to stalls (e.g., turbulence, icing, microbursts, and high-density altitude)."
AA.V.C.R6,risk-management,explanation,auto,from the Task C References line,"Effect of environmental elements on aircraft performance while landing as it relates to stalls (e.g., turbulence, icing, microbursts, and high-density altitude)."
AA.V.C.R7,ac-61-67c,guidance,auto,from the Task C References line,Stalls at a low altitude.
AA.V.C.R7,afh,explanation,auto,from the Task C References line,Stalls at a low altitude.
AA.V.C.R7,phak,explanation,auto,from the Task C References line,Stalls at a low altitude.
AA.V.C.R7,risk-management,explanation,auto,from the Task C References line,Stalls at a low altitude.
AA.V.C.R8,ac-61-67c,guidance,auto,from the Task C References line,"Collision hazards, including aircraft and terrain."
AA.V.C.R8,afh,explanation,auto,from the Task C References line,"Collision hazards, including aircraft and terrain."
AA.V.C.R8,phak,explanation,auto,from the Task C References line,"Collision hazards, including aircraft and terrain."
AA.V.C.R8,risk-management,explanation,auto,from the Task C References line,"Collision hazards, including aircraft and terrain."
AA.V.C.R9,ac-61-67c,guidance,auto,from the Task C References line,"Distractions, task prioritization, loss of situational awareness, or disorientation."
AA.V.C.R9,afh,explanation,auto,from the Task C References line,"Distractions, task prioritization, loss of situational awareness, or disorientation."
AA.V.C.R9,phak,explanation,auto,from the Task C References line,"Distractions, task prioritization, loss of situational awareness, or disorientation."
AA.V.C.R9,risk-management,explanation,auto,from the Task C References line,"Distractions, task prioritization, loss of situational awareness, or disorientation."
AA.V.C.S1,ac-61-67c,guidance,auto,from the Task C References line,"Clear the area and select an entry altitude that allows the recovery to be completed no lower than 3,000 feet above ground level (AGL) (non-transport category airplanes) or 5,000 feet AGL (transport category airplanes)."
AA.V.C.S1,afh,explanation,auto,from the Task C References line,"Clear the area and select an entry altitude that allows the recovery to be completed no lower than 3,000 feet above ground level (AGL) (non-transport category airplanes) or 5,000 feet AGL (transport category airplanes)."
AA.V.C.S1,phak,explanation,auto,from the Task C References line,"Clear the area and select an entry altitude that allows the recovery to be completed no lower than 3,000 feet above ground level (AGL) (non-transport category airplanes) or 5,000 feet AGL (transport category airplanes)."
AA.V.C.S1,risk-management,explanation,auto,from the Task C References line,"Clear the area and select an entry altitude that allows the recovery to be completed no lower than 3,000 feet above ground level (AGL) (non-transport category airplanes) or 5,000 feet AGL (transport category airplanes)."
AA.V.C.S2,ac-61-67c,guidance,auto,from the Task C References line,[Archived]
AA.V.C.S2,afh,explanation,auto,from the Task C References line,[Archived]
AA.V.C.S2,phak,explanation,auto,from the Task C References line,[Archived]
AA.V.C.S2,risk-management,explanation,auto,from the Task C References line,[Archived]
AA.V.C.S3,ac-61-67c,guidance,auto,from the Task C References line,"Establish the landing configuration (i.e., lift/drag devices set and landing gear extended) and maintain coordinated flight in simulated or actual instrument conditions throughout the maneuver."
AA.V.C.S3,afh,explanation,auto,from the Task C References line,"Establish the landing configuration (i.e., lift/drag devices set and landing gear extended) and maintain coordinated flight in simulated or actual instrument conditions throughout the maneuver."
AA.V.C.S3,phak,explanation,auto,from the Task C References line,"Establish the landing configuration (i.e., lift/drag devices set and landing gear extended) and maintain coordinated flight in simulated or actual instrument conditions throughout the maneuver."
AA.V.C.S3,risk-management,explanation,auto,from the Task C References line,"Establish the landing configuration (i.e., lift/drag devices set and landing gear extended) and maintain coordinated flight in simulated or actual instrument conditions throughout the maneuver."
AA.V.C.S4,ac-61-67c,guidance,auto,from the Task C References line,"Either manually or with the autopilot engaged, smoothly adjust pitch attitude, bank angle (15°-30°), and power setting in accordance with evaluator’s instructions to an impending stall."
AA.V.C.S4,afh,explanation,auto,from the Task C References line,"Either manually or with the autopilot engaged, smoothly adjust pitch attitude, bank angle (15°-30°), and power setting in accordance with evaluator’s instructions to an impending stall."
AA.V.C.S4,phak,explanation,auto,from the Task C References line,"Either manually or with the autopilot engaged, smoothly adjust pitch attitude, bank angle (15°-30°), and power setting in accordance with evaluator’s instructions to an impending stall."
AA.V.C.S4,risk-management,explanation,auto,from the Task C References line,"Either manually or with the autopilot engaged, smoothly adjust pitch attitude, bank angle (15°-30°), and power setting in accordance with evaluator’s instructions to an impending stall."
AA.V.C.S5,ac-61-67c,guidance,auto,from the Task C References line,"Acknowledge the cue(s) and promptly recover at the first indication of an impending stall (e.g., buffet, stall horn, stick shaker, etc.)."
AA.V.C.S5,afh,explanation,auto,from the Task C References line,"Acknowledge the cue(s) and promptly recover at the first indication of an impending stall (e.g., buffet, stall horn, stick shaker, etc.)."
AA.V.C.S5,phak,explanation,auto,from the Task C References line,"Acknowledge the cue(s) and promptly recover at the first indication of an impending stall (e.g., buffet, stall horn, stick shaker, etc.)."
AA.V.C.S5,risk-management,explanation,auto,from the Task C References line,"Acknowledge the cue(s) and promptly recover at the first indication of an impending stall (e.g., buffet, stall horn, stick shaker, etc.)."
AA.V.C.S6,ac-61-67c,guidance,auto,from the Task C References line,Execute a stall recovery in accordance with procedures set forth in the Pilot's Operating Handbook (POH)/Flight Manual (FM).
AA.V.C.S6,afh,explanation,auto,from the Task C References line,Execute a stall recovery in accordance with procedures set forth in the Pilot's Operating Handbook (POH)/Flight Manual (FM).
AA.V.C.S6,phak,explanation,auto,from the Task C References line,Execute a stall recovery in accordance with procedures set forth in the Pilot's Operating Handbook (POH)/Flight Manual (FM).
AA.V.C.S6,risk-management,explanation,auto,from the Task C References line,Execute a stall recovery in accordance with procedures set forth in the Pilot's Operating Handbook (POH)/Flight Manual (FM).
AA.V.C.S7,ac-61-67c,guidance,auto,from the Task C References line,"Retract the flaps or other lift/drag devices to the recommended setting, if applicable; retract the landing gear after a positive rate of climb is established, if applicable; and return to the desired flight path as specified by the evaluator. 37"
AA.V.C.S7,afh,explanation,auto,from the Task C References line,"Retract the flaps or other lift/drag devices to the recommended setting, if applicable; retract the landing gear after a positive rate of climb is established, if applicable; and return to the desired flight path as specified by the evaluator. 37"
AA.V.C.S7,phak,explanation,auto,from the Task C References line,"Retract the flaps or other lift/drag devices to the recommended setting, if applicable; retract the landing gear after a positive rate of climb is established, if applicable; and return to the desired flight path as specified by the evaluator. 37"
AA.V.C.S7,risk-management,explanation,auto,from the Task C References line,"Retract the flaps or other lift/drag devices to the recommended setting, if applicable; retract the landing gear after a positive rate of climb is established, if applicable; and return to the desired flight path as specified by the evaluator. 37"
AA.VI.A.K1,14cfr:part-91,regulation,auto,from the Task A References line,"Operational factors that could affect an instrument takeoff (e.g., runway length, runway lighting, surface conditions, wind, wake turbulence, icing conditions, obstructions, available instrument approaches or alternate airports available) in the event of an emergency after takeoff."
AA.VI.A.K1,afh,explanation,auto,from the Task A References line,"Operational factors that could affect an instrument takeoff (e.g., runway length, runway lighting, surface conditions, wind, wake turbulence, icing conditions, obstructions, available instrument approaches or alternate airports available) in the event of an emergency after takeoff."
AA.VI.A.K1,aim,guidance,auto,from the Task A References line,"Operational factors that could affect an instrument takeoff (e.g., runway length, runway lighting, surface conditions, wind, wake turbulence, icing conditions, obstructions, available instrument approaches or alternate airports available) in the event of an emergency after takeoff."
AA.VI.A.K1,ifh,explanation,auto,from the Task A References line,"Operational factors that could affect an instrument takeoff (e.g., runway length, runway lighting, surface conditions, wind, wake turbulence, icing conditions, obstructions, available instrument approaches or alternate airports available) in the event of an emergency after takeoff."
AA.VI.A.K1,iph,explanation,auto,from the Task A References line,"Operational factors that could affect an instrument takeoff (e.g., runway length, runway lighting, surface conditions, wind, wake turbulence, icing conditions, obstructions, available instrument approaches or alternate airports available) in the event of an emergency after takeoff."
AA.VI.A.K1,risk-management,explanation,auto,from the Task A References line,"Operational factors that could affect an instrument takeoff (e.g., runway length, runway lighting, surface conditions, wind, wake turbulence, icing conditions, obstructions, available instrument approaches or alternate airports available) in the event of an emergency after takeoff."
AA.VI.A.K1,seaplane,explanation,auto,from the Task A References line,"Operational factors that could affect an instrument takeoff (e.g., runway length, runway lighting, surface conditions, wind, wake turbulence, icing conditions, obstructions, available instrument approaches or alternate airports available) in the event of an emergency after takeoff."
AA.VI.A.R1,14cfr:part-91,regulation,auto,from the Task A References line,"Selection of a runway based on aircraft performance and limitations, available distance, surface conditions, lighting, and wind."
AA.VI.A.R1,afh,explanation,auto,from the Task A References line,"Selection of a runway based on aircraft performance and limitations, available distance, surface conditions, lighting, and wind."
AA.VI.A.R1,aim,guidance,auto,from the Task A References line,"Selection of a runway based on aircraft performance and limitations, available distance, surface conditions, lighting, and wind."
AA.VI.A.R1,ifh,explanation,auto,from the Task A References line,"Selection of a runway based on aircraft performance and limitations, available distance, surface conditions, lighting, and wind."
AA.VI.A.R1,iph,explanation,auto,from the Task A References line,"Selection of a runway based on aircraft performance and limitations, available distance, surface conditions, lighting, and wind."
AA.VI.A.R1,risk-management,explanation,auto,from the Task A References line,"Selection of a runway based on aircraft performance and limitations, available distance, surface conditions, lighting, and wind."
AA.VI.A.R1,seaplane,explanation,auto,from the Task A References line,"Selection of a runway based on aircraft performance and limitations, available distance, surface conditions, lighting, and wind."
AA.VI.A.R2,14cfr:part-91,regulation,auto,from the Task A References line,Wake turbulence.
AA.VI.A.R2,afh,explanation,auto,from the Task A References line,Wake turbulence.
AA.VI.A.R2,aim,guidance,auto,from the Task A References line,Wake turbulence.
AA.VI.A.R2,ifh,explanation,auto,from the Task A References line,Wake turbulence.
AA.VI.A.R2,iph,explanation,auto,from the Task A References line,Wake turbulence.
AA.VI.A.R2,risk-management,explanation,auto,from the Task A References line,Wake turbulence.
AA.VI.A.R2,seaplane,explanation,auto,from the Task A References line,Wake turbulence.
AA.VI.A.R3,14cfr:part-91,regulation,auto,from the Task A References line,"Abnormal operations, including planning for:"
AA.VI.A.R3,afh,explanation,auto,from the Task A References line,"Abnormal operations, including planning for:"
AA.VI.A.R3,aim,guidance,auto,from the Task A References line,"Abnormal operations, including planning for:"
AA.VI.A.R3,ifh,explanation,auto,from the Task A References line,"Abnormal operations, including planning for:"
AA.VI.A.R3,iph,explanation,auto,from the Task A References line,"Abnormal operations, including planning for:"
AA.VI.A.R3,risk-management,explanation,auto,from the Task A References line,"Abnormal operations, including planning for:"
AA.VI.A.R3,seaplane,explanation,auto,from the Task A References line,"Abnormal operations, including planning for:"
AA.VI.A.R3a,14cfr:part-91,regulation,auto,from the Task A References line,a. Rejected takeoff
AA.VI.A.R3a,afh,explanation,auto,from the Task A References line,a. Rejected takeoff
AA.VI.A.R3a,aim,guidance,auto,from the Task A References line,a. Rejected takeoff
AA.VI.A.R3a,ifh,explanation,auto,from the Task A References line,a. Rejected takeoff
AA.VI.A.R3a,iph,explanation,auto,from the Task A References line,a. Rejected takeoff
AA.VI.A.R3a,risk-management,explanation,auto,from the Task A References line,a. Rejected takeoff
AA.VI.A.R3a,seaplane,explanation,auto,from the Task A References line,a. Rejected takeoff
AA.VI.A.R3b,14cfr:part-91,regulation,auto,from the Task A References line,b. Potential engine failure in takeoff/climb phase of flight with the ceiling or visibility below the minimums for an instrument approach at departure airport
AA.VI.A.R3b,afh,explanation,auto,from the Task A References line,b. Potential engine failure in takeoff/climb phase of flight with the ceiling or visibility below the minimums for an instrument approach at departure airport
AA.VI.A.R3b,aim,guidance,auto,from the Task A References line,b. Potential engine failure in takeoff/climb phase of flight with the ceiling or visibility below the minimums for an instrument approach at departure airport
AA.VI.A.R3b,ifh,explanation,auto,from the Task A References line,b. Potential engine failure in takeoff/climb phase of flight with the ceiling or visibility below the minimums for an instrument approach at departure airport
AA.VI.A.R3b,iph,explanation,auto,from the Task A References line,b. Potential engine failure in takeoff/climb phase of flight with the ceiling or visibility below the minimums for an instrument approach at departure airport
AA.VI.A.R3b,risk-management,explanation,auto,from the Task A References line,b. Potential engine failure in takeoff/climb phase of flight with the ceiling or visibility below the minimums for an instrument approach at departure airport
AA.VI.A.R3b,seaplane,explanation,auto,from the Task A References line,b. Potential engine failure in takeoff/climb phase of flight with the ceiling or visibility below the minimums for an instrument approach at departure airport
AA.VI.A.R4,14cfr:part-91,regulation,auto,from the Task A References line,Collision hazards.
AA.VI.A.R4,afh,explanation,auto,from the Task A References line,Collision hazards.
AA.VI.A.R4,aim,guidance,auto,from the Task A References line,Collision hazards.
AA.VI.A.R4,ifh,explanation,auto,from the Task A References line,Collision hazards.
AA.VI.A.R4,iph,explanation,auto,from the Task A References line,Collision hazards.
AA.VI.A.R4,risk-management,explanation,auto,from the Task A References line,Collision hazards.
AA.VI.A.R4,seaplane,explanation,auto,from the Task A References line,Collision hazards.
AA.VI.A.R5,14cfr:part-91,regulation,auto,from the Task A References line,"Low altitude maneuvering, including stall, spin, or controlled flight into terrain (CFIT)."
AA.VI.A.R5,afh,explanation,auto,from the Task A References line,"Low altitude maneuvering, including stall, spin, or controlled flight into terrain (CFIT)."
AA.VI.A.R5,aim,guidance,auto,from the Task A References line,"Low altitude maneuvering, including stall, spin, or controlled flight into terrain (CFIT)."
AA.VI.A.R5,ifh,explanation,auto,from the Task A References line,"Low altitude maneuvering, including stall, spin, or controlled flight into terrain (CFIT)."
AA.VI.A.R5,iph,explanation,auto,from the Task A References line,"Low altitude maneuvering, including stall, spin, or controlled flight into terrain (CFIT)."
AA.VI.A.R5,risk-management,explanation,auto,from the Task A References line,"Low altitude maneuvering, including stall, spin, or controlled flight into terrain (CFIT)."
AA.VI.A.R5,seaplane,explanation,auto,from the Task A References line,"Low altitude maneuvering, including stall, spin, or controlled flight into terrain (CFIT)."
AA.VI.A.R6,14cfr:part-91,regulation,auto,from the Task A References line,"Distractions, task prioritization, loss of situational awareness, or disorientation."
AA.VI.A.R6,afh,explanation,auto,from the Task A References line,"Distractions, task prioritization, loss of situational awareness, or disorientation."
AA.VI.A.R6,aim,guidance,auto,from the Task A References line,"Distractions, task prioritization, loss of situational awareness, or disorientation."
AA.VI.A.R6,ifh,explanation,auto,from the Task A References line,"Distractions, task prioritization, loss of situational awareness, or disorientation."
AA.VI.A.R6,iph,explanation,auto,from the Task A References line,"Distractions, task prioritization, loss of situational awareness, or disorientation."
AA.VI.A.R6,risk-management,explanation,auto,from the Task A References line,"Distractions, task prioritization, loss of situational awareness, or disorientation."
AA.VI.A.R6,seaplane,explanation,auto,from the Task A References line,"Distractions, task prioritization, loss of situational awareness, or disorientation."
AA.VI.A.S1,14cfr:part-91,regulation,auto,from the Task A References line,"Coordinate with crew, if applicable, and complete the appropriate checklist(s) prior to takeoff in a timely manner."
AA.VI.A.S1,afh,explanation,auto,from the Task A References line,"Coordinate with crew, if applicable, and complete the appropriate checklist(s) prior to takeoff in a timely manner."
AA.VI.A.S1,aim,guidance,auto,from the Task A References line,"Coordinate with crew, if applicable, and complete the appropriate checklist(s) prior to takeoff in a timely manner."
AA.VI.A.S1,ifh,explanation,auto,from the Task A References line,"Coordinate with crew, if applicable, and complete the appropriate checklist(s) prior to takeoff in a timely manner."
AA.VI.A.S1,iph,explanation,auto,from the Task A References line,"Coordinate with crew, if applicable, and complete the appropriate checklist(s) prior to takeoff in a timely manner."
AA.VI.A.S1,risk-management,explanation,auto,from the Task A References line,"Coordinate with crew, if applicable, and complete the appropriate checklist(s) prior to takeoff in a timely manner."
AA.VI.A.S1,seaplane,explanation,auto,from the Task A References line,"Coordinate with crew, if applicable, and complete the appropriate checklist(s) prior to takeoff in a timely manner."
AA.VI.A.S10,14cfr:part-91,regulation,auto,from the Task A References line,"Rotate and lift off at the recommended airspeed, establish the desired pitch attitude, and accelerate to the desired airspeed/V-speed."
AA.VI.A.S10,afh,explanation,auto,from the Task A References line,"Rotate and lift off at the recommended airspeed, establish the desired pitch attitude, and accelerate to the desired airspeed/V-speed."
AA.VI.A.S10,aim,guidance,auto,from the Task A References line,"Rotate and lift off at the recommended airspeed, establish the desired pitch attitude, and accelerate to the desired airspeed/V-speed."
AA.VI.A.S10,ifh,explanation,auto,from the Task A References line,"Rotate and lift off at the recommended airspeed, establish the desired pitch attitude, and accelerate to the desired airspeed/V-speed."
AA.VI.A.S10,iph,explanation,auto,from the Task A References line,"Rotate and lift off at the recommended airspeed, establish the desired pitch attitude, and accelerate to the desired airspeed/V-speed."
AA.VI.A.S10,risk-management,explanation,auto,from the Task A References line,"Rotate and lift off at the recommended airspeed, establish the desired pitch attitude, and accelerate to the desired airspeed/V-speed."
AA.VI.A.S10,seaplane,explanation,auto,from the Task A References line,"Rotate and lift off at the recommended airspeed, establish the desired pitch attitude, and accelerate to the desired airspeed/V-speed."
AA.VI.A.S11,14cfr:part-91,regulation,auto,from the Task A References line,Transition smoothly from visual meteorological conditions (VM*C) to actual or simulated instrument meteorological conditions (IMC).
AA.VI.A.S11,afh,explanation,auto,from the Task A References line,Transition smoothly from visual meteorological conditions (VM*C) to actual or simulated instrument meteorological conditions (IMC).
AA.VI.A.S11,aim,guidance,auto,from the Task A References line,Transition smoothly from visual meteorological conditions (VM*C) to actual or simulated instrument meteorological conditions (IMC).
AA.VI.A.S11,ifh,explanation,auto,from the Task A References line,Transition smoothly from visual meteorological conditions (VM*C) to actual or simulated instrument meteorological conditions (IMC).
AA.VI.A.S11,iph,explanation,auto,from the Task A References line,Transition smoothly from visual meteorological conditions (VM*C) to actual or simulated instrument meteorological conditions (IMC).
AA.VI.A.S11,risk-management,explanation,auto,from the Task A References line,Transition smoothly from visual meteorological conditions (VM*C) to actual or simulated instrument meteorological conditions (IMC).
AA.VI.A.S11,seaplane,explanation,auto,from the Task A References line,Transition smoothly from visual meteorological conditions (VM*C) to actual or simulated instrument meteorological conditions (IMC).
AA.VI.A.S12,14cfr:part-91,regulation,auto,from the Task A References line,Maintain desired heading ±5° and desired airspeeds ±5 knots.
AA.VI.A.S12,afh,explanation,auto,from the Task A References line,Maintain desired heading ±5° and desired airspeeds ±5 knots.
AA.VI.A.S12,aim,guidance,auto,from the Task A References line,Maintain desired heading ±5° and desired airspeeds ±5 knots.
AA.VI.A.S12,ifh,explanation,auto,from the Task A References line,Maintain desired heading ±5° and desired airspeeds ±5 knots.
AA.VI.A.S12,iph,explanation,auto,from the Task A References line,Maintain desired heading ±5° and desired airspeeds ±5 knots.
AA.VI.A.S12,risk-management,explanation,auto,from the Task A References line,Maintain desired heading ±5° and desired airspeeds ±5 knots.
AA.VI.A.S12,seaplane,explanation,auto,from the Task A References line,Maintain desired heading ±5° and desired airspeeds ±5 knots.
AA.VI.A.S13,14cfr:part-91,regulation,auto,from the Task A References line,"Comply with air traffic control (ATC) clearances and instructions issued by ATC or the evaluator, as appropriate."
AA.VI.A.S13,afh,explanation,auto,from the Task A References line,"Comply with air traffic control (ATC) clearances and instructions issued by ATC or the evaluator, as appropriate."
AA.VI.A.S13,aim,guidance,auto,from the Task A References line,"Comply with air traffic control (ATC) clearances and instructions issued by ATC or the evaluator, as appropriate."
AA.VI.A.S13,ifh,explanation,auto,from the Task A References line,"Comply with air traffic control (ATC) clearances and instructions issued by ATC or the evaluator, as appropriate."
AA.VI.A.S13,iph,explanation,auto,from the Task A References line,"Comply with air traffic control (ATC) clearances and instructions issued by ATC or the evaluator, as appropriate."
AA.VI.A.S13,risk-management,explanation,auto,from the Task A References line,"Comply with air traffic control (ATC) clearances and instructions issued by ATC or the evaluator, as appropriate."
AA.VI.A.S13,seaplane,explanation,auto,from the Task A References line,"Comply with air traffic control (ATC) clearances and instructions issued by ATC or the evaluator, as appropriate."
AA.VI.A.S14,14cfr:part-91,regulation,auto,from the Task A References line,Complete appropriate after takeoff checklist(s) in a timely manner.
AA.VI.A.S14,afh,explanation,auto,from the Task A References line,Complete appropriate after takeoff checklist(s) in a timely manner.
AA.VI.A.S14,aim,guidance,auto,from the Task A References line,Complete appropriate after takeoff checklist(s) in a timely manner.
AA.VI.A.S14,ifh,explanation,auto,from the Task A References line,Complete appropriate after takeoff checklist(s) in a timely manner.
AA.VI.A.S14,iph,explanation,auto,from the Task A References line,Complete appropriate after takeoff checklist(s) in a timely manner.
AA.VI.A.S14,risk-management,explanation,auto,from the Task A References line,Complete appropriate after takeoff checklist(s) in a timely manner.
AA.VI.A.S14,seaplane,explanation,auto,from the Task A References line,Complete appropriate after takeoff checklist(s) in a timely manner.
AA.VI.A.S2,14cfr:part-91,regulation,auto,from the Task A References line,Properly set the applicable avionics and flight instruments prior to initiating the takeoff.
AA.VI.A.S2,afh,explanation,auto,from the Task A References line,Properly set the applicable avionics and flight instruments prior to initiating the takeoff.
AA.VI.A.S2,aim,guidance,auto,from the Task A References line,Properly set the applicable avionics and flight instruments prior to initiating the takeoff.
AA.VI.A.S2,ifh,explanation,auto,from the Task A References line,Properly set the applicable avionics and flight instruments prior to initiating the takeoff.
AA.VI.A.S2,iph,explanation,auto,from the Task A References line,Properly set the applicable avionics and flight instruments prior to initiating the takeoff.
AA.VI.A.S2,risk-management,explanation,auto,from the Task A References line,Properly set the applicable avionics and flight instruments prior to initiating the takeoff.
AA.VI.A.S2,seaplane,explanation,auto,from the Task A References line,Properly set the applicable avionics and flight instruments prior to initiating the takeoff.
AA.VI.A.S3,14cfr:part-91,regulation,auto,from the Task A References line,Make radio calls as appropriate.
AA.VI.A.S3,afh,explanation,auto,from the Task A References line,Make radio calls as appropriate.
AA.VI.A.S3,aim,guidance,auto,from the Task A References line,Make radio calls as appropriate.
AA.VI.A.S3,ifh,explanation,auto,from the Task A References line,Make radio calls as appropriate.
AA.VI.A.S3,iph,explanation,auto,from the Task A References line,Make radio calls as appropriate.
AA.VI.A.S3,risk-management,explanation,auto,from the Task A References line,Make radio calls as appropriate.
AA.VI.A.S3,seaplane,explanation,auto,from the Task A References line,Make radio calls as appropriate.
AA.VI.A.S4,14cfr:part-91,regulation,auto,from the Task A References line,"Verify assigned/correct runway (ASEL, AMEL) or takeoff path (ASES, AMES)."
AA.VI.A.S4,afh,explanation,auto,from the Task A References line,"Verify assigned/correct runway (ASEL, AMEL) or takeoff path (ASES, AMES)."
AA.VI.A.S4,aim,guidance,auto,from the Task A References line,"Verify assigned/correct runway (ASEL, AMEL) or takeoff path (ASES, AMES)."
AA.VI.A.S4,ifh,explanation,auto,from the Task A References line,"Verify assigned/correct runway (ASEL, AMEL) or takeoff path (ASES, AMES)."
AA.VI.A.S4,iph,explanation,auto,from the Task A References line,"Verify assigned/correct runway (ASEL, AMEL) or takeoff path (ASES, AMES)."
AA.VI.A.S4,risk-management,explanation,auto,from the Task A References line,"Verify assigned/correct runway (ASEL, AMEL) or takeoff path (ASES, AMES)."
AA.VI.A.S4,seaplane,explanation,auto,from the Task A References line,"Verify assigned/correct runway (ASEL, AMEL) or takeoff path (ASES, AMES)."
AA.VI.A.S5,14cfr:part-91,regulation,auto,from the Task A References line,"Position the flight controls for the existing wind, if applicable."
AA.VI.A.S5,afh,explanation,auto,from the Task A References line,"Position the flight controls for the existing wind, if applicable."
AA.VI.A.S5,aim,guidance,auto,from the Task A References line,"Position the flight controls for the existing wind, if applicable."
AA.VI.A.S5,ifh,explanation,auto,from the Task A References line,"Position the flight controls for the existing wind, if applicable."
AA.VI.A.S5,iph,explanation,auto,from the Task A References line,"Position the flight controls for the existing wind, if applicable."
AA.VI.A.S5,risk-management,explanation,auto,from the Task A References line,"Position the flight controls for the existing wind, if applicable."
AA.VI.A.S5,seaplane,explanation,auto,from the Task A References line,"Position the flight controls for the existing wind, if applicable."
AA.VI.A.S6,14cfr:part-91,regulation,auto,from the Task A References line,"Clear the area, taxi into takeoff position, and align the airplane on the runway centerline (ASEL, AMEL) or takeoff path (ASES, AMES)."
AA.VI.A.S6,afh,explanation,auto,from the Task A References line,"Clear the area, taxi into takeoff position, and align the airplane on the runway centerline (ASEL, AMEL) or takeoff path (ASES, AMES)."
AA.VI.A.S6,aim,guidance,auto,from the Task A References line,"Clear the area, taxi into takeoff position, and align the airplane on the runway centerline (ASEL, AMEL) or takeoff path (ASES, AMES)."
AA.VI.A.S6,ifh,explanation,auto,from the Task A References line,"Clear the area, taxi into takeoff position, and align the airplane on the runway centerline (ASEL, AMEL) or takeoff path (ASES, AMES)."
AA.VI.A.S6,iph,explanation,auto,from the Task A References line,"Clear the area, taxi into takeoff position, and align the airplane on the runway centerline (ASEL, AMEL) or takeoff path (ASES, AMES)."
AA.VI.A.S6,risk-management,explanation,auto,from the Task A References line,"Clear the area, taxi into takeoff position, and align the airplane on the runway centerline (ASEL, AMEL) or takeoff path (ASES, AMES)."
AA.VI.A.S6,seaplane,explanation,auto,from the Task A References line,"Clear the area, taxi into takeoff position, and align the airplane on the runway centerline (ASEL, AMEL) or takeoff path (ASES, AMES)."
AA.VI.A.S7,14cfr:part-91,regulation,auto,from the Task A References line,"Perform an instrument takeoff with instrument meteorological conditions (IMC) simulated at or before reaching an altitude of 100 feet above ground level (AGL). If accomplished in a full flight simulator, visibility should be no greater than ¼ mile, or as specified by applicable operations specificat"
AA.VI.A.S7,afh,explanation,auto,from the Task A References line,"Perform an instrument takeoff with instrument meteorological conditions (IMC) simulated at or before reaching an altitude of 100 feet above ground level (AGL). If accomplished in a full flight simulator, visibility should be no greater than ¼ mile, or as specified by applicable operations specificat"
AA.VI.A.S7,aim,guidance,auto,from the Task A References line,"Perform an instrument takeoff with instrument meteorological conditions (IMC) simulated at or before reaching an altitude of 100 feet above ground level (AGL). If accomplished in a full flight simulator, visibility should be no greater than ¼ mile, or as specified by applicable operations specificat"
AA.VI.A.S7,ifh,explanation,auto,from the Task A References line,"Perform an instrument takeoff with instrument meteorological conditions (IMC) simulated at or before reaching an altitude of 100 feet above ground level (AGL). If accomplished in a full flight simulator, visibility should be no greater than ¼ mile, or as specified by applicable operations specificat"
AA.VI.A.S7,iph,explanation,auto,from the Task A References line,"Perform an instrument takeoff with instrument meteorological conditions (IMC) simulated at or before reaching an altitude of 100 feet above ground level (AGL). If accomplished in a full flight simulator, visibility should be no greater than ¼ mile, or as specified by applicable operations specificat"
AA.VI.A.S7,risk-management,explanation,auto,from the Task A References line,"Perform an instrument takeoff with instrument meteorological conditions (IMC) simulated at or before reaching an altitude of 100 feet above ground level (AGL). If accomplished in a full flight simulator, visibility should be no greater than ¼ mile, or as specified by applicable operations specificat"
AA.VI.A.S7,seaplane,explanation,auto,from the Task A References line,"Perform an instrument takeoff with instrument meteorological conditions (IMC) simulated at or before reaching an altitude of 100 feet above ground level (AGL). If accomplished in a full flight simulator, visibility should be no greater than ¼ mile, or as specified by applicable operations specificat"
AA.VI.A.S8,14cfr:part-91,regulation,auto,from the Task A References line,"Maintain centerline (ASEL, AMEL) and proper flight control inputs during the takeoff roll. 38"
AA.VI.A.S8,afh,explanation,auto,from the Task A References line,"Maintain centerline (ASEL, AMEL) and proper flight control inputs during the takeoff roll. 38"
AA.VI.A.S8,aim,guidance,auto,from the Task A References line,"Maintain centerline (ASEL, AMEL) and proper flight control inputs during the takeoff roll. 38"
AA.VI.A.S8,ifh,explanation,auto,from the Task A References line,"Maintain centerline (ASEL, AMEL) and proper flight control inputs during the takeoff roll. 38"
AA.VI.A.S8,iph,explanation,auto,from the Task A References line,"Maintain centerline (ASEL, AMEL) and proper flight control inputs during the takeoff roll. 38"
AA.VI.A.S8,risk-management,explanation,auto,from the Task A References line,"Maintain centerline (ASEL, AMEL) and proper flight control inputs during the takeoff roll. 38"
AA.VI.A.S8,seaplane,explanation,auto,from the Task A References line,"Maintain centerline (ASEL, AMEL) and proper flight control inputs during the takeoff roll. 38"
AA.VI.A.S9,14cfr:part-91,regulation,auto,from the Task A References line,"Confirm takeoff power and proper engine and flight instrument indications prior to rotation making callouts, as appropriate, for the airplane or per the operator’s procedures."
AA.VI.A.S9,afh,explanation,auto,from the Task A References line,"Confirm takeoff power and proper engine and flight instrument indications prior to rotation making callouts, as appropriate, for the airplane or per the operator’s procedures."
AA.VI.A.S9,aim,guidance,auto,from the Task A References line,"Confirm takeoff power and proper engine and flight instrument indications prior to rotation making callouts, as appropriate, for the airplane or per the operator’s procedures."
AA.VI.A.S9,ifh,explanation,auto,from the Task A References line,"Confirm takeoff power and proper engine and flight instrument indications prior to rotation making callouts, as appropriate, for the airplane or per the operator’s procedures."
AA.VI.A.S9,iph,explanation,auto,from the Task A References line,"Confirm takeoff power and proper engine and flight instrument indications prior to rotation making callouts, as appropriate, for the airplane or per the operator’s procedures."
AA.VI.A.S9,risk-management,explanation,auto,from the Task A References line,"Confirm takeoff power and proper engine and flight instrument indications prior to rotation making callouts, as appropriate, for the airplane or per the operator’s procedures."
AA.VI.A.S9,seaplane,explanation,auto,from the Task A References line,"Confirm takeoff power and proper engine and flight instrument indications prior to rotation making callouts, as appropriate, for the airplane or per the operator’s procedures."
AA.VI.B.K1,14cfr:part-91,regulation,auto,from the Task B References line,"Takeoff minimums; (Obstacle) Departure Procedure (ODP), including Visual Climb over the Airport (VCOA) and Diverse Vector Area (Radar Vectors); Standard Instrument Departure (SID), including Area Navigation (RNAV) departure; required climb gradients; U.S. Terminal Procedures Publications; and En Rou"
AA.VI.B.K1,afh,explanation,auto,from the Task B References line,"Takeoff minimums; (Obstacle) Departure Procedure (ODP), including Visual Climb over the Airport (VCOA) and Diverse Vector Area (Radar Vectors); Standard Instrument Departure (SID), including Area Navigation (RNAV) departure; required climb gradients; U.S. Terminal Procedures Publications; and En Rou"
AA.VI.B.K1,aim,guidance,auto,from the Task B References line,"Takeoff minimums; (Obstacle) Departure Procedure (ODP), including Visual Climb over the Airport (VCOA) and Diverse Vector Area (Radar Vectors); Standard Instrument Departure (SID), including Area Navigation (RNAV) departure; required climb gradients; U.S. Terminal Procedures Publications; and En Rou"
AA.VI.B.K1,ifh,explanation,auto,from the Task B References line,"Takeoff minimums; (Obstacle) Departure Procedure (ODP), including Visual Climb over the Airport (VCOA) and Diverse Vector Area (Radar Vectors); Standard Instrument Departure (SID), including Area Navigation (RNAV) departure; required climb gradients; U.S. Terminal Procedures Publications; and En Rou"
AA.VI.B.K1,iph,explanation,auto,from the Task B References line,"Takeoff minimums; (Obstacle) Departure Procedure (ODP), including Visual Climb over the Airport (VCOA) and Diverse Vector Area (Radar Vectors); Standard Instrument Departure (SID), including Area Navigation (RNAV) departure; required climb gradients; U.S. Terminal Procedures Publications; and En Rou"
AA.VI.B.K1,risk-management,explanation,auto,from the Task B References line,"Takeoff minimums; (Obstacle) Departure Procedure (ODP), including Visual Climb over the Airport (VCOA) and Diverse Vector Area (Radar Vectors); Standard Instrument Departure (SID), including Area Navigation (RNAV) departure; required climb gradients; U.S. Terminal Procedures Publications; and En Rou"
AA.VI.B.K2,14cfr:part-91,regulation,auto,from the Task B References line,Use of a Flight Management System (FMS) or Global Positioning System (GPS) to follow a DP.
AA.VI.B.K2,afh,explanation,auto,from the Task B References line,Use of a Flight Management System (FMS) or Global Positioning System (GPS) to follow a DP.
AA.VI.B.K2,aim,guidance,auto,from the Task B References line,Use of a Flight Management System (FMS) or Global Positioning System (GPS) to follow a DP.
AA.VI.B.K2,ifh,explanation,auto,from the Task B References line,Use of a Flight Management System (FMS) or Global Positioning System (GPS) to follow a DP.
AA.VI.B.K2,iph,explanation,auto,from the Task B References line,Use of a Flight Management System (FMS) or Global Positioning System (GPS) to follow a DP.
AA.VI.B.K2,risk-management,explanation,auto,from the Task B References line,Use of a Flight Management System (FMS) or Global Positioning System (GPS) to follow a DP.
AA.VI.B.K3,14cfr:part-91,regulation,auto,from the Task B References line,"Pilot/controller responsibilities, communication procedures, and ATC services available to pilots."
AA.VI.B.K3,afh,explanation,auto,from the Task B References line,"Pilot/controller responsibilities, communication procedures, and ATC services available to pilots."
AA.VI.B.K3,aim,guidance,auto,from the Task B References line,"Pilot/controller responsibilities, communication procedures, and ATC services available to pilots."
AA.VI.B.K3,ifh,explanation,auto,from the Task B References line,"Pilot/controller responsibilities, communication procedures, and ATC services available to pilots."
AA.VI.B.K3,iph,explanation,auto,from the Task B References line,"Pilot/controller responsibilities, communication procedures, and ATC services available to pilots."
AA.VI.B.K3,risk-management,explanation,auto,from the Task B References line,"Pilot/controller responsibilities, communication procedures, and ATC services available to pilots."
AA.VI.B.K4,14cfr:part-91,regulation,auto,from the Task B References line,Two-way radio communication failure procedures after takeoff.
AA.VI.B.K4,afh,explanation,auto,from the Task B References line,Two-way radio communication failure procedures after takeoff.
AA.VI.B.K4,aim,guidance,auto,from the Task B References line,Two-way radio communication failure procedures after takeoff.
AA.VI.B.K4,ifh,explanation,auto,from the Task B References line,Two-way radio communication failure procedures after takeoff.
AA.VI.B.K4,iph,explanation,auto,from the Task B References line,Two-way radio communication failure procedures after takeoff.
AA.VI.B.K4,risk-management,explanation,auto,from the Task B References line,Two-way radio communication failure procedures after takeoff.
AA.VI.B.K5,14cfr:part-91,regulation,auto,from the Task B References line,"Ground-based and satellite-based navigation systems (orientation, course determination, equipment, tests and regulations, interference, appropriate use of navigation data, signal integrity)."
AA.VI.B.K5,afh,explanation,auto,from the Task B References line,"Ground-based and satellite-based navigation systems (orientation, course determination, equipment, tests and regulations, interference, appropriate use of navigation data, signal integrity)."
AA.VI.B.K5,aim,guidance,auto,from the Task B References line,"Ground-based and satellite-based navigation systems (orientation, course determination, equipment, tests and regulations, interference, appropriate use of navigation data, signal integrity)."
AA.VI.B.K5,ifh,explanation,auto,from the Task B References line,"Ground-based and satellite-based navigation systems (orientation, course determination, equipment, tests and regulations, interference, appropriate use of navigation data, signal integrity)."
AA.VI.B.K5,iph,explanation,auto,from the Task B References line,"Ground-based and satellite-based navigation systems (orientation, course determination, equipment, tests and regulations, interference, appropriate use of navigation data, signal integrity)."
AA.VI.B.K5,risk-management,explanation,auto,from the Task B References line,"Ground-based and satellite-based navigation systems (orientation, course determination, equipment, tests and regulations, interference, appropriate use of navigation data, signal integrity)."
AA.VI.B.R1,14cfr:part-91,regulation,auto,from the Task B References line,Following published procedures and required climb gradients or ATC Instructions.
AA.VI.B.R1,afh,explanation,auto,from the Task B References line,Following published procedures and required climb gradients or ATC Instructions.
AA.VI.B.R1,aim,guidance,auto,from the Task B References line,Following published procedures and required climb gradients or ATC Instructions.
AA.VI.B.R1,ifh,explanation,auto,from the Task B References line,Following published procedures and required climb gradients or ATC Instructions.
AA.VI.B.R1,iph,explanation,auto,from the Task B References line,Following published procedures and required climb gradients or ATC Instructions.
AA.VI.B.R1,risk-management,explanation,auto,from the Task B References line,Following published procedures and required climb gradients or ATC Instructions.
AA.VI.B.R2,14cfr:part-91,regulation,auto,from the Task B References line,Limitations of air traffic avoidance equipment and use of see and avoid techniques.
AA.VI.B.R2,afh,explanation,auto,from the Task B References line,Limitations of air traffic avoidance equipment and use of see and avoid techniques.
AA.VI.B.R2,aim,guidance,auto,from the Task B References line,Limitations of air traffic avoidance equipment and use of see and avoid techniques.
AA.VI.B.R2,ifh,explanation,auto,from the Task B References line,Limitations of air traffic avoidance equipment and use of see and avoid techniques.
AA.VI.B.R2,iph,explanation,auto,from the Task B References line,Limitations of air traffic avoidance equipment and use of see and avoid techniques.
AA.VI.B.R2,risk-management,explanation,auto,from the Task B References line,Limitations of air traffic avoidance equipment and use of see and avoid techniques.
AA.VI.B.R3,14cfr:part-91,regulation,auto,from the Task B References line,Automation management.
AA.VI.B.R3,afh,explanation,auto,from the Task B References line,Automation management.
AA.VI.B.R3,aim,guidance,auto,from the Task B References line,Automation management.
AA.VI.B.R3,ifh,explanation,auto,from the Task B References line,Automation management.
AA.VI.B.R3,iph,explanation,auto,from the Task B References line,Automation management.
AA.VI.B.R3,risk-management,explanation,auto,from the Task B References line,Automation management.
AA.VI.B.S1,14cfr:part-91,regulation,auto,from the Task B References line,"Select the appropriate instrument departure procedure. Then select, identify (as necessary), and use the appropriate communication and navigation facilities associated with the procedure."
AA.VI.B.S1,afh,explanation,auto,from the Task B References line,"Select the appropriate instrument departure procedure. Then select, identify (as necessary), and use the appropriate communication and navigation facilities associated with the procedure."
AA.VI.B.S1,aim,guidance,auto,from the Task B References line,"Select the appropriate instrument departure procedure. Then select, identify (as necessary), and use the appropriate communication and navigation facilities associated with the procedure."
AA.VI.B.S1,ifh,explanation,auto,from the Task B References line,"Select the appropriate instrument departure procedure. Then select, identify (as necessary), and use the appropriate communication and navigation facilities associated with the procedure."
AA.VI.B.S1,iph,explanation,auto,from the Task B References line,"Select the appropriate instrument departure procedure. Then select, identify (as necessary), and use the appropriate communication and navigation facilities associated with the procedure."
AA.VI.B.S1,risk-management,explanation,auto,from the Task B References line,"Select the appropriate instrument departure procedure. Then select, identify (as necessary), and use the appropriate communication and navigation facilities associated with the procedure."
AA.VI.B.S2,14cfr:part-91,regulation,auto,from the Task B References line,"Program the FMS prior to departure and set avionics, including flight director and autopilot controls, as appropriate, for the departure, if applicable. 39"
AA.VI.B.S2,afh,explanation,auto,from the Task B References line,"Program the FMS prior to departure and set avionics, including flight director and autopilot controls, as appropriate, for the departure, if applicable. 39"
AA.VI.B.S2,aim,guidance,auto,from the Task B References line,"Program the FMS prior to departure and set avionics, including flight director and autopilot controls, as appropriate, for the departure, if applicable. 39"
AA.VI.B.S2,ifh,explanation,auto,from the Task B References line,"Program the FMS prior to departure and set avionics, including flight director and autopilot controls, as appropriate, for the departure, if applicable. 39"
AA.VI.B.S2,iph,explanation,auto,from the Task B References line,"Program the FMS prior to departure and set avionics, including flight director and autopilot controls, as appropriate, for the departure, if applicable. 39"
AA.VI.B.S2,risk-management,explanation,auto,from the Task B References line,"Program the FMS prior to departure and set avionics, including flight director and autopilot controls, as appropriate, for the departure, if applicable. 39"
AA.VI.B.S3,14cfr:part-91,regulation,auto,from the Task B References line,"Coordinate with crew, if applicable, and complete the appropriate checklist(s) in a timely manner."
AA.VI.B.S3,afh,explanation,auto,from the Task B References line,"Coordinate with crew, if applicable, and complete the appropriate checklist(s) in a timely manner."
AA.VI.B.S3,aim,guidance,auto,from the Task B References line,"Coordinate with crew, if applicable, and complete the appropriate checklist(s) in a timely manner."
AA.VI.B.S3,ifh,explanation,auto,from the Task B References line,"Coordinate with crew, if applicable, and complete the appropriate checklist(s) in a timely manner."
AA.VI.B.S3,iph,explanation,auto,from the Task B References line,"Coordinate with crew, if applicable, and complete the appropriate checklist(s) in a timely manner."
AA.VI.B.S3,risk-management,explanation,auto,from the Task B References line,"Coordinate with crew, if applicable, and complete the appropriate checklist(s) in a timely manner."
AA.VI.B.S4,14cfr:part-91,regulation,auto,from the Task B References line,Use current and appropriate navigation publications or databases for the proposed flight.
AA.VI.B.S4,afh,explanation,auto,from the Task B References line,Use current and appropriate navigation publications or databases for the proposed flight.
AA.VI.B.S4,aim,guidance,auto,from the Task B References line,Use current and appropriate navigation publications or databases for the proposed flight.
AA.VI.B.S4,ifh,explanation,auto,from the Task B References line,Use current and appropriate navigation publications or databases for the proposed flight.
AA.VI.B.S4,iph,explanation,auto,from the Task B References line,Use current and appropriate navigation publications or databases for the proposed flight.
AA.VI.B.S4,risk-management,explanation,auto,from the Task B References line,Use current and appropriate navigation publications or databases for the proposed flight.
AA.VI.B.S5,14cfr:part-91,regulation,auto,from the Task B References line,"Establish two-way communications with the proper controlling agency, use proper phraseology, comply, in a timely manner, with all ATC instructions and airspace restrictions, and exhibit adequate knowledge of communication failure procedures."
AA.VI.B.S5,afh,explanation,auto,from the Task B References line,"Establish two-way communications with the proper controlling agency, use proper phraseology, comply, in a timely manner, with all ATC instructions and airspace restrictions, and exhibit adequate knowledge of communication failure procedures."
AA.VI.B.S5,aim,guidance,auto,from the Task B References line,"Establish two-way communications with the proper controlling agency, use proper phraseology, comply, in a timely manner, with all ATC instructions and airspace restrictions, and exhibit adequate knowledge of communication failure procedures."
AA.VI.B.S5,ifh,explanation,auto,from the Task B References line,"Establish two-way communications with the proper controlling agency, use proper phraseology, comply, in a timely manner, with all ATC instructions and airspace restrictions, and exhibit adequate knowledge of communication failure procedures."
AA.VI.B.S5,iph,explanation,auto,from the Task B References line,"Establish two-way communications with the proper controlling agency, use proper phraseology, comply, in a timely manner, with all ATC instructions and airspace restrictions, and exhibit adequate knowledge of communication failure procedures."
AA.VI.B.S5,risk-management,explanation,auto,from the Task B References line,"Establish two-way communications with the proper controlling agency, use proper phraseology, comply, in a timely manner, with all ATC instructions and airspace restrictions, and exhibit adequate knowledge of communication failure procedures."
AA.VI.B.S6,14cfr:part-91,regulation,auto,from the Task B References line,"Intercept all courses, radials, and bearings appropriate to the procedure, route, clearance, or as directed by the evaluator in a timely manner."
AA.VI.B.S6,afh,explanation,auto,from the Task B References line,"Intercept all courses, radials, and bearings appropriate to the procedure, route, clearance, or as directed by the evaluator in a timely manner."
AA.VI.B.S6,aim,guidance,auto,from the Task B References line,"Intercept all courses, radials, and bearings appropriate to the procedure, route, clearance, or as directed by the evaluator in a timely manner."
AA.VI.B.S6,ifh,explanation,auto,from the Task B References line,"Intercept all courses, radials, and bearings appropriate to the procedure, route, clearance, or as directed by the evaluator in a timely manner."
AA.VI.B.S6,iph,explanation,auto,from the Task B References line,"Intercept all courses, radials, and bearings appropriate to the procedure, route, clearance, or as directed by the evaluator in a timely manner."
AA.VI.B.S6,risk-management,explanation,auto,from the Task B References line,"Intercept all courses, radials, and bearings appropriate to the procedure, route, clearance, or as directed by the evaluator in a timely manner."
AA.VI.B.S7,14cfr:part-91,regulation,auto,from the Task B References line,Comply with all applicable charted procedures.
AA.VI.B.S7,afh,explanation,auto,from the Task B References line,Comply with all applicable charted procedures.
AA.VI.B.S7,aim,guidance,auto,from the Task B References line,Comply with all applicable charted procedures.
AA.VI.B.S7,ifh,explanation,auto,from the Task B References line,Comply with all applicable charted procedures.
AA.VI.B.S7,iph,explanation,auto,from the Task B References line,Comply with all applicable charted procedures.
AA.VI.B.S7,risk-management,explanation,auto,from the Task B References line,Comply with all applicable charted procedures.
AA.VI.B.S8,14cfr:part-91,regulation,auto,from the Task B References line,"Maintain the appropriate airspeed ±10 knots, headings ±10°, and altitude ±100 feet, and accurately track a course, radial, or bearing."
AA.VI.B.S8,afh,explanation,auto,from the Task B References line,"Maintain the appropriate airspeed ±10 knots, headings ±10°, and altitude ±100 feet, and accurately track a course, radial, or bearing."
AA.VI.B.S8,aim,guidance,auto,from the Task B References line,"Maintain the appropriate airspeed ±10 knots, headings ±10°, and altitude ±100 feet, and accurately track a course, radial, or bearing."
AA.VI.B.S8,ifh,explanation,auto,from the Task B References line,"Maintain the appropriate airspeed ±10 knots, headings ±10°, and altitude ±100 feet, and accurately track a course, radial, or bearing."
AA.VI.B.S8,iph,explanation,auto,from the Task B References line,"Maintain the appropriate airspeed ±10 knots, headings ±10°, and altitude ±100 feet, and accurately track a course, radial, or bearing."
AA.VI.B.S8,risk-management,explanation,auto,from the Task B References line,"Maintain the appropriate airspeed ±10 knots, headings ±10°, and altitude ±100 feet, and accurately track a course, radial, or bearing."
AA.VI.B.S9,14cfr:part-91,regulation,auto,from the Task B References line,"Conduct the departure phase to a point where, in the opinion of the evaluator, the transition to the en route environment is complete."
AA.VI.B.S9,afh,explanation,auto,from the Task B References line,"Conduct the departure phase to a point where, in the opinion of the evaluator, the transition to the en route environment is complete."
AA.VI.B.S9,aim,guidance,auto,from the Task B References line,"Conduct the departure phase to a point where, in the opinion of the evaluator, the transition to the en route environment is complete."
AA.VI.B.S9,ifh,explanation,auto,from the Task B References line,"Conduct the departure phase to a point where, in the opinion of the evaluator, the transition to the en route environment is complete."
AA.VI.B.S9,iph,explanation,auto,from the Task B References line,"Conduct the departure phase to a point where, in the opinion of the evaluator, the transition to the en route environment is complete."
AA.VI.B.S9,risk-management,explanation,auto,from the Task B References line,"Conduct the departure phase to a point where, in the opinion of the evaluator, the transition to the en route environment is complete."
AA.VI.C.K1,14cfr:part-91,regulation,auto,from the Task C References line,"Standard Terminal Arrival (STAR) charts, U.S. Terminal Procedures Publications, and IFR En Route High and Low Altitude Charts."
AA.VI.C.K1,afh,explanation,auto,from the Task C References line,"Standard Terminal Arrival (STAR) charts, U.S. Terminal Procedures Publications, and IFR En Route High and Low Altitude Charts."
AA.VI.C.K1,aim,guidance,auto,from the Task C References line,"Standard Terminal Arrival (STAR) charts, U.S. Terminal Procedures Publications, and IFR En Route High and Low Altitude Charts."
AA.VI.C.K1,ifh,explanation,auto,from the Task C References line,"Standard Terminal Arrival (STAR) charts, U.S. Terminal Procedures Publications, and IFR En Route High and Low Altitude Charts."
AA.VI.C.K1,iph,explanation,auto,from the Task C References line,"Standard Terminal Arrival (STAR) charts, U.S. Terminal Procedures Publications, and IFR En Route High and Low Altitude Charts."
AA.VI.C.K1,risk-management,explanation,auto,from the Task C References line,"Standard Terminal Arrival (STAR) charts, U.S. Terminal Procedures Publications, and IFR En Route High and Low Altitude Charts."
AA.VI.C.K2,14cfr:part-91,regulation,auto,from the Task C References line,Use of a Flight Management System (FMS) or GPS to follow a STAR.
AA.VI.C.K2,afh,explanation,auto,from the Task C References line,Use of a Flight Management System (FMS) or GPS to follow a STAR.
AA.VI.C.K2,aim,guidance,auto,from the Task C References line,Use of a Flight Management System (FMS) or GPS to follow a STAR.
AA.VI.C.K2,ifh,explanation,auto,from the Task C References line,Use of a Flight Management System (FMS) or GPS to follow a STAR.
AA.VI.C.K2,iph,explanation,auto,from the Task C References line,Use of a Flight Management System (FMS) or GPS to follow a STAR.
AA.VI.C.K2,risk-management,explanation,auto,from the Task C References line,Use of a Flight Management System (FMS) or GPS to follow a STAR.
AA.VI.C.K3,14cfr:part-91,regulation,auto,from the Task C References line,"Pilot/controller responsibilities, communication procedures, and ATC services available to pilots."
AA.VI.C.K3,afh,explanation,auto,from the Task C References line,"Pilot/controller responsibilities, communication procedures, and ATC services available to pilots."
AA.VI.C.K3,aim,guidance,auto,from the Task C References line,"Pilot/controller responsibilities, communication procedures, and ATC services available to pilots."
AA.VI.C.K3,ifh,explanation,auto,from the Task C References line,"Pilot/controller responsibilities, communication procedures, and ATC services available to pilots."
AA.VI.C.K3,iph,explanation,auto,from the Task C References line,"Pilot/controller responsibilities, communication procedures, and ATC services available to pilots."
AA.VI.C.K3,risk-management,explanation,auto,from the Task C References line,"Pilot/controller responsibilities, communication procedures, and ATC services available to pilots."
AA.VI.C.K4,14cfr:part-91,regulation,auto,from the Task C References line,Two-way radio communication failure procedures during an arrival.
AA.VI.C.K4,afh,explanation,auto,from the Task C References line,Two-way radio communication failure procedures during an arrival.
AA.VI.C.K4,aim,guidance,auto,from the Task C References line,Two-way radio communication failure procedures during an arrival.
AA.VI.C.K4,ifh,explanation,auto,from the Task C References line,Two-way radio communication failure procedures during an arrival.
AA.VI.C.K4,iph,explanation,auto,from the Task C References line,Two-way radio communication failure procedures during an arrival.
AA.VI.C.K4,risk-management,explanation,auto,from the Task C References line,Two-way radio communication failure procedures during an arrival.
AA.VI.C.K5,14cfr:part-91,regulation,auto,from the Task C References line,"Ground-based and satellite-based navigation systems (orientation, course determination, equipment, tests and regulations, interference, appropriate use of navigation data, signal integrity)."
AA.VI.C.K5,afh,explanation,auto,from the Task C References line,"Ground-based and satellite-based navigation systems (orientation, course determination, equipment, tests and regulations, interference, appropriate use of navigation data, signal integrity)."
AA.VI.C.K5,aim,guidance,auto,from the Task C References line,"Ground-based and satellite-based navigation systems (orientation, course determination, equipment, tests and regulations, interference, appropriate use of navigation data, signal integrity)."
AA.VI.C.K5,ifh,explanation,auto,from the Task C References line,"Ground-based and satellite-based navigation systems (orientation, course determination, equipment, tests and regulations, interference, appropriate use of navigation data, signal integrity)."
AA.VI.C.K5,iph,explanation,auto,from the Task C References line,"Ground-based and satellite-based navigation systems (orientation, course determination, equipment, tests and regulations, interference, appropriate use of navigation data, signal integrity)."
AA.VI.C.K5,risk-management,explanation,auto,from the Task C References line,"Ground-based and satellite-based navigation systems (orientation, course determination, equipment, tests and regulations, interference, appropriate use of navigation data, signal integrity)."
AA.VI.C.R1,14cfr:part-91,regulation,auto,from the Task C References line,ATC communications and compliance with published procedures.
AA.VI.C.R1,afh,explanation,auto,from the Task C References line,ATC communications and compliance with published procedures.
AA.VI.C.R1,aim,guidance,auto,from the Task C References line,ATC communications and compliance with published procedures.
AA.VI.C.R1,ifh,explanation,auto,from the Task C References line,ATC communications and compliance with published procedures.
AA.VI.C.R1,iph,explanation,auto,from the Task C References line,ATC communications and compliance with published procedures.
AA.VI.C.R1,risk-management,explanation,auto,from the Task C References line,ATC communications and compliance with published procedures.
AA.VI.C.R2,14cfr:part-91,regulation,auto,from the Task C References line,Limitations of traffic avoidance equipment.
AA.VI.C.R2,afh,explanation,auto,from the Task C References line,Limitations of traffic avoidance equipment.
AA.VI.C.R2,aim,guidance,auto,from the Task C References line,Limitations of traffic avoidance equipment.
AA.VI.C.R2,ifh,explanation,auto,from the Task C References line,Limitations of traffic avoidance equipment.
AA.VI.C.R2,iph,explanation,auto,from the Task C References line,Limitations of traffic avoidance equipment.
AA.VI.C.R2,risk-management,explanation,auto,from the Task C References line,Limitations of traffic avoidance equipment.
AA.VI.C.R3,14cfr:part-91,regulation,auto,from the Task C References line,"Responsibility to use ""see and avoid"" techniques when possible."
AA.VI.C.R3,afh,explanation,auto,from the Task C References line,"Responsibility to use ""see and avoid"" techniques when possible."
AA.VI.C.R3,aim,guidance,auto,from the Task C References line,"Responsibility to use ""see and avoid"" techniques when possible."
AA.VI.C.R3,ifh,explanation,auto,from the Task C References line,"Responsibility to use ""see and avoid"" techniques when possible."
AA.VI.C.R3,iph,explanation,auto,from the Task C References line,"Responsibility to use ""see and avoid"" techniques when possible."
AA.VI.C.R3,risk-management,explanation,auto,from the Task C References line,"Responsibility to use ""see and avoid"" techniques when possible."
AA.VI.C.R4,14cfr:part-91,regulation,auto,from the Task C References line,Automation management.
AA.VI.C.R4,afh,explanation,auto,from the Task C References line,Automation management.
AA.VI.C.R4,aim,guidance,auto,from the Task C References line,Automation management.
AA.VI.C.R4,ifh,explanation,auto,from the Task C References line,Automation management.
AA.VI.C.R4,iph,explanation,auto,from the Task C References line,Automation management.
AA.VI.C.R4,risk-management,explanation,auto,from the Task C References line,Automation management.
AA.VI.C.R5,14cfr:part-91,regulation,auto,from the Task C References line,ATC instructions that modify an arrival or discontinue/resume the aircraft's lateral or vertical navigation on an arrival.
AA.VI.C.R5,afh,explanation,auto,from the Task C References line,ATC instructions that modify an arrival or discontinue/resume the aircraft's lateral or vertical navigation on an arrival.
AA.VI.C.R5,aim,guidance,auto,from the Task C References line,ATC instructions that modify an arrival or discontinue/resume the aircraft's lateral or vertical navigation on an arrival.
AA.VI.C.R5,ifh,explanation,auto,from the Task C References line,ATC instructions that modify an arrival or discontinue/resume the aircraft's lateral or vertical navigation on an arrival.
AA.VI.C.R5,iph,explanation,auto,from the Task C References line,ATC instructions that modify an arrival or discontinue/resume the aircraft's lateral or vertical navigation on an arrival.
AA.VI.C.R5,risk-management,explanation,auto,from the Task C References line,ATC instructions that modify an arrival or discontinue/resume the aircraft's lateral or vertical navigation on an arrival.
AA.VI.C.S1,14cfr:part-91,regulation,auto,from the Task C References line,"In actual or simulated instrument conditions, select, identify (as necessary) and use the appropriate communication and navigation facilities associated with the arrival."
AA.VI.C.S1,afh,explanation,auto,from the Task C References line,"In actual or simulated instrument conditions, select, identify (as necessary) and use the appropriate communication and navigation facilities associated with the arrival."
AA.VI.C.S1,aim,guidance,auto,from the Task C References line,"In actual or simulated instrument conditions, select, identify (as necessary) and use the appropriate communication and navigation facilities associated with the arrival."
AA.VI.C.S1,ifh,explanation,auto,from the Task C References line,"In actual or simulated instrument conditions, select, identify (as necessary) and use the appropriate communication and navigation facilities associated with the arrival."
AA.VI.C.S1,iph,explanation,auto,from the Task C References line,"In actual or simulated instrument conditions, select, identify (as necessary) and use the appropriate communication and navigation facilities associated with the arrival."
AA.VI.C.S1,risk-management,explanation,auto,from the Task C References line,"In actual or simulated instrument conditions, select, identify (as necessary) and use the appropriate communication and navigation facilities associated with the arrival."
AA.VI.C.S10,14cfr:part-91,regulation,auto,from the Task C References line,"Maintain the appropriate airspeed/V-speed ±10 knots, but not less than reference landing approach speed (VREF) if applicable, heading ±10°, altitude ±100 feet, and accurately track radials, courses, and bearings."
AA.VI.C.S10,afh,explanation,auto,from the Task C References line,"Maintain the appropriate airspeed/V-speed ±10 knots, but not less than reference landing approach speed (VREF) if applicable, heading ±10°, altitude ±100 feet, and accurately track radials, courses, and bearings."
AA.VI.C.S10,aim,guidance,auto,from the Task C References line,"Maintain the appropriate airspeed/V-speed ±10 knots, but not less than reference landing approach speed (VREF) if applicable, heading ±10°, altitude ±100 feet, and accurately track radials, courses, and bearings."
AA.VI.C.S10,ifh,explanation,auto,from the Task C References line,"Maintain the appropriate airspeed/V-speed ±10 knots, but not less than reference landing approach speed (VREF) if applicable, heading ±10°, altitude ±100 feet, and accurately track radials, courses, and bearings."
AA.VI.C.S10,iph,explanation,auto,from the Task C References line,"Maintain the appropriate airspeed/V-speed ±10 knots, but not less than reference landing approach speed (VREF) if applicable, heading ±10°, altitude ±100 feet, and accurately track radials, courses, and bearings."
AA.VI.C.S10,risk-management,explanation,auto,from the Task C References line,"Maintain the appropriate airspeed/V-speed ±10 knots, but not less than reference landing approach speed (VREF) if applicable, heading ±10°, altitude ±100 feet, and accurately track radials, courses, and bearings."
AA.VI.C.S2,14cfr:part-91,regulation,auto,from the Task C References line,"Set FMS and avionics, including flight director and autopilot controls for the arrival, if applicable."
AA.VI.C.S2,afh,explanation,auto,from the Task C References line,"Set FMS and avionics, including flight director and autopilot controls for the arrival, if applicable."
AA.VI.C.S2,aim,guidance,auto,from the Task C References line,"Set FMS and avionics, including flight director and autopilot controls for the arrival, if applicable."
AA.VI.C.S2,ifh,explanation,auto,from the Task C References line,"Set FMS and avionics, including flight director and autopilot controls for the arrival, if applicable."
AA.VI.C.S2,iph,explanation,auto,from the Task C References line,"Set FMS and avionics, including flight director and autopilot controls for the arrival, if applicable."
AA.VI.C.S2,risk-management,explanation,auto,from the Task C References line,"Set FMS and avionics, including flight director and autopilot controls for the arrival, if applicable."
AA.VI.C.S3,14cfr:part-91,regulation,auto,from the Task C References line,"Coordinate with crew, if applicable, and complete the appropriate checklist(s) in a timely manner."
AA.VI.C.S3,afh,explanation,auto,from the Task C References line,"Coordinate with crew, if applicable, and complete the appropriate checklist(s) in a timely manner."
AA.VI.C.S3,aim,guidance,auto,from the Task C References line,"Coordinate with crew, if applicable, and complete the appropriate checklist(s) in a timely manner."
AA.VI.C.S3,ifh,explanation,auto,from the Task C References line,"Coordinate with crew, if applicable, and complete the appropriate checklist(s) in a timely manner."
AA.VI.C.S3,iph,explanation,auto,from the Task C References line,"Coordinate with crew, if applicable, and complete the appropriate checklist(s) in a timely manner."
AA.VI.C.S3,risk-management,explanation,auto,from the Task C References line,"Coordinate with crew, if applicable, and complete the appropriate checklist(s) in a timely manner."
AA.VI.C.S4,14cfr:part-91,regulation,auto,from the Task C References line,Use current and appropriate navigation publications or databases for the proposed flight.
AA.VI.C.S4,afh,explanation,auto,from the Task C References line,Use current and appropriate navigation publications or databases for the proposed flight.
AA.VI.C.S4,aim,guidance,auto,from the Task C References line,Use current and appropriate navigation publications or databases for the proposed flight.
AA.VI.C.S4,ifh,explanation,auto,from the Task C References line,Use current and appropriate navigation publications or databases for the proposed flight.
AA.VI.C.S4,iph,explanation,auto,from the Task C References line,Use current and appropriate navigation publications or databases for the proposed flight.
AA.VI.C.S4,risk-management,explanation,auto,from the Task C References line,Use current and appropriate navigation publications or databases for the proposed flight.
AA.VI.C.S5,14cfr:part-91,regulation,auto,from the Task C References line,"Establish two-way communications with the proper controlling agency, use proper phraseology and comply, in a timely manner, with all ATC instructions and airspace restrictions as well as exhibit adequate knowledge of communication failure procedures."
AA.VI.C.S5,afh,explanation,auto,from the Task C References line,"Establish two-way communications with the proper controlling agency, use proper phraseology and comply, in a timely manner, with all ATC instructions and airspace restrictions as well as exhibit adequate knowledge of communication failure procedures."
AA.VI.C.S5,aim,guidance,auto,from the Task C References line,"Establish two-way communications with the proper controlling agency, use proper phraseology and comply, in a timely manner, with all ATC instructions and airspace restrictions as well as exhibit adequate knowledge of communication failure procedures."
AA.VI.C.S5,ifh,explanation,auto,from the Task C References line,"Establish two-way communications with the proper controlling agency, use proper phraseology and comply, in a timely manner, with all ATC instructions and airspace restrictions as well as exhibit adequate knowledge of communication failure procedures."
AA.VI.C.S5,iph,explanation,auto,from the Task C References line,"Establish two-way communications with the proper controlling agency, use proper phraseology and comply, in a timely manner, with all ATC instructions and airspace restrictions as well as exhibit adequate knowledge of communication failure procedures."
AA.VI.C.S5,risk-management,explanation,auto,from the Task C References line,"Establish two-way communications with the proper controlling agency, use proper phraseology and comply, in a timely manner, with all ATC instructions and airspace restrictions as well as exhibit adequate knowledge of communication failure procedures."
AA.VI.C.S6,14cfr:part-91,regulation,auto,from the Task C References line,"Intercept all courses, radials, and bearings appropriate to the procedure, route, clearance, or as directed by the evaluator in a timely manner."
AA.VI.C.S6,afh,explanation,auto,from the Task C References line,"Intercept all courses, radials, and bearings appropriate to the procedure, route, clearance, or as directed by the evaluator in a timely manner."
AA.VI.C.S6,aim,guidance,auto,from the Task C References line,"Intercept all courses, radials, and bearings appropriate to the procedure, route, clearance, or as directed by the evaluator in a timely manner."
AA.VI.C.S6,ifh,explanation,auto,from the Task C References line,"Intercept all courses, radials, and bearings appropriate to the procedure, route, clearance, or as directed by the evaluator in a timely manner."
AA.VI.C.S6,iph,explanation,auto,from the Task C References line,"Intercept all courses, radials, and bearings appropriate to the procedure, route, clearance, or as directed by the evaluator in a timely manner."
AA.VI.C.S6,risk-management,explanation,auto,from the Task C References line,"Intercept all courses, radials, and bearings appropriate to the procedure, route, clearance, or as directed by the evaluator in a timely manner."
AA.VI.C.S7,14cfr:part-91,regulation,auto,from the Task C References line,Comply with all applicable charted procedures.
AA.VI.C.S7,afh,explanation,auto,from the Task C References line,Comply with all applicable charted procedures.
AA.VI.C.S7,aim,guidance,auto,from the Task C References line,Comply with all applicable charted procedures.
AA.VI.C.S7,ifh,explanation,auto,from the Task C References line,Comply with all applicable charted procedures.
AA.VI.C.S7,iph,explanation,auto,from the Task C References line,Comply with all applicable charted procedures.
AA.VI.C.S7,risk-management,explanation,auto,from the Task C References line,Comply with all applicable charted procedures.
AA.VI.C.S8,14cfr:part-91,regulation,auto,from the Task C References line,"Adhere to airspeed restrictions required by regulation, procedure, aircraft limitation, ATC, or the evaluator."
AA.VI.C.S8,afh,explanation,auto,from the Task C References line,"Adhere to airspeed restrictions required by regulation, procedure, aircraft limitation, ATC, or the evaluator."
AA.VI.C.S8,aim,guidance,auto,from the Task C References line,"Adhere to airspeed restrictions required by regulation, procedure, aircraft limitation, ATC, or the evaluator."
AA.VI.C.S8,ifh,explanation,auto,from the Task C References line,"Adhere to airspeed restrictions required by regulation, procedure, aircraft limitation, ATC, or the evaluator."
AA.VI.C.S8,iph,explanation,auto,from the Task C References line,"Adhere to airspeed restrictions required by regulation, procedure, aircraft limitation, ATC, or the evaluator."
AA.VI.C.S8,risk-management,explanation,auto,from the Task C References line,"Adhere to airspeed restrictions required by regulation, procedure, aircraft limitation, ATC, or the evaluator."
AA.VI.C.S9,14cfr:part-91,regulation,auto,from the Task C References line,"Establish rates of descent consistent with the route segment, airplane operating characteristics and safety."
AA.VI.C.S9,afh,explanation,auto,from the Task C References line,"Establish rates of descent consistent with the route segment, airplane operating characteristics and safety."
AA.VI.C.S9,aim,guidance,auto,from the Task C References line,"Establish rates of descent consistent with the route segment, airplane operating characteristics and safety."
AA.VI.C.S9,ifh,explanation,auto,from the Task C References line,"Establish rates of descent consistent with the route segment, airplane operating characteristics and safety."
AA.VI.C.S9,iph,explanation,auto,from the Task C References line,"Establish rates of descent consistent with the route segment, airplane operating characteristics and safety."
AA.VI.C.S9,risk-management,explanation,auto,from the Task C References line,"Establish rates of descent consistent with the route segment, airplane operating characteristics and safety."
AA.VI.D.K1,14cfr:part-91,regulation,auto,from the Task D References line,"Procedures and limitations associated with a non-precision approach, including the differences between Localizer Performance (LP) and Lateral Navigation (LNAV) approach guidance."
AA.VI.D.K1,afh,explanation,auto,from the Task D References line,"Procedures and limitations associated with a non-precision approach, including the differences between Localizer Performance (LP) and Lateral Navigation (LNAV) approach guidance."
AA.VI.D.K1,aim,guidance,auto,from the Task D References line,"Procedures and limitations associated with a non-precision approach, including the differences between Localizer Performance (LP) and Lateral Navigation (LNAV) approach guidance."
AA.VI.D.K1,ifh,explanation,auto,from the Task D References line,"Procedures and limitations associated with a non-precision approach, including the differences between Localizer Performance (LP) and Lateral Navigation (LNAV) approach guidance."
AA.VI.D.K1,risk-management,explanation,auto,from the Task D References line,"Procedures and limitations associated with a non-precision approach, including the differences between Localizer Performance (LP) and Lateral Navigation (LNAV) approach guidance."
AA.VI.D.K2,14cfr:part-91,regulation,auto,from the Task D References line,"Navigation system displays and annunciations, modes of operation, and Required Navigation Performance (RNP) lateral accuracy values associated with an RNAV (GPS) approach."
AA.VI.D.K2,afh,explanation,auto,from the Task D References line,"Navigation system displays and annunciations, modes of operation, and Required Navigation Performance (RNP) lateral accuracy values associated with an RNAV (GPS) approach."
AA.VI.D.K2,aim,guidance,auto,from the Task D References line,"Navigation system displays and annunciations, modes of operation, and Required Navigation Performance (RNP) lateral accuracy values associated with an RNAV (GPS) approach."
AA.VI.D.K2,ifh,explanation,auto,from the Task D References line,"Navigation system displays and annunciations, modes of operation, and Required Navigation Performance (RNP) lateral accuracy values associated with an RNAV (GPS) approach."
AA.VI.D.K2,risk-management,explanation,auto,from the Task D References line,"Navigation system displays and annunciations, modes of operation, and Required Navigation Performance (RNP) lateral accuracy values associated with an RNAV (GPS) approach."
AA.VI.D.K3,14cfr:part-91,regulation,auto,from the Task D References line,"Ground-based and satellite-based navigation systems (orientation, course determination, equipment, tests and regulations, interference, appropriate use of navigation data, signal integrity)."
AA.VI.D.K3,afh,explanation,auto,from the Task D References line,"Ground-based and satellite-based navigation systems (orientation, course determination, equipment, tests and regulations, interference, appropriate use of navigation data, signal integrity)."
AA.VI.D.K3,aim,guidance,auto,from the Task D References line,"Ground-based and satellite-based navigation systems (orientation, course determination, equipment, tests and regulations, interference, appropriate use of navigation data, signal integrity)."
AA.VI.D.K3,ifh,explanation,auto,from the Task D References line,"Ground-based and satellite-based navigation systems (orientation, course determination, equipment, tests and regulations, interference, appropriate use of navigation data, signal integrity)."
AA.VI.D.K3,risk-management,explanation,auto,from the Task D References line,"Ground-based and satellite-based navigation systems (orientation, course determination, equipment, tests and regulations, interference, appropriate use of navigation data, signal integrity)."
AA.VI.D.K4,14cfr:part-91,regulation,auto,from the Task D References line,"A stabilized approach, including energy management concepts."
AA.VI.D.K4,afh,explanation,auto,from the Task D References line,"A stabilized approach, including energy management concepts."
AA.VI.D.K4,aim,guidance,auto,from the Task D References line,"A stabilized approach, including energy management concepts."
AA.VI.D.K4,ifh,explanation,auto,from the Task D References line,"A stabilized approach, including energy management concepts."
AA.VI.D.K4,risk-management,explanation,auto,from the Task D References line,"A stabilized approach, including energy management concepts."
AA.VI.D.R1,14cfr:part-91,regulation,auto,from the Task D References line,Deviating from the assigned approach procedure.
AA.VI.D.R1,afh,explanation,auto,from the Task D References line,Deviating from the assigned approach procedure.
AA.VI.D.R1,aim,guidance,auto,from the Task D References line,Deviating from the assigned approach procedure.
AA.VI.D.R1,ifh,explanation,auto,from the Task D References line,Deviating from the assigned approach procedure.
AA.VI.D.R1,risk-management,explanation,auto,from the Task D References line,Deviating from the assigned approach procedure.
AA.VI.D.R2,14cfr:part-91,regulation,auto,from the Task D References line,Selecting a navigation frequency.
AA.VI.D.R2,afh,explanation,auto,from the Task D References line,Selecting a navigation frequency.
AA.VI.D.R2,aim,guidance,auto,from the Task D References line,Selecting a navigation frequency.
AA.VI.D.R2,ifh,explanation,auto,from the Task D References line,Selecting a navigation frequency.
AA.VI.D.R2,risk-management,explanation,auto,from the Task D References line,Selecting a navigation frequency.
AA.VI.D.R3,14cfr:part-91,regulation,auto,from the Task D References line,Management of automated navigation and autoflight systems. 41
AA.VI.D.R3,afh,explanation,auto,from the Task D References line,Management of automated navigation and autoflight systems. 41
AA.VI.D.R3,aim,guidance,auto,from the Task D References line,Management of automated navigation and autoflight systems. 41
AA.VI.D.R3,ifh,explanation,auto,from the Task D References line,Management of automated navigation and autoflight systems. 41
AA.VI.D.R3,risk-management,explanation,auto,from the Task D References line,Management of automated navigation and autoflight systems. 41
AA.VI.D.R4,14cfr:part-91,regulation,auto,from the Task D References line,Aircraft configuration during an approach and missed approach.
AA.VI.D.R4,afh,explanation,auto,from the Task D References line,Aircraft configuration during an approach and missed approach.
AA.VI.D.R4,aim,guidance,auto,from the Task D References line,Aircraft configuration during an approach and missed approach.
AA.VI.D.R4,ifh,explanation,auto,from the Task D References line,Aircraft configuration during an approach and missed approach.
AA.VI.D.R4,risk-management,explanation,auto,from the Task D References line,Aircraft configuration during an approach and missed approach.
AA.VI.D.R5,14cfr:part-91,regulation,auto,from the Task D References line,"An unstable approach, including excessive descent rates."
AA.VI.D.R5,afh,explanation,auto,from the Task D References line,"An unstable approach, including excessive descent rates."
AA.VI.D.R5,aim,guidance,auto,from the Task D References line,"An unstable approach, including excessive descent rates."
AA.VI.D.R5,ifh,explanation,auto,from the Task D References line,"An unstable approach, including excessive descent rates."
AA.VI.D.R5,risk-management,explanation,auto,from the Task D References line,"An unstable approach, including excessive descent rates."
AA.VI.D.R6,14cfr:part-91,regulation,auto,from the Task D References line,Deteriorating weather conditions on approach.
AA.VI.D.R6,afh,explanation,auto,from the Task D References line,Deteriorating weather conditions on approach.
AA.VI.D.R6,aim,guidance,auto,from the Task D References line,Deteriorating weather conditions on approach.
AA.VI.D.R6,ifh,explanation,auto,from the Task D References line,Deteriorating weather conditions on approach.
AA.VI.D.R6,risk-management,explanation,auto,from the Task D References line,Deteriorating weather conditions on approach.
AA.VI.D.R7,14cfr:part-91,regulation,auto,from the Task D References line,Operating below the minimum descent altitude (MDA) without proper visual references.
AA.VI.D.R7,afh,explanation,auto,from the Task D References line,Operating below the minimum descent altitude (MDA) without proper visual references.
AA.VI.D.R7,aim,guidance,auto,from the Task D References line,Operating below the minimum descent altitude (MDA) without proper visual references.
AA.VI.D.R7,ifh,explanation,auto,from the Task D References line,Operating below the minimum descent altitude (MDA) without proper visual references.
AA.VI.D.R7,risk-management,explanation,auto,from the Task D References line,Operating below the minimum descent altitude (MDA) without proper visual references.
AA.VI.D.S1,14cfr:part-91,regulation,auto,from the Task D References line,Accomplish the non-precision instrument approaches selected by the evaluator.
AA.VI.D.S1,afh,explanation,auto,from the Task D References line,Accomplish the non-precision instrument approaches selected by the evaluator.
AA.VI.D.S1,aim,guidance,auto,from the Task D References line,Accomplish the non-precision instrument approaches selected by the evaluator.
AA.VI.D.S1,ifh,explanation,auto,from the Task D References line,Accomplish the non-precision instrument approaches selected by the evaluator.
AA.VI.D.S1,risk-management,explanation,auto,from the Task D References line,Accomplish the non-precision instrument approaches selected by the evaluator.
AA.VI.D.S10,14cfr:part-91,regulation,auto,from the Task D References line,"Adjust the published MDA/Derived Decision Altitude (DDA) and visibility criteria for the aircraft approach category, as appropriate, for factors that include Notices to Air Missions (NOTAMs), inoperative aircraft or navigation equipment, or inoperative visual aids associated with the landing environ"
AA.VI.D.S10,afh,explanation,auto,from the Task D References line,"Adjust the published MDA/Derived Decision Altitude (DDA) and visibility criteria for the aircraft approach category, as appropriate, for factors that include Notices to Air Missions (NOTAMs), inoperative aircraft or navigation equipment, or inoperative visual aids associated with the landing environ"
AA.VI.D.S10,aim,guidance,auto,from the Task D References line,"Adjust the published MDA/Derived Decision Altitude (DDA) and visibility criteria for the aircraft approach category, as appropriate, for factors that include Notices to Air Missions (NOTAMs), inoperative aircraft or navigation equipment, or inoperative visual aids associated with the landing environ"
AA.VI.D.S10,ifh,explanation,auto,from the Task D References line,"Adjust the published MDA/Derived Decision Altitude (DDA) and visibility criteria for the aircraft approach category, as appropriate, for factors that include Notices to Air Missions (NOTAMs), inoperative aircraft or navigation equipment, or inoperative visual aids associated with the landing environ"
AA.VI.D.S10,risk-management,explanation,auto,from the Task D References line,"Adjust the published MDA/Derived Decision Altitude (DDA) and visibility criteria for the aircraft approach category, as appropriate, for factors that include Notices to Air Missions (NOTAMs), inoperative aircraft or navigation equipment, or inoperative visual aids associated with the landing environ"
AA.VI.D.S11,14cfr:part-91,regulation,auto,from the Task D References line,Establish a stabilized descent to the appropriate altitude.
AA.VI.D.S11,afh,explanation,auto,from the Task D References line,Establish a stabilized descent to the appropriate altitude.
AA.VI.D.S11,aim,guidance,auto,from the Task D References line,Establish a stabilized descent to the appropriate altitude.
AA.VI.D.S11,ifh,explanation,auto,from the Task D References line,Establish a stabilized descent to the appropriate altitude.
AA.VI.D.S11,risk-management,explanation,auto,from the Task D References line,Establish a stabilized descent to the appropriate altitude.
AA.VI.D.S12,14cfr:part-91,regulation,auto,from the Task D References line,"For the final approach segment, maintain no more than ¼ scale course deviation indicator (CDI) deflection, airspeed ±5 knots of selected value, and altitude above MDA +50/-0 feet [to the visual descent point (VDP) or missed approach point (MAP)]."
AA.VI.D.S12,afh,explanation,auto,from the Task D References line,"For the final approach segment, maintain no more than ¼ scale course deviation indicator (CDI) deflection, airspeed ±5 knots of selected value, and altitude above MDA +50/-0 feet [to the visual descent point (VDP) or missed approach point (MAP)]."
AA.VI.D.S12,aim,guidance,auto,from the Task D References line,"For the final approach segment, maintain no more than ¼ scale course deviation indicator (CDI) deflection, airspeed ±5 knots of selected value, and altitude above MDA +50/-0 feet [to the visual descent point (VDP) or missed approach point (MAP)]."
AA.VI.D.S12,ifh,explanation,auto,from the Task D References line,"For the final approach segment, maintain no more than ¼ scale course deviation indicator (CDI) deflection, airspeed ±5 knots of selected value, and altitude above MDA +50/-0 feet [to the visual descent point (VDP) or missed approach point (MAP)]."
AA.VI.D.S12,risk-management,explanation,auto,from the Task D References line,"For the final approach segment, maintain no more than ¼ scale course deviation indicator (CDI) deflection, airspeed ±5 knots of selected value, and altitude above MDA +50/-0 feet [to the visual descent point (VDP) or missed approach point (MAP)]."
AA.VI.D.S13,14cfr:part-91,regulation,auto,from the Task D References line,Execute the missed approach procedure if the required visual references are not distinctly visible and identifiable at the appropriate point or altitude for the approach profile; or execute a normal landing from a straight-in or circling approach.
AA.VI.D.S13,afh,explanation,auto,from the Task D References line,Execute the missed approach procedure if the required visual references are not distinctly visible and identifiable at the appropriate point or altitude for the approach profile; or execute a normal landing from a straight-in or circling approach.
AA.VI.D.S13,aim,guidance,auto,from the Task D References line,Execute the missed approach procedure if the required visual references are not distinctly visible and identifiable at the appropriate point or altitude for the approach profile; or execute a normal landing from a straight-in or circling approach.
AA.VI.D.S13,ifh,explanation,auto,from the Task D References line,Execute the missed approach procedure if the required visual references are not distinctly visible and identifiable at the appropriate point or altitude for the approach profile; or execute a normal landing from a straight-in or circling approach.
AA.VI.D.S13,risk-management,explanation,auto,from the Task D References line,Execute the missed approach procedure if the required visual references are not distinctly visible and identifiable at the appropriate point or altitude for the approach profile; or execute a normal landing from a straight-in or circling approach.
AA.VI.D.S14,14cfr:part-91,regulation,auto,from the Task D References line,"Use a Multi-Function Display (MFD) and other graphical navigation displays, if installed, to monitor position, track wind drift and other parameters to maintain desired flightpath."
AA.VI.D.S14,afh,explanation,auto,from the Task D References line,"Use a Multi-Function Display (MFD) and other graphical navigation displays, if installed, to monitor position, track wind drift and other parameters to maintain desired flightpath."
AA.VI.D.S14,aim,guidance,auto,from the Task D References line,"Use a Multi-Function Display (MFD) and other graphical navigation displays, if installed, to monitor position, track wind drift and other parameters to maintain desired flightpath."
AA.VI.D.S14,ifh,explanation,auto,from the Task D References line,"Use a Multi-Function Display (MFD) and other graphical navigation displays, if installed, to monitor position, track wind drift and other parameters to maintain desired flightpath."
AA.VI.D.S14,risk-management,explanation,auto,from the Task D References line,"Use a Multi-Function Display (MFD) and other graphical navigation displays, if installed, to monitor position, track wind drift and other parameters to maintain desired flightpath."
AA.VI.D.S2,14cfr:part-91,regulation,auto,from the Task D References line,"Establish two-way communications with air traffic control (ATC) appropriate for the phase of flight or approach segment, and use proper communication phraseology."
AA.VI.D.S2,afh,explanation,auto,from the Task D References line,"Establish two-way communications with air traffic control (ATC) appropriate for the phase of flight or approach segment, and use proper communication phraseology."
AA.VI.D.S2,aim,guidance,auto,from the Task D References line,"Establish two-way communications with air traffic control (ATC) appropriate for the phase of flight or approach segment, and use proper communication phraseology."
AA.VI.D.S2,ifh,explanation,auto,from the Task D References line,"Establish two-way communications with air traffic control (ATC) appropriate for the phase of flight or approach segment, and use proper communication phraseology."
AA.VI.D.S2,risk-management,explanation,auto,from the Task D References line,"Establish two-way communications with air traffic control (ATC) appropriate for the phase of flight or approach segment, and use proper communication phraseology."
AA.VI.D.S3,14cfr:part-91,regulation,auto,from the Task D References line,"Select, tune, identify, and confirm the operational status of navigation equipment to be used for the approach."
AA.VI.D.S3,afh,explanation,auto,from the Task D References line,"Select, tune, identify, and confirm the operational status of navigation equipment to be used for the approach."
AA.VI.D.S3,aim,guidance,auto,from the Task D References line,"Select, tune, identify, and confirm the operational status of navigation equipment to be used for the approach."
AA.VI.D.S3,ifh,explanation,auto,from the Task D References line,"Select, tune, identify, and confirm the operational status of navigation equipment to be used for the approach."
AA.VI.D.S3,risk-management,explanation,auto,from the Task D References line,"Select, tune, identify, and confirm the operational status of navigation equipment to be used for the approach."
AA.VI.D.S4,14cfr:part-91,regulation,auto,from the Task D References line,Comply with all clearances issued by ATC or the evaluator.
AA.VI.D.S4,afh,explanation,auto,from the Task D References line,Comply with all clearances issued by ATC or the evaluator.
AA.VI.D.S4,aim,guidance,auto,from the Task D References line,Comply with all clearances issued by ATC or the evaluator.
AA.VI.D.S4,ifh,explanation,auto,from the Task D References line,Comply with all clearances issued by ATC or the evaluator.
AA.VI.D.S4,risk-management,explanation,auto,from the Task D References line,Comply with all clearances issued by ATC or the evaluator.
AA.VI.D.S5,14cfr:part-91,regulation,auto,from the Task D References line,"Recognize if any flight instrumentation is inaccurate or inoperative, and take appropriate action."
AA.VI.D.S5,afh,explanation,auto,from the Task D References line,"Recognize if any flight instrumentation is inaccurate or inoperative, and take appropriate action."
AA.VI.D.S5,aim,guidance,auto,from the Task D References line,"Recognize if any flight instrumentation is inaccurate or inoperative, and take appropriate action."
AA.VI.D.S5,ifh,explanation,auto,from the Task D References line,"Recognize if any flight instrumentation is inaccurate or inoperative, and take appropriate action."
AA.VI.D.S5,risk-management,explanation,auto,from the Task D References line,"Recognize if any flight instrumentation is inaccurate or inoperative, and take appropriate action."
AA.VI.D.S6,14cfr:part-91,regulation,auto,from the Task D References line,Advise ATC or the evaluator if unable to comply with a clearance.
AA.VI.D.S6,afh,explanation,auto,from the Task D References line,Advise ATC or the evaluator if unable to comply with a clearance.
AA.VI.D.S6,aim,guidance,auto,from the Task D References line,Advise ATC or the evaluator if unable to comply with a clearance.
AA.VI.D.S6,ifh,explanation,auto,from the Task D References line,Advise ATC or the evaluator if unable to comply with a clearance.
AA.VI.D.S6,risk-management,explanation,auto,from the Task D References line,Advise ATC or the evaluator if unable to comply with a clearance.
AA.VI.D.S7,14cfr:part-91,regulation,auto,from the Task D References line,"Coordinate with crew, if applicable, and complete the appropriate checklist(s) in a timely manner."
AA.VI.D.S7,afh,explanation,auto,from the Task D References line,"Coordinate with crew, if applicable, and complete the appropriate checklist(s) in a timely manner."
AA.VI.D.S7,aim,guidance,auto,from the Task D References line,"Coordinate with crew, if applicable, and complete the appropriate checklist(s) in a timely manner."
AA.VI.D.S7,ifh,explanation,auto,from the Task D References line,"Coordinate with crew, if applicable, and complete the appropriate checklist(s) in a timely manner."
AA.VI.D.S7,risk-management,explanation,auto,from the Task D References line,"Coordinate with crew, if applicable, and complete the appropriate checklist(s) in a timely manner."
AA.VI.D.S8,14cfr:part-91,regulation,auto,from the Task D References line,Establish the appropriate airplane configuration and airspeed considering meteorological and operating conditions.
AA.VI.D.S8,afh,explanation,auto,from the Task D References line,Establish the appropriate airplane configuration and airspeed considering meteorological and operating conditions.
AA.VI.D.S8,aim,guidance,auto,from the Task D References line,Establish the appropriate airplane configuration and airspeed considering meteorological and operating conditions.
AA.VI.D.S8,ifh,explanation,auto,from the Task D References line,Establish the appropriate airplane configuration and airspeed considering meteorological and operating conditions.
AA.VI.D.S8,risk-management,explanation,auto,from the Task D References line,Establish the appropriate airplane configuration and airspeed considering meteorological and operating conditions.
AA.VI.D.S9,14cfr:part-91,regulation,auto,from the Task D References line,"Maintain altitude ±100 feet, selected heading ±5°, airspeed ±10 knots, and accurately track radials, courses, and bearings, prior to beginning the final approach segment."
AA.VI.D.S9,afh,explanation,auto,from the Task D References line,"Maintain altitude ±100 feet, selected heading ±5°, airspeed ±10 knots, and accurately track radials, courses, and bearings, prior to beginning the final approach segment."
AA.VI.D.S9,aim,guidance,auto,from the Task D References line,"Maintain altitude ±100 feet, selected heading ±5°, airspeed ±10 knots, and accurately track radials, courses, and bearings, prior to beginning the final approach segment."
AA.VI.D.S9,ifh,explanation,auto,from the Task D References line,"Maintain altitude ±100 feet, selected heading ±5°, airspeed ±10 knots, and accurately track radials, courses, and bearings, prior to beginning the final approach segment."
AA.VI.D.S9,risk-management,explanation,auto,from the Task D References line,"Maintain altitude ±100 feet, selected heading ±5°, airspeed ±10 knots, and accurately track radials, courses, and bearings, prior to beginning the final approach segment."
AA.VI.E.K1,14cfr:part-91,regulation,auto,from the Task E References line,"Procedures and limitations associated with a precision approach, including determining required descent rates and adjusting minimums in the case of inoperative equipment."
AA.VI.E.K1,14cfr:part-97,regulation,auto,from the Task E References line,"Procedures and limitations associated with a precision approach, including determining required descent rates and adjusting minimums in the case of inoperative equipment."
AA.VI.E.K1,afh,explanation,auto,from the Task E References line,"Procedures and limitations associated with a precision approach, including determining required descent rates and adjusting minimums in the case of inoperative equipment."
AA.VI.E.K1,aim,guidance,auto,from the Task E References line,"Procedures and limitations associated with a precision approach, including determining required descent rates and adjusting minimums in the case of inoperative equipment."
AA.VI.E.K1,ifh,explanation,auto,from the Task E References line,"Procedures and limitations associated with a precision approach, including determining required descent rates and adjusting minimums in the case of inoperative equipment."
AA.VI.E.K1,risk-management,explanation,auto,from the Task E References line,"Procedures and limitations associated with a precision approach, including determining required descent rates and adjusting minimums in the case of inoperative equipment."
AA.VI.E.K2,14cfr:part-91,regulation,auto,from the Task E References line,"Navigation system displays, annunciations, and modes of operation."
AA.VI.E.K2,14cfr:part-97,regulation,auto,from the Task E References line,"Navigation system displays, annunciations, and modes of operation."
AA.VI.E.K2,afh,explanation,auto,from the Task E References line,"Navigation system displays, annunciations, and modes of operation."
AA.VI.E.K2,aim,guidance,auto,from the Task E References line,"Navigation system displays, annunciations, and modes of operation."
AA.VI.E.K2,ifh,explanation,auto,from the Task E References line,"Navigation system displays, annunciations, and modes of operation."
AA.VI.E.K2,risk-management,explanation,auto,from the Task E References line,"Navigation system displays, annunciations, and modes of operation."
AA.VI.E.K3,14cfr:part-91,regulation,auto,from the Task E References line,"Ground-based and satellite-based navigation systems (orientation, course determination, equipment, tests and regulations, interference, appropriate use of navigation data, signal integrity)."
AA.VI.E.K3,14cfr:part-97,regulation,auto,from the Task E References line,"Ground-based and satellite-based navigation systems (orientation, course determination, equipment, tests and regulations, interference, appropriate use of navigation data, signal integrity)."
AA.VI.E.K3,afh,explanation,auto,from the Task E References line,"Ground-based and satellite-based navigation systems (orientation, course determination, equipment, tests and regulations, interference, appropriate use of navigation data, signal integrity)."
AA.VI.E.K3,aim,guidance,auto,from the Task E References line,"Ground-based and satellite-based navigation systems (orientation, course determination, equipment, tests and regulations, interference, appropriate use of navigation data, signal integrity)."
AA.VI.E.K3,ifh,explanation,auto,from the Task E References line,"Ground-based and satellite-based navigation systems (orientation, course determination, equipment, tests and regulations, interference, appropriate use of navigation data, signal integrity)."
AA.VI.E.K3,risk-management,explanation,auto,from the Task E References line,"Ground-based and satellite-based navigation systems (orientation, course determination, equipment, tests and regulations, interference, appropriate use of navigation data, signal integrity)."
AA.VI.E.K4,14cfr:part-91,regulation,auto,from the Task E References line,"A stabilized approach, including energy management concepts."
AA.VI.E.K4,14cfr:part-97,regulation,auto,from the Task E References line,"A stabilized approach, including energy management concepts."
AA.VI.E.K4,afh,explanation,auto,from the Task E References line,"A stabilized approach, including energy management concepts."
AA.VI.E.K4,aim,guidance,auto,from the Task E References line,"A stabilized approach, including energy management concepts."
AA.VI.E.K4,ifh,explanation,auto,from the Task E References line,"A stabilized approach, including energy management concepts."
AA.VI.E.K4,risk-management,explanation,auto,from the Task E References line,"A stabilized approach, including energy management concepts."
AA.VI.E.R1,14cfr:part-91,regulation,auto,from the Task E References line,Deviating from the assigned approach procedure.
AA.VI.E.R1,14cfr:part-97,regulation,auto,from the Task E References line,Deviating from the assigned approach procedure.
AA.VI.E.R1,afh,explanation,auto,from the Task E References line,Deviating from the assigned approach procedure.
AA.VI.E.R1,aim,guidance,auto,from the Task E References line,Deviating from the assigned approach procedure.
AA.VI.E.R1,ifh,explanation,auto,from the Task E References line,Deviating from the assigned approach procedure.
AA.VI.E.R1,risk-management,explanation,auto,from the Task E References line,Deviating from the assigned approach procedure.
AA.VI.E.R2,14cfr:part-91,regulation,auto,from the Task E References line,Selecting a navigation frequency.
AA.VI.E.R2,14cfr:part-97,regulation,auto,from the Task E References line,Selecting a navigation frequency.
AA.VI.E.R2,afh,explanation,auto,from the Task E References line,Selecting a navigation frequency.
AA.VI.E.R2,aim,guidance,auto,from the Task E References line,Selecting a navigation frequency.
AA.VI.E.R2,ifh,explanation,auto,from the Task E References line,Selecting a navigation frequency.
AA.VI.E.R2,risk-management,explanation,auto,from the Task E References line,Selecting a navigation frequency.
AA.VI.E.R3,14cfr:part-91,regulation,auto,from the Task E References line,Management of automated navigation and autoflight systems.
AA.VI.E.R3,14cfr:part-97,regulation,auto,from the Task E References line,Management of automated navigation and autoflight systems.
AA.VI.E.R3,afh,explanation,auto,from the Task E References line,Management of automated navigation and autoflight systems.
AA.VI.E.R3,aim,guidance,auto,from the Task E References line,Management of automated navigation and autoflight systems.
AA.VI.E.R3,ifh,explanation,auto,from the Task E References line,Management of automated navigation and autoflight systems.
AA.VI.E.R3,risk-management,explanation,auto,from the Task E References line,Management of automated navigation and autoflight systems.
AA.VI.E.R4,14cfr:part-91,regulation,auto,from the Task E References line,Aircraft configuration during an approach and missed approach.
AA.VI.E.R4,14cfr:part-97,regulation,auto,from the Task E References line,Aircraft configuration during an approach and missed approach.
AA.VI.E.R4,afh,explanation,auto,from the Task E References line,Aircraft configuration during an approach and missed approach.
AA.VI.E.R4,aim,guidance,auto,from the Task E References line,Aircraft configuration during an approach and missed approach.
AA.VI.E.R4,ifh,explanation,auto,from the Task E References line,Aircraft configuration during an approach and missed approach.
AA.VI.E.R4,risk-management,explanation,auto,from the Task E References line,Aircraft configuration during an approach and missed approach.
AA.VI.E.R5,14cfr:part-91,regulation,auto,from the Task E References line,"An unstable approach, including excessive descent rates."
AA.VI.E.R5,14cfr:part-97,regulation,auto,from the Task E References line,"An unstable approach, including excessive descent rates."
AA.VI.E.R5,afh,explanation,auto,from the Task E References line,"An unstable approach, including excessive descent rates."
AA.VI.E.R5,aim,guidance,auto,from the Task E References line,"An unstable approach, including excessive descent rates."
AA.VI.E.R5,ifh,explanation,auto,from the Task E References line,"An unstable approach, including excessive descent rates."
AA.VI.E.R5,risk-management,explanation,auto,from the Task E References line,"An unstable approach, including excessive descent rates."
AA.VI.E.R6,14cfr:part-91,regulation,auto,from the Task E References line,Deteriorating weather conditions on approach.
AA.VI.E.R6,14cfr:part-97,regulation,auto,from the Task E References line,Deteriorating weather conditions on approach.
AA.VI.E.R6,afh,explanation,auto,from the Task E References line,Deteriorating weather conditions on approach.
AA.VI.E.R6,aim,guidance,auto,from the Task E References line,Deteriorating weather conditions on approach.
AA.VI.E.R6,ifh,explanation,auto,from the Task E References line,Deteriorating weather conditions on approach.
AA.VI.E.R6,risk-management,explanation,auto,from the Task E References line,Deteriorating weather conditions on approach.
AA.VI.E.R7,14cfr:part-91,regulation,auto,from the Task E References line,Continuing to descend below the Decision Altitude (DA)/Decision Height (DH) when the required visual references are not visible.
AA.VI.E.R7,14cfr:part-97,regulation,auto,from the Task E References line,Continuing to descend below the Decision Altitude (DA)/Decision Height (DH) when the required visual references are not visible.
AA.VI.E.R7,afh,explanation,auto,from the Task E References line,Continuing to descend below the Decision Altitude (DA)/Decision Height (DH) when the required visual references are not visible.
AA.VI.E.R7,aim,guidance,auto,from the Task E References line,Continuing to descend below the Decision Altitude (DA)/Decision Height (DH) when the required visual references are not visible.
AA.VI.E.R7,ifh,explanation,auto,from the Task E References line,Continuing to descend below the Decision Altitude (DA)/Decision Height (DH) when the required visual references are not visible.
AA.VI.E.R7,risk-management,explanation,auto,from the Task E References line,Continuing to descend below the Decision Altitude (DA)/Decision Height (DH) when the required visual references are not visible.
AA.VI.E.S1,14cfr:part-91,regulation,auto,from the Task E References line,Accomplish the precision instrument approaches selected by the evaluator.
AA.VI.E.S1,14cfr:part-97,regulation,auto,from the Task E References line,Accomplish the precision instrument approaches selected by the evaluator.
AA.VI.E.S1,afh,explanation,auto,from the Task E References line,Accomplish the precision instrument approaches selected by the evaluator.
AA.VI.E.S1,aim,guidance,auto,from the Task E References line,Accomplish the precision instrument approaches selected by the evaluator.
AA.VI.E.S1,ifh,explanation,auto,from the Task E References line,Accomplish the precision instrument approaches selected by the evaluator.
AA.VI.E.S1,risk-management,explanation,auto,from the Task E References line,Accomplish the precision instrument approaches selected by the evaluator.
AA.VI.E.S10,14cfr:part-91,regulation,auto,from the Task E References line,"Adjust the published DA/DH and visibility criteria for the aircraft approach category, as appropriate, to account for NOTAMS, inoperative airplane or navigation equipment, or inoperative visual aids associated with the landing environment."
AA.VI.E.S10,14cfr:part-97,regulation,auto,from the Task E References line,"Adjust the published DA/DH and visibility criteria for the aircraft approach category, as appropriate, to account for NOTAMS, inoperative airplane or navigation equipment, or inoperative visual aids associated with the landing environment."
AA.VI.E.S10,afh,explanation,auto,from the Task E References line,"Adjust the published DA/DH and visibility criteria for the aircraft approach category, as appropriate, to account for NOTAMS, inoperative airplane or navigation equipment, or inoperative visual aids associated with the landing environment."
AA.VI.E.S10,aim,guidance,auto,from the Task E References line,"Adjust the published DA/DH and visibility criteria for the aircraft approach category, as appropriate, to account for NOTAMS, inoperative airplane or navigation equipment, or inoperative visual aids associated with the landing environment."
AA.VI.E.S10,ifh,explanation,auto,from the Task E References line,"Adjust the published DA/DH and visibility criteria for the aircraft approach category, as appropriate, to account for NOTAMS, inoperative airplane or navigation equipment, or inoperative visual aids associated with the landing environment."
AA.VI.E.S10,risk-management,explanation,auto,from the Task E References line,"Adjust the published DA/DH and visibility criteria for the aircraft approach category, as appropriate, to account for NOTAMS, inoperative airplane or navigation equipment, or inoperative visual aids associated with the landing environment."
AA.VI.E.S11,14cfr:part-91,regulation,auto,from the Task E References line,"Establish a predetermined rate of descent at the point where vertical guidance begins, which approximates that required for the aircraft to follow the vertical guidance."
AA.VI.E.S11,14cfr:part-97,regulation,auto,from the Task E References line,"Establish a predetermined rate of descent at the point where vertical guidance begins, which approximates that required for the aircraft to follow the vertical guidance."
AA.VI.E.S11,afh,explanation,auto,from the Task E References line,"Establish a predetermined rate of descent at the point where vertical guidance begins, which approximates that required for the aircraft to follow the vertical guidance."
AA.VI.E.S11,aim,guidance,auto,from the Task E References line,"Establish a predetermined rate of descent at the point where vertical guidance begins, which approximates that required for the aircraft to follow the vertical guidance."
AA.VI.E.S11,ifh,explanation,auto,from the Task E References line,"Establish a predetermined rate of descent at the point where vertical guidance begins, which approximates that required for the aircraft to follow the vertical guidance."
AA.VI.E.S11,risk-management,explanation,auto,from the Task E References line,"Establish a predetermined rate of descent at the point where vertical guidance begins, which approximates that required for the aircraft to follow the vertical guidance."
AA.VI.E.S12,14cfr:part-91,regulation,auto,from the Task E References line,Maintain a stabilized final approach from the Final Approach Fix (FAF) to DA/DH allowing no more than ¼-scale deflection of either the vertical or lateral guidance indications and maintain the desired airspeed ±5 knots. 43
AA.VI.E.S12,14cfr:part-97,regulation,auto,from the Task E References line,Maintain a stabilized final approach from the Final Approach Fix (FAF) to DA/DH allowing no more than ¼-scale deflection of either the vertical or lateral guidance indications and maintain the desired airspeed ±5 knots. 43
AA.VI.E.S12,afh,explanation,auto,from the Task E References line,Maintain a stabilized final approach from the Final Approach Fix (FAF) to DA/DH allowing no more than ¼-scale deflection of either the vertical or lateral guidance indications and maintain the desired airspeed ±5 knots. 43
AA.VI.E.S12,aim,guidance,auto,from the Task E References line,Maintain a stabilized final approach from the Final Approach Fix (FAF) to DA/DH allowing no more than ¼-scale deflection of either the vertical or lateral guidance indications and maintain the desired airspeed ±5 knots. 43
AA.VI.E.S12,ifh,explanation,auto,from the Task E References line,Maintain a stabilized final approach from the Final Approach Fix (FAF) to DA/DH allowing no more than ¼-scale deflection of either the vertical or lateral guidance indications and maintain the desired airspeed ±5 knots. 43
AA.VI.E.S12,risk-management,explanation,auto,from the Task E References line,Maintain a stabilized final approach from the Final Approach Fix (FAF) to DA/DH allowing no more than ¼-scale deflection of either the vertical or lateral guidance indications and maintain the desired airspeed ±5 knots. 43
AA.VI.E.S13,14cfr:part-91,regulation,auto,from the Task E References line,"Upon reaching the DA/DH, immediately initiate the missed approach procedures if the required visual references for the runway are not distinctly visible and identifiable (or if in a seaplane); or transition to a normal landing approach only when the aircraft is in a position from which a descent to "
AA.VI.E.S13,14cfr:part-97,regulation,auto,from the Task E References line,"Upon reaching the DA/DH, immediately initiate the missed approach procedures if the required visual references for the runway are not distinctly visible and identifiable (or if in a seaplane); or transition to a normal landing approach only when the aircraft is in a position from which a descent to "
AA.VI.E.S13,afh,explanation,auto,from the Task E References line,"Upon reaching the DA/DH, immediately initiate the missed approach procedures if the required visual references for the runway are not distinctly visible and identifiable (or if in a seaplane); or transition to a normal landing approach only when the aircraft is in a position from which a descent to "
AA.VI.E.S13,aim,guidance,auto,from the Task E References line,"Upon reaching the DA/DH, immediately initiate the missed approach procedures if the required visual references for the runway are not distinctly visible and identifiable (or if in a seaplane); or transition to a normal landing approach only when the aircraft is in a position from which a descent to "
AA.VI.E.S13,ifh,explanation,auto,from the Task E References line,"Upon reaching the DA/DH, immediately initiate the missed approach procedures if the required visual references for the runway are not distinctly visible and identifiable (or if in a seaplane); or transition to a normal landing approach only when the aircraft is in a position from which a descent to "
AA.VI.E.S13,risk-management,explanation,auto,from the Task E References line,"Upon reaching the DA/DH, immediately initiate the missed approach procedures if the required visual references for the runway are not distinctly visible and identifiable (or if in a seaplane); or transition to a normal landing approach only when the aircraft is in a position from which a descent to "
AA.VI.E.S14,14cfr:part-91,regulation,auto,from the Task E References line,"Use an MFD and other graphical navigation displays, if installed, to monitor position, track wind drift and other parameters to maintain desired flightpath."
AA.VI.E.S14,14cfr:part-97,regulation,auto,from the Task E References line,"Use an MFD and other graphical navigation displays, if installed, to monitor position, track wind drift and other parameters to maintain desired flightpath."
AA.VI.E.S14,afh,explanation,auto,from the Task E References line,"Use an MFD and other graphical navigation displays, if installed, to monitor position, track wind drift and other parameters to maintain desired flightpath."
AA.VI.E.S14,aim,guidance,auto,from the Task E References line,"Use an MFD and other graphical navigation displays, if installed, to monitor position, track wind drift and other parameters to maintain desired flightpath."
AA.VI.E.S14,ifh,explanation,auto,from the Task E References line,"Use an MFD and other graphical navigation displays, if installed, to monitor position, track wind drift and other parameters to maintain desired flightpath."
AA.VI.E.S14,risk-management,explanation,auto,from the Task E References line,"Use an MFD and other graphical navigation displays, if installed, to monitor position, track wind drift and other parameters to maintain desired flightpath."
AA.VI.E.S2,14cfr:part-91,regulation,auto,from the Task E References line,"Establish two-way communications with air traffic control (ATC) appropriate for the phase of flight or approach segment, and use proper communication phraseology."
AA.VI.E.S2,14cfr:part-97,regulation,auto,from the Task E References line,"Establish two-way communications with air traffic control (ATC) appropriate for the phase of flight or approach segment, and use proper communication phraseology."
AA.VI.E.S2,afh,explanation,auto,from the Task E References line,"Establish two-way communications with air traffic control (ATC) appropriate for the phase of flight or approach segment, and use proper communication phraseology."
AA.VI.E.S2,aim,guidance,auto,from the Task E References line,"Establish two-way communications with air traffic control (ATC) appropriate for the phase of flight or approach segment, and use proper communication phraseology."
AA.VI.E.S2,ifh,explanation,auto,from the Task E References line,"Establish two-way communications with air traffic control (ATC) appropriate for the phase of flight or approach segment, and use proper communication phraseology."
AA.VI.E.S2,risk-management,explanation,auto,from the Task E References line,"Establish two-way communications with air traffic control (ATC) appropriate for the phase of flight or approach segment, and use proper communication phraseology."
AA.VI.E.S3,14cfr:part-91,regulation,auto,from the Task E References line,"Select, tune, identify, and confirm the operational status of navigation equipment to be used for the approach."
AA.VI.E.S3,14cfr:part-97,regulation,auto,from the Task E References line,"Select, tune, identify, and confirm the operational status of navigation equipment to be used for the approach."
AA.VI.E.S3,afh,explanation,auto,from the Task E References line,"Select, tune, identify, and confirm the operational status of navigation equipment to be used for the approach."
AA.VI.E.S3,aim,guidance,auto,from the Task E References line,"Select, tune, identify, and confirm the operational status of navigation equipment to be used for the approach."
AA.VI.E.S3,ifh,explanation,auto,from the Task E References line,"Select, tune, identify, and confirm the operational status of navigation equipment to be used for the approach."
AA.VI.E.S3,risk-management,explanation,auto,from the Task E References line,"Select, tune, identify, and confirm the operational status of navigation equipment to be used for the approach."
AA.VI.E.S4,14cfr:part-91,regulation,auto,from the Task E References line,"Comply in a timely manner with all clearances, instructions, and procedures."
AA.VI.E.S4,14cfr:part-97,regulation,auto,from the Task E References line,"Comply in a timely manner with all clearances, instructions, and procedures."
AA.VI.E.S4,afh,explanation,auto,from the Task E References line,"Comply in a timely manner with all clearances, instructions, and procedures."
AA.VI.E.S4,aim,guidance,auto,from the Task E References line,"Comply in a timely manner with all clearances, instructions, and procedures."
AA.VI.E.S4,ifh,explanation,auto,from the Task E References line,"Comply in a timely manner with all clearances, instructions, and procedures."
AA.VI.E.S4,risk-management,explanation,auto,from the Task E References line,"Comply in a timely manner with all clearances, instructions, and procedures."
AA.VI.E.S5,14cfr:part-91,regulation,auto,from the Task E References line,"Recognize if any flight instrumentation is inaccurate or inoperative, and take appropriate action."
AA.VI.E.S5,14cfr:part-97,regulation,auto,from the Task E References line,"Recognize if any flight instrumentation is inaccurate or inoperative, and take appropriate action."
AA.VI.E.S5,afh,explanation,auto,from the Task E References line,"Recognize if any flight instrumentation is inaccurate or inoperative, and take appropriate action."
AA.VI.E.S5,aim,guidance,auto,from the Task E References line,"Recognize if any flight instrumentation is inaccurate or inoperative, and take appropriate action."
AA.VI.E.S5,ifh,explanation,auto,from the Task E References line,"Recognize if any flight instrumentation is inaccurate or inoperative, and take appropriate action."
AA.VI.E.S5,risk-management,explanation,auto,from the Task E References line,"Recognize if any flight instrumentation is inaccurate or inoperative, and take appropriate action."
AA.VI.E.S6,14cfr:part-91,regulation,auto,from the Task E References line,Advise ATC or the evaluator if unable to comply with a clearance.
AA.VI.E.S6,14cfr:part-97,regulation,auto,from the Task E References line,Advise ATC or the evaluator if unable to comply with a clearance.
AA.VI.E.S6,afh,explanation,auto,from the Task E References line,Advise ATC or the evaluator if unable to comply with a clearance.
AA.VI.E.S6,aim,guidance,auto,from the Task E References line,Advise ATC or the evaluator if unable to comply with a clearance.
AA.VI.E.S6,ifh,explanation,auto,from the Task E References line,Advise ATC or the evaluator if unable to comply with a clearance.
AA.VI.E.S6,risk-management,explanation,auto,from the Task E References line,Advise ATC or the evaluator if unable to comply with a clearance.
AA.VI.E.S7,14cfr:part-91,regulation,auto,from the Task E References line,"Coordinate with crew, if applicable, and complete the appropriate checklist(s) in a timely manner."
AA.VI.E.S7,14cfr:part-97,regulation,auto,from the Task E References line,"Coordinate with crew, if applicable, and complete the appropriate checklist(s) in a timely manner."
AA.VI.E.S7,afh,explanation,auto,from the Task E References line,"Coordinate with crew, if applicable, and complete the appropriate checklist(s) in a timely manner."
AA.VI.E.S7,aim,guidance,auto,from the Task E References line,"Coordinate with crew, if applicable, and complete the appropriate checklist(s) in a timely manner."
AA.VI.E.S7,ifh,explanation,auto,from the Task E References line,"Coordinate with crew, if applicable, and complete the appropriate checklist(s) in a timely manner."
AA.VI.E.S7,risk-management,explanation,auto,from the Task E References line,"Coordinate with crew, if applicable, and complete the appropriate checklist(s) in a timely manner."
AA.VI.E.S8,14cfr:part-91,regulation,auto,from the Task E References line,Establish the appropriate airplane configuration and airspeed considering meteorological and operating conditions.
AA.VI.E.S8,14cfr:part-97,regulation,auto,from the Task E References line,Establish the appropriate airplane configuration and airspeed considering meteorological and operating conditions.
AA.VI.E.S8,afh,explanation,auto,from the Task E References line,Establish the appropriate airplane configuration and airspeed considering meteorological and operating conditions.
AA.VI.E.S8,aim,guidance,auto,from the Task E References line,Establish the appropriate airplane configuration and airspeed considering meteorological and operating conditions.
AA.VI.E.S8,ifh,explanation,auto,from the Task E References line,Establish the appropriate airplane configuration and airspeed considering meteorological and operating conditions.
AA.VI.E.S8,risk-management,explanation,auto,from the Task E References line,Establish the appropriate airplane configuration and airspeed considering meteorological and operating conditions.
AA.VI.E.S9,14cfr:part-91,regulation,auto,from the Task E References line,"Maintain altitude ±100 feet, selected heading ±5°, airspeed ±10 knots, and accurately track radials, courses, and bearings, prior to beginning the final approach segment."
AA.VI.E.S9,14cfr:part-97,regulation,auto,from the Task E References line,"Maintain altitude ±100 feet, selected heading ±5°, airspeed ±10 knots, and accurately track radials, courses, and bearings, prior to beginning the final approach segment."
AA.VI.E.S9,afh,explanation,auto,from the Task E References line,"Maintain altitude ±100 feet, selected heading ±5°, airspeed ±10 knots, and accurately track radials, courses, and bearings, prior to beginning the final approach segment."
AA.VI.E.S9,aim,guidance,auto,from the Task E References line,"Maintain altitude ±100 feet, selected heading ±5°, airspeed ±10 knots, and accurately track radials, courses, and bearings, prior to beginning the final approach segment."
AA.VI.E.S9,ifh,explanation,auto,from the Task E References line,"Maintain altitude ±100 feet, selected heading ±5°, airspeed ±10 knots, and accurately track radials, courses, and bearings, prior to beginning the final approach segment."
AA.VI.E.S9,risk-management,explanation,auto,from the Task E References line,"Maintain altitude ±100 feet, selected heading ±5°, airspeed ±10 knots, and accurately track radials, courses, and bearings, prior to beginning the final approach segment."
AA.VI.F.K1,14cfr:part-91,regulation,auto,from the Task F References line,"Elements related to the pilot’s responsibilities, and the environmental, operational, and meteorological factors that affect landing from a precision approach."
AA.VI.F.K1,afh,explanation,auto,from the Task F References line,"Elements related to the pilot’s responsibilities, and the environmental, operational, and meteorological factors that affect landing from a precision approach."
AA.VI.F.K1,aim,guidance,auto,from the Task F References line,"Elements related to the pilot’s responsibilities, and the environmental, operational, and meteorological factors that affect landing from a precision approach."
AA.VI.F.K1,ifh,explanation,auto,from the Task F References line,"Elements related to the pilot’s responsibilities, and the environmental, operational, and meteorological factors that affect landing from a precision approach."
AA.VI.F.K1,iph,explanation,auto,from the Task F References line,"Elements related to the pilot’s responsibilities, and the environmental, operational, and meteorological factors that affect landing from a precision approach."
AA.VI.F.K1,phak,explanation,auto,from the Task F References line,"Elements related to the pilot’s responsibilities, and the environmental, operational, and meteorological factors that affect landing from a precision approach."
AA.VI.F.K1,risk-management,explanation,auto,from the Task F References line,"Elements related to the pilot’s responsibilities, and the environmental, operational, and meteorological factors that affect landing from a precision approach."
AA.VI.F.K2,14cfr:part-91,regulation,auto,from the Task F References line,"Approach lighting systems and runway and taxiway signs, markings, and lighting."
AA.VI.F.K2,afh,explanation,auto,from the Task F References line,"Approach lighting systems and runway and taxiway signs, markings, and lighting."
AA.VI.F.K2,aim,guidance,auto,from the Task F References line,"Approach lighting systems and runway and taxiway signs, markings, and lighting."
AA.VI.F.K2,ifh,explanation,auto,from the Task F References line,"Approach lighting systems and runway and taxiway signs, markings, and lighting."
AA.VI.F.K2,iph,explanation,auto,from the Task F References line,"Approach lighting systems and runway and taxiway signs, markings, and lighting."
AA.VI.F.K2,phak,explanation,auto,from the Task F References line,"Approach lighting systems and runway and taxiway signs, markings, and lighting."
AA.VI.F.K2,risk-management,explanation,auto,from the Task F References line,"Approach lighting systems and runway and taxiway signs, markings, and lighting."
AA.VI.F.R1,14cfr:part-91,regulation,auto,from the Task F References line,"Selection of an approach procedure and runway based on aircraft limitations, available distance, surface conditions, and wind."
AA.VI.F.R1,afh,explanation,auto,from the Task F References line,"Selection of an approach procedure and runway based on aircraft limitations, available distance, surface conditions, and wind."
AA.VI.F.R1,aim,guidance,auto,from the Task F References line,"Selection of an approach procedure and runway based on aircraft limitations, available distance, surface conditions, and wind."
AA.VI.F.R1,ifh,explanation,auto,from the Task F References line,"Selection of an approach procedure and runway based on aircraft limitations, available distance, surface conditions, and wind."
AA.VI.F.R1,iph,explanation,auto,from the Task F References line,"Selection of an approach procedure and runway based on aircraft limitations, available distance, surface conditions, and wind."
AA.VI.F.R1,phak,explanation,auto,from the Task F References line,"Selection of an approach procedure and runway based on aircraft limitations, available distance, surface conditions, and wind."
AA.VI.F.R1,risk-management,explanation,auto,from the Task F References line,"Selection of an approach procedure and runway based on aircraft limitations, available distance, surface conditions, and wind."
AA.VI.F.R10,14cfr:part-91,regulation,auto,from the Task F References line,Missed Approach.
AA.VI.F.R10,afh,explanation,auto,from the Task F References line,Missed Approach.
AA.VI.F.R10,aim,guidance,auto,from the Task F References line,Missed Approach.
AA.VI.F.R10,ifh,explanation,auto,from the Task F References line,Missed Approach.
AA.VI.F.R10,iph,explanation,auto,from the Task F References line,Missed Approach.
AA.VI.F.R10,phak,explanation,auto,from the Task F References line,Missed Approach.
AA.VI.F.R10,risk-management,explanation,auto,from the Task F References line,Missed Approach.
AA.VI.F.R11,14cfr:part-91,regulation,auto,from the Task F References line,Land and hold short operations (LAHSO).
AA.VI.F.R11,afh,explanation,auto,from the Task F References line,Land and hold short operations (LAHSO).
AA.VI.F.R11,aim,guidance,auto,from the Task F References line,Land and hold short operations (LAHSO).
AA.VI.F.R11,ifh,explanation,auto,from the Task F References line,Land and hold short operations (LAHSO).
AA.VI.F.R11,iph,explanation,auto,from the Task F References line,Land and hold short operations (LAHSO).
AA.VI.F.R11,phak,explanation,auto,from the Task F References line,Land and hold short operations (LAHSO).
AA.VI.F.R11,risk-management,explanation,auto,from the Task F References line,Land and hold short operations (LAHSO).
AA.VI.F.R2,14cfr:part-91,regulation,auto,from the Task F References line,Wake turbulence.
AA.VI.F.R2,afh,explanation,auto,from the Task F References line,Wake turbulence.
AA.VI.F.R2,aim,guidance,auto,from the Task F References line,Wake turbulence.
AA.VI.F.R2,ifh,explanation,auto,from the Task F References line,Wake turbulence.
AA.VI.F.R2,iph,explanation,auto,from the Task F References line,Wake turbulence.
AA.VI.F.R2,phak,explanation,auto,from the Task F References line,Wake turbulence.
AA.VI.F.R2,risk-management,explanation,auto,from the Task F References line,Wake turbulence.
AA.VI.F.R3,14cfr:part-91,regulation,auto,from the Task F References line,[Archived]
AA.VI.F.R3,afh,explanation,auto,from the Task F References line,[Archived]
AA.VI.F.R3,aim,guidance,auto,from the Task F References line,[Archived]
AA.VI.F.R3,ifh,explanation,auto,from the Task F References line,[Archived]
AA.VI.F.R3,iph,explanation,auto,from the Task F References line,[Archived]
AA.VI.F.R3,phak,explanation,auto,from the Task F References line,[Archived]
AA.VI.F.R3,risk-management,explanation,auto,from the Task F References line,[Archived]
AA.VI.F.R3a,14cfr:part-91,regulation,auto,from the Task F References line,a. [Archived]
AA.VI.F.R3a,afh,explanation,auto,from the Task F References line,a. [Archived]
AA.VI.F.R3a,aim,guidance,auto,from the Task F References line,a. [Archived]
AA.VI.F.R3a,ifh,explanation,auto,from the Task F References line,a. [Archived]
AA.VI.F.R3a,iph,explanation,auto,from the Task F References line,a. [Archived]
AA.VI.F.R3a,phak,explanation,auto,from the Task F References line,a. [Archived]
AA.VI.F.R3a,risk-management,explanation,auto,from the Task F References line,a. [Archived]
AA.VI.F.R3b,14cfr:part-91,regulation,auto,from the Task F References line,b. [Archived]
AA.VI.F.R3b,afh,explanation,auto,from the Task F References line,b. [Archived]
AA.VI.F.R3b,aim,guidance,auto,from the Task F References line,b. [Archived]
AA.VI.F.R3b,ifh,explanation,auto,from the Task F References line,b. [Archived]
AA.VI.F.R3b,iph,explanation,auto,from the Task F References line,b. [Archived]
AA.VI.F.R3b,phak,explanation,auto,from the Task F References line,b. [Archived]
AA.VI.F.R3b,risk-management,explanation,auto,from the Task F References line,b. [Archived]
AA.VI.F.R4,14cfr:part-91,regulation,auto,from the Task F References line,Collision hazards.
AA.VI.F.R4,afh,explanation,auto,from the Task F References line,Collision hazards.
AA.VI.F.R4,aim,guidance,auto,from the Task F References line,Collision hazards.
AA.VI.F.R4,ifh,explanation,auto,from the Task F References line,Collision hazards.
AA.VI.F.R4,iph,explanation,auto,from the Task F References line,Collision hazards.
AA.VI.F.R4,phak,explanation,auto,from the Task F References line,Collision hazards.
AA.VI.F.R4,risk-management,explanation,auto,from the Task F References line,Collision hazards.
AA.VI.F.R5,14cfr:part-91,regulation,auto,from the Task F References line,"Low altitude maneuvering, including stall, spin, or controlled flight into terrain (CFIT)."
AA.VI.F.R5,afh,explanation,auto,from the Task F References line,"Low altitude maneuvering, including stall, spin, or controlled flight into terrain (CFIT)."
AA.VI.F.R5,aim,guidance,auto,from the Task F References line,"Low altitude maneuvering, including stall, spin, or controlled flight into terrain (CFIT)."
AA.VI.F.R5,ifh,explanation,auto,from the Task F References line,"Low altitude maneuvering, including stall, spin, or controlled flight into terrain (CFIT)."
AA.VI.F.R5,iph,explanation,auto,from the Task F References line,"Low altitude maneuvering, including stall, spin, or controlled flight into terrain (CFIT)."
AA.VI.F.R5,phak,explanation,auto,from the Task F References line,"Low altitude maneuvering, including stall, spin, or controlled flight into terrain (CFIT)."
AA.VI.F.R5,risk-management,explanation,auto,from the Task F References line,"Low altitude maneuvering, including stall, spin, or controlled flight into terrain (CFIT)."
AA.VI.F.R6,14cfr:part-91,regulation,auto,from the Task F References line,"Distractions, task prioritization, loss of situational awareness, or disorientation."
AA.VI.F.R6,afh,explanation,auto,from the Task F References line,"Distractions, task prioritization, loss of situational awareness, or disorientation."
AA.VI.F.R6,aim,guidance,auto,from the Task F References line,"Distractions, task prioritization, loss of situational awareness, or disorientation."
AA.VI.F.R6,ifh,explanation,auto,from the Task F References line,"Distractions, task prioritization, loss of situational awareness, or disorientation."
AA.VI.F.R6,iph,explanation,auto,from the Task F References line,"Distractions, task prioritization, loss of situational awareness, or disorientation."
AA.VI.F.R6,phak,explanation,auto,from the Task F References line,"Distractions, task prioritization, loss of situational awareness, or disorientation."
AA.VI.F.R6,risk-management,explanation,auto,from the Task F References line,"Distractions, task prioritization, loss of situational awareness, or disorientation."
AA.VI.F.R7,14cfr:part-91,regulation,auto,from the Task F References line,Attempting to land from an unstable approach.
AA.VI.F.R7,afh,explanation,auto,from the Task F References line,Attempting to land from an unstable approach.
AA.VI.F.R7,aim,guidance,auto,from the Task F References line,Attempting to land from an unstable approach.
AA.VI.F.R7,ifh,explanation,auto,from the Task F References line,Attempting to land from an unstable approach.
AA.VI.F.R7,iph,explanation,auto,from the Task F References line,Attempting to land from an unstable approach.
AA.VI.F.R7,phak,explanation,auto,from the Task F References line,Attempting to land from an unstable approach.
AA.VI.F.R7,risk-management,explanation,auto,from the Task F References line,Attempting to land from an unstable approach.
AA.VI.F.R8,14cfr:part-91,regulation,auto,from the Task F References line,Flying below the glidepath.
AA.VI.F.R8,afh,explanation,auto,from the Task F References line,Flying below the glidepath.
AA.VI.F.R8,aim,guidance,auto,from the Task F References line,Flying below the glidepath.
AA.VI.F.R8,ifh,explanation,auto,from the Task F References line,Flying below the glidepath.
AA.VI.F.R8,iph,explanation,auto,from the Task F References line,Flying below the glidepath.
AA.VI.F.R8,phak,explanation,auto,from the Task F References line,Flying below the glidepath.
AA.VI.F.R8,risk-management,explanation,auto,from the Task F References line,Flying below the glidepath.
AA.VI.F.R9,14cfr:part-91,regulation,auto,from the Task F References line,Transitioning from instrument to visual references for landing.
AA.VI.F.R9,afh,explanation,auto,from the Task F References line,Transitioning from instrument to visual references for landing.
AA.VI.F.R9,aim,guidance,auto,from the Task F References line,Transitioning from instrument to visual references for landing.
AA.VI.F.R9,ifh,explanation,auto,from the Task F References line,Transitioning from instrument to visual references for landing.
AA.VI.F.R9,iph,explanation,auto,from the Task F References line,Transitioning from instrument to visual references for landing.
AA.VI.F.R9,phak,explanation,auto,from the Task F References line,Transitioning from instrument to visual references for landing.
AA.VI.F.R9,risk-management,explanation,auto,from the Task F References line,Transitioning from instrument to visual references for landing.
AA.VI.F.S1,14cfr:part-91,regulation,auto,from the Task F References line,"Maintain the desired airspeed, ±5 knots, and vertical and lateral guidance within ¼-scale deflection of the indicators during the descent from DA/DH to a point where visual maneuvering is used to accomplish a normal landing."
AA.VI.F.S1,afh,explanation,auto,from the Task F References line,"Maintain the desired airspeed, ±5 knots, and vertical and lateral guidance within ¼-scale deflection of the indicators during the descent from DA/DH to a point where visual maneuvering is used to accomplish a normal landing."
AA.VI.F.S1,aim,guidance,auto,from the Task F References line,"Maintain the desired airspeed, ±5 knots, and vertical and lateral guidance within ¼-scale deflection of the indicators during the descent from DA/DH to a point where visual maneuvering is used to accomplish a normal landing."
AA.VI.F.S1,ifh,explanation,auto,from the Task F References line,"Maintain the desired airspeed, ±5 knots, and vertical and lateral guidance within ¼-scale deflection of the indicators during the descent from DA/DH to a point where visual maneuvering is used to accomplish a normal landing."
AA.VI.F.S1,iph,explanation,auto,from the Task F References line,"Maintain the desired airspeed, ±5 knots, and vertical and lateral guidance within ¼-scale deflection of the indicators during the descent from DA/DH to a point where visual maneuvering is used to accomplish a normal landing."
AA.VI.F.S1,phak,explanation,auto,from the Task F References line,"Maintain the desired airspeed, ±5 knots, and vertical and lateral guidance within ¼-scale deflection of the indicators during the descent from DA/DH to a point where visual maneuvering is used to accomplish a normal landing."
AA.VI.F.S1,risk-management,explanation,auto,from the Task F References line,"Maintain the desired airspeed, ±5 knots, and vertical and lateral guidance within ¼-scale deflection of the indicators during the descent from DA/DH to a point where visual maneuvering is used to accomplish a normal landing."
AA.VI.F.S2,14cfr:part-91,regulation,auto,from the Task F References line,"Adhere to all ATC or evaluator advisories, such as NOTAMs, windshear, wake turbulence, runway surface, braking conditions, and other operational considerations."
AA.VI.F.S2,afh,explanation,auto,from the Task F References line,"Adhere to all ATC or evaluator advisories, such as NOTAMs, windshear, wake turbulence, runway surface, braking conditions, and other operational considerations."
AA.VI.F.S2,aim,guidance,auto,from the Task F References line,"Adhere to all ATC or evaluator advisories, such as NOTAMs, windshear, wake turbulence, runway surface, braking conditions, and other operational considerations."
AA.VI.F.S2,ifh,explanation,auto,from the Task F References line,"Adhere to all ATC or evaluator advisories, such as NOTAMs, windshear, wake turbulence, runway surface, braking conditions, and other operational considerations."
AA.VI.F.S2,iph,explanation,auto,from the Task F References line,"Adhere to all ATC or evaluator advisories, such as NOTAMs, windshear, wake turbulence, runway surface, braking conditions, and other operational considerations."
AA.VI.F.S2,phak,explanation,auto,from the Task F References line,"Adhere to all ATC or evaluator advisories, such as NOTAMs, windshear, wake turbulence, runway surface, braking conditions, and other operational considerations."
AA.VI.F.S2,risk-management,explanation,auto,from the Task F References line,"Adhere to all ATC or evaluator advisories, such as NOTAMs, windshear, wake turbulence, runway surface, braking conditions, and other operational considerations."
AA.VI.F.S3,14cfr:part-91,regulation,auto,from the Task F References line,"Coordinate with crew, if applicable, and complete the appropriate checklist(s) in a timely manner."
AA.VI.F.S3,afh,explanation,auto,from the Task F References line,"Coordinate with crew, if applicable, and complete the appropriate checklist(s) in a timely manner."
AA.VI.F.S3,aim,guidance,auto,from the Task F References line,"Coordinate with crew, if applicable, and complete the appropriate checklist(s) in a timely manner."
AA.VI.F.S3,ifh,explanation,auto,from the Task F References line,"Coordinate with crew, if applicable, and complete the appropriate checklist(s) in a timely manner."
AA.VI.F.S3,iph,explanation,auto,from the Task F References line,"Coordinate with crew, if applicable, and complete the appropriate checklist(s) in a timely manner."
AA.VI.F.S3,phak,explanation,auto,from the Task F References line,"Coordinate with crew, if applicable, and complete the appropriate checklist(s) in a timely manner."
AA.VI.F.S3,risk-management,explanation,auto,from the Task F References line,"Coordinate with crew, if applicable, and complete the appropriate checklist(s) in a timely manner."
AA.VI.F.S4,14cfr:part-91,regulation,auto,from the Task F References line,"Touch down at the aiming point markings, -250/+500 feet, or where there are no runway aiming point markings, 750 to 1,500 feet, from the approach threshold of the runway."
AA.VI.F.S4,afh,explanation,auto,from the Task F References line,"Touch down at the aiming point markings, -250/+500 feet, or where there are no runway aiming point markings, 750 to 1,500 feet, from the approach threshold of the runway."
AA.VI.F.S4,aim,guidance,auto,from the Task F References line,"Touch down at the aiming point markings, -250/+500 feet, or where there are no runway aiming point markings, 750 to 1,500 feet, from the approach threshold of the runway."
AA.VI.F.S4,ifh,explanation,auto,from the Task F References line,"Touch down at the aiming point markings, -250/+500 feet, or where there are no runway aiming point markings, 750 to 1,500 feet, from the approach threshold of the runway."
AA.VI.F.S4,iph,explanation,auto,from the Task F References line,"Touch down at the aiming point markings, -250/+500 feet, or where there are no runway aiming point markings, 750 to 1,500 feet, from the approach threshold of the runway."
AA.VI.F.S4,phak,explanation,auto,from the Task F References line,"Touch down at the aiming point markings, -250/+500 feet, or where there are no runway aiming point markings, 750 to 1,500 feet, from the approach threshold of the runway."
AA.VI.F.S4,risk-management,explanation,auto,from the Task F References line,"Touch down at the aiming point markings, -250/+500 feet, or where there are no runway aiming point markings, 750 to 1,500 feet, from the approach threshold of the runway."
AA.VI.F.S5,14cfr:part-91,regulation,auto,from the Task F References line,"Maintain positive airplane control throughout the landing using drag and braking devices, as appropriate, to come to a stop."
AA.VI.F.S5,afh,explanation,auto,from the Task F References line,"Maintain positive airplane control throughout the landing using drag and braking devices, as appropriate, to come to a stop."
AA.VI.F.S5,aim,guidance,auto,from the Task F References line,"Maintain positive airplane control throughout the landing using drag and braking devices, as appropriate, to come to a stop."
AA.VI.F.S5,ifh,explanation,auto,from the Task F References line,"Maintain positive airplane control throughout the landing using drag and braking devices, as appropriate, to come to a stop."
AA.VI.F.S5,iph,explanation,auto,from the Task F References line,"Maintain positive airplane control throughout the landing using drag and braking devices, as appropriate, to come to a stop."
AA.VI.F.S5,phak,explanation,auto,from the Task F References line,"Maintain positive airplane control throughout the landing using drag and braking devices, as appropriate, to come to a stop."
AA.VI.F.S5,risk-management,explanation,auto,from the Task F References line,"Maintain positive airplane control throughout the landing using drag and braking devices, as appropriate, to come to a stop."
AA.VI.F.S6,14cfr:part-91,regulation,auto,from the Task F References line,"Use single-pilot resource management (SRM) or crew resource management (CRM), as appropriate."
AA.VI.F.S6,afh,explanation,auto,from the Task F References line,"Use single-pilot resource management (SRM) or crew resource management (CRM), as appropriate."
AA.VI.F.S6,aim,guidance,auto,from the Task F References line,"Use single-pilot resource management (SRM) or crew resource management (CRM), as appropriate."
AA.VI.F.S6,ifh,explanation,auto,from the Task F References line,"Use single-pilot resource management (SRM) or crew resource management (CRM), as appropriate."
AA.VI.F.S6,iph,explanation,auto,from the Task F References line,"Use single-pilot resource management (SRM) or crew resource management (CRM), as appropriate."
AA.VI.F.S6,phak,explanation,auto,from the Task F References line,"Use single-pilot resource management (SRM) or crew resource management (CRM), as appropriate."
AA.VI.F.S6,risk-management,explanation,auto,from the Task F References line,"Use single-pilot resource management (SRM) or crew resource management (CRM), as appropriate."
AA.VI.F.S7,14cfr:part-91,regulation,auto,from the Task F References line,"Use runway incursion avoidance procedures, if applicable."
AA.VI.F.S7,afh,explanation,auto,from the Task F References line,"Use runway incursion avoidance procedures, if applicable."
AA.VI.F.S7,aim,guidance,auto,from the Task F References line,"Use runway incursion avoidance procedures, if applicable."
AA.VI.F.S7,ifh,explanation,auto,from the Task F References line,"Use runway incursion avoidance procedures, if applicable."
AA.VI.F.S7,iph,explanation,auto,from the Task F References line,"Use runway incursion avoidance procedures, if applicable."
AA.VI.F.S7,phak,explanation,auto,from the Task F References line,"Use runway incursion avoidance procedures, if applicable."
AA.VI.F.S7,risk-management,explanation,auto,from the Task F References line,"Use runway incursion avoidance procedures, if applicable."
AA.VI.G.K1,14cfr:part-91,regulation,auto,from the Task G References line,"Elements related to circling approach procedures and limitations, including approach categories and related airspeed restrictions."
AA.VI.G.K1,14cfr:part-97,regulation,auto,from the Task G References line,"Elements related to circling approach procedures and limitations, including approach categories and related airspeed restrictions."
AA.VI.G.K1,afh,explanation,auto,from the Task G References line,"Elements related to circling approach procedures and limitations, including approach categories and related airspeed restrictions."
AA.VI.G.K1,aim,guidance,auto,from the Task G References line,"Elements related to circling approach procedures and limitations, including approach categories and related airspeed restrictions."
AA.VI.G.K1,ifh,explanation,auto,from the Task G References line,"Elements related to circling approach procedures and limitations, including approach categories and related airspeed restrictions."
AA.VI.G.K1,risk-management,explanation,auto,from the Task G References line,"Elements related to circling approach procedures and limitations, including approach categories and related airspeed restrictions."
AA.VI.G.R1,14cfr:part-91,regulation,auto,from the Task G References line,Prescribed circling approach procedures.
AA.VI.G.R1,14cfr:part-97,regulation,auto,from the Task G References line,Prescribed circling approach procedures.
AA.VI.G.R1,afh,explanation,auto,from the Task G References line,Prescribed circling approach procedures.
AA.VI.G.R1,aim,guidance,auto,from the Task G References line,Prescribed circling approach procedures.
AA.VI.G.R1,ifh,explanation,auto,from the Task G References line,Prescribed circling approach procedures.
AA.VI.G.R1,risk-management,explanation,auto,from the Task G References line,Prescribed circling approach procedures.
AA.VI.G.R2,14cfr:part-91,regulation,auto,from the Task G References line,Executing a circling approach at night or with marginal visibility.
AA.VI.G.R2,14cfr:part-97,regulation,auto,from the Task G References line,Executing a circling approach at night or with marginal visibility.
AA.VI.G.R2,afh,explanation,auto,from the Task G References line,Executing a circling approach at night or with marginal visibility.
AA.VI.G.R2,aim,guidance,auto,from the Task G References line,Executing a circling approach at night or with marginal visibility.
AA.VI.G.R2,ifh,explanation,auto,from the Task G References line,Executing a circling approach at night or with marginal visibility.
AA.VI.G.R2,risk-management,explanation,auto,from the Task G References line,Executing a circling approach at night or with marginal visibility.
AA.VI.G.R3,14cfr:part-91,regulation,auto,from the Task G References line,Losing visual contact with an identifiable part of the airport.
AA.VI.G.R3,14cfr:part-97,regulation,auto,from the Task G References line,Losing visual contact with an identifiable part of the airport.
AA.VI.G.R3,afh,explanation,auto,from the Task G References line,Losing visual contact with an identifiable part of the airport.
AA.VI.G.R3,aim,guidance,auto,from the Task G References line,Losing visual contact with an identifiable part of the airport.
AA.VI.G.R3,ifh,explanation,auto,from the Task G References line,Losing visual contact with an identifiable part of the airport.
AA.VI.G.R3,risk-management,explanation,auto,from the Task G References line,Losing visual contact with an identifiable part of the airport.
AA.VI.G.R4,14cfr:part-91,regulation,auto,from the Task G References line,Management of automated navigation and autoflight systems.
AA.VI.G.R4,14cfr:part-97,regulation,auto,from the Task G References line,Management of automated navigation and autoflight systems.
AA.VI.G.R4,afh,explanation,auto,from the Task G References line,Management of automated navigation and autoflight systems.
AA.VI.G.R4,aim,guidance,auto,from the Task G References line,Management of automated navigation and autoflight systems.
AA.VI.G.R4,ifh,explanation,auto,from the Task G References line,Management of automated navigation and autoflight systems.
AA.VI.G.R4,risk-management,explanation,auto,from the Task G References line,Management of automated navigation and autoflight systems.
AA.VI.G.R5,14cfr:part-91,regulation,auto,from the Task G References line,"Control of altitude, airspeed, and distance while circling."
AA.VI.G.R5,14cfr:part-97,regulation,auto,from the Task G References line,"Control of altitude, airspeed, and distance while circling."
AA.VI.G.R5,afh,explanation,auto,from the Task G References line,"Control of altitude, airspeed, and distance while circling."
AA.VI.G.R5,aim,guidance,auto,from the Task G References line,"Control of altitude, airspeed, and distance while circling."
AA.VI.G.R5,ifh,explanation,auto,from the Task G References line,"Control of altitude, airspeed, and distance while circling."
AA.VI.G.R5,risk-management,explanation,auto,from the Task G References line,"Control of altitude, airspeed, and distance while circling."
AA.VI.G.R6,14cfr:part-91,regulation,auto,from the Task G References line,"Low altitude maneuvering, including stall, spin, or controlled flight into terrain (CFIT)."
AA.VI.G.R6,14cfr:part-97,regulation,auto,from the Task G References line,"Low altitude maneuvering, including stall, spin, or controlled flight into terrain (CFIT)."
AA.VI.G.R6,afh,explanation,auto,from the Task G References line,"Low altitude maneuvering, including stall, spin, or controlled flight into terrain (CFIT)."
AA.VI.G.R6,aim,guidance,auto,from the Task G References line,"Low altitude maneuvering, including stall, spin, or controlled flight into terrain (CFIT)."
AA.VI.G.R6,ifh,explanation,auto,from the Task G References line,"Low altitude maneuvering, including stall, spin, or controlled flight into terrain (CFIT)."
AA.VI.G.R6,risk-management,explanation,auto,from the Task G References line,"Low altitude maneuvering, including stall, spin, or controlled flight into terrain (CFIT)."
AA.VI.G.R7,14cfr:part-91,regulation,auto,from the Task G References line,Executing a missed approach after the MAP while circling.
AA.VI.G.R7,14cfr:part-97,regulation,auto,from the Task G References line,Executing a missed approach after the MAP while circling.
AA.VI.G.R7,afh,explanation,auto,from the Task G References line,Executing a missed approach after the MAP while circling.
AA.VI.G.R7,aim,guidance,auto,from the Task G References line,Executing a missed approach after the MAP while circling.
AA.VI.G.R7,ifh,explanation,auto,from the Task G References line,Executing a missed approach after the MAP while circling.
AA.VI.G.R7,risk-management,explanation,auto,from the Task G References line,Executing a missed approach after the MAP while circling.
AA.VI.G.S1,14cfr:part-91,regulation,auto,from the Task G References line,"Comply with the circling approach procedure considering turbulence, windshear, and the maneuvering capability and approach category of the aircraft."
AA.VI.G.S1,14cfr:part-97,regulation,auto,from the Task G References line,"Comply with the circling approach procedure considering turbulence, windshear, and the maneuvering capability and approach category of the aircraft."
AA.VI.G.S1,afh,explanation,auto,from the Task G References line,"Comply with the circling approach procedure considering turbulence, windshear, and the maneuvering capability and approach category of the aircraft."
AA.VI.G.S1,aim,guidance,auto,from the Task G References line,"Comply with the circling approach procedure considering turbulence, windshear, and the maneuvering capability and approach category of the aircraft."
AA.VI.G.S1,ifh,explanation,auto,from the Task G References line,"Comply with the circling approach procedure considering turbulence, windshear, and the maneuvering capability and approach category of the aircraft."
AA.VI.G.S1,risk-management,explanation,auto,from the Task G References line,"Comply with the circling approach procedure considering turbulence, windshear, and the maneuvering capability and approach category of the aircraft."
AA.VI.G.S2,14cfr:part-91,regulation,auto,from the Task G References line,Confirm the direction of traffic and adhere to all restrictions and instructions issued by ATC or the evaluator.
AA.VI.G.S2,14cfr:part-97,regulation,auto,from the Task G References line,Confirm the direction of traffic and adhere to all restrictions and instructions issued by ATC or the evaluator.
AA.VI.G.S2,afh,explanation,auto,from the Task G References line,Confirm the direction of traffic and adhere to all restrictions and instructions issued by ATC or the evaluator.
AA.VI.G.S2,aim,guidance,auto,from the Task G References line,Confirm the direction of traffic and adhere to all restrictions and instructions issued by ATC or the evaluator.
AA.VI.G.S2,ifh,explanation,auto,from the Task G References line,Confirm the direction of traffic and adhere to all restrictions and instructions issued by ATC or the evaluator.
AA.VI.G.S2,risk-management,explanation,auto,from the Task G References line,Confirm the direction of traffic and adhere to all restrictions and instructions issued by ATC or the evaluator.
AA.VI.G.S3,14cfr:part-91,regulation,auto,from the Task G References line,"Coordinate with crew, if applicable, and complete the appropriate checklist(s) in a timely manner. 45"
AA.VI.G.S3,14cfr:part-97,regulation,auto,from the Task G References line,"Coordinate with crew, if applicable, and complete the appropriate checklist(s) in a timely manner. 45"
AA.VI.G.S3,afh,explanation,auto,from the Task G References line,"Coordinate with crew, if applicable, and complete the appropriate checklist(s) in a timely manner. 45"
AA.VI.G.S3,aim,guidance,auto,from the Task G References line,"Coordinate with crew, if applicable, and complete the appropriate checklist(s) in a timely manner. 45"
AA.VI.G.S3,ifh,explanation,auto,from the Task G References line,"Coordinate with crew, if applicable, and complete the appropriate checklist(s) in a timely manner. 45"
AA.VI.G.S3,risk-management,explanation,auto,from the Task G References line,"Coordinate with crew, if applicable, and complete the appropriate checklist(s) in a timely manner. 45"
AA.VI.G.S4,14cfr:part-91,regulation,auto,from the Task G References line,"Establish the approach and landing configuration. Maintain a stabilized approach and a descent rate that ensures arrival at the MDA, or the preselected circling altitude above the MDA, prior to the missed approach point."
AA.VI.G.S4,14cfr:part-97,regulation,auto,from the Task G References line,"Establish the approach and landing configuration. Maintain a stabilized approach and a descent rate that ensures arrival at the MDA, or the preselected circling altitude above the MDA, prior to the missed approach point."
AA.VI.G.S4,afh,explanation,auto,from the Task G References line,"Establish the approach and landing configuration. Maintain a stabilized approach and a descent rate that ensures arrival at the MDA, or the preselected circling altitude above the MDA, prior to the missed approach point."
AA.VI.G.S4,aim,guidance,auto,from the Task G References line,"Establish the approach and landing configuration. Maintain a stabilized approach and a descent rate that ensures arrival at the MDA, or the preselected circling altitude above the MDA, prior to the missed approach point."
AA.VI.G.S4,ifh,explanation,auto,from the Task G References line,"Establish the approach and landing configuration. Maintain a stabilized approach and a descent rate that ensures arrival at the MDA, or the preselected circling altitude above the MDA, prior to the missed approach point."
AA.VI.G.S4,risk-management,explanation,auto,from the Task G References line,"Establish the approach and landing configuration. Maintain a stabilized approach and a descent rate that ensures arrival at the MDA, or the preselected circling altitude above the MDA, prior to the missed approach point."
AA.VI.G.S5,14cfr:part-91,regulation,auto,from the Task G References line,"Maintain airspeed ±5 knots, desired heading/track ±5°, and altitude +100/-0 feet until descending below the MDA or the preselected circling altitude above the MDA."
AA.VI.G.S5,14cfr:part-97,regulation,auto,from the Task G References line,"Maintain airspeed ±5 knots, desired heading/track ±5°, and altitude +100/-0 feet until descending below the MDA or the preselected circling altitude above the MDA."
AA.VI.G.S5,afh,explanation,auto,from the Task G References line,"Maintain airspeed ±5 knots, desired heading/track ±5°, and altitude +100/-0 feet until descending below the MDA or the preselected circling altitude above the MDA."
AA.VI.G.S5,aim,guidance,auto,from the Task G References line,"Maintain airspeed ±5 knots, desired heading/track ±5°, and altitude +100/-0 feet until descending below the MDA or the preselected circling altitude above the MDA."
AA.VI.G.S5,ifh,explanation,auto,from the Task G References line,"Maintain airspeed ±5 knots, desired heading/track ±5°, and altitude +100/-0 feet until descending below the MDA or the preselected circling altitude above the MDA."
AA.VI.G.S5,risk-management,explanation,auto,from the Task G References line,"Maintain airspeed ±5 knots, desired heading/track ±5°, and altitude +100/-0 feet until descending below the MDA or the preselected circling altitude above the MDA."
AA.VI.G.S6,14cfr:part-91,regulation,auto,from the Task G References line,Visually maneuver to a base or downwind leg appropriate for the landing runway and environmental conditions.
AA.VI.G.S6,14cfr:part-97,regulation,auto,from the Task G References line,Visually maneuver to a base or downwind leg appropriate for the landing runway and environmental conditions.
AA.VI.G.S6,afh,explanation,auto,from the Task G References line,Visually maneuver to a base or downwind leg appropriate for the landing runway and environmental conditions.
AA.VI.G.S6,aim,guidance,auto,from the Task G References line,Visually maneuver to a base or downwind leg appropriate for the landing runway and environmental conditions.
AA.VI.G.S6,ifh,explanation,auto,from the Task G References line,Visually maneuver to a base or downwind leg appropriate for the landing runway and environmental conditions.
AA.VI.G.S6,risk-management,explanation,auto,from the Task G References line,Visually maneuver to a base or downwind leg appropriate for the landing runway and environmental conditions.
AA.VI.G.S7,14cfr:part-91,regulation,auto,from the Task G References line,"If a missed approach occurs, turn in the appropriate direction using the correct procedure and appropriately configure the airplane."
AA.VI.G.S7,14cfr:part-97,regulation,auto,from the Task G References line,"If a missed approach occurs, turn in the appropriate direction using the correct procedure and appropriately configure the airplane."
AA.VI.G.S7,afh,explanation,auto,from the Task G References line,"If a missed approach occurs, turn in the appropriate direction using the correct procedure and appropriately configure the airplane."
AA.VI.G.S7,aim,guidance,auto,from the Task G References line,"If a missed approach occurs, turn in the appropriate direction using the correct procedure and appropriately configure the airplane."
AA.VI.G.S7,ifh,explanation,auto,from the Task G References line,"If a missed approach occurs, turn in the appropriate direction using the correct procedure and appropriately configure the airplane."
AA.VI.G.S7,risk-management,explanation,auto,from the Task G References line,"If a missed approach occurs, turn in the appropriate direction using the correct procedure and appropriately configure the airplane."
AA.VI.H.K1,14cfr:part-91,regulation,auto,from the Task H References line,"Elements related to the pilot’s responsibilities, and the environmental, operational, and meteorological factors that affect landing from a circling approach."
AA.VI.H.K1,afh,explanation,auto,from the Task H References line,"Elements related to the pilot’s responsibilities, and the environmental, operational, and meteorological factors that affect landing from a circling approach."
AA.VI.H.K1,aim,guidance,auto,from the Task H References line,"Elements related to the pilot’s responsibilities, and the environmental, operational, and meteorological factors that affect landing from a circling approach."
AA.VI.H.K1,ifh,explanation,auto,from the Task H References line,"Elements related to the pilot’s responsibilities, and the environmental, operational, and meteorological factors that affect landing from a circling approach."
AA.VI.H.K1,iph,explanation,auto,from the Task H References line,"Elements related to the pilot’s responsibilities, and the environmental, operational, and meteorological factors that affect landing from a circling approach."
AA.VI.H.K1,phak,explanation,auto,from the Task H References line,"Elements related to the pilot’s responsibilities, and the environmental, operational, and meteorological factors that affect landing from a circling approach."
AA.VI.H.K1,risk-management,explanation,auto,from the Task H References line,"Elements related to the pilot’s responsibilities, and the environmental, operational, and meteorological factors that affect landing from a circling approach."
AA.VI.H.K2,14cfr:part-91,regulation,auto,from the Task H References line,"Approach lighting systems and runway and taxiway signs, markings, and lighting."
AA.VI.H.K2,afh,explanation,auto,from the Task H References line,"Approach lighting systems and runway and taxiway signs, markings, and lighting."
AA.VI.H.K2,aim,guidance,auto,from the Task H References line,"Approach lighting systems and runway and taxiway signs, markings, and lighting."
AA.VI.H.K2,ifh,explanation,auto,from the Task H References line,"Approach lighting systems and runway and taxiway signs, markings, and lighting."
AA.VI.H.K2,iph,explanation,auto,from the Task H References line,"Approach lighting systems and runway and taxiway signs, markings, and lighting."
AA.VI.H.K2,phak,explanation,auto,from the Task H References line,"Approach lighting systems and runway and taxiway signs, markings, and lighting."
AA.VI.H.K2,risk-management,explanation,auto,from the Task H References line,"Approach lighting systems and runway and taxiway signs, markings, and lighting."
AA.VI.H.R1,14cfr:part-91,regulation,auto,from the Task H References line,"Selection of an approach procedure and runway based on aircraft limitations, available distance, surface conditions, and wind."
AA.VI.H.R1,afh,explanation,auto,from the Task H References line,"Selection of an approach procedure and runway based on aircraft limitations, available distance, surface conditions, and wind."
AA.VI.H.R1,aim,guidance,auto,from the Task H References line,"Selection of an approach procedure and runway based on aircraft limitations, available distance, surface conditions, and wind."
AA.VI.H.R1,ifh,explanation,auto,from the Task H References line,"Selection of an approach procedure and runway based on aircraft limitations, available distance, surface conditions, and wind."
AA.VI.H.R1,iph,explanation,auto,from the Task H References line,"Selection of an approach procedure and runway based on aircraft limitations, available distance, surface conditions, and wind."
AA.VI.H.R1,phak,explanation,auto,from the Task H References line,"Selection of an approach procedure and runway based on aircraft limitations, available distance, surface conditions, and wind."
AA.VI.H.R1,risk-management,explanation,auto,from the Task H References line,"Selection of an approach procedure and runway based on aircraft limitations, available distance, surface conditions, and wind."
AA.VI.H.R2,14cfr:part-91,regulation,auto,from the Task H References line,Wake turbulence.
AA.VI.H.R2,afh,explanation,auto,from the Task H References line,Wake turbulence.
AA.VI.H.R2,aim,guidance,auto,from the Task H References line,Wake turbulence.
AA.VI.H.R2,ifh,explanation,auto,from the Task H References line,Wake turbulence.
AA.VI.H.R2,iph,explanation,auto,from the Task H References line,Wake turbulence.
AA.VI.H.R2,phak,explanation,auto,from the Task H References line,Wake turbulence.
AA.VI.H.R2,risk-management,explanation,auto,from the Task H References line,Wake turbulence.
AA.VI.H.R3,14cfr:part-91,regulation,auto,from the Task H References line,[Archived]
AA.VI.H.R3,afh,explanation,auto,from the Task H References line,[Archived]
AA.VI.H.R3,aim,guidance,auto,from the Task H References line,[Archived]
AA.VI.H.R3,ifh,explanation,auto,from the Task H References line,[Archived]
AA.VI.H.R3,iph,explanation,auto,from the Task H References line,[Archived]
AA.VI.H.R3,phak,explanation,auto,from the Task H References line,[Archived]
AA.VI.H.R3,risk-management,explanation,auto,from the Task H References line,[Archived]
AA.VI.H.R3a,14cfr:part-91,regulation,auto,from the Task H References line,a. [Archived]
AA.VI.H.R3a,afh,explanation,auto,from the Task H References line,a. [Archived]
AA.VI.H.R3a,aim,guidance,auto,from the Task H References line,a. [Archived]
AA.VI.H.R3a,ifh,explanation,auto,from the Task H References line,a. [Archived]
AA.VI.H.R3a,iph,explanation,auto,from the Task H References line,a. [Archived]
AA.VI.H.R3a,phak,explanation,auto,from the Task H References line,a. [Archived]
AA.VI.H.R3a,risk-management,explanation,auto,from the Task H References line,a. [Archived]
AA.VI.H.R3b,14cfr:part-91,regulation,auto,from the Task H References line,b. [Archived]
AA.VI.H.R3b,afh,explanation,auto,from the Task H References line,b. [Archived]
AA.VI.H.R3b,aim,guidance,auto,from the Task H References line,b. [Archived]
AA.VI.H.R3b,ifh,explanation,auto,from the Task H References line,b. [Archived]
AA.VI.H.R3b,iph,explanation,auto,from the Task H References line,b. [Archived]
AA.VI.H.R3b,phak,explanation,auto,from the Task H References line,b. [Archived]
AA.VI.H.R3b,risk-management,explanation,auto,from the Task H References line,b. [Archived]
AA.VI.H.R4,14cfr:part-91,regulation,auto,from the Task H References line,Collision hazards.
AA.VI.H.R4,afh,explanation,auto,from the Task H References line,Collision hazards.
AA.VI.H.R4,aim,guidance,auto,from the Task H References line,Collision hazards.
AA.VI.H.R4,ifh,explanation,auto,from the Task H References line,Collision hazards.
AA.VI.H.R4,iph,explanation,auto,from the Task H References line,Collision hazards.
AA.VI.H.R4,phak,explanation,auto,from the Task H References line,Collision hazards.
AA.VI.H.R4,risk-management,explanation,auto,from the Task H References line,Collision hazards.
AA.VI.H.R5,14cfr:part-91,regulation,auto,from the Task H References line,"Low altitude maneuvering, including stall, spin, or controlled flight into terrain (CFIT)."
AA.VI.H.R5,afh,explanation,auto,from the Task H References line,"Low altitude maneuvering, including stall, spin, or controlled flight into terrain (CFIT)."
AA.VI.H.R5,aim,guidance,auto,from the Task H References line,"Low altitude maneuvering, including stall, spin, or controlled flight into terrain (CFIT)."
AA.VI.H.R5,ifh,explanation,auto,from the Task H References line,"Low altitude maneuvering, including stall, spin, or controlled flight into terrain (CFIT)."
AA.VI.H.R5,iph,explanation,auto,from the Task H References line,"Low altitude maneuvering, including stall, spin, or controlled flight into terrain (CFIT)."
AA.VI.H.R5,phak,explanation,auto,from the Task H References line,"Low altitude maneuvering, including stall, spin, or controlled flight into terrain (CFIT)."
AA.VI.H.R5,risk-management,explanation,auto,from the Task H References line,"Low altitude maneuvering, including stall, spin, or controlled flight into terrain (CFIT)."
AA.VI.H.R6,14cfr:part-91,regulation,auto,from the Task H References line,"Distractions, task prioritization, loss of situational awareness, or disorientation."
AA.VI.H.R6,afh,explanation,auto,from the Task H References line,"Distractions, task prioritization, loss of situational awareness, or disorientation."
AA.VI.H.R6,aim,guidance,auto,from the Task H References line,"Distractions, task prioritization, loss of situational awareness, or disorientation."
AA.VI.H.R6,ifh,explanation,auto,from the Task H References line,"Distractions, task prioritization, loss of situational awareness, or disorientation."
AA.VI.H.R6,iph,explanation,auto,from the Task H References line,"Distractions, task prioritization, loss of situational awareness, or disorientation."
AA.VI.H.R6,phak,explanation,auto,from the Task H References line,"Distractions, task prioritization, loss of situational awareness, or disorientation."
AA.VI.H.R6,risk-management,explanation,auto,from the Task H References line,"Distractions, task prioritization, loss of situational awareness, or disorientation."
AA.VI.H.R7,14cfr:part-91,regulation,auto,from the Task H References line,Attempting to land from an unstable approach.
AA.VI.H.R7,afh,explanation,auto,from the Task H References line,Attempting to land from an unstable approach.
AA.VI.H.R7,aim,guidance,auto,from the Task H References line,Attempting to land from an unstable approach.
AA.VI.H.R7,ifh,explanation,auto,from the Task H References line,Attempting to land from an unstable approach.
AA.VI.H.R7,iph,explanation,auto,from the Task H References line,Attempting to land from an unstable approach.
AA.VI.H.R7,phak,explanation,auto,from the Task H References line,Attempting to land from an unstable approach.
AA.VI.H.R7,risk-management,explanation,auto,from the Task H References line,Attempting to land from an unstable approach.
AA.VI.H.R8,14cfr:part-91,regulation,auto,from the Task H References line,Missed Approach.
AA.VI.H.R8,afh,explanation,auto,from the Task H References line,Missed Approach.
AA.VI.H.R8,aim,guidance,auto,from the Task H References line,Missed Approach.
AA.VI.H.R8,ifh,explanation,auto,from the Task H References line,Missed Approach.
AA.VI.H.R8,iph,explanation,auto,from the Task H References line,Missed Approach.
AA.VI.H.R8,phak,explanation,auto,from the Task H References line,Missed Approach.
AA.VI.H.R8,risk-management,explanation,auto,from the Task H References line,Missed Approach.
AA.VI.H.R9,14cfr:part-91,regulation,auto,from the Task H References line,Land and hold short operations (LAHSO).
AA.VI.H.R9,afh,explanation,auto,from the Task H References line,Land and hold short operations (LAHSO).
AA.VI.H.R9,aim,guidance,auto,from the Task H References line,Land and hold short operations (LAHSO).
AA.VI.H.R9,ifh,explanation,auto,from the Task H References line,Land and hold short operations (LAHSO).
AA.VI.H.R9,iph,explanation,auto,from the Task H References line,Land and hold short operations (LAHSO).
AA.VI.H.R9,phak,explanation,auto,from the Task H References line,Land and hold short operations (LAHSO).
AA.VI.H.R9,risk-management,explanation,auto,from the Task H References line,Land and hold short operations (LAHSO).
AA.VI.H.S1,14cfr:part-91,regulation,auto,from the Task H References line,Keep the airport environment in sight and remain within the circling approach radius applicable to the approach category to a position from which a stabilized descent to landing can be made. 46
AA.VI.H.S1,afh,explanation,auto,from the Task H References line,Keep the airport environment in sight and remain within the circling approach radius applicable to the approach category to a position from which a stabilized descent to landing can be made. 46
AA.VI.H.S1,aim,guidance,auto,from the Task H References line,Keep the airport environment in sight and remain within the circling approach radius applicable to the approach category to a position from which a stabilized descent to landing can be made. 46
AA.VI.H.S1,ifh,explanation,auto,from the Task H References line,Keep the airport environment in sight and remain within the circling approach radius applicable to the approach category to a position from which a stabilized descent to landing can be made. 46
AA.VI.H.S1,iph,explanation,auto,from the Task H References line,Keep the airport environment in sight and remain within the circling approach radius applicable to the approach category to a position from which a stabilized descent to landing can be made. 46
AA.VI.H.S1,phak,explanation,auto,from the Task H References line,Keep the airport environment in sight and remain within the circling approach radius applicable to the approach category to a position from which a stabilized descent to landing can be made. 46
AA.VI.H.S1,risk-management,explanation,auto,from the Task H References line,Keep the airport environment in sight and remain within the circling approach radius applicable to the approach category to a position from which a stabilized descent to landing can be made. 46
AA.VI.H.S10,14cfr:part-91,regulation,auto,from the Task H References line,"Use single-pilot resource management (SRM) or crew resource management (CRM), as appropriate."
AA.VI.H.S10,afh,explanation,auto,from the Task H References line,"Use single-pilot resource management (SRM) or crew resource management (CRM), as appropriate."
AA.VI.H.S10,aim,guidance,auto,from the Task H References line,"Use single-pilot resource management (SRM) or crew resource management (CRM), as appropriate."
AA.VI.H.S10,ifh,explanation,auto,from the Task H References line,"Use single-pilot resource management (SRM) or crew resource management (CRM), as appropriate."
AA.VI.H.S10,iph,explanation,auto,from the Task H References line,"Use single-pilot resource management (SRM) or crew resource management (CRM), as appropriate."
AA.VI.H.S10,phak,explanation,auto,from the Task H References line,"Use single-pilot resource management (SRM) or crew resource management (CRM), as appropriate."
AA.VI.H.S10,risk-management,explanation,auto,from the Task H References line,"Use single-pilot resource management (SRM) or crew resource management (CRM), as appropriate."
AA.VI.H.S11,14cfr:part-91,regulation,auto,from the Task H References line,"Use runway incursion avoidance procedures, if applicable."
AA.VI.H.S11,afh,explanation,auto,from the Task H References line,"Use runway incursion avoidance procedures, if applicable."
AA.VI.H.S11,aim,guidance,auto,from the Task H References line,"Use runway incursion avoidance procedures, if applicable."
AA.VI.H.S11,ifh,explanation,auto,from the Task H References line,"Use runway incursion avoidance procedures, if applicable."
AA.VI.H.S11,iph,explanation,auto,from the Task H References line,"Use runway incursion avoidance procedures, if applicable."
AA.VI.H.S11,phak,explanation,auto,from the Task H References line,"Use runway incursion avoidance procedures, if applicable."
AA.VI.H.S11,risk-management,explanation,auto,from the Task H References line,"Use runway incursion avoidance procedures, if applicable."
AA.VI.H.S2,14cfr:part-91,regulation,auto,from the Task H References line,"Adhere to all ATC or evaluator advisories, such as NOTAMs, windshear, wake turbulence, runway surface, braking conditions, and other operational considerations."
AA.VI.H.S2,afh,explanation,auto,from the Task H References line,"Adhere to all ATC or evaluator advisories, such as NOTAMs, windshear, wake turbulence, runway surface, braking conditions, and other operational considerations."
AA.VI.H.S2,aim,guidance,auto,from the Task H References line,"Adhere to all ATC or evaluator advisories, such as NOTAMs, windshear, wake turbulence, runway surface, braking conditions, and other operational considerations."
AA.VI.H.S2,ifh,explanation,auto,from the Task H References line,"Adhere to all ATC or evaluator advisories, such as NOTAMs, windshear, wake turbulence, runway surface, braking conditions, and other operational considerations."
AA.VI.H.S2,iph,explanation,auto,from the Task H References line,"Adhere to all ATC or evaluator advisories, such as NOTAMs, windshear, wake turbulence, runway surface, braking conditions, and other operational considerations."
AA.VI.H.S2,phak,explanation,auto,from the Task H References line,"Adhere to all ATC or evaluator advisories, such as NOTAMs, windshear, wake turbulence, runway surface, braking conditions, and other operational considerations."
AA.VI.H.S2,risk-management,explanation,auto,from the Task H References line,"Adhere to all ATC or evaluator advisories, such as NOTAMs, windshear, wake turbulence, runway surface, braking conditions, and other operational considerations."
AA.VI.H.S3,14cfr:part-91,regulation,auto,from the Task H References line,"Coordinate with crew, if applicable, and complete the appropriate checklist(s) in a timely manner."
AA.VI.H.S3,afh,explanation,auto,from the Task H References line,"Coordinate with crew, if applicable, and complete the appropriate checklist(s) in a timely manner."
AA.VI.H.S3,aim,guidance,auto,from the Task H References line,"Coordinate with crew, if applicable, and complete the appropriate checklist(s) in a timely manner."
AA.VI.H.S3,ifh,explanation,auto,from the Task H References line,"Coordinate with crew, if applicable, and complete the appropriate checklist(s) in a timely manner."
AA.VI.H.S3,iph,explanation,auto,from the Task H References line,"Coordinate with crew, if applicable, and complete the appropriate checklist(s) in a timely manner."
AA.VI.H.S3,phak,explanation,auto,from the Task H References line,"Coordinate with crew, if applicable, and complete the appropriate checklist(s) in a timely manner."
AA.VI.H.S3,risk-management,explanation,auto,from the Task H References line,"Coordinate with crew, if applicable, and complete the appropriate checklist(s) in a timely manner."
AA.VI.H.S4,14cfr:part-91,regulation,auto,from the Task H References line,Aligns the airplane for a normal landing on the selected runway without excessive maneuvering and without exceeding the normal operating limits of the airplane. The angle of bank should not exceed 30°.
AA.VI.H.S4,afh,explanation,auto,from the Task H References line,Aligns the airplane for a normal landing on the selected runway without excessive maneuvering and without exceeding the normal operating limits of the airplane. The angle of bank should not exceed 30°.
AA.VI.H.S4,aim,guidance,auto,from the Task H References line,Aligns the airplane for a normal landing on the selected runway without excessive maneuvering and without exceeding the normal operating limits of the airplane. The angle of bank should not exceed 30°.
AA.VI.H.S4,ifh,explanation,auto,from the Task H References line,Aligns the airplane for a normal landing on the selected runway without excessive maneuvering and without exceeding the normal operating limits of the airplane. The angle of bank should not exceed 30°.
AA.VI.H.S4,iph,explanation,auto,from the Task H References line,Aligns the airplane for a normal landing on the selected runway without excessive maneuvering and without exceeding the normal operating limits of the airplane. The angle of bank should not exceed 30°.
AA.VI.H.S4,phak,explanation,auto,from the Task H References line,Aligns the airplane for a normal landing on the selected runway without excessive maneuvering and without exceeding the normal operating limits of the airplane. The angle of bank should not exceed 30°.
AA.VI.H.S4,risk-management,explanation,auto,from the Task H References line,Aligns the airplane for a normal landing on the selected runway without excessive maneuvering and without exceeding the normal operating limits of the airplane. The angle of bank should not exceed 30°.
AA.VI.H.S5,14cfr:part-91,regulation,auto,from the Task H References line,"Make smooth, timely, and correct control application throughout the circling maneuver and maintain appropriate airspeed, ±5 knots. If applicable, maintain altitude +100/−0 feet, and desired heading/ track, ±5°."
AA.VI.H.S5,afh,explanation,auto,from the Task H References line,"Make smooth, timely, and correct control application throughout the circling maneuver and maintain appropriate airspeed, ±5 knots. If applicable, maintain altitude +100/−0 feet, and desired heading/ track, ±5°."
AA.VI.H.S5,aim,guidance,auto,from the Task H References line,"Make smooth, timely, and correct control application throughout the circling maneuver and maintain appropriate airspeed, ±5 knots. If applicable, maintain altitude +100/−0 feet, and desired heading/ track, ±5°."
AA.VI.H.S5,ifh,explanation,auto,from the Task H References line,"Make smooth, timely, and correct control application throughout the circling maneuver and maintain appropriate airspeed, ±5 knots. If applicable, maintain altitude +100/−0 feet, and desired heading/ track, ±5°."
AA.VI.H.S5,iph,explanation,auto,from the Task H References line,"Make smooth, timely, and correct control application throughout the circling maneuver and maintain appropriate airspeed, ±5 knots. If applicable, maintain altitude +100/−0 feet, and desired heading/ track, ±5°."
AA.VI.H.S5,phak,explanation,auto,from the Task H References line,"Make smooth, timely, and correct control application throughout the circling maneuver and maintain appropriate airspeed, ±5 knots. If applicable, maintain altitude +100/−0 feet, and desired heading/ track, ±5°."
AA.VI.H.S5,risk-management,explanation,auto,from the Task H References line,"Make smooth, timely, and correct control application throughout the circling maneuver and maintain appropriate airspeed, ±5 knots. If applicable, maintain altitude +100/−0 feet, and desired heading/ track, ±5°."
AA.VI.H.S6,14cfr:part-91,regulation,auto,from the Task H References line,Ensure the airplane is configured for landing.
AA.VI.H.S6,afh,explanation,auto,from the Task H References line,Ensure the airplane is configured for landing.
AA.VI.H.S6,aim,guidance,auto,from the Task H References line,Ensure the airplane is configured for landing.
AA.VI.H.S6,ifh,explanation,auto,from the Task H References line,Ensure the airplane is configured for landing.
AA.VI.H.S6,iph,explanation,auto,from the Task H References line,Ensure the airplane is configured for landing.
AA.VI.H.S6,phak,explanation,auto,from the Task H References line,Ensure the airplane is configured for landing.
AA.VI.H.S6,risk-management,explanation,auto,from the Task H References line,Ensure the airplane is configured for landing.
AA.VI.H.S7,14cfr:part-91,regulation,auto,from the Task H References line,"Scan the landing runway and adjoining area for traffic and obstructions. (ASEL, AMEL)."
AA.VI.H.S7,afh,explanation,auto,from the Task H References line,"Scan the landing runway and adjoining area for traffic and obstructions. (ASEL, AMEL)."
AA.VI.H.S7,aim,guidance,auto,from the Task H References line,"Scan the landing runway and adjoining area for traffic and obstructions. (ASEL, AMEL)."
AA.VI.H.S7,ifh,explanation,auto,from the Task H References line,"Scan the landing runway and adjoining area for traffic and obstructions. (ASEL, AMEL)."
AA.VI.H.S7,iph,explanation,auto,from the Task H References line,"Scan the landing runway and adjoining area for traffic and obstructions. (ASEL, AMEL)."
AA.VI.H.S7,phak,explanation,auto,from the Task H References line,"Scan the landing runway and adjoining area for traffic and obstructions. (ASEL, AMEL)."
AA.VI.H.S7,risk-management,explanation,auto,from the Task H References line,"Scan the landing runway and adjoining area for traffic and obstructions. (ASEL, AMEL)."
AA.VI.H.S8,14cfr:part-91,regulation,auto,from the Task H References line,"Touch down at the aiming point markings - 250/+500 feet, or where there are no runway aiming point markings 750 to 1,500 feet from the approach threshold of the runway."
AA.VI.H.S8,afh,explanation,auto,from the Task H References line,"Touch down at the aiming point markings - 250/+500 feet, or where there are no runway aiming point markings 750 to 1,500 feet from the approach threshold of the runway."
AA.VI.H.S8,aim,guidance,auto,from the Task H References line,"Touch down at the aiming point markings - 250/+500 feet, or where there are no runway aiming point markings 750 to 1,500 feet from the approach threshold of the runway."
AA.VI.H.S8,ifh,explanation,auto,from the Task H References line,"Touch down at the aiming point markings - 250/+500 feet, or where there are no runway aiming point markings 750 to 1,500 feet from the approach threshold of the runway."
AA.VI.H.S8,iph,explanation,auto,from the Task H References line,"Touch down at the aiming point markings - 250/+500 feet, or where there are no runway aiming point markings 750 to 1,500 feet from the approach threshold of the runway."
AA.VI.H.S8,phak,explanation,auto,from the Task H References line,"Touch down at the aiming point markings - 250/+500 feet, or where there are no runway aiming point markings 750 to 1,500 feet from the approach threshold of the runway."
AA.VI.H.S8,risk-management,explanation,auto,from the Task H References line,"Touch down at the aiming point markings - 250/+500 feet, or where there are no runway aiming point markings 750 to 1,500 feet from the approach threshold of the runway."
AA.VI.H.S9,14cfr:part-91,regulation,auto,from the Task H References line,"Maintain positive aircraft control throughout the landing using drag and braking devices, as appropriate, to come to a stop."
AA.VI.H.S9,afh,explanation,auto,from the Task H References line,"Maintain positive aircraft control throughout the landing using drag and braking devices, as appropriate, to come to a stop."
AA.VI.H.S9,aim,guidance,auto,from the Task H References line,"Maintain positive aircraft control throughout the landing using drag and braking devices, as appropriate, to come to a stop."
AA.VI.H.S9,ifh,explanation,auto,from the Task H References line,"Maintain positive aircraft control throughout the landing using drag and braking devices, as appropriate, to come to a stop."
AA.VI.H.S9,iph,explanation,auto,from the Task H References line,"Maintain positive aircraft control throughout the landing using drag and braking devices, as appropriate, to come to a stop."
AA.VI.H.S9,phak,explanation,auto,from the Task H References line,"Maintain positive aircraft control throughout the landing using drag and braking devices, as appropriate, to come to a stop."
AA.VI.H.S9,risk-management,explanation,auto,from the Task H References line,"Maintain positive aircraft control throughout the landing using drag and braking devices, as appropriate, to come to a stop."
AA.VI.I.K1,14cfr:part-91,regulation,auto,from the Task I References line,"Elements related to missed approach procedures, including reference to standby or backup instruments."
AA.VI.I.K1,14cfr:part-97,regulation,auto,from the Task I References line,"Elements related to missed approach procedures, including reference to standby or backup instruments."
AA.VI.I.K1,afh,explanation,auto,from the Task I References line,"Elements related to missed approach procedures, including reference to standby or backup instruments."
AA.VI.I.K1,aim,guidance,auto,from the Task I References line,"Elements related to missed approach procedures, including reference to standby or backup instruments."
AA.VI.I.K1,ifh,explanation,auto,from the Task I References line,"Elements related to missed approach procedures, including reference to standby or backup instruments."
AA.VI.I.K1,iph,explanation,auto,from the Task I References line,"Elements related to missed approach procedures, including reference to standby or backup instruments."
AA.VI.I.K1,risk-management,explanation,auto,from the Task I References line,"Elements related to missed approach procedures, including reference to standby or backup instruments."
AA.VI.I.K2,14cfr:part-91,regulation,auto,from the Task I References line,"Limitations associated with standard instrument approaches, including while using an FMS or autopilot, if equipped."
AA.VI.I.K2,14cfr:part-97,regulation,auto,from the Task I References line,"Limitations associated with standard instrument approaches, including while using an FMS or autopilot, if equipped."
AA.VI.I.K2,afh,explanation,auto,from the Task I References line,"Limitations associated with standard instrument approaches, including while using an FMS or autopilot, if equipped."
AA.VI.I.K2,aim,guidance,auto,from the Task I References line,"Limitations associated with standard instrument approaches, including while using an FMS or autopilot, if equipped."
AA.VI.I.K2,ifh,explanation,auto,from the Task I References line,"Limitations associated with standard instrument approaches, including while using an FMS or autopilot, if equipped."
AA.VI.I.K2,iph,explanation,auto,from the Task I References line,"Limitations associated with standard instrument approaches, including while using an FMS or autopilot, if equipped."
AA.VI.I.K2,risk-management,explanation,auto,from the Task I References line,"Limitations associated with standard instrument approaches, including while using an FMS or autopilot, if equipped."
AA.VI.I.R1,14cfr:part-91,regulation,auto,from the Task I References line,Deviations from prescribed procedures or ATC instructions.
AA.VI.I.R1,14cfr:part-97,regulation,auto,from the Task I References line,Deviations from prescribed procedures or ATC instructions.
AA.VI.I.R1,afh,explanation,auto,from the Task I References line,Deviations from prescribed procedures or ATC instructions.
AA.VI.I.R1,aim,guidance,auto,from the Task I References line,Deviations from prescribed procedures or ATC instructions.
AA.VI.I.R1,ifh,explanation,auto,from the Task I References line,Deviations from prescribed procedures or ATC instructions.
AA.VI.I.R1,iph,explanation,auto,from the Task I References line,Deviations from prescribed procedures or ATC instructions.
AA.VI.I.R1,risk-management,explanation,auto,from the Task I References line,Deviations from prescribed procedures or ATC instructions.
AA.VI.I.R2,14cfr:part-91,regulation,auto,from the Task I References line,"Holding, diverting, or electing to fly the approach again."
AA.VI.I.R2,14cfr:part-97,regulation,auto,from the Task I References line,"Holding, diverting, or electing to fly the approach again."
AA.VI.I.R2,afh,explanation,auto,from the Task I References line,"Holding, diverting, or electing to fly the approach again."
AA.VI.I.R2,aim,guidance,auto,from the Task I References line,"Holding, diverting, or electing to fly the approach again."
AA.VI.I.R2,ifh,explanation,auto,from the Task I References line,"Holding, diverting, or electing to fly the approach again."
AA.VI.I.R2,iph,explanation,auto,from the Task I References line,"Holding, diverting, or electing to fly the approach again."
AA.VI.I.R2,risk-management,explanation,auto,from the Task I References line,"Holding, diverting, or electing to fly the approach again."
AA.VI.I.R3,14cfr:part-91,regulation,auto,from the Task I References line,Aircraft configuration during an approach and missed approach.
AA.VI.I.R3,14cfr:part-97,regulation,auto,from the Task I References line,Aircraft configuration during an approach and missed approach.
AA.VI.I.R3,afh,explanation,auto,from the Task I References line,Aircraft configuration during an approach and missed approach.
AA.VI.I.R3,aim,guidance,auto,from the Task I References line,Aircraft configuration during an approach and missed approach.
AA.VI.I.R3,ifh,explanation,auto,from the Task I References line,Aircraft configuration during an approach and missed approach.
AA.VI.I.R3,iph,explanation,auto,from the Task I References line,Aircraft configuration during an approach and missed approach.
AA.VI.I.R3,risk-management,explanation,auto,from the Task I References line,Aircraft configuration during an approach and missed approach.
AA.VI.I.R4,14cfr:part-91,regulation,auto,from the Task I References line,"Factors that might lead to executing a missed approach procedure before the MAP or to a go-around below DA, DH, or MDA, as applicable."
AA.VI.I.R4,14cfr:part-97,regulation,auto,from the Task I References line,"Factors that might lead to executing a missed approach procedure before the MAP or to a go-around below DA, DH, or MDA, as applicable."
AA.VI.I.R4,afh,explanation,auto,from the Task I References line,"Factors that might lead to executing a missed approach procedure before the MAP or to a go-around below DA, DH, or MDA, as applicable."
AA.VI.I.R4,aim,guidance,auto,from the Task I References line,"Factors that might lead to executing a missed approach procedure before the MAP or to a go-around below DA, DH, or MDA, as applicable."
AA.VI.I.R4,ifh,explanation,auto,from the Task I References line,"Factors that might lead to executing a missed approach procedure before the MAP or to a go-around below DA, DH, or MDA, as applicable."
AA.VI.I.R4,iph,explanation,auto,from the Task I References line,"Factors that might lead to executing a missed approach procedure before the MAP or to a go-around below DA, DH, or MDA, as applicable."
AA.VI.I.R4,risk-management,explanation,auto,from the Task I References line,"Factors that might lead to executing a missed approach procedure before the MAP or to a go-around below DA, DH, or MDA, as applicable."
AA.VI.I.R5,14cfr:part-91,regulation,auto,from the Task I References line,Management of automated navigation and autoflight systems.
AA.VI.I.R5,14cfr:part-97,regulation,auto,from the Task I References line,Management of automated navigation and autoflight systems.
AA.VI.I.R5,afh,explanation,auto,from the Task I References line,Management of automated navigation and autoflight systems.
AA.VI.I.R5,aim,guidance,auto,from the Task I References line,Management of automated navigation and autoflight systems.
AA.VI.I.R5,ifh,explanation,auto,from the Task I References line,Management of automated navigation and autoflight systems.
AA.VI.I.R5,iph,explanation,auto,from the Task I References line,Management of automated navigation and autoflight systems.
AA.VI.I.R5,risk-management,explanation,auto,from the Task I References line,Management of automated navigation and autoflight systems.
AA.VI.I.S1,14cfr:part-91,regulation,auto,from the Task I References line,Promptly initiate the missed approach procedure and report it to ATC.
AA.VI.I.S1,14cfr:part-97,regulation,auto,from the Task I References line,Promptly initiate the missed approach procedure and report it to ATC.
AA.VI.I.S1,afh,explanation,auto,from the Task I References line,Promptly initiate the missed approach procedure and report it to ATC.
AA.VI.I.S1,aim,guidance,auto,from the Task I References line,Promptly initiate the missed approach procedure and report it to ATC.
AA.VI.I.S1,ifh,explanation,auto,from the Task I References line,Promptly initiate the missed approach procedure and report it to ATC.
AA.VI.I.S1,iph,explanation,auto,from the Task I References line,Promptly initiate the missed approach procedure and report it to ATC.
AA.VI.I.S1,risk-management,explanation,auto,from the Task I References line,Promptly initiate the missed approach procedure and report it to ATC.
AA.VI.I.S10,14cfr:part-91,regulation,auto,from the Task I References line,Re-engage autopilot (if installed) at appropriate times during the missed approach procedure.
AA.VI.I.S10,14cfr:part-97,regulation,auto,from the Task I References line,Re-engage autopilot (if installed) at appropriate times during the missed approach procedure.
AA.VI.I.S10,afh,explanation,auto,from the Task I References line,Re-engage autopilot (if installed) at appropriate times during the missed approach procedure.
AA.VI.I.S10,aim,guidance,auto,from the Task I References line,Re-engage autopilot (if installed) at appropriate times during the missed approach procedure.
AA.VI.I.S10,ifh,explanation,auto,from the Task I References line,Re-engage autopilot (if installed) at appropriate times during the missed approach procedure.
AA.VI.I.S10,iph,explanation,auto,from the Task I References line,Re-engage autopilot (if installed) at appropriate times during the missed approach procedure.
AA.VI.I.S10,risk-management,explanation,auto,from the Task I References line,Re-engage autopilot (if installed) at appropriate times during the missed approach procedure.
AA.VI.I.S11,14cfr:part-91,regulation,auto,from the Task I References line,"Request ATC clearance to attempt another approach, proceed to the alternate airport, holding fix, or other clearance limit, as appropriate, or as directed by the evaluator."
AA.VI.I.S11,14cfr:part-97,regulation,auto,from the Task I References line,"Request ATC clearance to attempt another approach, proceed to the alternate airport, holding fix, or other clearance limit, as appropriate, or as directed by the evaluator."
AA.VI.I.S11,afh,explanation,auto,from the Task I References line,"Request ATC clearance to attempt another approach, proceed to the alternate airport, holding fix, or other clearance limit, as appropriate, or as directed by the evaluator."
AA.VI.I.S11,aim,guidance,auto,from the Task I References line,"Request ATC clearance to attempt another approach, proceed to the alternate airport, holding fix, or other clearance limit, as appropriate, or as directed by the evaluator."
AA.VI.I.S11,ifh,explanation,auto,from the Task I References line,"Request ATC clearance to attempt another approach, proceed to the alternate airport, holding fix, or other clearance limit, as appropriate, or as directed by the evaluator."
AA.VI.I.S11,iph,explanation,auto,from the Task I References line,"Request ATC clearance to attempt another approach, proceed to the alternate airport, holding fix, or other clearance limit, as appropriate, or as directed by the evaluator."
AA.VI.I.S11,risk-management,explanation,auto,from the Task I References line,"Request ATC clearance to attempt another approach, proceed to the alternate airport, holding fix, or other clearance limit, as appropriate, or as directed by the evaluator."
AA.VI.I.S2,14cfr:part-91,regulation,auto,from the Task I References line,Apply the appropriate power setting for the flight condition and establish a pitch attitude necessary to obtain the desired performance.
AA.VI.I.S2,14cfr:part-97,regulation,auto,from the Task I References line,Apply the appropriate power setting for the flight condition and establish a pitch attitude necessary to obtain the desired performance.
AA.VI.I.S2,afh,explanation,auto,from the Task I References line,Apply the appropriate power setting for the flight condition and establish a pitch attitude necessary to obtain the desired performance.
AA.VI.I.S2,aim,guidance,auto,from the Task I References line,Apply the appropriate power setting for the flight condition and establish a pitch attitude necessary to obtain the desired performance.
AA.VI.I.S2,ifh,explanation,auto,from the Task I References line,Apply the appropriate power setting for the flight condition and establish a pitch attitude necessary to obtain the desired performance.
AA.VI.I.S2,iph,explanation,auto,from the Task I References line,Apply the appropriate power setting for the flight condition and establish a pitch attitude necessary to obtain the desired performance.
AA.VI.I.S2,risk-management,explanation,auto,from the Task I References line,Apply the appropriate power setting for the flight condition and establish a pitch attitude necessary to obtain the desired performance.
AA.VI.I.S3,14cfr:part-91,regulation,auto,from the Task I References line,"Retract the wing flaps/drag devices and landing gear, if appropriate, in the correct sequence and at a safe altitude, and establish a positive rate of climb and the appropriate airspeed/V-speed, ±5 knots."
AA.VI.I.S3,14cfr:part-97,regulation,auto,from the Task I References line,"Retract the wing flaps/drag devices and landing gear, if appropriate, in the correct sequence and at a safe altitude, and establish a positive rate of climb and the appropriate airspeed/V-speed, ±5 knots."
AA.VI.I.S3,afh,explanation,auto,from the Task I References line,"Retract the wing flaps/drag devices and landing gear, if appropriate, in the correct sequence and at a safe altitude, and establish a positive rate of climb and the appropriate airspeed/V-speed, ±5 knots."
AA.VI.I.S3,aim,guidance,auto,from the Task I References line,"Retract the wing flaps/drag devices and landing gear, if appropriate, in the correct sequence and at a safe altitude, and establish a positive rate of climb and the appropriate airspeed/V-speed, ±5 knots."
AA.VI.I.S3,ifh,explanation,auto,from the Task I References line,"Retract the wing flaps/drag devices and landing gear, if appropriate, in the correct sequence and at a safe altitude, and establish a positive rate of climb and the appropriate airspeed/V-speed, ±5 knots."
AA.VI.I.S3,iph,explanation,auto,from the Task I References line,"Retract the wing flaps/drag devices and landing gear, if appropriate, in the correct sequence and at a safe altitude, and establish a positive rate of climb and the appropriate airspeed/V-speed, ±5 knots."
AA.VI.I.S3,risk-management,explanation,auto,from the Task I References line,"Retract the wing flaps/drag devices and landing gear, if appropriate, in the correct sequence and at a safe altitude, and establish a positive rate of climb and the appropriate airspeed/V-speed, ±5 knots."
AA.VI.I.S4,14cfr:part-91,regulation,auto,from the Task I References line,"Coordinate with crew, if applicable, and complete the appropriate procedures and checklist(s) in a timely manner."
AA.VI.I.S4,14cfr:part-97,regulation,auto,from the Task I References line,"Coordinate with crew, if applicable, and complete the appropriate procedures and checklist(s) in a timely manner."
AA.VI.I.S4,afh,explanation,auto,from the Task I References line,"Coordinate with crew, if applicable, and complete the appropriate procedures and checklist(s) in a timely manner."
AA.VI.I.S4,aim,guidance,auto,from the Task I References line,"Coordinate with crew, if applicable, and complete the appropriate procedures and checklist(s) in a timely manner."
AA.VI.I.S4,ifh,explanation,auto,from the Task I References line,"Coordinate with crew, if applicable, and complete the appropriate procedures and checklist(s) in a timely manner."
AA.VI.I.S4,iph,explanation,auto,from the Task I References line,"Coordinate with crew, if applicable, and complete the appropriate procedures and checklist(s) in a timely manner."
AA.VI.I.S4,risk-management,explanation,auto,from the Task I References line,"Coordinate with crew, if applicable, and complete the appropriate procedures and checklist(s) in a timely manner."
AA.VI.I.S5,14cfr:part-91,regulation,auto,from the Task I References line,Comply with the published or alternate missed approach procedure.
AA.VI.I.S5,14cfr:part-97,regulation,auto,from the Task I References line,Comply with the published or alternate missed approach procedure.
AA.VI.I.S5,afh,explanation,auto,from the Task I References line,Comply with the published or alternate missed approach procedure.
AA.VI.I.S5,aim,guidance,auto,from the Task I References line,Comply with the published or alternate missed approach procedure.
AA.VI.I.S5,ifh,explanation,auto,from the Task I References line,Comply with the published or alternate missed approach procedure.
AA.VI.I.S5,iph,explanation,auto,from the Task I References line,Comply with the published or alternate missed approach procedure.
AA.VI.I.S5,risk-management,explanation,auto,from the Task I References line,Comply with the published or alternate missed approach procedure.
AA.VI.I.S6,14cfr:part-91,regulation,auto,from the Task I References line,"Advise ATC or the evaluator if unable to comply with a clearance, restriction, or climb gradient."
AA.VI.I.S6,14cfr:part-97,regulation,auto,from the Task I References line,"Advise ATC or the evaluator if unable to comply with a clearance, restriction, or climb gradient."
AA.VI.I.S6,afh,explanation,auto,from the Task I References line,"Advise ATC or the evaluator if unable to comply with a clearance, restriction, or climb gradient."
AA.VI.I.S6,aim,guidance,auto,from the Task I References line,"Advise ATC or the evaluator if unable to comply with a clearance, restriction, or climb gradient."
AA.VI.I.S6,ifh,explanation,auto,from the Task I References line,"Advise ATC or the evaluator if unable to comply with a clearance, restriction, or climb gradient."
AA.VI.I.S6,iph,explanation,auto,from the Task I References line,"Advise ATC or the evaluator if unable to comply with a clearance, restriction, or climb gradient."
AA.VI.I.S6,risk-management,explanation,auto,from the Task I References line,"Advise ATC or the evaluator if unable to comply with a clearance, restriction, or climb gradient."
AA.VI.I.S7,14cfr:part-91,regulation,auto,from the Task I References line,"Maintain the heading, course, or bearing ±5°, and altitude(s) ±100 feet during the missed approach procedure."
AA.VI.I.S7,14cfr:part-97,regulation,auto,from the Task I References line,"Maintain the heading, course, or bearing ±5°, and altitude(s) ±100 feet during the missed approach procedure."
AA.VI.I.S7,afh,explanation,auto,from the Task I References line,"Maintain the heading, course, or bearing ±5°, and altitude(s) ±100 feet during the missed approach procedure."
AA.VI.I.S7,aim,guidance,auto,from the Task I References line,"Maintain the heading, course, or bearing ±5°, and altitude(s) ±100 feet during the missed approach procedure."
AA.VI.I.S7,ifh,explanation,auto,from the Task I References line,"Maintain the heading, course, or bearing ±5°, and altitude(s) ±100 feet during the missed approach procedure."
AA.VI.I.S7,iph,explanation,auto,from the Task I References line,"Maintain the heading, course, or bearing ±5°, and altitude(s) ±100 feet during the missed approach procedure."
AA.VI.I.S7,risk-management,explanation,auto,from the Task I References line,"Maintain the heading, course, or bearing ±5°, and altitude(s) ±100 feet during the missed approach procedure."
AA.VI.I.S8,14cfr:part-91,regulation,auto,from the Task I References line,"Use an MFD and other graphical navigation displays, if installed, to monitor position and track to help navigate the missed approach."
AA.VI.I.S8,14cfr:part-97,regulation,auto,from the Task I References line,"Use an MFD and other graphical navigation displays, if installed, to monitor position and track to help navigate the missed approach."
AA.VI.I.S8,afh,explanation,auto,from the Task I References line,"Use an MFD and other graphical navigation displays, if installed, to monitor position and track to help navigate the missed approach."
AA.VI.I.S8,aim,guidance,auto,from the Task I References line,"Use an MFD and other graphical navigation displays, if installed, to monitor position and track to help navigate the missed approach."
AA.VI.I.S8,ifh,explanation,auto,from the Task I References line,"Use an MFD and other graphical navigation displays, if installed, to monitor position and track to help navigate the missed approach."
AA.VI.I.S8,iph,explanation,auto,from the Task I References line,"Use an MFD and other graphical navigation displays, if installed, to monitor position and track to help navigate the missed approach."
AA.VI.I.S8,risk-management,explanation,auto,from the Task I References line,"Use an MFD and other graphical navigation displays, if installed, to monitor position and track to help navigate the missed approach."
AA.VI.I.S9,14cfr:part-91,regulation,auto,from the Task I References line,"Use single-pilot resource management (SRM) or crew resource management (CRM), as appropriate."
AA.VI.I.S9,14cfr:part-97,regulation,auto,from the Task I References line,"Use single-pilot resource management (SRM) or crew resource management (CRM), as appropriate."
AA.VI.I.S9,afh,explanation,auto,from the Task I References line,"Use single-pilot resource management (SRM) or crew resource management (CRM), as appropriate."
AA.VI.I.S9,aim,guidance,auto,from the Task I References line,"Use single-pilot resource management (SRM) or crew resource management (CRM), as appropriate."
AA.VI.I.S9,ifh,explanation,auto,from the Task I References line,"Use single-pilot resource management (SRM) or crew resource management (CRM), as appropriate."
AA.VI.I.S9,iph,explanation,auto,from the Task I References line,"Use single-pilot resource management (SRM) or crew resource management (CRM), as appropriate."
AA.VI.I.S9,risk-management,explanation,auto,from the Task I References line,"Use single-pilot resource management (SRM) or crew resource management (CRM), as appropriate."
AA.VI.J.K1,14cfr:part-91,regulation,auto,from the Task J References line,"Elements related to holding procedures, including reporting criteria, appropriate speeds, and recommended entry procedures for standard, nonstandard, published, and non-published holding patterns."
AA.VI.J.K1,ac-91-74b,guidance,auto,from the Task J References line,"Elements related to holding procedures, including reporting criteria, appropriate speeds, and recommended entry procedures for standard, nonstandard, published, and non-published holding patterns."
AA.VI.J.K1,afh,explanation,auto,from the Task J References line,"Elements related to holding procedures, including reporting criteria, appropriate speeds, and recommended entry procedures for standard, nonstandard, published, and non-published holding patterns."
AA.VI.J.K1,aim,guidance,auto,from the Task J References line,"Elements related to holding procedures, including reporting criteria, appropriate speeds, and recommended entry procedures for standard, nonstandard, published, and non-published holding patterns."
AA.VI.J.K1,ifh,explanation,auto,from the Task J References line,"Elements related to holding procedures, including reporting criteria, appropriate speeds, and recommended entry procedures for standard, nonstandard, published, and non-published holding patterns."
AA.VI.J.K1,iph,explanation,auto,from the Task J References line,"Elements related to holding procedures, including reporting criteria, appropriate speeds, and recommended entry procedures for standard, nonstandard, published, and non-published holding patterns."
AA.VI.J.K1,risk-management,explanation,auto,from the Task J References line,"Elements related to holding procedures, including reporting criteria, appropriate speeds, and recommended entry procedures for standard, nonstandard, published, and non-published holding patterns."
AA.VI.J.K2,14cfr:part-91,regulation,auto,from the Task J References line,"Determining holding endurance based upon factors, including an expect further clearance (EFC) time, fuel on board, fuel flow while holding, fuel required to destination and alternate, etc., as appropriate."
AA.VI.J.K2,ac-91-74b,guidance,auto,from the Task J References line,"Determining holding endurance based upon factors, including an expect further clearance (EFC) time, fuel on board, fuel flow while holding, fuel required to destination and alternate, etc., as appropriate."
AA.VI.J.K2,afh,explanation,auto,from the Task J References line,"Determining holding endurance based upon factors, including an expect further clearance (EFC) time, fuel on board, fuel flow while holding, fuel required to destination and alternate, etc., as appropriate."
AA.VI.J.K2,aim,guidance,auto,from the Task J References line,"Determining holding endurance based upon factors, including an expect further clearance (EFC) time, fuel on board, fuel flow while holding, fuel required to destination and alternate, etc., as appropriate."
AA.VI.J.K2,ifh,explanation,auto,from the Task J References line,"Determining holding endurance based upon factors, including an expect further clearance (EFC) time, fuel on board, fuel flow while holding, fuel required to destination and alternate, etc., as appropriate."
AA.VI.J.K2,iph,explanation,auto,from the Task J References line,"Determining holding endurance based upon factors, including an expect further clearance (EFC) time, fuel on board, fuel flow while holding, fuel required to destination and alternate, etc., as appropriate."
AA.VI.J.K2,risk-management,explanation,auto,from the Task J References line,"Determining holding endurance based upon factors, including an expect further clearance (EFC) time, fuel on board, fuel flow while holding, fuel required to destination and alternate, etc., as appropriate."
AA.VI.J.K3,14cfr:part-91,regulation,auto,from the Task J References line,When to declare minimum fuel or a fuel-related emergency.
AA.VI.J.K3,ac-91-74b,guidance,auto,from the Task J References line,When to declare minimum fuel or a fuel-related emergency.
AA.VI.J.K3,afh,explanation,auto,from the Task J References line,When to declare minimum fuel or a fuel-related emergency.
AA.VI.J.K3,aim,guidance,auto,from the Task J References line,When to declare minimum fuel or a fuel-related emergency.
AA.VI.J.K3,ifh,explanation,auto,from the Task J References line,When to declare minimum fuel or a fuel-related emergency.
AA.VI.J.K3,iph,explanation,auto,from the Task J References line,When to declare minimum fuel or a fuel-related emergency.
AA.VI.J.K3,risk-management,explanation,auto,from the Task J References line,When to declare minimum fuel or a fuel-related emergency.
AA.VI.J.K4,14cfr:part-91,regulation,auto,from the Task J References line,"Use of automation for holding, including autopilot and flight management systems, if equipped."
AA.VI.J.K4,ac-91-74b,guidance,auto,from the Task J References line,"Use of automation for holding, including autopilot and flight management systems, if equipped."
AA.VI.J.K4,afh,explanation,auto,from the Task J References line,"Use of automation for holding, including autopilot and flight management systems, if equipped."
AA.VI.J.K4,aim,guidance,auto,from the Task J References line,"Use of automation for holding, including autopilot and flight management systems, if equipped."
AA.VI.J.K4,ifh,explanation,auto,from the Task J References line,"Use of automation for holding, including autopilot and flight management systems, if equipped."
AA.VI.J.K4,iph,explanation,auto,from the Task J References line,"Use of automation for holding, including autopilot and flight management systems, if equipped."
AA.VI.J.K4,risk-management,explanation,auto,from the Task J References line,"Use of automation for holding, including autopilot and flight management systems, if equipped."
AA.VI.J.R1,14cfr:part-91,regulation,auto,from the Task J References line,Recalculating fuel reserves if assigned an unanticipated expect further clearance (EFC) time.
AA.VI.J.R1,ac-91-74b,guidance,auto,from the Task J References line,Recalculating fuel reserves if assigned an unanticipated expect further clearance (EFC) time.
AA.VI.J.R1,afh,explanation,auto,from the Task J References line,Recalculating fuel reserves if assigned an unanticipated expect further clearance (EFC) time.
AA.VI.J.R1,aim,guidance,auto,from the Task J References line,Recalculating fuel reserves if assigned an unanticipated expect further clearance (EFC) time.
AA.VI.J.R1,ifh,explanation,auto,from the Task J References line,Recalculating fuel reserves if assigned an unanticipated expect further clearance (EFC) time.
AA.VI.J.R1,iph,explanation,auto,from the Task J References line,Recalculating fuel reserves if assigned an unanticipated expect further clearance (EFC) time.
AA.VI.J.R1,risk-management,explanation,auto,from the Task J References line,Recalculating fuel reserves if assigned an unanticipated expect further clearance (EFC) time.
AA.VI.J.R2,14cfr:part-91,regulation,auto,from the Task J References line,Scenarios and circumstances that could result in minimum fuel or the need to declare an emergency.
AA.VI.J.R2,ac-91-74b,guidance,auto,from the Task J References line,Scenarios and circumstances that could result in minimum fuel or the need to declare an emergency.
AA.VI.J.R2,afh,explanation,auto,from the Task J References line,Scenarios and circumstances that could result in minimum fuel or the need to declare an emergency.
AA.VI.J.R2,aim,guidance,auto,from the Task J References line,Scenarios and circumstances that could result in minimum fuel or the need to declare an emergency.
AA.VI.J.R2,ifh,explanation,auto,from the Task J References line,Scenarios and circumstances that could result in minimum fuel or the need to declare an emergency.
AA.VI.J.R2,iph,explanation,auto,from the Task J References line,Scenarios and circumstances that could result in minimum fuel or the need to declare an emergency.
AA.VI.J.R2,risk-management,explanation,auto,from the Task J References line,Scenarios and circumstances that could result in minimum fuel or the need to declare an emergency.
AA.VI.J.R3,14cfr:part-91,regulation,auto,from the Task J References line,"Scenarios that could lead to holding, including deteriorating weather at the planned destination. 48"
AA.VI.J.R3,ac-91-74b,guidance,auto,from the Task J References line,"Scenarios that could lead to holding, including deteriorating weather at the planned destination. 48"
AA.VI.J.R3,afh,explanation,auto,from the Task J References line,"Scenarios that could lead to holding, including deteriorating weather at the planned destination. 48"
AA.VI.J.R3,aim,guidance,auto,from the Task J References line,"Scenarios that could lead to holding, including deteriorating weather at the planned destination. 48"
AA.VI.J.R3,ifh,explanation,auto,from the Task J References line,"Scenarios that could lead to holding, including deteriorating weather at the planned destination. 48"
AA.VI.J.R3,iph,explanation,auto,from the Task J References line,"Scenarios that could lead to holding, including deteriorating weather at the planned destination. 48"
AA.VI.J.R3,risk-management,explanation,auto,from the Task J References line,"Scenarios that could lead to holding, including deteriorating weather at the planned destination. 48"
AA.VI.J.R4,14cfr:part-91,regulation,auto,from the Task J References line,Holding entry and wind correction while holding.
AA.VI.J.R4,ac-91-74b,guidance,auto,from the Task J References line,Holding entry and wind correction while holding.
AA.VI.J.R4,afh,explanation,auto,from the Task J References line,Holding entry and wind correction while holding.
AA.VI.J.R4,aim,guidance,auto,from the Task J References line,Holding entry and wind correction while holding.
AA.VI.J.R4,ifh,explanation,auto,from the Task J References line,Holding entry and wind correction while holding.
AA.VI.J.R4,iph,explanation,auto,from the Task J References line,Holding entry and wind correction while holding.
AA.VI.J.R4,risk-management,explanation,auto,from the Task J References line,Holding entry and wind correction while holding.
AA.VI.J.R5,14cfr:part-91,regulation,auto,from the Task J References line,Holding while in icing conditions.
AA.VI.J.R5,ac-91-74b,guidance,auto,from the Task J References line,Holding while in icing conditions.
AA.VI.J.R5,afh,explanation,auto,from the Task J References line,Holding while in icing conditions.
AA.VI.J.R5,aim,guidance,auto,from the Task J References line,Holding while in icing conditions.
AA.VI.J.R5,ifh,explanation,auto,from the Task J References line,Holding while in icing conditions.
AA.VI.J.R5,iph,explanation,auto,from the Task J References line,Holding while in icing conditions.
AA.VI.J.R5,risk-management,explanation,auto,from the Task J References line,Holding while in icing conditions.
AA.VI.J.R6,14cfr:part-91,regulation,auto,from the Task J References line,Automation management.
AA.VI.J.R6,ac-91-74b,guidance,auto,from the Task J References line,Automation management.
AA.VI.J.R6,afh,explanation,auto,from the Task J References line,Automation management.
AA.VI.J.R6,aim,guidance,auto,from the Task J References line,Automation management.
AA.VI.J.R6,ifh,explanation,auto,from the Task J References line,Automation management.
AA.VI.J.R6,iph,explanation,auto,from the Task J References line,Automation management.
AA.VI.J.R6,risk-management,explanation,auto,from the Task J References line,Automation management.
AA.VI.J.S1,14cfr:part-91,regulation,auto,from the Task J References line,Correctly identify instrument navigation aids associated with the assigned hold.
AA.VI.J.S1,ac-91-74b,guidance,auto,from the Task J References line,Correctly identify instrument navigation aids associated with the assigned hold.
AA.VI.J.S1,afh,explanation,auto,from the Task J References line,Correctly identify instrument navigation aids associated with the assigned hold.
AA.VI.J.S1,aim,guidance,auto,from the Task J References line,Correctly identify instrument navigation aids associated with the assigned hold.
AA.VI.J.S1,ifh,explanation,auto,from the Task J References line,Correctly identify instrument navigation aids associated with the assigned hold.
AA.VI.J.S1,iph,explanation,auto,from the Task J References line,Correctly identify instrument navigation aids associated with the assigned hold.
AA.VI.J.S1,risk-management,explanation,auto,from the Task J References line,Correctly identify instrument navigation aids associated with the assigned hold.
AA.VI.J.S2,14cfr:part-91,regulation,auto,from the Task J References line,"Use an entry procedure appropriate for a standard, nonstandard, published, or non-published holding pattern."
AA.VI.J.S2,ac-91-74b,guidance,auto,from the Task J References line,"Use an entry procedure appropriate for a standard, nonstandard, published, or non-published holding pattern."
AA.VI.J.S2,afh,explanation,auto,from the Task J References line,"Use an entry procedure appropriate for a standard, nonstandard, published, or non-published holding pattern."
AA.VI.J.S2,aim,guidance,auto,from the Task J References line,"Use an entry procedure appropriate for a standard, nonstandard, published, or non-published holding pattern."
AA.VI.J.S2,ifh,explanation,auto,from the Task J References line,"Use an entry procedure appropriate for a standard, nonstandard, published, or non-published holding pattern."
AA.VI.J.S2,iph,explanation,auto,from the Task J References line,"Use an entry procedure appropriate for a standard, nonstandard, published, or non-published holding pattern."
AA.VI.J.S2,risk-management,explanation,auto,from the Task J References line,"Use an entry procedure appropriate for a standard, nonstandard, published, or non-published holding pattern."
AA.VI.J.S3,14cfr:part-91,regulation,auto,from the Task J References line,Change to the appropriate holding airspeed for the aircraft and holding altitude to cross the holding fix at or below maximum holding airspeed.
AA.VI.J.S3,ac-91-74b,guidance,auto,from the Task J References line,Change to the appropriate holding airspeed for the aircraft and holding altitude to cross the holding fix at or below maximum holding airspeed.
AA.VI.J.S3,afh,explanation,auto,from the Task J References line,Change to the appropriate holding airspeed for the aircraft and holding altitude to cross the holding fix at or below maximum holding airspeed.
AA.VI.J.S3,aim,guidance,auto,from the Task J References line,Change to the appropriate holding airspeed for the aircraft and holding altitude to cross the holding fix at or below maximum holding airspeed.
AA.VI.J.S3,ifh,explanation,auto,from the Task J References line,Change to the appropriate holding airspeed for the aircraft and holding altitude to cross the holding fix at or below maximum holding airspeed.
AA.VI.J.S3,iph,explanation,auto,from the Task J References line,Change to the appropriate holding airspeed for the aircraft and holding altitude to cross the holding fix at or below maximum holding airspeed.
AA.VI.J.S3,risk-management,explanation,auto,from the Task J References line,Change to the appropriate holding airspeed for the aircraft and holding altitude to cross the holding fix at or below maximum holding airspeed.
AA.VI.J.S4,14cfr:part-91,regulation,auto,from the Task J References line,"Comply with the holding pattern leg length and other restrictions, if applicable, associated with the holding pattern."
AA.VI.J.S4,ac-91-74b,guidance,auto,from the Task J References line,"Comply with the holding pattern leg length and other restrictions, if applicable, associated with the holding pattern."
AA.VI.J.S4,afh,explanation,auto,from the Task J References line,"Comply with the holding pattern leg length and other restrictions, if applicable, associated with the holding pattern."
AA.VI.J.S4,aim,guidance,auto,from the Task J References line,"Comply with the holding pattern leg length and other restrictions, if applicable, associated with the holding pattern."
AA.VI.J.S4,ifh,explanation,auto,from the Task J References line,"Comply with the holding pattern leg length and other restrictions, if applicable, associated with the holding pattern."
AA.VI.J.S4,iph,explanation,auto,from the Task J References line,"Comply with the holding pattern leg length and other restrictions, if applicable, associated with the holding pattern."
AA.VI.J.S4,risk-management,explanation,auto,from the Task J References line,"Comply with the holding pattern leg length and other restrictions, if applicable, associated with the holding pattern."
AA.VI.J.S5,14cfr:part-91,regulation,auto,from the Task J References line,Comply with ATC reporting requirements.
AA.VI.J.S5,ac-91-74b,guidance,auto,from the Task J References line,Comply with ATC reporting requirements.
AA.VI.J.S5,afh,explanation,auto,from the Task J References line,Comply with ATC reporting requirements.
AA.VI.J.S5,aim,guidance,auto,from the Task J References line,Comply with ATC reporting requirements.
AA.VI.J.S5,ifh,explanation,auto,from the Task J References line,Comply with ATC reporting requirements.
AA.VI.J.S5,iph,explanation,auto,from the Task J References line,Comply with ATC reporting requirements.
AA.VI.J.S5,risk-management,explanation,auto,from the Task J References line,Comply with ATC reporting requirements.
AA.VI.J.S6,14cfr:part-91,regulation,auto,from the Task J References line,Use proper wind correction procedures to maintain the desired pattern and to arrive over the fix as close as possible to a specified time.
AA.VI.J.S6,ac-91-74b,guidance,auto,from the Task J References line,Use proper wind correction procedures to maintain the desired pattern and to arrive over the fix as close as possible to a specified time.
AA.VI.J.S6,afh,explanation,auto,from the Task J References line,Use proper wind correction procedures to maintain the desired pattern and to arrive over the fix as close as possible to a specified time.
AA.VI.J.S6,aim,guidance,auto,from the Task J References line,Use proper wind correction procedures to maintain the desired pattern and to arrive over the fix as close as possible to a specified time.
AA.VI.J.S6,ifh,explanation,auto,from the Task J References line,Use proper wind correction procedures to maintain the desired pattern and to arrive over the fix as close as possible to a specified time.
AA.VI.J.S6,iph,explanation,auto,from the Task J References line,Use proper wind correction procedures to maintain the desired pattern and to arrive over the fix as close as possible to a specified time.
AA.VI.J.S6,risk-management,explanation,auto,from the Task J References line,Use proper wind correction procedures to maintain the desired pattern and to arrive over the fix as close as possible to a specified time.
AA.VI.J.S7,14cfr:part-91,regulation,auto,from the Task J References line,"Maintain specified airspeed ±10 knots, altitude ±100 feet, headings ±10°, and accurately track a selected course, radial, or bearing."
AA.VI.J.S7,ac-91-74b,guidance,auto,from the Task J References line,"Maintain specified airspeed ±10 knots, altitude ±100 feet, headings ±10°, and accurately track a selected course, radial, or bearing."
AA.VI.J.S7,afh,explanation,auto,from the Task J References line,"Maintain specified airspeed ±10 knots, altitude ±100 feet, headings ±10°, and accurately track a selected course, radial, or bearing."
AA.VI.J.S7,aim,guidance,auto,from the Task J References line,"Maintain specified airspeed ±10 knots, altitude ±100 feet, headings ±10°, and accurately track a selected course, radial, or bearing."
AA.VI.J.S7,ifh,explanation,auto,from the Task J References line,"Maintain specified airspeed ±10 knots, altitude ±100 feet, headings ±10°, and accurately track a selected course, radial, or bearing."
AA.VI.J.S7,iph,explanation,auto,from the Task J References line,"Maintain specified airspeed ±10 knots, altitude ±100 feet, headings ±10°, and accurately track a selected course, radial, or bearing."
AA.VI.J.S7,risk-management,explanation,auto,from the Task J References line,"Maintain specified airspeed ±10 knots, altitude ±100 feet, headings ±10°, and accurately track a selected course, radial, or bearing."
AA.VI.J.S8,14cfr:part-91,regulation,auto,from the Task J References line,"If available, use automation, including autopilot, flight director controls, and navigation displays associated with the assigned hold."
AA.VI.J.S8,ac-91-74b,guidance,auto,from the Task J References line,"If available, use automation, including autopilot, flight director controls, and navigation displays associated with the assigned hold."
AA.VI.J.S8,afh,explanation,auto,from the Task J References line,"If available, use automation, including autopilot, flight director controls, and navigation displays associated with the assigned hold."
AA.VI.J.S8,aim,guidance,auto,from the Task J References line,"If available, use automation, including autopilot, flight director controls, and navigation displays associated with the assigned hold."
AA.VI.J.S8,ifh,explanation,auto,from the Task J References line,"If available, use automation, including autopilot, flight director controls, and navigation displays associated with the assigned hold."
AA.VI.J.S8,iph,explanation,auto,from the Task J References line,"If available, use automation, including autopilot, flight director controls, and navigation displays associated with the assigned hold."
AA.VI.J.S8,risk-management,explanation,auto,from the Task J References line,"If available, use automation, including autopilot, flight director controls, and navigation displays associated with the assigned hold."
AA.VI.J.S9,14cfr:part-91,regulation,auto,from the Task J References line,Update fuel reserve calculations based on EFC times. 49
AA.VI.J.S9,ac-91-74b,guidance,auto,from the Task J References line,Update fuel reserve calculations based on EFC times. 49
AA.VI.J.S9,afh,explanation,auto,from the Task J References line,Update fuel reserve calculations based on EFC times. 49
AA.VI.J.S9,aim,guidance,auto,from the Task J References line,Update fuel reserve calculations based on EFC times. 49
AA.VI.J.S9,ifh,explanation,auto,from the Task J References line,Update fuel reserve calculations based on EFC times. 49
AA.VI.J.S9,iph,explanation,auto,from the Task J References line,Update fuel reserve calculations based on EFC times. 49
AA.VI.J.S9,risk-management,explanation,auto,from the Task J References line,Update fuel reserve calculations based on EFC times. 49
AA.VII.A.K1,14cfr:part-91,regulation,auto,from the Task A References line,Declaring an emergency and selection of a suitable airport or landing location.
AA.VII.A.K1,ac-91-74b,guidance,auto,from the Task A References line,Declaring an emergency and selection of a suitable airport or landing location.
AA.VII.A.K1,afh,explanation,auto,from the Task A References line,Declaring an emergency and selection of a suitable airport or landing location.
AA.VII.A.K1,aim,guidance,auto,from the Task A References line,Declaring an emergency and selection of a suitable airport or landing location.
AA.VII.A.K1,phak,explanation,auto,from the Task A References line,Declaring an emergency and selection of a suitable airport or landing location.
AA.VII.A.K1,risk-management,explanation,auto,from the Task A References line,Declaring an emergency and selection of a suitable airport or landing location.
AA.VII.A.K1,seaplane,explanation,auto,from the Task A References line,Declaring an emergency and selection of a suitable airport or landing location.
AA.VII.A.K2,14cfr:part-91,regulation,auto,from the Task A References line,"Situations that would require an emergency descent (e.g., depressurization, smoke, or engine fire)."
AA.VII.A.K2,ac-91-74b,guidance,auto,from the Task A References line,"Situations that would require an emergency descent (e.g., depressurization, smoke, or engine fire)."
AA.VII.A.K2,afh,explanation,auto,from the Task A References line,"Situations that would require an emergency descent (e.g., depressurization, smoke, or engine fire)."
AA.VII.A.K2,aim,guidance,auto,from the Task A References line,"Situations that would require an emergency descent (e.g., depressurization, smoke, or engine fire)."
AA.VII.A.K2,phak,explanation,auto,from the Task A References line,"Situations that would require an emergency descent (e.g., depressurization, smoke, or engine fire)."
AA.VII.A.K2,risk-management,explanation,auto,from the Task A References line,"Situations that would require an emergency descent (e.g., depressurization, smoke, or engine fire)."
AA.VII.A.K2,seaplane,explanation,auto,from the Task A References line,"Situations that would require an emergency descent (e.g., depressurization, smoke, or engine fire)."
AA.VII.A.K3,14cfr:part-91,regulation,auto,from the Task A References line,Causes of inflight fire or smoke.
AA.VII.A.K3,ac-91-74b,guidance,auto,from the Task A References line,Causes of inflight fire or smoke.
AA.VII.A.K3,afh,explanation,auto,from the Task A References line,Causes of inflight fire or smoke.
AA.VII.A.K3,aim,guidance,auto,from the Task A References line,Causes of inflight fire or smoke.
AA.VII.A.K3,phak,explanation,auto,from the Task A References line,Causes of inflight fire or smoke.
AA.VII.A.K3,risk-management,explanation,auto,from the Task A References line,Causes of inflight fire or smoke.
AA.VII.A.K3,seaplane,explanation,auto,from the Task A References line,Causes of inflight fire or smoke.
AA.VII.A.K4,14cfr:part-91,regulation,auto,from the Task A References line,Airplane decompression.
AA.VII.A.K4,ac-91-74b,guidance,auto,from the Task A References line,Airplane decompression.
AA.VII.A.K4,afh,explanation,auto,from the Task A References line,Airplane decompression.
AA.VII.A.K4,aim,guidance,auto,from the Task A References line,Airplane decompression.
AA.VII.A.K4,phak,explanation,auto,from the Task A References line,Airplane decompression.
AA.VII.A.K4,risk-management,explanation,auto,from the Task A References line,Airplane decompression.
AA.VII.A.K4,seaplane,explanation,auto,from the Task A References line,Airplane decompression.
AA.VII.A.K5,14cfr:part-91,regulation,auto,from the Task A References line,When an emergency evacuation may be necessary.
AA.VII.A.K5,ac-91-74b,guidance,auto,from the Task A References line,When an emergency evacuation may be necessary.
AA.VII.A.K5,afh,explanation,auto,from the Task A References line,When an emergency evacuation may be necessary.
AA.VII.A.K5,aim,guidance,auto,from the Task A References line,When an emergency evacuation may be necessary.
AA.VII.A.K5,phak,explanation,auto,from the Task A References line,When an emergency evacuation may be necessary.
AA.VII.A.K5,risk-management,explanation,auto,from the Task A References line,When an emergency evacuation may be necessary.
AA.VII.A.K5,seaplane,explanation,auto,from the Task A References line,When an emergency evacuation may be necessary.
AA.VII.A.K6,14cfr:part-91,regulation,auto,from the Task A References line,Actions required if icing conditions exceed the capabilities of the aircraft.
AA.VII.A.K6,ac-91-74b,guidance,auto,from the Task A References line,Actions required if icing conditions exceed the capabilities of the aircraft.
AA.VII.A.K6,afh,explanation,auto,from the Task A References line,Actions required if icing conditions exceed the capabilities of the aircraft.
AA.VII.A.K6,aim,guidance,auto,from the Task A References line,Actions required if icing conditions exceed the capabilities of the aircraft.
AA.VII.A.K6,phak,explanation,auto,from the Task A References line,Actions required if icing conditions exceed the capabilities of the aircraft.
AA.VII.A.K6,risk-management,explanation,auto,from the Task A References line,Actions required if icing conditions exceed the capabilities of the aircraft.
AA.VII.A.K6,seaplane,explanation,auto,from the Task A References line,Actions required if icing conditions exceed the capabilities of the aircraft.
AA.VII.A.R1,14cfr:part-91,regulation,auto,from the Task A References line,Selection of the procedures or checklists to follow in an emergency.
AA.VII.A.R1,ac-91-74b,guidance,auto,from the Task A References line,Selection of the procedures or checklists to follow in an emergency.
AA.VII.A.R1,afh,explanation,auto,from the Task A References line,Selection of the procedures or checklists to follow in an emergency.
AA.VII.A.R1,aim,guidance,auto,from the Task A References line,Selection of the procedures or checklists to follow in an emergency.
AA.VII.A.R1,phak,explanation,auto,from the Task A References line,Selection of the procedures or checklists to follow in an emergency.
AA.VII.A.R1,risk-management,explanation,auto,from the Task A References line,Selection of the procedures or checklists to follow in an emergency.
AA.VII.A.R1,seaplane,explanation,auto,from the Task A References line,Selection of the procedures or checklists to follow in an emergency.
AA.VII.A.R2,14cfr:part-91,regulation,auto,from the Task A References line,Multiple failures or system abnormalities.
AA.VII.A.R2,ac-91-74b,guidance,auto,from the Task A References line,Multiple failures or system abnormalities.
AA.VII.A.R2,afh,explanation,auto,from the Task A References line,Multiple failures or system abnormalities.
AA.VII.A.R2,aim,guidance,auto,from the Task A References line,Multiple failures or system abnormalities.
AA.VII.A.R2,phak,explanation,auto,from the Task A References line,Multiple failures or system abnormalities.
AA.VII.A.R2,risk-management,explanation,auto,from the Task A References line,Multiple failures or system abnormalities.
AA.VII.A.R2,seaplane,explanation,auto,from the Task A References line,Multiple failures or system abnormalities.
AA.VII.A.R3,14cfr:part-91,regulation,auto,from the Task A References line,"Altitude, wind, terrain, and obstruction considerations in an emergency."
AA.VII.A.R3,ac-91-74b,guidance,auto,from the Task A References line,"Altitude, wind, terrain, and obstruction considerations in an emergency."
AA.VII.A.R3,afh,explanation,auto,from the Task A References line,"Altitude, wind, terrain, and obstruction considerations in an emergency."
AA.VII.A.R3,aim,guidance,auto,from the Task A References line,"Altitude, wind, terrain, and obstruction considerations in an emergency."
AA.VII.A.R3,phak,explanation,auto,from the Task A References line,"Altitude, wind, terrain, and obstruction considerations in an emergency."
AA.VII.A.R3,risk-management,explanation,auto,from the Task A References line,"Altitude, wind, terrain, and obstruction considerations in an emergency."
AA.VII.A.R3,seaplane,explanation,auto,from the Task A References line,"Altitude, wind, terrain, and obstruction considerations in an emergency."
AA.VII.A.R4,14cfr:part-91,regulation,auto,from the Task A References line,"Distractions, task prioritization, loss of situational awareness, or disorientation."
AA.VII.A.R4,ac-91-74b,guidance,auto,from the Task A References line,"Distractions, task prioritization, loss of situational awareness, or disorientation."
AA.VII.A.R4,afh,explanation,auto,from the Task A References line,"Distractions, task prioritization, loss of situational awareness, or disorientation."
AA.VII.A.R4,aim,guidance,auto,from the Task A References line,"Distractions, task prioritization, loss of situational awareness, or disorientation."
AA.VII.A.R4,phak,explanation,auto,from the Task A References line,"Distractions, task prioritization, loss of situational awareness, or disorientation."
AA.VII.A.R4,risk-management,explanation,auto,from the Task A References line,"Distractions, task prioritization, loss of situational awareness, or disorientation."
AA.VII.A.R4,seaplane,explanation,auto,from the Task A References line,"Distractions, task prioritization, loss of situational awareness, or disorientation."
AA.VII.A.S1,14cfr:part-91,regulation,auto,from the Task A References line,Explain or describe an emergency procedure for a situation(s) presented by the evaluator.
AA.VII.A.S1,ac-91-74b,guidance,auto,from the Task A References line,Explain or describe an emergency procedure for a situation(s) presented by the evaluator.
AA.VII.A.S1,afh,explanation,auto,from the Task A References line,Explain or describe an emergency procedure for a situation(s) presented by the evaluator.
AA.VII.A.S1,aim,guidance,auto,from the Task A References line,Explain or describe an emergency procedure for a situation(s) presented by the evaluator.
AA.VII.A.S1,phak,explanation,auto,from the Task A References line,Explain or describe an emergency procedure for a situation(s) presented by the evaluator.
AA.VII.A.S1,risk-management,explanation,auto,from the Task A References line,Explain or describe an emergency procedure for a situation(s) presented by the evaluator.
AA.VII.A.S1,seaplane,explanation,auto,from the Task A References line,Explain or describe an emergency procedure for a situation(s) presented by the evaluator.
AA.VII.A.S2,14cfr:part-91,regulation,auto,from the Task A References line,"Use proper procedures for an emergency situation(s) presented by the evaluator, such as:"
AA.VII.A.S2,ac-91-74b,guidance,auto,from the Task A References line,"Use proper procedures for an emergency situation(s) presented by the evaluator, such as:"
AA.VII.A.S2,afh,explanation,auto,from the Task A References line,"Use proper procedures for an emergency situation(s) presented by the evaluator, such as:"
AA.VII.A.S2,aim,guidance,auto,from the Task A References line,"Use proper procedures for an emergency situation(s) presented by the evaluator, such as:"
AA.VII.A.S2,phak,explanation,auto,from the Task A References line,"Use proper procedures for an emergency situation(s) presented by the evaluator, such as:"
AA.VII.A.S2,risk-management,explanation,auto,from the Task A References line,"Use proper procedures for an emergency situation(s) presented by the evaluator, such as:"
AA.VII.A.S2,seaplane,explanation,auto,from the Task A References line,"Use proper procedures for an emergency situation(s) presented by the evaluator, such as:"
AA.VII.A.S2a,14cfr:part-91,regulation,auto,from the Task A References line,a. Emergency Descent
AA.VII.A.S2a,ac-91-74b,guidance,auto,from the Task A References line,a. Emergency Descent
AA.VII.A.S2a,afh,explanation,auto,from the Task A References line,a. Emergency Descent
AA.VII.A.S2a,aim,guidance,auto,from the Task A References line,a. Emergency Descent
AA.VII.A.S2a,phak,explanation,auto,from the Task A References line,a. Emergency Descent
AA.VII.A.S2a,risk-management,explanation,auto,from the Task A References line,a. Emergency Descent
AA.VII.A.S2a,seaplane,explanation,auto,from the Task A References line,a. Emergency Descent
AA.VII.A.S2b,14cfr:part-91,regulation,auto,from the Task A References line,b. Inflight fire and smoke
AA.VII.A.S2b,ac-91-74b,guidance,auto,from the Task A References line,b. Inflight fire and smoke
AA.VII.A.S2b,afh,explanation,auto,from the Task A References line,b. Inflight fire and smoke
AA.VII.A.S2b,aim,guidance,auto,from the Task A References line,b. Inflight fire and smoke
AA.VII.A.S2b,phak,explanation,auto,from the Task A References line,b. Inflight fire and smoke
AA.VII.A.S2b,risk-management,explanation,auto,from the Task A References line,b. Inflight fire and smoke
AA.VII.A.S2b,seaplane,explanation,auto,from the Task A References line,b. Inflight fire and smoke
AA.VII.A.S2c,14cfr:part-91,regulation,auto,from the Task A References line,c. Decompression
AA.VII.A.S2c,ac-91-74b,guidance,auto,from the Task A References line,c. Decompression
AA.VII.A.S2c,afh,explanation,auto,from the Task A References line,c. Decompression
AA.VII.A.S2c,aim,guidance,auto,from the Task A References line,c. Decompression
AA.VII.A.S2c,phak,explanation,auto,from the Task A References line,c. Decompression
AA.VII.A.S2c,risk-management,explanation,auto,from the Task A References line,c. Decompression
AA.VII.A.S2c,seaplane,explanation,auto,from the Task A References line,c. Decompression
AA.VII.A.S2d,14cfr:part-91,regulation,auto,from the Task A References line,d. Emergency evacuation
AA.VII.A.S2d,ac-91-74b,guidance,auto,from the Task A References line,d. Emergency evacuation
AA.VII.A.S2d,afh,explanation,auto,from the Task A References line,d. Emergency evacuation
AA.VII.A.S2d,aim,guidance,auto,from the Task A References line,d. Emergency evacuation
AA.VII.A.S2d,phak,explanation,auto,from the Task A References line,d. Emergency evacuation
AA.VII.A.S2d,risk-management,explanation,auto,from the Task A References line,d. Emergency evacuation
AA.VII.A.S2d,seaplane,explanation,auto,from the Task A References line,d. Emergency evacuation
AA.VII.A.S2e,14cfr:part-91,regulation,auto,from the Task A References line,e. Airframe icing
AA.VII.A.S2e,ac-91-74b,guidance,auto,from the Task A References line,e. Airframe icing
AA.VII.A.S2e,afh,explanation,auto,from the Task A References line,e. Airframe icing
AA.VII.A.S2e,aim,guidance,auto,from the Task A References line,e. Airframe icing
AA.VII.A.S2e,phak,explanation,auto,from the Task A References line,e. Airframe icing
AA.VII.A.S2e,risk-management,explanation,auto,from the Task A References line,e. Airframe icing
AA.VII.A.S2e,seaplane,explanation,auto,from the Task A References line,e. Airframe icing
AA.VII.A.S2f,14cfr:part-91,regulation,auto,from the Task A References line,f. Others as specified in the Airplane Flight Manual (AFM)/Pilot's Operating Handbook (POH)
AA.VII.A.S2f,ac-91-74b,guidance,auto,from the Task A References line,f. Others as specified in the Airplane Flight Manual (AFM)/Pilot's Operating Handbook (POH)
AA.VII.A.S2f,afh,explanation,auto,from the Task A References line,f. Others as specified in the Airplane Flight Manual (AFM)/Pilot's Operating Handbook (POH)
AA.VII.A.S2f,aim,guidance,auto,from the Task A References line,f. Others as specified in the Airplane Flight Manual (AFM)/Pilot's Operating Handbook (POH)
AA.VII.A.S2f,phak,explanation,auto,from the Task A References line,f. Others as specified in the Airplane Flight Manual (AFM)/Pilot's Operating Handbook (POH)
AA.VII.A.S2f,risk-management,explanation,auto,from the Task A References line,f. Others as specified in the Airplane Flight Manual (AFM)/Pilot's Operating Handbook (POH)
AA.VII.A.S2f,seaplane,explanation,auto,from the Task A References line,f. Others as specified in the Airplane Flight Manual (AFM)/Pilot's Operating Handbook (POH)
AA.VII.A.S3,14cfr:part-91,regulation,auto,from the Task A References line,"Fly by reference to standby flight instruments, backup instrumentation, or partial panel, if applicable and appropriate to the situation."
AA.VII.A.S3,ac-91-74b,guidance,auto,from the Task A References line,"Fly by reference to standby flight instruments, backup instrumentation, or partial panel, if applicable and appropriate to the situation."
AA.VII.A.S3,afh,explanation,auto,from the Task A References line,"Fly by reference to standby flight instruments, backup instrumentation, or partial panel, if applicable and appropriate to the situation."
AA.VII.A.S3,aim,guidance,auto,from the Task A References line,"Fly by reference to standby flight instruments, backup instrumentation, or partial panel, if applicable and appropriate to the situation."
AA.VII.A.S3,phak,explanation,auto,from the Task A References line,"Fly by reference to standby flight instruments, backup instrumentation, or partial panel, if applicable and appropriate to the situation."
AA.VII.A.S3,risk-management,explanation,auto,from the Task A References line,"Fly by reference to standby flight instruments, backup instrumentation, or partial panel, if applicable and appropriate to the situation."
AA.VII.A.S3,seaplane,explanation,auto,from the Task A References line,"Fly by reference to standby flight instruments, backup instrumentation, or partial panel, if applicable and appropriate to the situation."
AA.VII.A.S4,14cfr:part-91,regulation,auto,from the Task A References line,"Coordinate with crew, if applicable, and complete the appropriate checklist(s) in a timely manner."
AA.VII.A.S4,ac-91-74b,guidance,auto,from the Task A References line,"Coordinate with crew, if applicable, and complete the appropriate checklist(s) in a timely manner."
AA.VII.A.S4,afh,explanation,auto,from the Task A References line,"Coordinate with crew, if applicable, and complete the appropriate checklist(s) in a timely manner."
AA.VII.A.S4,aim,guidance,auto,from the Task A References line,"Coordinate with crew, if applicable, and complete the appropriate checklist(s) in a timely manner."
AA.VII.A.S4,phak,explanation,auto,from the Task A References line,"Coordinate with crew, if applicable, and complete the appropriate checklist(s) in a timely manner."
AA.VII.A.S4,risk-management,explanation,auto,from the Task A References line,"Coordinate with crew, if applicable, and complete the appropriate checklist(s) in a timely manner."
AA.VII.A.S4,seaplane,explanation,auto,from the Task A References line,"Coordinate with crew, if applicable, and complete the appropriate checklist(s) in a timely manner."
AA.VII.A.S5,14cfr:part-91,regulation,auto,from the Task A References line,"Communicate with air traffic control (ATC) and the evaluator, as appropriate for the situation. 50"
AA.VII.A.S5,ac-91-74b,guidance,auto,from the Task A References line,"Communicate with air traffic control (ATC) and the evaluator, as appropriate for the situation. 50"
AA.VII.A.S5,afh,explanation,auto,from the Task A References line,"Communicate with air traffic control (ATC) and the evaluator, as appropriate for the situation. 50"
AA.VII.A.S5,aim,guidance,auto,from the Task A References line,"Communicate with air traffic control (ATC) and the evaluator, as appropriate for the situation. 50"
AA.VII.A.S5,phak,explanation,auto,from the Task A References line,"Communicate with air traffic control (ATC) and the evaluator, as appropriate for the situation. 50"
AA.VII.A.S5,risk-management,explanation,auto,from the Task A References line,"Communicate with air traffic control (ATC) and the evaluator, as appropriate for the situation. 50"
AA.VII.A.S5,seaplane,explanation,auto,from the Task A References line,"Communicate with air traffic control (ATC) and the evaluator, as appropriate for the situation. 50"
AA.VII.B.K1,afh,explanation,auto,from the Task B References line,"The procedures used during a powerplant(s) failure on takeoff, the appropriate reference airspeeds, and the specific pilot actions required."
AA.VII.B.K1,phak,explanation,auto,from the Task B References line,"The procedures used during a powerplant(s) failure on takeoff, the appropriate reference airspeeds, and the specific pilot actions required."
AA.VII.B.K1,risk-management,explanation,auto,from the Task B References line,"The procedures used during a powerplant(s) failure on takeoff, the appropriate reference airspeeds, and the specific pilot actions required."
AA.VII.B.K2,afh,explanation,auto,from the Task B References line,"Operational considerations, including: airplane performance (e.g., sideslip, bank angle, rudder input), takeoff warning systems, runway length, surface conditions, density altitude, wake turbulence, environmental conditions, obstructions, and other related factors that could adversely affect safety."
AA.VII.B.K2,phak,explanation,auto,from the Task B References line,"Operational considerations, including: airplane performance (e.g., sideslip, bank angle, rudder input), takeoff warning systems, runway length, surface conditions, density altitude, wake turbulence, environmental conditions, obstructions, and other related factors that could adversely affect safety."
AA.VII.B.K2,risk-management,explanation,auto,from the Task B References line,"Operational considerations, including: airplane performance (e.g., sideslip, bank angle, rudder input), takeoff warning systems, runway length, surface conditions, density altitude, wake turbulence, environmental conditions, obstructions, and other related factors that could adversely affect safety."
AA.VII.B.R1,afh,explanation,auto,from the Task B References line,"Planning for a potential powerplant failure during takeoff considering operational factors (e.g., takeoff warning inhibit systems, other airplane characteristics, runway/takeoff path length, surface conditions, environmental conditions, obstructions, and land and hold short operations."
AA.VII.B.R1,phak,explanation,auto,from the Task B References line,"Planning for a potential powerplant failure during takeoff considering operational factors (e.g., takeoff warning inhibit systems, other airplane characteristics, runway/takeoff path length, surface conditions, environmental conditions, obstructions, and land and hold short operations."
AA.VII.B.R1,risk-management,explanation,auto,from the Task B References line,"Planning for a potential powerplant failure during takeoff considering operational factors (e.g., takeoff warning inhibit systems, other airplane characteristics, runway/takeoff path length, surface conditions, environmental conditions, obstructions, and land and hold short operations."
AA.VII.B.R2,afh,explanation,auto,from the Task B References line,"Briefing the plan for a powerplant failure during takeoff, in a crew environment."
AA.VII.B.R2,phak,explanation,auto,from the Task B References line,"Briefing the plan for a powerplant failure during takeoff, in a crew environment."
AA.VII.B.R2,risk-management,explanation,auto,from the Task B References line,"Briefing the plan for a powerplant failure during takeoff, in a crew environment."
AA.VII.B.R3,afh,explanation,auto,from the Task B References line,Selection of the procedures or checklists to follow in an emergency.
AA.VII.B.R3,phak,explanation,auto,from the Task B References line,Selection of the procedures or checklists to follow in an emergency.
AA.VII.B.R3,risk-management,explanation,auto,from the Task B References line,Selection of the procedures or checklists to follow in an emergency.
AA.VII.B.R4,afh,explanation,auto,from the Task B References line,"Identifying the inoperative engine (AMEL, AMES)."
AA.VII.B.R4,phak,explanation,auto,from the Task B References line,"Identifying the inoperative engine (AMEL, AMES)."
AA.VII.B.R4,risk-management,explanation,auto,from the Task B References line,"Identifying the inoperative engine (AMEL, AMES)."
AA.VII.B.R5,afh,explanation,auto,from the Task B References line,"Inability to climb or maintain altitude with an inoperative powerplant (AMEL, AMES)."
AA.VII.B.R5,phak,explanation,auto,from the Task B References line,"Inability to climb or maintain altitude with an inoperative powerplant (AMEL, AMES)."
AA.VII.B.R5,risk-management,explanation,auto,from the Task B References line,"Inability to climb or maintain altitude with an inoperative powerplant (AMEL, AMES)."
AA.VII.B.R6,afh,explanation,auto,from the Task B References line,"Altitude, wind, terrain, and obstruction considerations in an emergency."
AA.VII.B.R6,phak,explanation,auto,from the Task B References line,"Altitude, wind, terrain, and obstruction considerations in an emergency."
AA.VII.B.R6,risk-management,explanation,auto,from the Task B References line,"Altitude, wind, terrain, and obstruction considerations in an emergency."
AA.VII.B.R7,afh,explanation,auto,from the Task B References line,"Low altitude maneuvering, including stall, spin, or controlled flight into terrain (CFIT)."
AA.VII.B.R7,phak,explanation,auto,from the Task B References line,"Low altitude maneuvering, including stall, spin, or controlled flight into terrain (CFIT)."
AA.VII.B.R7,risk-management,explanation,auto,from the Task B References line,"Low altitude maneuvering, including stall, spin, or controlled flight into terrain (CFIT)."
AA.VII.B.R8,afh,explanation,auto,from the Task B References line,"Distractions, task prioritization, loss of situational awareness, or disorientation."
AA.VII.B.R8,phak,explanation,auto,from the Task B References line,"Distractions, task prioritization, loss of situational awareness, or disorientation."
AA.VII.B.R8,risk-management,explanation,auto,from the Task B References line,"Distractions, task prioritization, loss of situational awareness, or disorientation."
AA.VII.B.S1,afh,explanation,auto,from the Task B References line,"Following the powerplant failure, maintain positive airplane control and adjust the powerplant controls as recommended by the manufacturer for the existing conditions."
AA.VII.B.S1,phak,explanation,auto,from the Task B References line,"Following the powerplant failure, maintain positive airplane control and adjust the powerplant controls as recommended by the manufacturer for the existing conditions."
AA.VII.B.S1,risk-management,explanation,auto,from the Task B References line,"Following the powerplant failure, maintain positive airplane control and adjust the powerplant controls as recommended by the manufacturer for the existing conditions."
AA.VII.B.S2,afh,explanation,auto,from the Task B References line,"Establish a power-off descent approximately straight-ahead if the powerplant failure occurs after becoming airborne and before reaching an altitude where a safe turn can be made (ASEL, ASES) or the performance capabilities and operating limitations of the airplane do not allow the climb to continue "
AA.VII.B.S2,phak,explanation,auto,from the Task B References line,"Establish a power-off descent approximately straight-ahead if the powerplant failure occurs after becoming airborne and before reaching an altitude where a safe turn can be made (ASEL, ASES) or the performance capabilities and operating limitations of the airplane do not allow the climb to continue "
AA.VII.B.S2,risk-management,explanation,auto,from the Task B References line,"Establish a power-off descent approximately straight-ahead if the powerplant failure occurs after becoming airborne and before reaching an altitude where a safe turn can be made (ASEL, ASES) or the performance capabilities and operating limitations of the airplane do not allow the climb to continue "
AA.VII.B.S3,afh,explanation,auto,from the Task B References line,"Continue the takeoff if the (simulated) powerplant failure occurs at a point where the airplane can continue to a specified airspeed and altitude at the end of the runway commensurate with the airplane’s performance capabilities and operating limitations (AMEL, AMES)."
AA.VII.B.S3,phak,explanation,auto,from the Task B References line,"Continue the takeoff if the (simulated) powerplant failure occurs at a point where the airplane can continue to a specified airspeed and altitude at the end of the runway commensurate with the airplane’s performance capabilities and operating limitations (AMEL, AMES)."
AA.VII.B.S3,risk-management,explanation,auto,from the Task B References line,"Continue the takeoff if the (simulated) powerplant failure occurs at a point where the airplane can continue to a specified airspeed and altitude at the end of the runway commensurate with the airplane’s performance capabilities and operating limitations (AMEL, AMES)."
AA.VII.B.S4,afh,explanation,auto,from the Task B References line,"After establishing a climb, maintain the desired airspeed, ±5 knots. Use flight controls in the proper combination as recommended by the manufacturer, or as required, to maintain best performance and trim as required (AMEL, AMES)."
AA.VII.B.S4,phak,explanation,auto,from the Task B References line,"After establishing a climb, maintain the desired airspeed, ±5 knots. Use flight controls in the proper combination as recommended by the manufacturer, or as required, to maintain best performance and trim as required (AMEL, AMES)."
AA.VII.B.S4,risk-management,explanation,auto,from the Task B References line,"After establishing a climb, maintain the desired airspeed, ±5 knots. Use flight controls in the proper combination as recommended by the manufacturer, or as required, to maintain best performance and trim as required (AMEL, AMES)."
AA.VII.B.S5,afh,explanation,auto,from the Task B References line,"Maintain the appropriate heading, ±5°, when powerplant failure occurs (AMEL, AMES)."
AA.VII.B.S5,phak,explanation,auto,from the Task B References line,"Maintain the appropriate heading, ±5°, when powerplant failure occurs (AMEL, AMES)."
AA.VII.B.S5,risk-management,explanation,auto,from the Task B References line,"Maintain the appropriate heading, ±5°, when powerplant failure occurs (AMEL, AMES)."
AA.VII.B.S6,afh,explanation,auto,from the Task B References line,"Coordinate with crew, if applicable, and complete the appropriate checklist(s) following the powerplant failure. 51"
AA.VII.B.S6,phak,explanation,auto,from the Task B References line,"Coordinate with crew, if applicable, and complete the appropriate checklist(s) following the powerplant failure. 51"
AA.VII.B.S6,risk-management,explanation,auto,from the Task B References line,"Coordinate with crew, if applicable, and complete the appropriate checklist(s) following the powerplant failure. 51"
AA.VII.B.S7,afh,explanation,auto,from the Task B References line,"Communicate with air traffic control (ATC) and the evaluator, as appropriate for the situation."
AA.VII.B.S7,phak,explanation,auto,from the Task B References line,"Communicate with air traffic control (ATC) and the evaluator, as appropriate for the situation."
AA.VII.B.S7,risk-management,explanation,auto,from the Task B References line,"Communicate with air traffic control (ATC) and the evaluator, as appropriate for the situation."
AA.VII.C.K1,afh,explanation,auto,from the Task C References line,Immediate action items and emergency procedures for a forced landing.
AA.VII.C.K1,phak,explanation,auto,from the Task C References line,Immediate action items and emergency procedures for a forced landing.
AA.VII.C.K1,risk-management,explanation,auto,from the Task C References line,Immediate action items and emergency procedures for a forced landing.
AA.VII.C.K2,afh,explanation,auto,from the Task C References line,"Airspeed, including:"
AA.VII.C.K2,phak,explanation,auto,from the Task C References line,"Airspeed, including:"
AA.VII.C.K2,risk-management,explanation,auto,from the Task C References line,"Airspeed, including:"
AA.VII.C.K2a,afh,explanation,auto,from the Task C References line,a. Importance of best glide speed and its relationship to distance
AA.VII.C.K2a,phak,explanation,auto,from the Task C References line,a. Importance of best glide speed and its relationship to distance
AA.VII.C.K2a,risk-management,explanation,auto,from the Task C References line,a. Importance of best glide speed and its relationship to distance
AA.VII.C.K2b,afh,explanation,auto,from the Task C References line,b. Difference between best glide speed and minimum sink speed
AA.VII.C.K2b,phak,explanation,auto,from the Task C References line,b. Difference between best glide speed and minimum sink speed
AA.VII.C.K2b,risk-management,explanation,auto,from the Task C References line,b. Difference between best glide speed and minimum sink speed
AA.VII.C.K2c,afh,explanation,auto,from the Task C References line,c. Effects of wind on glide distance
AA.VII.C.K2c,phak,explanation,auto,from the Task C References line,c. Effects of wind on glide distance
AA.VII.C.K2c,risk-management,explanation,auto,from the Task C References line,c. Effects of wind on glide distance
AA.VII.C.K3,afh,explanation,auto,from the Task C References line,Effects of atmospheric conditions on emergency approach and landing.
AA.VII.C.K3,phak,explanation,auto,from the Task C References line,Effects of atmospheric conditions on emergency approach and landing.
AA.VII.C.K3,risk-management,explanation,auto,from the Task C References line,Effects of atmospheric conditions on emergency approach and landing.
AA.VII.C.K4,afh,explanation,auto,from the Task C References line,"A stabilized approach, including energy management concepts."
AA.VII.C.K4,phak,explanation,auto,from the Task C References line,"A stabilized approach, including energy management concepts."
AA.VII.C.K4,risk-management,explanation,auto,from the Task C References line,"A stabilized approach, including energy management concepts."
AA.VII.C.K5,afh,explanation,auto,from the Task C References line,Emergency Locator Transmitters (ELTs) and other emergency locating devices.
AA.VII.C.K5,phak,explanation,auto,from the Task C References line,Emergency Locator Transmitters (ELTs) and other emergency locating devices.
AA.VII.C.K5,risk-management,explanation,auto,from the Task C References line,Emergency Locator Transmitters (ELTs) and other emergency locating devices.
AA.VII.C.K6,afh,explanation,auto,from the Task C References line,Air traffic control (ATC) services to aircraft in distress.
AA.VII.C.K6,phak,explanation,auto,from the Task C References line,Air traffic control (ATC) services to aircraft in distress.
AA.VII.C.K6,risk-management,explanation,auto,from the Task C References line,Air traffic control (ATC) services to aircraft in distress.
AA.VII.C.R1,afh,explanation,auto,from the Task C References line,"Altitude, wind, terrain, obstructions, gliding distance, and available landing distance considerations."
AA.VII.C.R1,phak,explanation,auto,from the Task C References line,"Altitude, wind, terrain, obstructions, gliding distance, and available landing distance considerations."
AA.VII.C.R1,risk-management,explanation,auto,from the Task C References line,"Altitude, wind, terrain, obstructions, gliding distance, and available landing distance considerations."
AA.VII.C.R2,afh,explanation,auto,from the Task C References line,Following or changing the planned flightpath to the selected landing area.
AA.VII.C.R2,phak,explanation,auto,from the Task C References line,Following or changing the planned flightpath to the selected landing area.
AA.VII.C.R2,risk-management,explanation,auto,from the Task C References line,Following or changing the planned flightpath to the selected landing area.
AA.VII.C.R3,afh,explanation,auto,from the Task C References line,Collision hazards.
AA.VII.C.R3,phak,explanation,auto,from the Task C References line,Collision hazards.
AA.VII.C.R3,risk-management,explanation,auto,from the Task C References line,Collision hazards.
AA.VII.C.R4,afh,explanation,auto,from the Task C References line,Configuring the airplane.
AA.VII.C.R4,phak,explanation,auto,from the Task C References line,Configuring the airplane.
AA.VII.C.R4,risk-management,explanation,auto,from the Task C References line,Configuring the airplane.
AA.VII.C.R5,afh,explanation,auto,from the Task C References line,"Low altitude maneuvering, including stall, spin, or controlled flight into terrain (CFIT)."
AA.VII.C.R5,phak,explanation,auto,from the Task C References line,"Low altitude maneuvering, including stall, spin, or controlled flight into terrain (CFIT)."
AA.VII.C.R5,risk-management,explanation,auto,from the Task C References line,"Low altitude maneuvering, including stall, spin, or controlled flight into terrain (CFIT)."
AA.VII.C.R6,afh,explanation,auto,from the Task C References line,"Distractions, task prioritization, loss of situational awareness, or disorientation."
AA.VII.C.R6,phak,explanation,auto,from the Task C References line,"Distractions, task prioritization, loss of situational awareness, or disorientation."
AA.VII.C.R6,risk-management,explanation,auto,from the Task C References line,"Distractions, task prioritization, loss of situational awareness, or disorientation."
AA.VII.C.R7,afh,explanation,auto,from the Task C References line,A powerplant failure in Instrument Meteorological Conditions (IMC).
AA.VII.C.R7,phak,explanation,auto,from the Task C References line,A powerplant failure in Instrument Meteorological Conditions (IMC).
AA.VII.C.R7,risk-management,explanation,auto,from the Task C References line,A powerplant failure in Instrument Meteorological Conditions (IMC).
AA.VII.C.S1,afh,explanation,auto,from the Task C References line,Recognize the powerplant failure.
AA.VII.C.S1,phak,explanation,auto,from the Task C References line,Recognize the powerplant failure.
AA.VII.C.S1,risk-management,explanation,auto,from the Task C References line,Recognize the powerplant failure.
AA.VII.C.S2,afh,explanation,auto,from the Task C References line,Determine the cause for the simulated powerplant failure (if altitude permits) and if a restart is a viable option.
AA.VII.C.S2,phak,explanation,auto,from the Task C References line,Determine the cause for the simulated powerplant failure (if altitude permits) and if a restart is a viable option.
AA.VII.C.S2,risk-management,explanation,auto,from the Task C References line,Determine the cause for the simulated powerplant failure (if altitude permits) and if a restart is a viable option.
AA.VII.C.S3,afh,explanation,auto,from the Task C References line,Maintain positive control throughout the maneuver.
AA.VII.C.S3,phak,explanation,auto,from the Task C References line,Maintain positive control throughout the maneuver.
AA.VII.C.S3,risk-management,explanation,auto,from the Task C References line,Maintain positive control throughout the maneuver.
AA.VII.C.S4,afh,explanation,auto,from the Task C References line,"Establish and maintain the recommended best glide airspeed, ±5 knots. 52"
AA.VII.C.S4,phak,explanation,auto,from the Task C References line,"Establish and maintain the recommended best glide airspeed, ±5 knots. 52"
AA.VII.C.S4,risk-management,explanation,auto,from the Task C References line,"Establish and maintain the recommended best glide airspeed, ±5 knots. 52"
AA.VII.C.S5,afh,explanation,auto,from the Task C References line,Configure the airplane in accordance with the Pilot's Operating Handbook (POH)\Airplane Flight Manual (AFM) and existing conditions.
AA.VII.C.S5,phak,explanation,auto,from the Task C References line,Configure the airplane in accordance with the Pilot's Operating Handbook (POH)\Airplane Flight Manual (AFM) and existing conditions.
AA.VII.C.S5,risk-management,explanation,auto,from the Task C References line,Configure the airplane in accordance with the Pilot's Operating Handbook (POH)\Airplane Flight Manual (AFM) and existing conditions.
AA.VII.C.S6,afh,explanation,auto,from the Task C References line,"Select a suitable landing area considering altitude, wind, terrain, obstructions, and available glide distance."
AA.VII.C.S6,phak,explanation,auto,from the Task C References line,"Select a suitable landing area considering altitude, wind, terrain, obstructions, and available glide distance."
AA.VII.C.S6,risk-management,explanation,auto,from the Task C References line,"Select a suitable landing area considering altitude, wind, terrain, obstructions, and available glide distance."
AA.VII.C.S7,afh,explanation,auto,from the Task C References line,Establish a proper flight path to the selected landing area.
AA.VII.C.S7,phak,explanation,auto,from the Task C References line,Establish a proper flight path to the selected landing area.
AA.VII.C.S7,risk-management,explanation,auto,from the Task C References line,Establish a proper flight path to the selected landing area.
AA.VII.C.S8,afh,explanation,auto,from the Task C References line,Complete emergency checklist items appropriate to the airplane in a timely manner and as recommended by the manufacturer or operator.
AA.VII.C.S8,phak,explanation,auto,from the Task C References line,Complete emergency checklist items appropriate to the airplane in a timely manner and as recommended by the manufacturer or operator.
AA.VII.C.S8,risk-management,explanation,auto,from the Task C References line,Complete emergency checklist items appropriate to the airplane in a timely manner and as recommended by the manufacturer or operator.
AA.VII.C.S9,afh,explanation,auto,from the Task C References line,"Communicate with air traffic control (ATC) and the evaluator, as appropriate for the situation."
AA.VII.C.S9,phak,explanation,auto,from the Task C References line,"Communicate with air traffic control (ATC) and the evaluator, as appropriate for the situation."
AA.VII.C.S9,risk-management,explanation,auto,from the Task C References line,"Communicate with air traffic control (ATC) and the evaluator, as appropriate for the situation."
AA.VII.D.K1,afh,explanation,auto,from the Task D References line,"Flight characteristics and controllability associated with maneuvering the airplane with powerplant(s) inoperative, including the importance of drag reduction."
AA.VII.D.K1,phak,explanation,auto,from the Task D References line,"Flight characteristics and controllability associated with maneuvering the airplane with powerplant(s) inoperative, including the importance of drag reduction."
AA.VII.D.K1,risk-management,explanation,auto,from the Task D References line,"Flight characteristics and controllability associated with maneuvering the airplane with powerplant(s) inoperative, including the importance of drag reduction."
AA.VII.D.K2,afh,explanation,auto,from the Task D References line,Powerplant restart procedures and conditions where a restart attempt is appropriate.
AA.VII.D.K2,phak,explanation,auto,from the Task D References line,Powerplant restart procedures and conditions where a restart attempt is appropriate.
AA.VII.D.K2,risk-management,explanation,auto,from the Task D References line,Powerplant restart procedures and conditions where a restart attempt is appropriate.
AA.VII.D.R1,afh,explanation,auto,from the Task D References line,Powerplant(s) failure.
AA.VII.D.R1,phak,explanation,auto,from the Task D References line,Powerplant(s) failure.
AA.VII.D.R1,risk-management,explanation,auto,from the Task D References line,Powerplant(s) failure.
AA.VII.D.R2,afh,explanation,auto,from the Task D References line,Methods for handling a powerplant failure or a powerplant restart.
AA.VII.D.R2,phak,explanation,auto,from the Task D References line,Methods for handling a powerplant failure or a powerplant restart.
AA.VII.D.R2,risk-management,explanation,auto,from the Task D References line,Methods for handling a powerplant failure or a powerplant restart.
AA.VII.D.R3,afh,explanation,auto,from the Task D References line,Diagnosis of the cause of the powerplant failure.
AA.VII.D.R3,phak,explanation,auto,from the Task D References line,Diagnosis of the cause of the powerplant failure.
AA.VII.D.R3,risk-management,explanation,auto,from the Task D References line,Diagnosis of the cause of the powerplant failure.
AA.VII.D.R4,afh,explanation,auto,from the Task D References line,Collision hazards.
AA.VII.D.R4,phak,explanation,auto,from the Task D References line,Collision hazards.
AA.VII.D.R4,risk-management,explanation,auto,from the Task D References line,Collision hazards.
AA.VII.D.R5,afh,explanation,auto,from the Task D References line,Configuring the airplane.
AA.VII.D.R5,phak,explanation,auto,from the Task D References line,Configuring the airplane.
AA.VII.D.R5,risk-management,explanation,auto,from the Task D References line,Configuring the airplane.
AA.VII.D.R6,afh,explanation,auto,from the Task D References line,"Factors and situations that could lead to an inadvertent stall, spin, and loss of control with an inflight powerplant failure."
AA.VII.D.R6,phak,explanation,auto,from the Task D References line,"Factors and situations that could lead to an inadvertent stall, spin, and loss of control with an inflight powerplant failure."
AA.VII.D.R6,risk-management,explanation,auto,from the Task D References line,"Factors and situations that could lead to an inadvertent stall, spin, and loss of control with an inflight powerplant failure."
AA.VII.D.R7,afh,explanation,auto,from the Task D References line,"Distractions, task prioritization, loss of situational awareness, or disorientation."
AA.VII.D.R7,phak,explanation,auto,from the Task D References line,"Distractions, task prioritization, loss of situational awareness, or disorientation."
AA.VII.D.R7,risk-management,explanation,auto,from the Task D References line,"Distractions, task prioritization, loss of situational awareness, or disorientation."
AA.VII.D.S1,afh,explanation,auto,from the Task D References line,"Recognize and correctly identify powerplant(s) failure, complete memory items (if applicable), and maintain positive airplane control."
AA.VII.D.S1,phak,explanation,auto,from the Task D References line,"Recognize and correctly identify powerplant(s) failure, complete memory items (if applicable), and maintain positive airplane control."
AA.VII.D.S1,risk-management,explanation,auto,from the Task D References line,"Recognize and correctly identify powerplant(s) failure, complete memory items (if applicable), and maintain positive airplane control."
AA.VII.D.S2,afh,explanation,auto,from the Task D References line,"Coordinate with crew, if applicable, and complete the appropriate emergency procedures and checklist(s) for propeller feathering or powerplant shutdown."
AA.VII.D.S2,phak,explanation,auto,from the Task D References line,"Coordinate with crew, if applicable, and complete the appropriate emergency procedures and checklist(s) for propeller feathering or powerplant shutdown."
AA.VII.D.S2,risk-management,explanation,auto,from the Task D References line,"Coordinate with crew, if applicable, and complete the appropriate emergency procedures and checklist(s) for propeller feathering or powerplant shutdown."
AA.VII.D.S3,afh,explanation,auto,from the Task D References line,"Use flight controls in the proper combination as recommended by the manufacturer, or as required to maintain best performance, and trim as required."
AA.VII.D.S3,phak,explanation,auto,from the Task D References line,"Use flight controls in the proper combination as recommended by the manufacturer, or as required to maintain best performance, and trim as required."
AA.VII.D.S3,risk-management,explanation,auto,from the Task D References line,"Use flight controls in the proper combination as recommended by the manufacturer, or as required to maintain best performance, and trim as required."
AA.VII.D.S4,afh,explanation,auto,from the Task D References line,Determine the cause for the powerplant(s) failure and if a restart is a viable option. 53
AA.VII.D.S4,phak,explanation,auto,from the Task D References line,Determine the cause for the powerplant(s) failure and if a restart is a viable option. 53
AA.VII.D.S4,risk-management,explanation,auto,from the Task D References line,Determine the cause for the powerplant(s) failure and if a restart is a viable option. 53
AA.VII.D.S5,afh,explanation,auto,from the Task D References line,Maintain the operating powerplant(s) within acceptable operating limits.
AA.VII.D.S5,phak,explanation,auto,from the Task D References line,Maintain the operating powerplant(s) within acceptable operating limits.
AA.VII.D.S5,risk-management,explanation,auto,from the Task D References line,Maintain the operating powerplant(s) within acceptable operating limits.
AA.VII.D.S6,afh,explanation,auto,from the Task D References line,"Maintain airspeed ±10 knots, altitude ±100 feet, headings ±10°, as specified by the evaluator and within the airplane’s capability."
AA.VII.D.S6,phak,explanation,auto,from the Task D References line,"Maintain airspeed ±10 knots, altitude ±100 feet, headings ±10°, as specified by the evaluator and within the airplane’s capability."
AA.VII.D.S6,risk-management,explanation,auto,from the Task D References line,"Maintain airspeed ±10 knots, altitude ±100 feet, headings ±10°, as specified by the evaluator and within the airplane’s capability."
AA.VII.D.S7,afh,explanation,auto,from the Task D References line,"Consider a powerplant restart and, if appropriate, demonstrate the powerplant restart procedures in accordance with the manufacturer or operator specified procedures and checklists."
AA.VII.D.S7,phak,explanation,auto,from the Task D References line,"Consider a powerplant restart and, if appropriate, demonstrate the powerplant restart procedures in accordance with the manufacturer or operator specified procedures and checklists."
AA.VII.D.S7,risk-management,explanation,auto,from the Task D References line,"Consider a powerplant restart and, if appropriate, demonstrate the powerplant restart procedures in accordance with the manufacturer or operator specified procedures and checklists."
AA.VII.D.S8,afh,explanation,auto,from the Task D References line,Select the nearest suitable airport or landing area.
AA.VII.D.S8,phak,explanation,auto,from the Task D References line,Select the nearest suitable airport or landing area.
AA.VII.D.S8,risk-management,explanation,auto,from the Task D References line,Select the nearest suitable airport or landing area.
AA.VII.D.S9,afh,explanation,auto,from the Task D References line,"Communicate with air traffic control (ATC) and the evaluator, as appropriate for the situation."
AA.VII.D.S9,phak,explanation,auto,from the Task D References line,"Communicate with air traffic control (ATC) and the evaluator, as appropriate for the situation."
AA.VII.D.S9,risk-management,explanation,auto,from the Task D References line,"Communicate with air traffic control (ATC) and the evaluator, as appropriate for the situation."
AA.VII.E.K1,afh,explanation,auto,from the Task E References line,Flight characteristics and controllability associated with maneuvering to a landing with inoperative powerplant(s).
AA.VII.E.K1,phak,explanation,auto,from the Task E References line,Flight characteristics and controllability associated with maneuvering to a landing with inoperative powerplant(s).
AA.VII.E.K1,risk-management,explanation,auto,from the Task E References line,Flight characteristics and controllability associated with maneuvering to a landing with inoperative powerplant(s).
AA.VII.E.K2,afh,explanation,auto,from the Task E References line,Go-around/rejected landing procedures with a powerplant failure.
AA.VII.E.K2,phak,explanation,auto,from the Task E References line,Go-around/rejected landing procedures with a powerplant failure.
AA.VII.E.K2,risk-management,explanation,auto,from the Task E References line,Go-around/rejected landing procedures with a powerplant failure.
AA.VII.E.K3,afh,explanation,auto,from the Task E References line,How to determine a suitable airport.
AA.VII.E.K3,phak,explanation,auto,from the Task E References line,How to determine a suitable airport.
AA.VII.E.K3,risk-management,explanation,auto,from the Task E References line,How to determine a suitable airport.
AA.VII.E.R1,afh,explanation,auto,from the Task E References line,Planning for a powerplant failure inflight or during an approach.
AA.VII.E.R1,phak,explanation,auto,from the Task E References line,Planning for a powerplant failure inflight or during an approach.
AA.VII.E.R1,risk-management,explanation,auto,from the Task E References line,Planning for a powerplant failure inflight or during an approach.
AA.VII.E.R2,afh,explanation,auto,from the Task E References line,Collision hazards.
AA.VII.E.R2,phak,explanation,auto,from the Task E References line,Collision hazards.
AA.VII.E.R2,risk-management,explanation,auto,from the Task E References line,Collision hazards.
AA.VII.E.R3,afh,explanation,auto,from the Task E References line,Configuring the airplane.
AA.VII.E.R3,phak,explanation,auto,from the Task E References line,Configuring the airplane.
AA.VII.E.R3,risk-management,explanation,auto,from the Task E References line,Configuring the airplane.
AA.VII.E.R4,afh,explanation,auto,from the Task E References line,"Low altitude maneuvering, including stall, spin, or controlled flight into terrain (CFIT)."
AA.VII.E.R4,phak,explanation,auto,from the Task E References line,"Low altitude maneuvering, including stall, spin, or controlled flight into terrain (CFIT)."
AA.VII.E.R4,risk-management,explanation,auto,from the Task E References line,"Low altitude maneuvering, including stall, spin, or controlled flight into terrain (CFIT)."
AA.VII.E.R5,afh,explanation,auto,from the Task E References line,"Distractions, task prioritization, loss of situational awareness, or disorientation."
AA.VII.E.R5,phak,explanation,auto,from the Task E References line,"Distractions, task prioritization, loss of situational awareness, or disorientation."
AA.VII.E.R5,risk-management,explanation,auto,from the Task E References line,"Distractions, task prioritization, loss of situational awareness, or disorientation."
AA.VII.E.R6,afh,explanation,auto,from the Task E References line,Performing a go-around/rejected landing with a powerplant failure.
AA.VII.E.R6,phak,explanation,auto,from the Task E References line,Performing a go-around/rejected landing with a powerplant failure.
AA.VII.E.R6,risk-management,explanation,auto,from the Task E References line,Performing a go-around/rejected landing with a powerplant failure.
AA.VII.E.S1,afh,explanation,auto,from the Task E References line,"Recognize and correctly identify powerplant(s) failure, complete memory items (if applicable), and maintain positive airplane control."
AA.VII.E.S1,phak,explanation,auto,from the Task E References line,"Recognize and correctly identify powerplant(s) failure, complete memory items (if applicable), and maintain positive airplane control."
AA.VII.E.S1,risk-management,explanation,auto,from the Task E References line,"Recognize and correctly identify powerplant(s) failure, complete memory items (if applicable), and maintain positive airplane control."
AA.VII.E.S10,afh,explanation,auto,from the Task E References line,"Touch down at the appropriate speed and pitch attitude at the runway aiming point markings -250/+500 feet, or where there are no runway markings 750 to 1,500 feet from the approach threshold of the runway (AMEL)."
AA.VII.E.S10,phak,explanation,auto,from the Task E References line,"Touch down at the appropriate speed and pitch attitude at the runway aiming point markings -250/+500 feet, or where there are no runway markings 750 to 1,500 feet from the approach threshold of the runway (AMEL)."
AA.VII.E.S10,risk-management,explanation,auto,from the Task E References line,"Touch down at the appropriate speed and pitch attitude at the runway aiming point markings -250/+500 feet, or where there are no runway markings 750 to 1,500 feet from the approach threshold of the runway (AMEL)."
AA.VII.E.S11,afh,explanation,auto,from the Task E References line,"During round out and touchdown contact the water at the proper pitch attitude within 200 feet beyond a specified point. In addition, for AMES, the touchdown is within the first one-third of the water landing area."
AA.VII.E.S11,phak,explanation,auto,from the Task E References line,"During round out and touchdown contact the water at the proper pitch attitude within 200 feet beyond a specified point. In addition, for AMES, the touchdown is within the first one-third of the water landing area."
AA.VII.E.S11,risk-management,explanation,auto,from the Task E References line,"During round out and touchdown contact the water at the proper pitch attitude within 200 feet beyond a specified point. In addition, for AMES, the touchdown is within the first one-third of the water landing area."
AA.VII.E.S12,afh,explanation,auto,from the Task E References line,"Maintain positive aircraft control throughout the landing using drag and braking devices, as appropriate, to come to a stop."
AA.VII.E.S12,phak,explanation,auto,from the Task E References line,"Maintain positive aircraft control throughout the landing using drag and braking devices, as appropriate, to come to a stop."
AA.VII.E.S12,risk-management,explanation,auto,from the Task E References line,"Maintain positive aircraft control throughout the landing using drag and braking devices, as appropriate, to come to a stop."
AA.VII.E.S13,afh,explanation,auto,from the Task E References line,"Coordinate with crew, if applicable, and complete after landing checklists."
AA.VII.E.S13,phak,explanation,auto,from the Task E References line,"Coordinate with crew, if applicable, and complete after landing checklists."
AA.VII.E.S13,risk-management,explanation,auto,from the Task E References line,"Coordinate with crew, if applicable, and complete after landing checklists."
AA.VII.E.S2,afh,explanation,auto,from the Task E References line,"Coordinate with crew, if applicable, and complete the appropriate emergency procedures and checklist(s) for simulated propeller feathering or simulated powerplant shutdown."
AA.VII.E.S2,phak,explanation,auto,from the Task E References line,"Coordinate with crew, if applicable, and complete the appropriate emergency procedures and checklist(s) for simulated propeller feathering or simulated powerplant shutdown."
AA.VII.E.S2,risk-management,explanation,auto,from the Task E References line,"Coordinate with crew, if applicable, and complete the appropriate emergency procedures and checklist(s) for simulated propeller feathering or simulated powerplant shutdown."
AA.VII.E.S3,afh,explanation,auto,from the Task E References line,Use flight controls and configure the aircraft as required to maintain best performance or as recommended by the manufacturer.
AA.VII.E.S3,phak,explanation,auto,from the Task E References line,Use flight controls and configure the aircraft as required to maintain best performance or as recommended by the manufacturer.
AA.VII.E.S3,risk-management,explanation,auto,from the Task E References line,Use flight controls and configure the aircraft as required to maintain best performance or as recommended by the manufacturer.
AA.VII.E.S4,afh,explanation,auto,from the Task E References line,Maintain the operating powerplant(s) within acceptable operating limits.
AA.VII.E.S4,phak,explanation,auto,from the Task E References line,Maintain the operating powerplant(s) within acceptable operating limits.
AA.VII.E.S4,risk-management,explanation,auto,from the Task E References line,Maintain the operating powerplant(s) within acceptable operating limits.
AA.VII.E.S5,afh,explanation,auto,from the Task E References line,"Communicate with air traffic control (ATC) and the evaluator, as appropriate for the situation. 54"
AA.VII.E.S5,phak,explanation,auto,from the Task E References line,"Communicate with air traffic control (ATC) and the evaluator, as appropriate for the situation. 54"
AA.VII.E.S5,risk-management,explanation,auto,from the Task E References line,"Communicate with air traffic control (ATC) and the evaluator, as appropriate for the situation. 54"
AA.VII.E.S6,afh,explanation,auto,from the Task E References line,"Prior to beginning the final approach segment, maintain the desired altitude ±100 feet, the desired airspeed ±10 knots, the desired heading ±5°, and accurately track courses, radials, and bearings."
AA.VII.E.S6,phak,explanation,auto,from the Task E References line,"Prior to beginning the final approach segment, maintain the desired altitude ±100 feet, the desired airspeed ±10 knots, the desired heading ±5°, and accurately track courses, radials, and bearings."
AA.VII.E.S6,risk-management,explanation,auto,from the Task E References line,"Prior to beginning the final approach segment, maintain the desired altitude ±100 feet, the desired airspeed ±10 knots, the desired heading ±5°, and accurately track courses, radials, and bearings."
AA.VII.E.S7,afh,explanation,auto,from the Task E References line,"Establish the recommended approach and landing configuration and airspeed, ±5 knots, and adjust pitch attitude and power as required to maintain a stabilized approach."
AA.VII.E.S7,phak,explanation,auto,from the Task E References line,"Establish the recommended approach and landing configuration and airspeed, ±5 knots, and adjust pitch attitude and power as required to maintain a stabilized approach."
AA.VII.E.S7,risk-management,explanation,auto,from the Task E References line,"Establish the recommended approach and landing configuration and airspeed, ±5 knots, and adjust pitch attitude and power as required to maintain a stabilized approach."
AA.VII.E.S8,afh,explanation,auto,from the Task E References line,Maintain directional control and appropriate crosswind correction throughout the approach and landing.
AA.VII.E.S8,phak,explanation,auto,from the Task E References line,Maintain directional control and appropriate crosswind correction throughout the approach and landing.
AA.VII.E.S8,risk-management,explanation,auto,from the Task E References line,Maintain directional control and appropriate crosswind correction throughout the approach and landing.
AA.VII.E.S9,afh,explanation,auto,from the Task E References line,"Make smooth, timely, and correct control application before, during, and after touchdown."
AA.VII.E.S9,phak,explanation,auto,from the Task E References line,"Make smooth, timely, and correct control application before, during, and after touchdown."
AA.VII.E.S9,risk-management,explanation,auto,from the Task E References line,"Make smooth, timely, and correct control application before, during, and after touchdown."
AA.VII.F.K1,afh,explanation,auto,from the Task F References line,Flight characteristics and controllability associated with maneuvering to a landing with inoperative powerplant(s).
AA.VII.F.K1,ifh,explanation,auto,from the Task F References line,Flight characteristics and controllability associated with maneuvering to a landing with inoperative powerplant(s).
AA.VII.F.K1,iph,explanation,auto,from the Task F References line,Flight characteristics and controllability associated with maneuvering to a landing with inoperative powerplant(s).
AA.VII.F.K1,phak,explanation,auto,from the Task F References line,Flight characteristics and controllability associated with maneuvering to a landing with inoperative powerplant(s).
AA.VII.F.K1,risk-management,explanation,auto,from the Task F References line,Flight characteristics and controllability associated with maneuvering to a landing with inoperative powerplant(s).
AA.VII.F.K2,afh,explanation,auto,from the Task F References line,Missed approach considerations with a powerplant failure.
AA.VII.F.K2,ifh,explanation,auto,from the Task F References line,Missed approach considerations with a powerplant failure.
AA.VII.F.K2,iph,explanation,auto,from the Task F References line,Missed approach considerations with a powerplant failure.
AA.VII.F.K2,phak,explanation,auto,from the Task F References line,Missed approach considerations with a powerplant failure.
AA.VII.F.K2,risk-management,explanation,auto,from the Task F References line,Missed approach considerations with a powerplant failure.
AA.VII.F.K3,afh,explanation,auto,from the Task F References line,How to determine a suitable airport.
AA.VII.F.K3,ifh,explanation,auto,from the Task F References line,How to determine a suitable airport.
AA.VII.F.K3,iph,explanation,auto,from the Task F References line,How to determine a suitable airport.
AA.VII.F.K3,phak,explanation,auto,from the Task F References line,How to determine a suitable airport.
AA.VII.F.K3,risk-management,explanation,auto,from the Task F References line,How to determine a suitable airport.
AA.VII.F.R1,afh,explanation,auto,from the Task F References line,Planning for a powerplant failure inflight or during an approach.
AA.VII.F.R1,ifh,explanation,auto,from the Task F References line,Planning for a powerplant failure inflight or during an approach.
AA.VII.F.R1,iph,explanation,auto,from the Task F References line,Planning for a powerplant failure inflight or during an approach.
AA.VII.F.R1,phak,explanation,auto,from the Task F References line,Planning for a powerplant failure inflight or during an approach.
AA.VII.F.R1,risk-management,explanation,auto,from the Task F References line,Planning for a powerplant failure inflight or during an approach.
AA.VII.F.R2,afh,explanation,auto,from the Task F References line,Collision hazards.
AA.VII.F.R2,ifh,explanation,auto,from the Task F References line,Collision hazards.
AA.VII.F.R2,iph,explanation,auto,from the Task F References line,Collision hazards.
AA.VII.F.R2,phak,explanation,auto,from the Task F References line,Collision hazards.
AA.VII.F.R2,risk-management,explanation,auto,from the Task F References line,Collision hazards.
AA.VII.F.R3,afh,explanation,auto,from the Task F References line,Configuring the airplane.
AA.VII.F.R3,ifh,explanation,auto,from the Task F References line,Configuring the airplane.
AA.VII.F.R3,iph,explanation,auto,from the Task F References line,Configuring the airplane.
AA.VII.F.R3,phak,explanation,auto,from the Task F References line,Configuring the airplane.
AA.VII.F.R3,risk-management,explanation,auto,from the Task F References line,Configuring the airplane.
AA.VII.F.R4,afh,explanation,auto,from the Task F References line,"Low altitude maneuvering, including stall, spin, or controlled flight into terrain (CFIT)."
AA.VII.F.R4,ifh,explanation,auto,from the Task F References line,"Low altitude maneuvering, including stall, spin, or controlled flight into terrain (CFIT)."
AA.VII.F.R4,iph,explanation,auto,from the Task F References line,"Low altitude maneuvering, including stall, spin, or controlled flight into terrain (CFIT)."
AA.VII.F.R4,phak,explanation,auto,from the Task F References line,"Low altitude maneuvering, including stall, spin, or controlled flight into terrain (CFIT)."
AA.VII.F.R4,risk-management,explanation,auto,from the Task F References line,"Low altitude maneuvering, including stall, spin, or controlled flight into terrain (CFIT)."
AA.VII.F.R5,afh,explanation,auto,from the Task F References line,"Distractions, task prioritization, loss of situational awareness, or disorientation."
AA.VII.F.R5,ifh,explanation,auto,from the Task F References line,"Distractions, task prioritization, loss of situational awareness, or disorientation."
AA.VII.F.R5,iph,explanation,auto,from the Task F References line,"Distractions, task prioritization, loss of situational awareness, or disorientation."
AA.VII.F.R5,phak,explanation,auto,from the Task F References line,"Distractions, task prioritization, loss of situational awareness, or disorientation."
AA.VII.F.R5,risk-management,explanation,auto,from the Task F References line,"Distractions, task prioritization, loss of situational awareness, or disorientation."
AA.VII.F.R6,afh,explanation,auto,from the Task F References line,Landing with a powerplant failure.
AA.VII.F.R6,ifh,explanation,auto,from the Task F References line,Landing with a powerplant failure.
AA.VII.F.R6,iph,explanation,auto,from the Task F References line,Landing with a powerplant failure.
AA.VII.F.R6,phak,explanation,auto,from the Task F References line,Landing with a powerplant failure.
AA.VII.F.R6,risk-management,explanation,auto,from the Task F References line,Landing with a powerplant failure.
AA.VII.F.R7,afh,explanation,auto,from the Task F References line,Missed approach with a powerplant failure. 55
AA.VII.F.R7,ifh,explanation,auto,from the Task F References line,Missed approach with a powerplant failure. 55
AA.VII.F.R7,iph,explanation,auto,from the Task F References line,Missed approach with a powerplant failure. 55
AA.VII.F.R7,phak,explanation,auto,from the Task F References line,Missed approach with a powerplant failure. 55
AA.VII.F.R7,risk-management,explanation,auto,from the Task F References line,Missed approach with a powerplant failure. 55
AA.VII.F.R8,afh,explanation,auto,from the Task F References line,Maneuvering in instrument meteorological conditions (IMC) with a powerplant failure.
AA.VII.F.R8,ifh,explanation,auto,from the Task F References line,Maneuvering in instrument meteorological conditions (IMC) with a powerplant failure.
AA.VII.F.R8,iph,explanation,auto,from the Task F References line,Maneuvering in instrument meteorological conditions (IMC) with a powerplant failure.
AA.VII.F.R8,phak,explanation,auto,from the Task F References line,Maneuvering in instrument meteorological conditions (IMC) with a powerplant failure.
AA.VII.F.R8,risk-management,explanation,auto,from the Task F References line,Maneuvering in instrument meteorological conditions (IMC) with a powerplant failure.
AA.VII.F.S1,afh,explanation,auto,from the Task F References line,"Recognize and correctly identify powerplant(s) failure, complete memory items (if applicable), and maintain positive airplane control."
AA.VII.F.S1,ifh,explanation,auto,from the Task F References line,"Recognize and correctly identify powerplant(s) failure, complete memory items (if applicable), and maintain positive airplane control."
AA.VII.F.S1,iph,explanation,auto,from the Task F References line,"Recognize and correctly identify powerplant(s) failure, complete memory items (if applicable), and maintain positive airplane control."
AA.VII.F.S1,phak,explanation,auto,from the Task F References line,"Recognize and correctly identify powerplant(s) failure, complete memory items (if applicable), and maintain positive airplane control."
AA.VII.F.S1,risk-management,explanation,auto,from the Task F References line,"Recognize and correctly identify powerplant(s) failure, complete memory items (if applicable), and maintain positive airplane control."
AA.VII.F.S10,afh,explanation,auto,from the Task F References line,"Apply adjustments to the published decision altitude (DA)/decision height (DH) and visibility criteria for the aircraft approach category, as appropriate, for factors that include Notices to Air Missions (NOTAMs), inoperative aircraft or navigation equipment, inoperative visual aids associated with "
AA.VII.F.S10,ifh,explanation,auto,from the Task F References line,"Apply adjustments to the published decision altitude (DA)/decision height (DH) and visibility criteria for the aircraft approach category, as appropriate, for factors that include Notices to Air Missions (NOTAMs), inoperative aircraft or navigation equipment, inoperative visual aids associated with "
AA.VII.F.S10,iph,explanation,auto,from the Task F References line,"Apply adjustments to the published decision altitude (DA)/decision height (DH) and visibility criteria for the aircraft approach category, as appropriate, for factors that include Notices to Air Missions (NOTAMs), inoperative aircraft or navigation equipment, inoperative visual aids associated with "
AA.VII.F.S10,phak,explanation,auto,from the Task F References line,"Apply adjustments to the published decision altitude (DA)/decision height (DH) and visibility criteria for the aircraft approach category, as appropriate, for factors that include Notices to Air Missions (NOTAMs), inoperative aircraft or navigation equipment, inoperative visual aids associated with "
AA.VII.F.S10,risk-management,explanation,auto,from the Task F References line,"Apply adjustments to the published decision altitude (DA)/decision height (DH) and visibility criteria for the aircraft approach category, as appropriate, for factors that include Notices to Air Missions (NOTAMs), inoperative aircraft or navigation equipment, inoperative visual aids associated with "
AA.VII.F.S11,afh,explanation,auto,from the Task F References line,"Establish a predetermined rate of descent at the point where vertical guidance begins, which approximates that required for the aircraft to follow the vertical guidance."
AA.VII.F.S11,ifh,explanation,auto,from the Task F References line,"Establish a predetermined rate of descent at the point where vertical guidance begins, which approximates that required for the aircraft to follow the vertical guidance."
AA.VII.F.S11,iph,explanation,auto,from the Task F References line,"Establish a predetermined rate of descent at the point where vertical guidance begins, which approximates that required for the aircraft to follow the vertical guidance."
AA.VII.F.S11,phak,explanation,auto,from the Task F References line,"Establish a predetermined rate of descent at the point where vertical guidance begins, which approximates that required for the aircraft to follow the vertical guidance."
AA.VII.F.S11,risk-management,explanation,auto,from the Task F References line,"Establish a predetermined rate of descent at the point where vertical guidance begins, which approximates that required for the aircraft to follow the vertical guidance."
AA.VII.F.S12,afh,explanation,auto,from the Task F References line,"Fly and maintain a stabilized approach, adjusting pitch and power as required, allowing no more than ¼-scale deflection of either the vertical or lateral guidance indications."
AA.VII.F.S12,ifh,explanation,auto,from the Task F References line,"Fly and maintain a stabilized approach, adjusting pitch and power as required, allowing no more than ¼-scale deflection of either the vertical or lateral guidance indications."
AA.VII.F.S12,iph,explanation,auto,from the Task F References line,"Fly and maintain a stabilized approach, adjusting pitch and power as required, allowing no more than ¼-scale deflection of either the vertical or lateral guidance indications."
AA.VII.F.S12,phak,explanation,auto,from the Task F References line,"Fly and maintain a stabilized approach, adjusting pitch and power as required, allowing no more than ¼-scale deflection of either the vertical or lateral guidance indications."
AA.VII.F.S12,risk-management,explanation,auto,from the Task F References line,"Fly and maintain a stabilized approach, adjusting pitch and power as required, allowing no more than ¼-scale deflection of either the vertical or lateral guidance indications."
AA.VII.F.S13,afh,explanation,auto,from the Task F References line,Maintain a stabilized final approach from the final approach fix (FAF) to the DA/DH allowing no more than ¼-scale deflection of either the vertical or lateral guidance indications and maintain the desired airspeed ±5 knots.
AA.VII.F.S13,ifh,explanation,auto,from the Task F References line,Maintain a stabilized final approach from the final approach fix (FAF) to the DA/DH allowing no more than ¼-scale deflection of either the vertical or lateral guidance indications and maintain the desired airspeed ±5 knots.
AA.VII.F.S13,iph,explanation,auto,from the Task F References line,Maintain a stabilized final approach from the final approach fix (FAF) to the DA/DH allowing no more than ¼-scale deflection of either the vertical or lateral guidance indications and maintain the desired airspeed ±5 knots.
AA.VII.F.S13,phak,explanation,auto,from the Task F References line,Maintain a stabilized final approach from the final approach fix (FAF) to the DA/DH allowing no more than ¼-scale deflection of either the vertical or lateral guidance indications and maintain the desired airspeed ±5 knots.
AA.VII.F.S13,risk-management,explanation,auto,from the Task F References line,Maintain a stabilized final approach from the final approach fix (FAF) to the DA/DH allowing no more than ¼-scale deflection of either the vertical or lateral guidance indications and maintain the desired airspeed ±5 knots.
AA.VII.F.S14,afh,explanation,auto,from the Task F References line,Maintain directional control and appropriate crosswind correction throughout the approach and landing or missed approach.
AA.VII.F.S14,ifh,explanation,auto,from the Task F References line,Maintain directional control and appropriate crosswind correction throughout the approach and landing or missed approach.
AA.VII.F.S14,iph,explanation,auto,from the Task F References line,Maintain directional control and appropriate crosswind correction throughout the approach and landing or missed approach.
AA.VII.F.S14,phak,explanation,auto,from the Task F References line,Maintain directional control and appropriate crosswind correction throughout the approach and landing or missed approach.
AA.VII.F.S14,risk-management,explanation,auto,from the Task F References line,Maintain directional control and appropriate crosswind correction throughout the approach and landing or missed approach.
AA.VII.F.S15,afh,explanation,auto,from the Task F References line,"Upon reaching the DA/DH, immediately initiate the missed approach procedures if the required visual references for the runway are not distinctly visible and identifiable (or if in a seaplane); or transition to a normal landing approach only when the aircraft is in a position from which a descent to "
AA.VII.F.S15,ifh,explanation,auto,from the Task F References line,"Upon reaching the DA/DH, immediately initiate the missed approach procedures if the required visual references for the runway are not distinctly visible and identifiable (or if in a seaplane); or transition to a normal landing approach only when the aircraft is in a position from which a descent to "
AA.VII.F.S15,iph,explanation,auto,from the Task F References line,"Upon reaching the DA/DH, immediately initiate the missed approach procedures if the required visual references for the runway are not distinctly visible and identifiable (or if in a seaplane); or transition to a normal landing approach only when the aircraft is in a position from which a descent to "
AA.VII.F.S15,phak,explanation,auto,from the Task F References line,"Upon reaching the DA/DH, immediately initiate the missed approach procedures if the required visual references for the runway are not distinctly visible and identifiable (or if in a seaplane); or transition to a normal landing approach only when the aircraft is in a position from which a descent to "
AA.VII.F.S15,risk-management,explanation,auto,from the Task F References line,"Upon reaching the DA/DH, immediately initiate the missed approach procedures if the required visual references for the runway are not distinctly visible and identifiable (or if in a seaplane); or transition to a normal landing approach only when the aircraft is in a position from which a descent to "
AA.VII.F.S16,afh,explanation,auto,from the Task F References line,"Make smooth, timely, and correct control application before, during, and after touchdown or during the missed approach."
AA.VII.F.S16,ifh,explanation,auto,from the Task F References line,"Make smooth, timely, and correct control application before, during, and after touchdown or during the missed approach."
AA.VII.F.S16,iph,explanation,auto,from the Task F References line,"Make smooth, timely, and correct control application before, during, and after touchdown or during the missed approach."
AA.VII.F.S16,phak,explanation,auto,from the Task F References line,"Make smooth, timely, and correct control application before, during, and after touchdown or during the missed approach."
AA.VII.F.S16,risk-management,explanation,auto,from the Task F References line,"Make smooth, timely, and correct control application before, during, and after touchdown or during the missed approach."
AA.VII.F.S2,afh,explanation,auto,from the Task F References line,"Coordinate with crew, if applicable, and complete the appropriate emergency procedures and checklist(s) for simulated propeller feathering or simulated powerplant shutdown."
AA.VII.F.S2,ifh,explanation,auto,from the Task F References line,"Coordinate with crew, if applicable, and complete the appropriate emergency procedures and checklist(s) for simulated propeller feathering or simulated powerplant shutdown."
AA.VII.F.S2,iph,explanation,auto,from the Task F References line,"Coordinate with crew, if applicable, and complete the appropriate emergency procedures and checklist(s) for simulated propeller feathering or simulated powerplant shutdown."
AA.VII.F.S2,phak,explanation,auto,from the Task F References line,"Coordinate with crew, if applicable, and complete the appropriate emergency procedures and checklist(s) for simulated propeller feathering or simulated powerplant shutdown."
AA.VII.F.S2,risk-management,explanation,auto,from the Task F References line,"Coordinate with crew, if applicable, and complete the appropriate emergency procedures and checklist(s) for simulated propeller feathering or simulated powerplant shutdown."
AA.VII.F.S3,afh,explanation,auto,from the Task F References line,Use flight controls and configure the aircraft as required to maintain best performance or as recommended by the manufacturer.
AA.VII.F.S3,ifh,explanation,auto,from the Task F References line,Use flight controls and configure the aircraft as required to maintain best performance or as recommended by the manufacturer.
AA.VII.F.S3,iph,explanation,auto,from the Task F References line,Use flight controls and configure the aircraft as required to maintain best performance or as recommended by the manufacturer.
AA.VII.F.S3,phak,explanation,auto,from the Task F References line,Use flight controls and configure the aircraft as required to maintain best performance or as recommended by the manufacturer.
AA.VII.F.S3,risk-management,explanation,auto,from the Task F References line,Use flight controls and configure the aircraft as required to maintain best performance or as recommended by the manufacturer.
AA.VII.F.S4,afh,explanation,auto,from the Task F References line,Maintain the operating powerplant(s) within acceptable operating limits.
AA.VII.F.S4,ifh,explanation,auto,from the Task F References line,Maintain the operating powerplant(s) within acceptable operating limits.
AA.VII.F.S4,iph,explanation,auto,from the Task F References line,Maintain the operating powerplant(s) within acceptable operating limits.
AA.VII.F.S4,phak,explanation,auto,from the Task F References line,Maintain the operating powerplant(s) within acceptable operating limits.
AA.VII.F.S4,risk-management,explanation,auto,from the Task F References line,Maintain the operating powerplant(s) within acceptable operating limits.
AA.VII.F.S5,afh,explanation,auto,from the Task F References line,Make radio calls as appropriate.
AA.VII.F.S5,ifh,explanation,auto,from the Task F References line,Make radio calls as appropriate.
AA.VII.F.S5,iph,explanation,auto,from the Task F References line,Make radio calls as appropriate.
AA.VII.F.S5,phak,explanation,auto,from the Task F References line,Make radio calls as appropriate.
AA.VII.F.S5,risk-management,explanation,auto,from the Task F References line,Make radio calls as appropriate.
AA.VII.F.S6,afh,explanation,auto,from the Task F References line,Proceed toward the nearest suitable airport.
AA.VII.F.S6,ifh,explanation,auto,from the Task F References line,Proceed toward the nearest suitable airport.
AA.VII.F.S6,iph,explanation,auto,from the Task F References line,Proceed toward the nearest suitable airport.
AA.VII.F.S6,phak,explanation,auto,from the Task F References line,Proceed toward the nearest suitable airport.
AA.VII.F.S6,risk-management,explanation,auto,from the Task F References line,Proceed toward the nearest suitable airport.
AA.VII.F.S7,afh,explanation,auto,from the Task F References line,"Coordinate with crew, if applicable, and complete the approach and landing checklists."
AA.VII.F.S7,ifh,explanation,auto,from the Task F References line,"Coordinate with crew, if applicable, and complete the approach and landing checklists."
AA.VII.F.S7,iph,explanation,auto,from the Task F References line,"Coordinate with crew, if applicable, and complete the approach and landing checklists."
AA.VII.F.S7,phak,explanation,auto,from the Task F References line,"Coordinate with crew, if applicable, and complete the approach and landing checklists."
AA.VII.F.S7,risk-management,explanation,auto,from the Task F References line,"Coordinate with crew, if applicable, and complete the approach and landing checklists."
AA.VII.F.S8,afh,explanation,auto,from the Task F References line,Establish the appropriate airplane configuration and airspeed considering meteorological and operating conditions.
AA.VII.F.S8,ifh,explanation,auto,from the Task F References line,Establish the appropriate airplane configuration and airspeed considering meteorological and operating conditions.
AA.VII.F.S8,iph,explanation,auto,from the Task F References line,Establish the appropriate airplane configuration and airspeed considering meteorological and operating conditions.
AA.VII.F.S8,phak,explanation,auto,from the Task F References line,Establish the appropriate airplane configuration and airspeed considering meteorological and operating conditions.
AA.VII.F.S8,risk-management,explanation,auto,from the Task F References line,Establish the appropriate airplane configuration and airspeed considering meteorological and operating conditions.
AA.VII.F.S9,afh,explanation,auto,from the Task F References line,"Prior to beginning the final approach segment, maintain the desired altitude ±100 feet, the desired airspeed ±10 knots, the desired heading ±5°, and accurately track courses, radials, and bearings."
AA.VII.F.S9,ifh,explanation,auto,from the Task F References line,"Prior to beginning the final approach segment, maintain the desired altitude ±100 feet, the desired airspeed ±10 knots, the desired heading ±5°, and accurately track courses, radials, and bearings."
AA.VII.F.S9,iph,explanation,auto,from the Task F References line,"Prior to beginning the final approach segment, maintain the desired altitude ±100 feet, the desired airspeed ±10 knots, the desired heading ±5°, and accurately track courses, radials, and bearings."
AA.VII.F.S9,phak,explanation,auto,from the Task F References line,"Prior to beginning the final approach segment, maintain the desired altitude ±100 feet, the desired airspeed ±10 knots, the desired heading ±5°, and accurately track courses, radials, and bearings."
AA.VII.F.S9,risk-management,explanation,auto,from the Task F References line,"Prior to beginning the final approach segment, maintain the desired altitude ±100 feet, the desired airspeed ±10 knots, the desired heading ±5°, and accurately track courses, radials, and bearings."
AA.VII.G.K1,afh,explanation,auto,from the Task G References line,"Airplane flight characteristics when flaps, leading edge devices, and other similar devices malfunction or become inoperative."
AA.VII.G.K1,phak,explanation,auto,from the Task G References line,"Airplane flight characteristics when flaps, leading edge devices, and other similar devices malfunction or become inoperative."
AA.VII.G.K1,risk-management,explanation,auto,from the Task G References line,"Airplane flight characteristics when flaps, leading edge devices, and other similar devices malfunction or become inoperative."
AA.VII.G.K2,afh,explanation,auto,from the Task G References line,Other airplane system limitations when landing at a high speed.
AA.VII.G.K2,phak,explanation,auto,from the Task G References line,Other airplane system limitations when landing at a high speed.
AA.VII.G.K2,risk-management,explanation,auto,from the Task G References line,Other airplane system limitations when landing at a high speed.
AA.VII.G.K3,afh,explanation,auto,from the Task G References line,How to determine required landing distance and a suitable runway for landing.
AA.VII.G.K3,phak,explanation,auto,from the Task G References line,How to determine required landing distance and a suitable runway for landing.
AA.VII.G.K3,risk-management,explanation,auto,from the Task G References line,How to determine required landing distance and a suitable runway for landing.
AA.VII.G.R1,afh,explanation,auto,from the Task G References line,"Hazards associated with a no flap or nonstandard flap approach and landing, including an asymmetrical flap situation."
AA.VII.G.R1,phak,explanation,auto,from the Task G References line,"Hazards associated with a no flap or nonstandard flap approach and landing, including an asymmetrical flap situation."
AA.VII.G.R1,risk-management,explanation,auto,from the Task G References line,"Hazards associated with a no flap or nonstandard flap approach and landing, including an asymmetrical flap situation."
AA.VII.G.R2,afh,explanation,auto,from the Task G References line,"Selection of a runway based on aircraft limitations, available distance, surface conditions, and wind."
AA.VII.G.R2,phak,explanation,auto,from the Task G References line,"Selection of a runway based on aircraft limitations, available distance, surface conditions, and wind."
AA.VII.G.R2,risk-management,explanation,auto,from the Task G References line,"Selection of a runway based on aircraft limitations, available distance, surface conditions, and wind."
AA.VII.G.R3,afh,explanation,auto,from the Task G References line,Wake turbulence.
AA.VII.G.R3,phak,explanation,auto,from the Task G References line,Wake turbulence.
AA.VII.G.R3,risk-management,explanation,auto,from the Task G References line,Wake turbulence.
AA.VII.G.R4,afh,explanation,auto,from the Task G References line,Go-around/rejected landing.
AA.VII.G.R4,phak,explanation,auto,from the Task G References line,Go-around/rejected landing.
AA.VII.G.R4,risk-management,explanation,auto,from the Task G References line,Go-around/rejected landing.
AA.VII.G.R5,afh,explanation,auto,from the Task G References line,Collision hazards.
AA.VII.G.R5,phak,explanation,auto,from the Task G References line,Collision hazards.
AA.VII.G.R5,risk-management,explanation,auto,from the Task G References line,Collision hazards.
AA.VII.G.R6,afh,explanation,auto,from the Task G References line,"Low altitude maneuvering, including stall, spin, or controlled flight into terrain (CFIT)."
AA.VII.G.R6,phak,explanation,auto,from the Task G References line,"Low altitude maneuvering, including stall, spin, or controlled flight into terrain (CFIT)."
AA.VII.G.R6,risk-management,explanation,auto,from the Task G References line,"Low altitude maneuvering, including stall, spin, or controlled flight into terrain (CFIT)."
AA.VII.G.R7,afh,explanation,auto,from the Task G References line,"Distractions, task prioritization, loss of situational awareness, or disorientation."
AA.VII.G.R7,phak,explanation,auto,from the Task G References line,"Distractions, task prioritization, loss of situational awareness, or disorientation."
AA.VII.G.R7,risk-management,explanation,auto,from the Task G References line,"Distractions, task prioritization, loss of situational awareness, or disorientation."
AA.VII.G.S1,afh,explanation,auto,from the Task G References line,Identify the malfunction.
AA.VII.G.S1,phak,explanation,auto,from the Task G References line,Identify the malfunction.
AA.VII.G.S1,risk-management,explanation,auto,from the Task G References line,Identify the malfunction.
AA.VII.G.S10,afh,explanation,auto,from the Task G References line,"Maintain positive aircraft control throughout the landing using drag and braking devices, as appropriate, to come to a stop. 57"
AA.VII.G.S10,phak,explanation,auto,from the Task G References line,"Maintain positive aircraft control throughout the landing using drag and braking devices, as appropriate, to come to a stop. 57"
AA.VII.G.S10,risk-management,explanation,auto,from the Task G References line,"Maintain positive aircraft control throughout the landing using drag and braking devices, as appropriate, to come to a stop. 57"
AA.VII.G.S2,afh,explanation,auto,from the Task G References line,"Coordinate with crew, if applicable, and complete applicable checklist(s) for the malfunction, approach, and landing."
AA.VII.G.S2,phak,explanation,auto,from the Task G References line,"Coordinate with crew, if applicable, and complete applicable checklist(s) for the malfunction, approach, and landing."
AA.VII.G.S2,risk-management,explanation,auto,from the Task G References line,"Coordinate with crew, if applicable, and complete applicable checklist(s) for the malfunction, approach, and landing."
AA.VII.G.S3,afh,explanation,auto,from the Task G References line,Communicate with ATC as needed and select an airport/runway with sufficient length for landing.
AA.VII.G.S3,phak,explanation,auto,from the Task G References line,Communicate with ATC as needed and select an airport/runway with sufficient length for landing.
AA.VII.G.S3,risk-management,explanation,auto,from the Task G References line,Communicate with ATC as needed and select an airport/runway with sufficient length for landing.
AA.VII.G.S4,afh,explanation,auto,from the Task G References line,Calculate the correct airspeeds/V-speeds for approach and landing.
AA.VII.G.S4,phak,explanation,auto,from the Task G References line,Calculate the correct airspeeds/V-speeds for approach and landing.
AA.VII.G.S4,risk-management,explanation,auto,from the Task G References line,Calculate the correct airspeeds/V-speeds for approach and landing.
AA.VII.G.S5,afh,explanation,auto,from the Task G References line,"Establish the recommended approach and landing configuration, airspeed, and trim, and adjust pitch attitude and power as required to maintain a stabilized approach."
AA.VII.G.S5,phak,explanation,auto,from the Task G References line,"Establish the recommended approach and landing configuration, airspeed, and trim, and adjust pitch attitude and power as required to maintain a stabilized approach."
AA.VII.G.S5,risk-management,explanation,auto,from the Task G References line,"Establish the recommended approach and landing configuration, airspeed, and trim, and adjust pitch attitude and power as required to maintain a stabilized approach."
AA.VII.G.S6,afh,explanation,auto,from the Task G References line,"Select a suitable touchdown point considering wind, landing surface, and obstructions."
AA.VII.G.S6,phak,explanation,auto,from the Task G References line,"Select a suitable touchdown point considering wind, landing surface, and obstructions."
AA.VII.G.S6,risk-management,explanation,auto,from the Task G References line,"Select a suitable touchdown point considering wind, landing surface, and obstructions."
AA.VII.G.S7,afh,explanation,auto,from the Task G References line,"Make smooth, timely, and correct control application before, during, and after touchdown."
AA.VII.G.S7,phak,explanation,auto,from the Task G References line,"Make smooth, timely, and correct control application before, during, and after touchdown."
AA.VII.G.S7,risk-management,explanation,auto,from the Task G References line,"Make smooth, timely, and correct control application before, during, and after touchdown."
AA.VII.G.S8,afh,explanation,auto,from the Task G References line,"Touch down at an acceptable point on the runway that is agreed upon between the applicant and the evaluator. Touch down at the appropriate speed and pitch attitude at the agreed upon point -250/+500 feet. (ASEL, AMEL)."
AA.VII.G.S8,phak,explanation,auto,from the Task G References line,"Touch down at an acceptable point on the runway that is agreed upon between the applicant and the evaluator. Touch down at the appropriate speed and pitch attitude at the agreed upon point -250/+500 feet. (ASEL, AMEL)."
AA.VII.G.S8,risk-management,explanation,auto,from the Task G References line,"Touch down at an acceptable point on the runway that is agreed upon between the applicant and the evaluator. Touch down at the appropriate speed and pitch attitude at the agreed upon point -250/+500 feet. (ASEL, AMEL)."
AA.VII.G.S9,afh,explanation,auto,from the Task G References line,"Touch down at an acceptable point on the landing surface. During round out and touchdown contact the water at the proper pitch attitude within 200 feet beyond a specified point (ASES, AMES). In addition, for AMES, the touchdown is within the first one-third of the water landing area."
AA.VII.G.S9,phak,explanation,auto,from the Task G References line,"Touch down at an acceptable point on the landing surface. During round out and touchdown contact the water at the proper pitch attitude within 200 feet beyond a specified point (ASES, AMES). In addition, for AMES, the touchdown is within the first one-third of the water landing area."
AA.VII.G.S9,risk-management,explanation,auto,from the Task G References line,"Touch down at an acceptable point on the landing surface. During round out and touchdown contact the water at the proper pitch attitude within 200 feet beyond a specified point (ASES, AMES). In addition, for AMES, the touchdown is within the first one-third of the water landing area."
AA.VIII.A.K1,afh,explanation,auto,from the Task A References line,"Parking, shutdown, securing, and postflight inspection."
AA.VIII.A.K1,aim,guidance,auto,from the Task A References line,"Parking, shutdown, securing, and postflight inspection."
AA.VIII.A.K1,phak,explanation,auto,from the Task A References line,"Parking, shutdown, securing, and postflight inspection."
AA.VIII.A.K1,risk-management,explanation,auto,from the Task A References line,"Parking, shutdown, securing, and postflight inspection."
AA.VIII.A.K2,afh,explanation,auto,from the Task A References line,Documenting in-flight/postflight discrepancies.
AA.VIII.A.K2,aim,guidance,auto,from the Task A References line,Documenting in-flight/postflight discrepancies.
AA.VIII.A.K2,phak,explanation,auto,from the Task A References line,Documenting in-flight/postflight discrepancies.
AA.VIII.A.K2,risk-management,explanation,auto,from the Task A References line,Documenting in-flight/postflight discrepancies.
AA.VIII.A.R1,afh,explanation,auto,from the Task A References line,Activities and distractions.
AA.VIII.A.R1,aim,guidance,auto,from the Task A References line,Activities and distractions.
AA.VIII.A.R1,phak,explanation,auto,from the Task A References line,Activities and distractions.
AA.VIII.A.R1,risk-management,explanation,auto,from the Task A References line,Activities and distractions.
AA.VIII.A.R2,afh,explanation,auto,from the Task A References line,[Archived]
AA.VIII.A.R2,aim,guidance,auto,from the Task A References line,[Archived]
AA.VIII.A.R2,phak,explanation,auto,from the Task A References line,[Archived]
AA.VIII.A.R2,risk-management,explanation,auto,from the Task A References line,[Archived]
AA.VIII.A.R3,afh,explanation,auto,from the Task A References line,"Propeller, turbofan inlet, and exhaust safety."
AA.VIII.A.R3,aim,guidance,auto,from the Task A References line,"Propeller, turbofan inlet, and exhaust safety."
AA.VIII.A.R3,phak,explanation,auto,from the Task A References line,"Propeller, turbofan inlet, and exhaust safety."
AA.VIII.A.R3,risk-management,explanation,auto,from the Task A References line,"Propeller, turbofan inlet, and exhaust safety."
AA.VIII.A.R4,afh,explanation,auto,from the Task A References line,Airport specific security procedures.
AA.VIII.A.R4,aim,guidance,auto,from the Task A References line,Airport specific security procedures.
AA.VIII.A.R4,phak,explanation,auto,from the Task A References line,Airport specific security procedures.
AA.VIII.A.R4,risk-management,explanation,auto,from the Task A References line,Airport specific security procedures.
AA.VIII.A.R5,afh,explanation,auto,from the Task A References line,Disembarking passengers safely on the ramp and monitoring passenger movement while on the ramp.
AA.VIII.A.R5,aim,guidance,auto,from the Task A References line,Disembarking passengers safely on the ramp and monitoring passenger movement while on the ramp.
AA.VIII.A.R5,phak,explanation,auto,from the Task A References line,Disembarking passengers safely on the ramp and monitoring passenger movement while on the ramp.
AA.VIII.A.R5,risk-management,explanation,auto,from the Task A References line,Disembarking passengers safely on the ramp and monitoring passenger movement while on the ramp.
AA.VIII.A.S1,afh,explanation,auto,from the Task A References line,"Use runway incursion avoidance procedures, if applicable."
AA.VIII.A.S1,aim,guidance,auto,from the Task A References line,"Use runway incursion avoidance procedures, if applicable."
AA.VIII.A.S1,phak,explanation,auto,from the Task A References line,"Use runway incursion avoidance procedures, if applicable."
AA.VIII.A.S1,risk-management,explanation,auto,from the Task A References line,"Use runway incursion avoidance procedures, if applicable."
AA.VIII.A.S2,afh,explanation,auto,from the Task A References line,Comply with air traffic control (ATC) or evaluator instructions and make radio calls as appropriate.
AA.VIII.A.S2,aim,guidance,auto,from the Task A References line,Comply with air traffic control (ATC) or evaluator instructions and make radio calls as appropriate.
AA.VIII.A.S2,phak,explanation,auto,from the Task A References line,Comply with air traffic control (ATC) or evaluator instructions and make radio calls as appropriate.
AA.VIII.A.S2,risk-management,explanation,auto,from the Task A References line,Comply with air traffic control (ATC) or evaluator instructions and make radio calls as appropriate.
AA.VIII.A.S3,afh,explanation,auto,from the Task A References line,"Coordinate with crew, if applicable, and complete the appropriate checklist(s) after clearing the runway."
AA.VIII.A.S3,aim,guidance,auto,from the Task A References line,"Coordinate with crew, if applicable, and complete the appropriate checklist(s) after clearing the runway."
AA.VIII.A.S3,phak,explanation,auto,from the Task A References line,"Coordinate with crew, if applicable, and complete the appropriate checklist(s) after clearing the runway."
AA.VIII.A.S3,risk-management,explanation,auto,from the Task A References line,"Coordinate with crew, if applicable, and complete the appropriate checklist(s) after clearing the runway."
AA.VIII.A.S4,afh,explanation,auto,from the Task A References line,"Park at the gate or in an appropriate area, considering the safety of nearby persons and property."
AA.VIII.A.S4,aim,guidance,auto,from the Task A References line,"Park at the gate or in an appropriate area, considering the safety of nearby persons and property."
AA.VIII.A.S4,phak,explanation,auto,from the Task A References line,"Park at the gate or in an appropriate area, considering the safety of nearby persons and property."
AA.VIII.A.S4,risk-management,explanation,auto,from the Task A References line,"Park at the gate or in an appropriate area, considering the safety of nearby persons and property."
AA.VIII.A.S5,afh,explanation,auto,from the Task A References line,"Conduct a postflight inspection and document discrepancies and servicing requirements, if any."
AA.VIII.A.S5,aim,guidance,auto,from the Task A References line,"Conduct a postflight inspection and document discrepancies and servicing requirements, if any."
AA.VIII.A.S5,phak,explanation,auto,from the Task A References line,"Conduct a postflight inspection and document discrepancies and servicing requirements, if any."
AA.VIII.A.S5,risk-management,explanation,auto,from the Task A References line,"Conduct a postflight inspection and document discrepancies and servicing requirements, if any."
AA.VIII.A.S6,afh,explanation,auto,from the Task A References line,Secure the airplane.
AA.VIII.A.S6,aim,guidance,auto,from the Task A References line,Secure the airplane.
AA.VIII.A.S6,phak,explanation,auto,from the Task A References line,Secure the airplane.
AA.VIII.A.S6,risk-management,explanation,auto,from the Task A References line,Secure the airplane.
AA.VIII.B.K1,afh,explanation,auto,from the Task B References line,Mooring.
AA.VIII.B.K1,aim,guidance,auto,from the Task B References line,Mooring.
AA.VIII.B.K1,phak,explanation,auto,from the Task B References line,Mooring.
AA.VIII.B.K1,risk-management,explanation,auto,from the Task B References line,Mooring.
AA.VIII.B.K1,seaplane,explanation,auto,from the Task B References line,Mooring.
AA.VIII.B.K2,afh,explanation,auto,from the Task B References line,Docking.
AA.VIII.B.K2,aim,guidance,auto,from the Task B References line,Docking.
AA.VIII.B.K2,phak,explanation,auto,from the Task B References line,Docking.
AA.VIII.B.K2,risk-management,explanation,auto,from the Task B References line,Docking.
AA.VIII.B.K2,seaplane,explanation,auto,from the Task B References line,Docking.
AA.VIII.B.K3,afh,explanation,auto,from the Task B References line,Anchoring.
AA.VIII.B.K3,aim,guidance,auto,from the Task B References line,Anchoring.
AA.VIII.B.K3,phak,explanation,auto,from the Task B References line,Anchoring.
AA.VIII.B.K3,risk-management,explanation,auto,from the Task B References line,Anchoring.
AA.VIII.B.K3,seaplane,explanation,auto,from the Task B References line,Anchoring.
AA.VIII.B.K4,afh,explanation,auto,from the Task B References line,Beaching/ramping.
AA.VIII.B.K4,aim,guidance,auto,from the Task B References line,Beaching/ramping.
AA.VIII.B.K4,phak,explanation,auto,from the Task B References line,Beaching/ramping.
AA.VIII.B.K4,risk-management,explanation,auto,from the Task B References line,Beaching/ramping.
AA.VIII.B.K4,seaplane,explanation,auto,from the Task B References line,Beaching/ramping.
AA.VIII.B.R1,afh,explanation,auto,from the Task B References line,Activities and distractions.
AA.VIII.B.R1,aim,guidance,auto,from the Task B References line,Activities and distractions.
AA.VIII.B.R1,phak,explanation,auto,from the Task B References line,Activities and distractions.
AA.VIII.B.R1,risk-management,explanation,auto,from the Task B References line,Activities and distractions.
AA.VIII.B.R1,seaplane,explanation,auto,from the Task B References line,Activities and distractions.
AA.VIII.B.R2,afh,explanation,auto,from the Task B References line,[Archived]
AA.VIII.B.R2,aim,guidance,auto,from the Task B References line,[Archived]
AA.VIII.B.R2,phak,explanation,auto,from the Task B References line,[Archived]
AA.VIII.B.R2,risk-management,explanation,auto,from the Task B References line,[Archived]
AA.VIII.B.R2,seaplane,explanation,auto,from the Task B References line,[Archived]
AA.VIII.B.R3,afh,explanation,auto,from the Task B References line,"Propeller, turbofan inlet, and exhaust safety."
AA.VIII.B.R3,aim,guidance,auto,from the Task B References line,"Propeller, turbofan inlet, and exhaust safety."
AA.VIII.B.R3,phak,explanation,auto,from the Task B References line,"Propeller, turbofan inlet, and exhaust safety."
AA.VIII.B.R3,risk-management,explanation,auto,from the Task B References line,"Propeller, turbofan inlet, and exhaust safety."
AA.VIII.B.R3,seaplane,explanation,auto,from the Task B References line,"Propeller, turbofan inlet, and exhaust safety."
AA.VIII.B.R4,afh,explanation,auto,from the Task B References line,Airport/seaplane base security procedures.
AA.VIII.B.R4,aim,guidance,auto,from the Task B References line,Airport/seaplane base security procedures.
AA.VIII.B.R4,phak,explanation,auto,from the Task B References line,Airport/seaplane base security procedures.
AA.VIII.B.R4,risk-management,explanation,auto,from the Task B References line,Airport/seaplane base security procedures.
AA.VIII.B.R4,seaplane,explanation,auto,from the Task B References line,Airport/seaplane base security procedures.
AA.VIII.B.R5,afh,explanation,auto,from the Task B References line,Disembarking passengers safely on the ramp and monitoring passenger movement while on the ramp.
AA.VIII.B.R5,aim,guidance,auto,from the Task B References line,Disembarking passengers safely on the ramp and monitoring passenger movement while on the ramp.
AA.VIII.B.R5,phak,explanation,auto,from the Task B References line,Disembarking passengers safely on the ramp and monitoring passenger movement while on the ramp.
AA.VIII.B.R5,risk-management,explanation,auto,from the Task B References line,Disembarking passengers safely on the ramp and monitoring passenger movement while on the ramp.
AA.VIII.B.R5,seaplane,explanation,auto,from the Task B References line,Disembarking passengers safely on the ramp and monitoring passenger movement while on the ramp.
AA.VIII.B.S1,afh,explanation,auto,from the Task B References line,Comply with air traffic control (ATC) or evaluator instructions and make radio calls as appropriate.
AA.VIII.B.S1,aim,guidance,auto,from the Task B References line,Comply with air traffic control (ATC) or evaluator instructions and make radio calls as appropriate.
AA.VIII.B.S1,phak,explanation,auto,from the Task B References line,Comply with air traffic control (ATC) or evaluator instructions and make radio calls as appropriate.
AA.VIII.B.S1,risk-management,explanation,auto,from the Task B References line,Comply with air traffic control (ATC) or evaluator instructions and make radio calls as appropriate.
AA.VIII.B.S1,seaplane,explanation,auto,from the Task B References line,Comply with air traffic control (ATC) or evaluator instructions and make radio calls as appropriate.
AA.VIII.B.S2,afh,explanation,auto,from the Task B References line,"If anchoring, select a suitable area considering seaplane movement, water depth, tide, wind, and weather changes. Use an adequate number of anchors and lines of sufficient strength and length to ensure the seaplane’s security."
AA.VIII.B.S2,aim,guidance,auto,from the Task B References line,"If anchoring, select a suitable area considering seaplane movement, water depth, tide, wind, and weather changes. Use an adequate number of anchors and lines of sufficient strength and length to ensure the seaplane’s security."
AA.VIII.B.S2,phak,explanation,auto,from the Task B References line,"If anchoring, select a suitable area considering seaplane movement, water depth, tide, wind, and weather changes. Use an adequate number of anchors and lines of sufficient strength and length to ensure the seaplane’s security."
AA.VIII.B.S2,risk-management,explanation,auto,from the Task B References line,"If anchoring, select a suitable area considering seaplane movement, water depth, tide, wind, and weather changes. Use an adequate number of anchors and lines of sufficient strength and length to ensure the seaplane’s security."
AA.VIII.B.S2,seaplane,explanation,auto,from the Task B References line,"If anchoring, select a suitable area considering seaplane movement, water depth, tide, wind, and weather changes. Use an adequate number of anchors and lines of sufficient strength and length to ensure the seaplane’s security."
AA.VIII.B.S3,afh,explanation,auto,from the Task B References line,"If not anchoring, approach the dock/mooring buoy or beach/ramp in the proper direction and at a safe speed, considering water depth, tide, current, and wind."
AA.VIII.B.S3,aim,guidance,auto,from the Task B References line,"If not anchoring, approach the dock/mooring buoy or beach/ramp in the proper direction and at a safe speed, considering water depth, tide, current, and wind."
AA.VIII.B.S3,phak,explanation,auto,from the Task B References line,"If not anchoring, approach the dock/mooring buoy or beach/ramp in the proper direction and at a safe speed, considering water depth, tide, current, and wind."
AA.VIII.B.S3,risk-management,explanation,auto,from the Task B References line,"If not anchoring, approach the dock/mooring buoy or beach/ramp in the proper direction and at a safe speed, considering water depth, tide, current, and wind."
AA.VIII.B.S3,seaplane,explanation,auto,from the Task B References line,"If not anchoring, approach the dock/mooring buoy or beach/ramp in the proper direction and at a safe speed, considering water depth, tide, current, and wind."
AA.VIII.B.S4,afh,explanation,auto,from the Task B References line,"Coordinate with crew, if applicable, and complete the appropriate checklist(s)."
AA.VIII.B.S4,aim,guidance,auto,from the Task B References line,"Coordinate with crew, if applicable, and complete the appropriate checklist(s)."
AA.VIII.B.S4,phak,explanation,auto,from the Task B References line,"Coordinate with crew, if applicable, and complete the appropriate checklist(s)."
AA.VIII.B.S4,risk-management,explanation,auto,from the Task B References line,"Coordinate with crew, if applicable, and complete the appropriate checklist(s)."
AA.VIII.B.S4,seaplane,explanation,auto,from the Task B References line,"Coordinate with crew, if applicable, and complete the appropriate checklist(s)."
AA.VIII.B.S5,afh,explanation,auto,from the Task B References line,"If anchoring/mooring/beaching, secure the seaplane considering the effects of wind, waves, and changes in water level; if ramping, comply with appropriate ground movement procedures."
AA.VIII.B.S5,aim,guidance,auto,from the Task B References line,"If anchoring/mooring/beaching, secure the seaplane considering the effects of wind, waves, and changes in water level; if ramping, comply with appropriate ground movement procedures."
AA.VIII.B.S5,phak,explanation,auto,from the Task B References line,"If anchoring/mooring/beaching, secure the seaplane considering the effects of wind, waves, and changes in water level; if ramping, comply with appropriate ground movement procedures."
AA.VIII.B.S5,risk-management,explanation,auto,from the Task B References line,"If anchoring/mooring/beaching, secure the seaplane considering the effects of wind, waves, and changes in water level; if ramping, comply with appropriate ground movement procedures."
AA.VIII.B.S5,seaplane,explanation,auto,from the Task B References line,"If anchoring/mooring/beaching, secure the seaplane considering the effects of wind, waves, and changes in water level; if ramping, comply with appropriate ground movement procedures."
AA.VIII.B.S6,afh,explanation,auto,from the Task B References line,"Conduct a postflight inspection and document discrepancies and servicing requirements, if any. 59 Appendix 1: Practical Test Roles, Responsibilities, and Outcomes Airline Transport Pilot and Type Rating for Airplane Category ACS (FAA-S-ACS-11A) Appendix 1: Practical Test Roles, Responsibilities, and"
AA.VIII.B.S6,aim,guidance,auto,from the Task B References line,"Conduct a postflight inspection and document discrepancies and servicing requirements, if any. 59 Appendix 1: Practical Test Roles, Responsibilities, and Outcomes Airline Transport Pilot and Type Rating for Airplane Category ACS (FAA-S-ACS-11A) Appendix 1: Practical Test Roles, Responsibilities, and"
AA.VIII.B.S6,phak,explanation,auto,from the Task B References line,"Conduct a postflight inspection and document discrepancies and servicing requirements, if any. 59 Appendix 1: Practical Test Roles, Responsibilities, and Outcomes Airline Transport Pilot and Type Rating for Airplane Category ACS (FAA-S-ACS-11A) Appendix 1: Practical Test Roles, Responsibilities, and"
AA.VIII.B.S6,risk-management,explanation,auto,from the Task B References line,"Conduct a postflight inspection and document discrepancies and servicing requirements, if any. 59 Appendix 1: Practical Test Roles, Responsibilities, and Outcomes Airline Transport Pilot and Type Rating for Airplane Category ACS (FAA-S-ACS-11A) Appendix 1: Practical Test Roles, Responsibilities, and"
AA.VIII.B.S6,seaplane,explanation,auto,from the Task B References line,"Conduct a postflight inspection and document discrepancies and servicing requirements, if any. 59 Appendix 1: Practical Test Roles, Responsibilities, and Outcomes Airline Transport Pilot and Type Rating for Airplane Category ACS (FAA-S-ACS-11A) Appendix 1: Practical Test Roles, Responsibilities, and"
