source_ref,target_ref,relation,confidence,note,element_text
CA.I.A.K1,14cfr:part-119,regulation,auto,from the Task A References line,"Certification requirements, recent flight experience, and recordkeeping."
CA.I.A.K1,14cfr:part-61,regulation,auto,from the Task A References line,"Certification requirements, recent flight experience, and recordkeeping."
CA.I.A.K1,14cfr:part-68,regulation,auto,from the Task A References line,"Certification requirements, recent flight experience, and recordkeeping."
CA.I.A.K1,14cfr:part-91,regulation,auto,from the Task A References line,"Certification requirements, recent flight experience, and recordkeeping."
CA.I.A.K1,afh,explanation,auto,from the Task A References line,"Certification requirements, recent flight experience, and recordkeeping."
CA.I.A.K1,phak,explanation,auto,from the Task A References line,"Certification requirements, recent flight experience, and recordkeeping."
CA.I.A.K1,risk-management,explanation,auto,from the Task A References line,"Certification requirements, recent flight experience, and recordkeeping."
CA.I.A.K2,14cfr:part-119,regulation,auto,from the Task A References line,Privileges and limitations.
CA.I.A.K2,14cfr:part-61,regulation,auto,from the Task A References line,Privileges and limitations.
CA.I.A.K2,14cfr:part-68,regulation,auto,from the Task A References line,Privileges and limitations.
CA.I.A.K2,14cfr:part-91,regulation,auto,from the Task A References line,Privileges and limitations.
CA.I.A.K2,afh,explanation,auto,from the Task A References line,Privileges and limitations.
CA.I.A.K2,phak,explanation,auto,from the Task A References line,Privileges and limitations.
CA.I.A.K2,risk-management,explanation,auto,from the Task A References line,Privileges and limitations.
CA.I.A.K3,14cfr:part-119,regulation,auto,from the Task A References line,"Medical certificates: class, expiration, privileges, temporary disqualifications."
CA.I.A.K3,14cfr:part-61,regulation,auto,from the Task A References line,"Medical certificates: class, expiration, privileges, temporary disqualifications."
CA.I.A.K3,14cfr:part-68,regulation,auto,from the Task A References line,"Medical certificates: class, expiration, privileges, temporary disqualifications."
CA.I.A.K3,14cfr:part-91,regulation,auto,from the Task A References line,"Medical certificates: class, expiration, privileges, temporary disqualifications."
CA.I.A.K3,afh,explanation,auto,from the Task A References line,"Medical certificates: class, expiration, privileges, temporary disqualifications."
CA.I.A.K3,phak,explanation,auto,from the Task A References line,"Medical certificates: class, expiration, privileges, temporary disqualifications."
CA.I.A.K3,risk-management,explanation,auto,from the Task A References line,"Medical certificates: class, expiration, privileges, temporary disqualifications."
CA.I.A.K4,14cfr:part-119,regulation,auto,from the Task A References line,Documents required to exercise commercial pilot privileges.
CA.I.A.K4,14cfr:part-61,regulation,auto,from the Task A References line,Documents required to exercise commercial pilot privileges.
CA.I.A.K4,14cfr:part-68,regulation,auto,from the Task A References line,Documents required to exercise commercial pilot privileges.
CA.I.A.K4,14cfr:part-91,regulation,auto,from the Task A References line,Documents required to exercise commercial pilot privileges.
CA.I.A.K4,afh,explanation,auto,from the Task A References line,Documents required to exercise commercial pilot privileges.
CA.I.A.K4,phak,explanation,auto,from the Task A References line,Documents required to exercise commercial pilot privileges.
CA.I.A.K4,risk-management,explanation,auto,from the Task A References line,Documents required to exercise commercial pilot privileges.
CA.I.A.K5,14cfr:part-119,regulation,auto,from the Task A References line,Part 68 BasicMed privileges and limitations.
CA.I.A.K5,14cfr:part-61,regulation,auto,from the Task A References line,Part 68 BasicMed privileges and limitations.
CA.I.A.K5,14cfr:part-68,regulation,auto,from the Task A References line,Part 68 BasicMed privileges and limitations.
CA.I.A.K5,14cfr:part-91,regulation,auto,from the Task A References line,Part 68 BasicMed privileges and limitations.
CA.I.A.K5,afh,explanation,auto,from the Task A References line,Part 68 BasicMed privileges and limitations.
CA.I.A.K5,phak,explanation,auto,from the Task A References line,Part 68 BasicMed privileges and limitations.
CA.I.A.K5,risk-management,explanation,auto,from the Task A References line,Part 68 BasicMed privileges and limitations.
CA.I.A.R1,14cfr:part-119,regulation,auto,from the Task A References line,Proficiency versus currency.
CA.I.A.R1,14cfr:part-61,regulation,auto,from the Task A References line,Proficiency versus currency.
CA.I.A.R1,14cfr:part-68,regulation,auto,from the Task A References line,Proficiency versus currency.
CA.I.A.R1,14cfr:part-91,regulation,auto,from the Task A References line,Proficiency versus currency.
CA.I.A.R1,afh,explanation,auto,from the Task A References line,Proficiency versus currency.
CA.I.A.R1,phak,explanation,auto,from the Task A References line,Proficiency versus currency.
CA.I.A.R1,risk-management,explanation,auto,from the Task A References line,Proficiency versus currency.
CA.I.A.R2,14cfr:part-119,regulation,auto,from the Task A References line,Flying unfamiliar aircraft or operating with unfamiliar flight display systems and avionics.
CA.I.A.R2,14cfr:part-61,regulation,auto,from the Task A References line,Flying unfamiliar aircraft or operating with unfamiliar flight display systems and avionics.
CA.I.A.R2,14cfr:part-68,regulation,auto,from the Task A References line,Flying unfamiliar aircraft or operating with unfamiliar flight display systems and avionics.
CA.I.A.R2,14cfr:part-91,regulation,auto,from the Task A References line,Flying unfamiliar aircraft or operating with unfamiliar flight display systems and avionics.
CA.I.A.R2,afh,explanation,auto,from the Task A References line,Flying unfamiliar aircraft or operating with unfamiliar flight display systems and avionics.
CA.I.A.R2,phak,explanation,auto,from the Task A References line,Flying unfamiliar aircraft or operating with unfamiliar flight display systems and avionics.
CA.I.A.R2,risk-management,explanation,auto,from the Task A References line,Flying unfamiliar aircraft or operating with unfamiliar flight display systems and avionics.
CA.I.A.S1,14cfr:part-119,regulation,auto,from the Task A References line,Apply requirements to act as pilot-in-command (PIC) under Visual Flight Rules (VFR) in a scenario given by the evaluator.
CA.I.A.S1,14cfr:part-61,regulation,auto,from the Task A References line,Apply requirements to act as pilot-in-command (PIC) under Visual Flight Rules (VFR) in a scenario given by the evaluator.
CA.I.A.S1,14cfr:part-68,regulation,auto,from the Task A References line,Apply requirements to act as pilot-in-command (PIC) under Visual Flight Rules (VFR) in a scenario given by the evaluator.
CA.I.A.S1,14cfr:part-91,regulation,auto,from the Task A References line,Apply requirements to act as pilot-in-command (PIC) under Visual Flight Rules (VFR) in a scenario given by the evaluator.
CA.I.A.S1,afh,explanation,auto,from the Task A References line,Apply requirements to act as pilot-in-command (PIC) under Visual Flight Rules (VFR) in a scenario given by the evaluator.
CA.I.A.S1,phak,explanation,auto,from the Task A References line,Apply requirements to act as pilot-in-command (PIC) under Visual Flight Rules (VFR) in a scenario given by the evaluator.
CA.I.A.S1,risk-management,explanation,auto,from the Task A References line,Apply requirements to act as pilot-in-command (PIC) under Visual Flight Rules (VFR) in a scenario given by the evaluator.
CA.I.B.K1,14cfr:part-39,regulation,auto,from the Task B References line,"General airworthiness requirements and compliance for airplanes, including:"
CA.I.B.K1,14cfr:part-43,regulation,auto,from the Task B References line,"General airworthiness requirements and compliance for airplanes, including:"
CA.I.B.K1,14cfr:part-91,regulation,auto,from the Task B References line,"General airworthiness requirements and compliance for airplanes, including:"
CA.I.B.K1,afh,explanation,auto,from the Task B References line,"General airworthiness requirements and compliance for airplanes, including:"
CA.I.B.K1,phak,explanation,auto,from the Task B References line,"General airworthiness requirements and compliance for airplanes, including:"
CA.I.B.K1,risk-management,explanation,auto,from the Task B References line,"General airworthiness requirements and compliance for airplanes, including:"
CA.I.B.K1a,14cfr:part-39,regulation,auto,from the Task B References line,a. Location and expiration dates of required aircraft certificates
CA.I.B.K1a,14cfr:part-43,regulation,auto,from the Task B References line,a. Location and expiration dates of required aircraft certificates
CA.I.B.K1a,14cfr:part-91,regulation,auto,from the Task B References line,a. Location and expiration dates of required aircraft certificates
CA.I.B.K1a,afh,explanation,auto,from the Task B References line,a. Location and expiration dates of required aircraft certificates
CA.I.B.K1a,phak,explanation,auto,from the Task B References line,a. Location and expiration dates of required aircraft certificates
CA.I.B.K1a,risk-management,explanation,auto,from the Task B References line,a. Location and expiration dates of required aircraft certificates
CA.I.B.K1b,14cfr:part-39,regulation,auto,from the Task B References line,b. Required inspections and airplane logbook documentation
CA.I.B.K1b,14cfr:part-43,regulation,auto,from the Task B References line,b. Required inspections and airplane logbook documentation
CA.I.B.K1b,14cfr:part-91,regulation,auto,from the Task B References line,b. Required inspections and airplane logbook documentation
CA.I.B.K1b,afh,explanation,auto,from the Task B References line,b. Required inspections and airplane logbook documentation
CA.I.B.K1b,phak,explanation,auto,from the Task B References line,b. Required inspections and airplane logbook documentation
CA.I.B.K1b,risk-management,explanation,auto,from the Task B References line,b. Required inspections and airplane logbook documentation
CA.I.B.K1c,14cfr:part-39,regulation,auto,from the Task B References line,c. Airworthiness Directives and Special Airworthiness Information Bulletins
CA.I.B.K1c,14cfr:part-43,regulation,auto,from the Task B References line,c. Airworthiness Directives and Special Airworthiness Information Bulletins
CA.I.B.K1c,14cfr:part-91,regulation,auto,from the Task B References line,c. Airworthiness Directives and Special Airworthiness Information Bulletins
CA.I.B.K1c,afh,explanation,auto,from the Task B References line,c. Airworthiness Directives and Special Airworthiness Information Bulletins
CA.I.B.K1c,phak,explanation,auto,from the Task B References line,c. Airworthiness Directives and Special Airworthiness Information Bulletins
CA.I.B.K1c,risk-management,explanation,auto,from the Task B References line,c. Airworthiness Directives and Special Airworthiness Information Bulletins
CA.I.B.K1d,14cfr:part-39,regulation,auto,from the Task B References line,d. Purpose and procedure for obtaining a special flight permit
CA.I.B.K1d,14cfr:part-43,regulation,auto,from the Task B References line,d. Purpose and procedure for obtaining a special flight permit
CA.I.B.K1d,14cfr:part-91,regulation,auto,from the Task B References line,d. Purpose and procedure for obtaining a special flight permit
CA.I.B.K1d,afh,explanation,auto,from the Task B References line,d. Purpose and procedure for obtaining a special flight permit
CA.I.B.K1d,phak,explanation,auto,from the Task B References line,d. Purpose and procedure for obtaining a special flight permit
CA.I.B.K1d,risk-management,explanation,auto,from the Task B References line,d. Purpose and procedure for obtaining a special flight permit
CA.I.B.K2,14cfr:part-39,regulation,auto,from the Task B References line,Pilot-performed preventive maintenance.
CA.I.B.K2,14cfr:part-43,regulation,auto,from the Task B References line,Pilot-performed preventive maintenance.
CA.I.B.K2,14cfr:part-91,regulation,auto,from the Task B References line,Pilot-performed preventive maintenance.
CA.I.B.K2,afh,explanation,auto,from the Task B References line,Pilot-performed preventive maintenance.
CA.I.B.K2,phak,explanation,auto,from the Task B References line,Pilot-performed preventive maintenance.
CA.I.B.K2,risk-management,explanation,auto,from the Task B References line,Pilot-performed preventive maintenance.
CA.I.B.K3,14cfr:part-39,regulation,auto,from the Task B References line,"Equipment requirements for day and night VFR flight, including:"
CA.I.B.K3,14cfr:part-43,regulation,auto,from the Task B References line,"Equipment requirements for day and night VFR flight, including:"
CA.I.B.K3,14cfr:part-91,regulation,auto,from the Task B References line,"Equipment requirements for day and night VFR flight, including:"
CA.I.B.K3,afh,explanation,auto,from the Task B References line,"Equipment requirements for day and night VFR flight, including:"
CA.I.B.K3,phak,explanation,auto,from the Task B References line,"Equipment requirements for day and night VFR flight, including:"
CA.I.B.K3,risk-management,explanation,auto,from the Task B References line,"Equipment requirements for day and night VFR flight, including:"
CA.I.B.K3a,14cfr:part-39,regulation,auto,from the Task B References line,a. Flying with inoperative equipment
CA.I.B.K3a,14cfr:part-43,regulation,auto,from the Task B References line,a. Flying with inoperative equipment
CA.I.B.K3a,14cfr:part-91,regulation,auto,from the Task B References line,a. Flying with inoperative equipment
CA.I.B.K3a,afh,explanation,auto,from the Task B References line,a. Flying with inoperative equipment
CA.I.B.K3a,phak,explanation,auto,from the Task B References line,a. Flying with inoperative equipment
CA.I.B.K3a,risk-management,explanation,auto,from the Task B References line,a. Flying with inoperative equipment
CA.I.B.K3b,14cfr:part-39,regulation,auto,from the Task B References line,b. Using an approved Minimum Equipment List (MEL) 3
CA.I.B.K3b,14cfr:part-43,regulation,auto,from the Task B References line,b. Using an approved Minimum Equipment List (MEL) 3
CA.I.B.K3b,14cfr:part-91,regulation,auto,from the Task B References line,b. Using an approved Minimum Equipment List (MEL) 3
CA.I.B.K3b,afh,explanation,auto,from the Task B References line,b. Using an approved Minimum Equipment List (MEL) 3
CA.I.B.K3b,phak,explanation,auto,from the Task B References line,b. Using an approved Minimum Equipment List (MEL) 3
CA.I.B.K3b,risk-management,explanation,auto,from the Task B References line,b. Using an approved Minimum Equipment List (MEL) 3
CA.I.B.K3c,14cfr:part-39,regulation,auto,from the Task B References line,c. Kinds of Operation Equipment List (KOEL)
CA.I.B.K3c,14cfr:part-43,regulation,auto,from the Task B References line,c. Kinds of Operation Equipment List (KOEL)
CA.I.B.K3c,14cfr:part-91,regulation,auto,from the Task B References line,c. Kinds of Operation Equipment List (KOEL)
CA.I.B.K3c,afh,explanation,auto,from the Task B References line,c. Kinds of Operation Equipment List (KOEL)
CA.I.B.K3c,phak,explanation,auto,from the Task B References line,c. Kinds of Operation Equipment List (KOEL)
CA.I.B.K3c,risk-management,explanation,auto,from the Task B References line,c. Kinds of Operation Equipment List (KOEL)
CA.I.B.K3d,14cfr:part-39,regulation,auto,from the Task B References line,d. Required discrepancy records or placards
CA.I.B.K3d,14cfr:part-43,regulation,auto,from the Task B References line,d. Required discrepancy records or placards
CA.I.B.K3d,14cfr:part-91,regulation,auto,from the Task B References line,d. Required discrepancy records or placards
CA.I.B.K3d,afh,explanation,auto,from the Task B References line,d. Required discrepancy records or placards
CA.I.B.K3d,phak,explanation,auto,from the Task B References line,d. Required discrepancy records or placards
CA.I.B.K3d,risk-management,explanation,auto,from the Task B References line,d. Required discrepancy records or placards
CA.I.B.K4,14cfr:part-39,regulation,auto,from the Task B References line,"Special airworthiness certificate aircraft operating limitations, if applicable."
CA.I.B.K4,14cfr:part-43,regulation,auto,from the Task B References line,"Special airworthiness certificate aircraft operating limitations, if applicable."
CA.I.B.K4,14cfr:part-91,regulation,auto,from the Task B References line,"Special airworthiness certificate aircraft operating limitations, if applicable."
CA.I.B.K4,afh,explanation,auto,from the Task B References line,"Special airworthiness certificate aircraft operating limitations, if applicable."
CA.I.B.K4,phak,explanation,auto,from the Task B References line,"Special airworthiness certificate aircraft operating limitations, if applicable."
CA.I.B.K4,risk-management,explanation,auto,from the Task B References line,"Special airworthiness certificate aircraft operating limitations, if applicable."
CA.I.B.R1,14cfr:part-39,regulation,auto,from the Task B References line,Inoperative equipment discovered prior to flight.
CA.I.B.R1,14cfr:part-43,regulation,auto,from the Task B References line,Inoperative equipment discovered prior to flight.
CA.I.B.R1,14cfr:part-91,regulation,auto,from the Task B References line,Inoperative equipment discovered prior to flight.
CA.I.B.R1,afh,explanation,auto,from the Task B References line,Inoperative equipment discovered prior to flight.
CA.I.B.R1,phak,explanation,auto,from the Task B References line,Inoperative equipment discovered prior to flight.
CA.I.B.R1,risk-management,explanation,auto,from the Task B References line,Inoperative equipment discovered prior to flight.
CA.I.B.S1,14cfr:part-39,regulation,auto,from the Task B References line,Locate and describe airplane airworthiness and registration information.
CA.I.B.S1,14cfr:part-43,regulation,auto,from the Task B References line,Locate and describe airplane airworthiness and registration information.
CA.I.B.S1,14cfr:part-91,regulation,auto,from the Task B References line,Locate and describe airplane airworthiness and registration information.
CA.I.B.S1,afh,explanation,auto,from the Task B References line,Locate and describe airplane airworthiness and registration information.
CA.I.B.S1,phak,explanation,auto,from the Task B References line,Locate and describe airplane airworthiness and registration information.
CA.I.B.S1,risk-management,explanation,auto,from the Task B References line,Locate and describe airplane airworthiness and registration information.
CA.I.B.S2,14cfr:part-39,regulation,auto,from the Task B References line,Determine the airplane is airworthy in the scenario given by the evaluator.
CA.I.B.S2,14cfr:part-43,regulation,auto,from the Task B References line,Determine the airplane is airworthy in the scenario given by the evaluator.
CA.I.B.S2,14cfr:part-91,regulation,auto,from the Task B References line,Determine the airplane is airworthy in the scenario given by the evaluator.
CA.I.B.S2,afh,explanation,auto,from the Task B References line,Determine the airplane is airworthy in the scenario given by the evaluator.
CA.I.B.S2,phak,explanation,auto,from the Task B References line,Determine the airplane is airworthy in the scenario given by the evaluator.
CA.I.B.S2,risk-management,explanation,auto,from the Task B References line,Determine the airplane is airworthy in the scenario given by the evaluator.
CA.I.B.S3,14cfr:part-39,regulation,auto,from the Task B References line,Apply appropriate procedures for operating with inoperative equipment in the scenario given by the evaluator.
CA.I.B.S3,14cfr:part-43,regulation,auto,from the Task B References line,Apply appropriate procedures for operating with inoperative equipment in the scenario given by the evaluator.
CA.I.B.S3,14cfr:part-91,regulation,auto,from the Task B References line,Apply appropriate procedures for operating with inoperative equipment in the scenario given by the evaluator.
CA.I.B.S3,afh,explanation,auto,from the Task B References line,Apply appropriate procedures for operating with inoperative equipment in the scenario given by the evaluator.
CA.I.B.S3,phak,explanation,auto,from the Task B References line,Apply appropriate procedures for operating with inoperative equipment in the scenario given by the evaluator.
CA.I.B.S3,risk-management,explanation,auto,from the Task B References line,Apply appropriate procedures for operating with inoperative equipment in the scenario given by the evaluator.
CA.I.C.K1,14cfr:part-91,regulation,auto,from the Task C References line,"Sources of weather data (e.g., National Weather Service, Flight Service) for flight planning purposes."
CA.I.C.K1,ac-91-92,guidance,auto,from the Task C References line,"Sources of weather data (e.g., National Weather Service, Flight Service) for flight planning purposes."
CA.I.C.K1,afh,explanation,auto,from the Task C References line,"Sources of weather data (e.g., National Weather Service, Flight Service) for flight planning purposes."
CA.I.C.K1,aim,guidance,auto,from the Task C References line,"Sources of weather data (e.g., National Weather Service, Flight Service) for flight planning purposes."
CA.I.C.K1,aviation-weather,explanation,auto,from the Task C References line,"Sources of weather data (e.g., National Weather Service, Flight Service) for flight planning purposes."
CA.I.C.K1,phak,explanation,auto,from the Task C References line,"Sources of weather data (e.g., National Weather Service, Flight Service) for flight planning purposes."
CA.I.C.K1,risk-management,explanation,auto,from the Task C References line,"Sources of weather data (e.g., National Weather Service, Flight Service) for flight planning purposes."
CA.I.C.K2,14cfr:part-91,regulation,auto,from the Task C References line,"Acceptable weather products and resources required for preflight planning, current and forecast weather for departure, en route, and arrival phases of flight such as:"
CA.I.C.K2,ac-91-92,guidance,auto,from the Task C References line,"Acceptable weather products and resources required for preflight planning, current and forecast weather for departure, en route, and arrival phases of flight such as:"
CA.I.C.K2,afh,explanation,auto,from the Task C References line,"Acceptable weather products and resources required for preflight planning, current and forecast weather for departure, en route, and arrival phases of flight such as:"
CA.I.C.K2,aim,guidance,auto,from the Task C References line,"Acceptable weather products and resources required for preflight planning, current and forecast weather for departure, en route, and arrival phases of flight such as:"
CA.I.C.K2,aviation-weather,explanation,auto,from the Task C References line,"Acceptable weather products and resources required for preflight planning, current and forecast weather for departure, en route, and arrival phases of flight such as:"
CA.I.C.K2,phak,explanation,auto,from the Task C References line,"Acceptable weather products and resources required for preflight planning, current and forecast weather for departure, en route, and arrival phases of flight such as:"
CA.I.C.K2,risk-management,explanation,auto,from the Task C References line,"Acceptable weather products and resources required for preflight planning, current and forecast weather for departure, en route, and arrival phases of flight such as:"
CA.I.C.K2a,14cfr:part-91,regulation,auto,from the Task C References line,a. Airport Observations (METAR and SPECI) and Pilot Observations (PIREP)
CA.I.C.K2a,ac-91-92,guidance,auto,from the Task C References line,a. Airport Observations (METAR and SPECI) and Pilot Observations (PIREP)
CA.I.C.K2a,afh,explanation,auto,from the Task C References line,a. Airport Observations (METAR and SPECI) and Pilot Observations (PIREP)
CA.I.C.K2a,aim,guidance,auto,from the Task C References line,a. Airport Observations (METAR and SPECI) and Pilot Observations (PIREP)
CA.I.C.K2a,aviation-weather,explanation,auto,from the Task C References line,a. Airport Observations (METAR and SPECI) and Pilot Observations (PIREP)
CA.I.C.K2a,phak,explanation,auto,from the Task C References line,a. Airport Observations (METAR and SPECI) and Pilot Observations (PIREP)
CA.I.C.K2a,risk-management,explanation,auto,from the Task C References line,a. Airport Observations (METAR and SPECI) and Pilot Observations (PIREP)
CA.I.C.K2b,14cfr:part-91,regulation,auto,from the Task C References line,"b. Surface Analysis Chart, Ceiling and Visibility Chart (CVA)"
CA.I.C.K2b,ac-91-92,guidance,auto,from the Task C References line,"b. Surface Analysis Chart, Ceiling and Visibility Chart (CVA)"
CA.I.C.K2b,afh,explanation,auto,from the Task C References line,"b. Surface Analysis Chart, Ceiling and Visibility Chart (CVA)"
CA.I.C.K2b,aim,guidance,auto,from the Task C References line,"b. Surface Analysis Chart, Ceiling and Visibility Chart (CVA)"
CA.I.C.K2b,aviation-weather,explanation,auto,from the Task C References line,"b. Surface Analysis Chart, Ceiling and Visibility Chart (CVA)"
CA.I.C.K2b,phak,explanation,auto,from the Task C References line,"b. Surface Analysis Chart, Ceiling and Visibility Chart (CVA)"
CA.I.C.K2b,risk-management,explanation,auto,from the Task C References line,"b. Surface Analysis Chart, Ceiling and Visibility Chart (CVA)"
CA.I.C.K2c,14cfr:part-91,regulation,auto,from the Task C References line,c. Terminal Aerodrome Forecasts (TAF)
CA.I.C.K2c,ac-91-92,guidance,auto,from the Task C References line,c. Terminal Aerodrome Forecasts (TAF)
CA.I.C.K2c,afh,explanation,auto,from the Task C References line,c. Terminal Aerodrome Forecasts (TAF)
CA.I.C.K2c,aim,guidance,auto,from the Task C References line,c. Terminal Aerodrome Forecasts (TAF)
CA.I.C.K2c,aviation-weather,explanation,auto,from the Task C References line,c. Terminal Aerodrome Forecasts (TAF)
CA.I.C.K2c,phak,explanation,auto,from the Task C References line,c. Terminal Aerodrome Forecasts (TAF)
CA.I.C.K2c,risk-management,explanation,auto,from the Task C References line,c. Terminal Aerodrome Forecasts (TAF)
CA.I.C.K2d,14cfr:part-91,regulation,auto,from the Task C References line,d. Graphical Forecasts for Aviation (GFA)
CA.I.C.K2d,ac-91-92,guidance,auto,from the Task C References line,d. Graphical Forecasts for Aviation (GFA)
CA.I.C.K2d,afh,explanation,auto,from the Task C References line,d. Graphical Forecasts for Aviation (GFA)
CA.I.C.K2d,aim,guidance,auto,from the Task C References line,d. Graphical Forecasts for Aviation (GFA)
CA.I.C.K2d,aviation-weather,explanation,auto,from the Task C References line,d. Graphical Forecasts for Aviation (GFA)
CA.I.C.K2d,phak,explanation,auto,from the Task C References line,d. Graphical Forecasts for Aviation (GFA)
CA.I.C.K2d,risk-management,explanation,auto,from the Task C References line,d. Graphical Forecasts for Aviation (GFA)
CA.I.C.K2e,14cfr:part-91,regulation,auto,from the Task C References line,e. Wind and Temperature Aloft Forecast (FB)
CA.I.C.K2e,ac-91-92,guidance,auto,from the Task C References line,e. Wind and Temperature Aloft Forecast (FB)
CA.I.C.K2e,afh,explanation,auto,from the Task C References line,e. Wind and Temperature Aloft Forecast (FB)
CA.I.C.K2e,aim,guidance,auto,from the Task C References line,e. Wind and Temperature Aloft Forecast (FB)
CA.I.C.K2e,aviation-weather,explanation,auto,from the Task C References line,e. Wind and Temperature Aloft Forecast (FB)
CA.I.C.K2e,phak,explanation,auto,from the Task C References line,e. Wind and Temperature Aloft Forecast (FB)
CA.I.C.K2e,risk-management,explanation,auto,from the Task C References line,e. Wind and Temperature Aloft Forecast (FB)
CA.I.C.K2f,14cfr:part-91,regulation,auto,from the Task C References line,f. Convective Outlook (AC)
CA.I.C.K2f,ac-91-92,guidance,auto,from the Task C References line,f. Convective Outlook (AC)
CA.I.C.K2f,afh,explanation,auto,from the Task C References line,f. Convective Outlook (AC)
CA.I.C.K2f,aim,guidance,auto,from the Task C References line,f. Convective Outlook (AC)
CA.I.C.K2f,aviation-weather,explanation,auto,from the Task C References line,f. Convective Outlook (AC)
CA.I.C.K2f,phak,explanation,auto,from the Task C References line,f. Convective Outlook (AC)
CA.I.C.K2f,risk-management,explanation,auto,from the Task C References line,f. Convective Outlook (AC)
CA.I.C.K2g,14cfr:part-91,regulation,auto,from the Task C References line,"g. Inflight Aviation Weather Advisories including Airmen's Meteorological Information (AIRMET), Significant Meteorological Information (SIGMET), and Convective SIGMET"
CA.I.C.K2g,ac-91-92,guidance,auto,from the Task C References line,"g. Inflight Aviation Weather Advisories including Airmen's Meteorological Information (AIRMET), Significant Meteorological Information (SIGMET), and Convective SIGMET"
CA.I.C.K2g,afh,explanation,auto,from the Task C References line,"g. Inflight Aviation Weather Advisories including Airmen's Meteorological Information (AIRMET), Significant Meteorological Information (SIGMET), and Convective SIGMET"
CA.I.C.K2g,aim,guidance,auto,from the Task C References line,"g. Inflight Aviation Weather Advisories including Airmen's Meteorological Information (AIRMET), Significant Meteorological Information (SIGMET), and Convective SIGMET"
CA.I.C.K2g,aviation-weather,explanation,auto,from the Task C References line,"g. Inflight Aviation Weather Advisories including Airmen's Meteorological Information (AIRMET), Significant Meteorological Information (SIGMET), and Convective SIGMET"
CA.I.C.K2g,phak,explanation,auto,from the Task C References line,"g. Inflight Aviation Weather Advisories including Airmen's Meteorological Information (AIRMET), Significant Meteorological Information (SIGMET), and Convective SIGMET"
CA.I.C.K2g,risk-management,explanation,auto,from the Task C References line,"g. Inflight Aviation Weather Advisories including Airmen's Meteorological Information (AIRMET), Significant Meteorological Information (SIGMET), and Convective SIGMET"
CA.I.C.K3,14cfr:part-91,regulation,auto,from the Task C References line,"Meteorology applicable to the departure, en route, alternate, and destination under visual flight rules (VFR) in Visual Meteorological Conditions (VMC), including expected climate and hazardous conditions such as:"
CA.I.C.K3,ac-91-92,guidance,auto,from the Task C References line,"Meteorology applicable to the departure, en route, alternate, and destination under visual flight rules (VFR) in Visual Meteorological Conditions (VMC), including expected climate and hazardous conditions such as:"
CA.I.C.K3,afh,explanation,auto,from the Task C References line,"Meteorology applicable to the departure, en route, alternate, and destination under visual flight rules (VFR) in Visual Meteorological Conditions (VMC), including expected climate and hazardous conditions such as:"
CA.I.C.K3,aim,guidance,auto,from the Task C References line,"Meteorology applicable to the departure, en route, alternate, and destination under visual flight rules (VFR) in Visual Meteorological Conditions (VMC), including expected climate and hazardous conditions such as:"
CA.I.C.K3,aviation-weather,explanation,auto,from the Task C References line,"Meteorology applicable to the departure, en route, alternate, and destination under visual flight rules (VFR) in Visual Meteorological Conditions (VMC), including expected climate and hazardous conditions such as:"
CA.I.C.K3,phak,explanation,auto,from the Task C References line,"Meteorology applicable to the departure, en route, alternate, and destination under visual flight rules (VFR) in Visual Meteorological Conditions (VMC), including expected climate and hazardous conditions such as:"
CA.I.C.K3,risk-management,explanation,auto,from the Task C References line,"Meteorology applicable to the departure, en route, alternate, and destination under visual flight rules (VFR) in Visual Meteorological Conditions (VMC), including expected climate and hazardous conditions such as:"
CA.I.C.K3a,14cfr:part-91,regulation,auto,from the Task C References line,a. Atmospheric composition and stability
CA.I.C.K3a,ac-91-92,guidance,auto,from the Task C References line,a. Atmospheric composition and stability
CA.I.C.K3a,afh,explanation,auto,from the Task C References line,a. Atmospheric composition and stability
CA.I.C.K3a,aim,guidance,auto,from the Task C References line,a. Atmospheric composition and stability
CA.I.C.K3a,aviation-weather,explanation,auto,from the Task C References line,a. Atmospheric composition and stability
CA.I.C.K3a,phak,explanation,auto,from the Task C References line,a. Atmospheric composition and stability
CA.I.C.K3a,risk-management,explanation,auto,from the Task C References line,a. Atmospheric composition and stability
CA.I.C.K3b,14cfr:part-91,regulation,auto,from the Task C References line,"b. Wind (e.g., windshear, mountain wave, factors affecting wind, etc.)"
CA.I.C.K3b,ac-91-92,guidance,auto,from the Task C References line,"b. Wind (e.g., windshear, mountain wave, factors affecting wind, etc.)"
CA.I.C.K3b,afh,explanation,auto,from the Task C References line,"b. Wind (e.g., windshear, mountain wave, factors affecting wind, etc.)"
CA.I.C.K3b,aim,guidance,auto,from the Task C References line,"b. Wind (e.g., windshear, mountain wave, factors affecting wind, etc.)"
CA.I.C.K3b,aviation-weather,explanation,auto,from the Task C References line,"b. Wind (e.g., windshear, mountain wave, factors affecting wind, etc.)"
CA.I.C.K3b,phak,explanation,auto,from the Task C References line,"b. Wind (e.g., windshear, mountain wave, factors affecting wind, etc.)"
CA.I.C.K3b,risk-management,explanation,auto,from the Task C References line,"b. Wind (e.g., windshear, mountain wave, factors affecting wind, etc.)"
CA.I.C.K3c,14cfr:part-91,regulation,auto,from the Task C References line,c. Temperature and heat exchange 4
CA.I.C.K3c,ac-91-92,guidance,auto,from the Task C References line,c. Temperature and heat exchange 4
CA.I.C.K3c,afh,explanation,auto,from the Task C References line,c. Temperature and heat exchange 4
CA.I.C.K3c,aim,guidance,auto,from the Task C References line,c. Temperature and heat exchange 4
CA.I.C.K3c,aviation-weather,explanation,auto,from the Task C References line,c. Temperature and heat exchange 4
CA.I.C.K3c,phak,explanation,auto,from the Task C References line,c. Temperature and heat exchange 4
CA.I.C.K3c,risk-management,explanation,auto,from the Task C References line,c. Temperature and heat exchange 4
CA.I.C.K3d,14cfr:part-91,regulation,auto,from the Task C References line,d. Moisture/precipitation
CA.I.C.K3d,ac-91-92,guidance,auto,from the Task C References line,d. Moisture/precipitation
CA.I.C.K3d,afh,explanation,auto,from the Task C References line,d. Moisture/precipitation
CA.I.C.K3d,aim,guidance,auto,from the Task C References line,d. Moisture/precipitation
CA.I.C.K3d,aviation-weather,explanation,auto,from the Task C References line,d. Moisture/precipitation
CA.I.C.K3d,phak,explanation,auto,from the Task C References line,d. Moisture/precipitation
CA.I.C.K3d,risk-management,explanation,auto,from the Task C References line,d. Moisture/precipitation
CA.I.C.K3e,14cfr:part-91,regulation,auto,from the Task C References line,"e. Weather system formation, including air masses and fronts"
CA.I.C.K3e,ac-91-92,guidance,auto,from the Task C References line,"e. Weather system formation, including air masses and fronts"
CA.I.C.K3e,afh,explanation,auto,from the Task C References line,"e. Weather system formation, including air masses and fronts"
CA.I.C.K3e,aim,guidance,auto,from the Task C References line,"e. Weather system formation, including air masses and fronts"
CA.I.C.K3e,aviation-weather,explanation,auto,from the Task C References line,"e. Weather system formation, including air masses and fronts"
CA.I.C.K3e,phak,explanation,auto,from the Task C References line,"e. Weather system formation, including air masses and fronts"
CA.I.C.K3e,risk-management,explanation,auto,from the Task C References line,"e. Weather system formation, including air masses and fronts"
CA.I.C.K3f,14cfr:part-91,regulation,auto,from the Task C References line,f. Clouds
CA.I.C.K3f,ac-91-92,guidance,auto,from the Task C References line,f. Clouds
CA.I.C.K3f,afh,explanation,auto,from the Task C References line,f. Clouds
CA.I.C.K3f,aim,guidance,auto,from the Task C References line,f. Clouds
CA.I.C.K3f,aviation-weather,explanation,auto,from the Task C References line,f. Clouds
CA.I.C.K3f,phak,explanation,auto,from the Task C References line,f. Clouds
CA.I.C.K3f,risk-management,explanation,auto,from the Task C References line,f. Clouds
CA.I.C.K3g,14cfr:part-91,regulation,auto,from the Task C References line,g. Turbulence
CA.I.C.K3g,ac-91-92,guidance,auto,from the Task C References line,g. Turbulence
CA.I.C.K3g,afh,explanation,auto,from the Task C References line,g. Turbulence
CA.I.C.K3g,aim,guidance,auto,from the Task C References line,g. Turbulence
CA.I.C.K3g,aviation-weather,explanation,auto,from the Task C References line,g. Turbulence
CA.I.C.K3g,phak,explanation,auto,from the Task C References line,g. Turbulence
CA.I.C.K3g,risk-management,explanation,auto,from the Task C References line,g. Turbulence
CA.I.C.K3h,14cfr:part-91,regulation,auto,from the Task C References line,h. Thunderstorms and microbursts
CA.I.C.K3h,ac-91-92,guidance,auto,from the Task C References line,h. Thunderstorms and microbursts
CA.I.C.K3h,afh,explanation,auto,from the Task C References line,h. Thunderstorms and microbursts
CA.I.C.K3h,aim,guidance,auto,from the Task C References line,h. Thunderstorms and microbursts
CA.I.C.K3h,aviation-weather,explanation,auto,from the Task C References line,h. Thunderstorms and microbursts
CA.I.C.K3h,phak,explanation,auto,from the Task C References line,h. Thunderstorms and microbursts
CA.I.C.K3h,risk-management,explanation,auto,from the Task C References line,h. Thunderstorms and microbursts
CA.I.C.K3i,14cfr:part-91,regulation,auto,from the Task C References line,i. Icing and freezing level information
CA.I.C.K3i,ac-91-92,guidance,auto,from the Task C References line,i. Icing and freezing level information
CA.I.C.K3i,afh,explanation,auto,from the Task C References line,i. Icing and freezing level information
CA.I.C.K3i,aim,guidance,auto,from the Task C References line,i. Icing and freezing level information
CA.I.C.K3i,aviation-weather,explanation,auto,from the Task C References line,i. Icing and freezing level information
CA.I.C.K3i,phak,explanation,auto,from the Task C References line,i. Icing and freezing level information
CA.I.C.K3i,risk-management,explanation,auto,from the Task C References line,i. Icing and freezing level information
CA.I.C.K3j,14cfr:part-91,regulation,auto,from the Task C References line,j. Fog/mist
CA.I.C.K3j,ac-91-92,guidance,auto,from the Task C References line,j. Fog/mist
CA.I.C.K3j,afh,explanation,auto,from the Task C References line,j. Fog/mist
CA.I.C.K3j,aim,guidance,auto,from the Task C References line,j. Fog/mist
CA.I.C.K3j,aviation-weather,explanation,auto,from the Task C References line,j. Fog/mist
CA.I.C.K3j,phak,explanation,auto,from the Task C References line,j. Fog/mist
CA.I.C.K3j,risk-management,explanation,auto,from the Task C References line,j. Fog/mist
CA.I.C.K3k,14cfr:part-91,regulation,auto,from the Task C References line,k. Frost
CA.I.C.K3k,ac-91-92,guidance,auto,from the Task C References line,k. Frost
CA.I.C.K3k,afh,explanation,auto,from the Task C References line,k. Frost
CA.I.C.K3k,aim,guidance,auto,from the Task C References line,k. Frost
CA.I.C.K3k,aviation-weather,explanation,auto,from the Task C References line,k. Frost
CA.I.C.K3k,phak,explanation,auto,from the Task C References line,k. Frost
CA.I.C.K3k,risk-management,explanation,auto,from the Task C References line,k. Frost
CA.I.C.K3l,14cfr:part-91,regulation,auto,from the Task C References line,"l. Obstructions to visibility (e.g., smoke, haze, volcanic ash, etc.)"
CA.I.C.K3l,ac-91-92,guidance,auto,from the Task C References line,"l. Obstructions to visibility (e.g., smoke, haze, volcanic ash, etc.)"
CA.I.C.K3l,afh,explanation,auto,from the Task C References line,"l. Obstructions to visibility (e.g., smoke, haze, volcanic ash, etc.)"
CA.I.C.K3l,aim,guidance,auto,from the Task C References line,"l. Obstructions to visibility (e.g., smoke, haze, volcanic ash, etc.)"
CA.I.C.K3l,aviation-weather,explanation,auto,from the Task C References line,"l. Obstructions to visibility (e.g., smoke, haze, volcanic ash, etc.)"
CA.I.C.K3l,phak,explanation,auto,from the Task C References line,"l. Obstructions to visibility (e.g., smoke, haze, volcanic ash, etc.)"
CA.I.C.K3l,risk-management,explanation,auto,from the Task C References line,"l. Obstructions to visibility (e.g., smoke, haze, volcanic ash, etc.)"
CA.I.C.K4,14cfr:part-91,regulation,auto,from the Task C References line,Flight deck instrument displays of digital weather and aeronautical information.
CA.I.C.K4,ac-91-92,guidance,auto,from the Task C References line,Flight deck instrument displays of digital weather and aeronautical information.
CA.I.C.K4,afh,explanation,auto,from the Task C References line,Flight deck instrument displays of digital weather and aeronautical information.
CA.I.C.K4,aim,guidance,auto,from the Task C References line,Flight deck instrument displays of digital weather and aeronautical information.
CA.I.C.K4,aviation-weather,explanation,auto,from the Task C References line,Flight deck instrument displays of digital weather and aeronautical information.
CA.I.C.K4,phak,explanation,auto,from the Task C References line,Flight deck instrument displays of digital weather and aeronautical information.
CA.I.C.K4,risk-management,explanation,auto,from the Task C References line,Flight deck instrument displays of digital weather and aeronautical information.
CA.I.C.R1,14cfr:part-91,regulation,auto,from the Task C References line,"Making the go/no-go and continue/divert decisions, including:"
CA.I.C.R1,ac-91-92,guidance,auto,from the Task C References line,"Making the go/no-go and continue/divert decisions, including:"
CA.I.C.R1,afh,explanation,auto,from the Task C References line,"Making the go/no-go and continue/divert decisions, including:"
CA.I.C.R1,aim,guidance,auto,from the Task C References line,"Making the go/no-go and continue/divert decisions, including:"
CA.I.C.R1,aviation-weather,explanation,auto,from the Task C References line,"Making the go/no-go and continue/divert decisions, including:"
CA.I.C.R1,phak,explanation,auto,from the Task C References line,"Making the go/no-go and continue/divert decisions, including:"
CA.I.C.R1,risk-management,explanation,auto,from the Task C References line,"Making the go/no-go and continue/divert decisions, including:"
CA.I.C.R1a,14cfr:part-91,regulation,auto,from the Task C References line,a. Circumstances that would make diversion prudent
CA.I.C.R1a,ac-91-92,guidance,auto,from the Task C References line,a. Circumstances that would make diversion prudent
CA.I.C.R1a,afh,explanation,auto,from the Task C References line,a. Circumstances that would make diversion prudent
CA.I.C.R1a,aim,guidance,auto,from the Task C References line,a. Circumstances that would make diversion prudent
CA.I.C.R1a,aviation-weather,explanation,auto,from the Task C References line,a. Circumstances that would make diversion prudent
CA.I.C.R1a,phak,explanation,auto,from the Task C References line,a. Circumstances that would make diversion prudent
CA.I.C.R1a,risk-management,explanation,auto,from the Task C References line,a. Circumstances that would make diversion prudent
CA.I.C.R1b,14cfr:part-91,regulation,auto,from the Task C References line,b. Personal weather minimums
CA.I.C.R1b,ac-91-92,guidance,auto,from the Task C References line,b. Personal weather minimums
CA.I.C.R1b,afh,explanation,auto,from the Task C References line,b. Personal weather minimums
CA.I.C.R1b,aim,guidance,auto,from the Task C References line,b. Personal weather minimums
CA.I.C.R1b,aviation-weather,explanation,auto,from the Task C References line,b. Personal weather minimums
CA.I.C.R1b,phak,explanation,auto,from the Task C References line,b. Personal weather minimums
CA.I.C.R1b,risk-management,explanation,auto,from the Task C References line,b. Personal weather minimums
CA.I.C.R1c,14cfr:part-91,regulation,auto,from the Task C References line,"c. Hazardous weather conditions, including known or forecast icing or turbulence aloft"
CA.I.C.R1c,ac-91-92,guidance,auto,from the Task C References line,"c. Hazardous weather conditions, including known or forecast icing or turbulence aloft"
CA.I.C.R1c,afh,explanation,auto,from the Task C References line,"c. Hazardous weather conditions, including known or forecast icing or turbulence aloft"
CA.I.C.R1c,aim,guidance,auto,from the Task C References line,"c. Hazardous weather conditions, including known or forecast icing or turbulence aloft"
CA.I.C.R1c,aviation-weather,explanation,auto,from the Task C References line,"c. Hazardous weather conditions, including known or forecast icing or turbulence aloft"
CA.I.C.R1c,phak,explanation,auto,from the Task C References line,"c. Hazardous weather conditions, including known or forecast icing or turbulence aloft"
CA.I.C.R1c,risk-management,explanation,auto,from the Task C References line,"c. Hazardous weather conditions, including known or forecast icing or turbulence aloft"
CA.I.C.R2,14cfr:part-91,regulation,auto,from the Task C References line,Use and limitations of:
CA.I.C.R2,ac-91-92,guidance,auto,from the Task C References line,Use and limitations of:
CA.I.C.R2,afh,explanation,auto,from the Task C References line,Use and limitations of:
CA.I.C.R2,aim,guidance,auto,from the Task C References line,Use and limitations of:
CA.I.C.R2,aviation-weather,explanation,auto,from the Task C References line,Use and limitations of:
CA.I.C.R2,phak,explanation,auto,from the Task C References line,Use and limitations of:
CA.I.C.R2,risk-management,explanation,auto,from the Task C References line,Use and limitations of:
CA.I.C.R2a,14cfr:part-91,regulation,auto,from the Task C References line,a. Installed onboard weather equipment
CA.I.C.R2a,ac-91-92,guidance,auto,from the Task C References line,a. Installed onboard weather equipment
CA.I.C.R2a,afh,explanation,auto,from the Task C References line,a. Installed onboard weather equipment
CA.I.C.R2a,aim,guidance,auto,from the Task C References line,a. Installed onboard weather equipment
CA.I.C.R2a,aviation-weather,explanation,auto,from the Task C References line,a. Installed onboard weather equipment
CA.I.C.R2a,phak,explanation,auto,from the Task C References line,a. Installed onboard weather equipment
CA.I.C.R2a,risk-management,explanation,auto,from the Task C References line,a. Installed onboard weather equipment
CA.I.C.R2b,14cfr:part-91,regulation,auto,from the Task C References line,b. Aviation weather reports and forecasts
CA.I.C.R2b,ac-91-92,guidance,auto,from the Task C References line,b. Aviation weather reports and forecasts
CA.I.C.R2b,afh,explanation,auto,from the Task C References line,b. Aviation weather reports and forecasts
CA.I.C.R2b,aim,guidance,auto,from the Task C References line,b. Aviation weather reports and forecasts
CA.I.C.R2b,aviation-weather,explanation,auto,from the Task C References line,b. Aviation weather reports and forecasts
CA.I.C.R2b,phak,explanation,auto,from the Task C References line,b. Aviation weather reports and forecasts
CA.I.C.R2b,risk-management,explanation,auto,from the Task C References line,b. Aviation weather reports and forecasts
CA.I.C.R2c,14cfr:part-91,regulation,auto,from the Task C References line,c. Inflight weather resources
CA.I.C.R2c,ac-91-92,guidance,auto,from the Task C References line,c. Inflight weather resources
CA.I.C.R2c,afh,explanation,auto,from the Task C References line,c. Inflight weather resources
CA.I.C.R2c,aim,guidance,auto,from the Task C References line,c. Inflight weather resources
CA.I.C.R2c,aviation-weather,explanation,auto,from the Task C References line,c. Inflight weather resources
CA.I.C.R2c,phak,explanation,auto,from the Task C References line,c. Inflight weather resources
CA.I.C.R2c,risk-management,explanation,auto,from the Task C References line,c. Inflight weather resources
CA.I.C.S1,14cfr:part-91,regulation,auto,from the Task C References line,Use available aviation weather resources to obtain an adequate weather briefing.
CA.I.C.S1,ac-91-92,guidance,auto,from the Task C References line,Use available aviation weather resources to obtain an adequate weather briefing.
CA.I.C.S1,afh,explanation,auto,from the Task C References line,Use available aviation weather resources to obtain an adequate weather briefing.
CA.I.C.S1,aim,guidance,auto,from the Task C References line,Use available aviation weather resources to obtain an adequate weather briefing.
CA.I.C.S1,aviation-weather,explanation,auto,from the Task C References line,Use available aviation weather resources to obtain an adequate weather briefing.
CA.I.C.S1,phak,explanation,auto,from the Task C References line,Use available aviation weather resources to obtain an adequate weather briefing.
CA.I.C.S1,risk-management,explanation,auto,from the Task C References line,Use available aviation weather resources to obtain an adequate weather briefing.
CA.I.C.S2,14cfr:part-91,regulation,auto,from the Task C References line,"Analyze the implications of at least three of the conditions listed in K3a through K3l, using actual weather or weather conditions provided by the evaluator."
CA.I.C.S2,ac-91-92,guidance,auto,from the Task C References line,"Analyze the implications of at least three of the conditions listed in K3a through K3l, using actual weather or weather conditions provided by the evaluator."
CA.I.C.S2,afh,explanation,auto,from the Task C References line,"Analyze the implications of at least three of the conditions listed in K3a through K3l, using actual weather or weather conditions provided by the evaluator."
CA.I.C.S2,aim,guidance,auto,from the Task C References line,"Analyze the implications of at least three of the conditions listed in K3a through K3l, using actual weather or weather conditions provided by the evaluator."
CA.I.C.S2,aviation-weather,explanation,auto,from the Task C References line,"Analyze the implications of at least three of the conditions listed in K3a through K3l, using actual weather or weather conditions provided by the evaluator."
CA.I.C.S2,phak,explanation,auto,from the Task C References line,"Analyze the implications of at least three of the conditions listed in K3a through K3l, using actual weather or weather conditions provided by the evaluator."
CA.I.C.S2,risk-management,explanation,auto,from the Task C References line,"Analyze the implications of at least three of the conditions listed in K3a through K3l, using actual weather or weather conditions provided by the evaluator."
CA.I.C.S3,14cfr:part-91,regulation,auto,from the Task C References line,Correlate weather information to make a go/no-go decision.
CA.I.C.S3,ac-91-92,guidance,auto,from the Task C References line,Correlate weather information to make a go/no-go decision.
CA.I.C.S3,afh,explanation,auto,from the Task C References line,Correlate weather information to make a go/no-go decision.
CA.I.C.S3,aim,guidance,auto,from the Task C References line,Correlate weather information to make a go/no-go decision.
CA.I.C.S3,aviation-weather,explanation,auto,from the Task C References line,Correlate weather information to make a go/no-go decision.
CA.I.C.S3,phak,explanation,auto,from the Task C References line,Correlate weather information to make a go/no-go decision.
CA.I.C.S3,risk-management,explanation,auto,from the Task C References line,Correlate weather information to make a go/no-go decision.
CA.I.D.K1,14cfr:part-91,regulation,auto,from the Task D References line,"Route planning, including consideration of different classes and special use airspace (SUA) and selection of appropriate and available navigation/communication systems and facilities. 5"
CA.I.D.K1,afh,explanation,auto,from the Task D References line,"Route planning, including consideration of different classes and special use airspace (SUA) and selection of appropriate and available navigation/communication systems and facilities. 5"
CA.I.D.K1,aim,guidance,auto,from the Task D References line,"Route planning, including consideration of different classes and special use airspace (SUA) and selection of appropriate and available navigation/communication systems and facilities. 5"
CA.I.D.K1,phak,explanation,auto,from the Task D References line,"Route planning, including consideration of different classes and special use airspace (SUA) and selection of appropriate and available navigation/communication systems and facilities. 5"
CA.I.D.K1,risk-management,explanation,auto,from the Task D References line,"Route planning, including consideration of different classes and special use airspace (SUA) and selection of appropriate and available navigation/communication systems and facilities. 5"
CA.I.D.K1a,14cfr:part-91,regulation,auto,from the Task D References line,"a. Use of an electronic flight bag (EFB), if used"
CA.I.D.K1a,afh,explanation,auto,from the Task D References line,"a. Use of an electronic flight bag (EFB), if used"
CA.I.D.K1a,aim,guidance,auto,from the Task D References line,"a. Use of an electronic flight bag (EFB), if used"
CA.I.D.K1a,phak,explanation,auto,from the Task D References line,"a. Use of an electronic flight bag (EFB), if used"
CA.I.D.K1a,risk-management,explanation,auto,from the Task D References line,"a. Use of an electronic flight bag (EFB), if used"
CA.I.D.K2,14cfr:part-91,regulation,auto,from the Task D References line,"Altitude selection accounting for terrain and obstacles, glide distance of airplane, VFR cruising altitudes, and effect of wind."
CA.I.D.K2,afh,explanation,auto,from the Task D References line,"Altitude selection accounting for terrain and obstacles, glide distance of airplane, VFR cruising altitudes, and effect of wind."
CA.I.D.K2,aim,guidance,auto,from the Task D References line,"Altitude selection accounting for terrain and obstacles, glide distance of airplane, VFR cruising altitudes, and effect of wind."
CA.I.D.K2,phak,explanation,auto,from the Task D References line,"Altitude selection accounting for terrain and obstacles, glide distance of airplane, VFR cruising altitudes, and effect of wind."
CA.I.D.K2,risk-management,explanation,auto,from the Task D References line,"Altitude selection accounting for terrain and obstacles, glide distance of airplane, VFR cruising altitudes, and effect of wind."
CA.I.D.K3,14cfr:part-91,regulation,auto,from the Task D References line,Calculating:
CA.I.D.K3,afh,explanation,auto,from the Task D References line,Calculating:
CA.I.D.K3,aim,guidance,auto,from the Task D References line,Calculating:
CA.I.D.K3,phak,explanation,auto,from the Task D References line,Calculating:
CA.I.D.K3,risk-management,explanation,auto,from the Task D References line,Calculating:
CA.I.D.K3a,14cfr:part-91,regulation,auto,from the Task D References line,"a. Time, climb and descent rates, course, distance, heading, true airspeed, and groundspeed"
CA.I.D.K3a,afh,explanation,auto,from the Task D References line,"a. Time, climb and descent rates, course, distance, heading, true airspeed, and groundspeed"
CA.I.D.K3a,aim,guidance,auto,from the Task D References line,"a. Time, climb and descent rates, course, distance, heading, true airspeed, and groundspeed"
CA.I.D.K3a,phak,explanation,auto,from the Task D References line,"a. Time, climb and descent rates, course, distance, heading, true airspeed, and groundspeed"
CA.I.D.K3a,risk-management,explanation,auto,from the Task D References line,"a. Time, climb and descent rates, course, distance, heading, true airspeed, and groundspeed"
CA.I.D.K3b,14cfr:part-91,regulation,auto,from the Task D References line,"b. Estimated time of arrival, including conversion to universal coordinated time (UTC)"
CA.I.D.K3b,afh,explanation,auto,from the Task D References line,"b. Estimated time of arrival, including conversion to universal coordinated time (UTC)"
CA.I.D.K3b,aim,guidance,auto,from the Task D References line,"b. Estimated time of arrival, including conversion to universal coordinated time (UTC)"
CA.I.D.K3b,phak,explanation,auto,from the Task D References line,"b. Estimated time of arrival, including conversion to universal coordinated time (UTC)"
CA.I.D.K3b,risk-management,explanation,auto,from the Task D References line,"b. Estimated time of arrival, including conversion to universal coordinated time (UTC)"
CA.I.D.K3c,14cfr:part-91,regulation,auto,from the Task D References line,"c. Fuel requirements, including reserve"
CA.I.D.K3c,afh,explanation,auto,from the Task D References line,"c. Fuel requirements, including reserve"
CA.I.D.K3c,aim,guidance,auto,from the Task D References line,"c. Fuel requirements, including reserve"
CA.I.D.K3c,phak,explanation,auto,from the Task D References line,"c. Fuel requirements, including reserve"
CA.I.D.K3c,risk-management,explanation,auto,from the Task D References line,"c. Fuel requirements, including reserve"
CA.I.D.K4,14cfr:part-91,regulation,auto,from the Task D References line,Elements of a VFR flight plan.
CA.I.D.K4,afh,explanation,auto,from the Task D References line,Elements of a VFR flight plan.
CA.I.D.K4,aim,guidance,auto,from the Task D References line,Elements of a VFR flight plan.
CA.I.D.K4,phak,explanation,auto,from the Task D References line,Elements of a VFR flight plan.
CA.I.D.K4,risk-management,explanation,auto,from the Task D References line,Elements of a VFR flight plan.
CA.I.D.K5,14cfr:part-91,regulation,auto,from the Task D References line,"Procedures for filing, activating, and closing a VFR flight plan."
CA.I.D.K5,afh,explanation,auto,from the Task D References line,"Procedures for filing, activating, and closing a VFR flight plan."
CA.I.D.K5,aim,guidance,auto,from the Task D References line,"Procedures for filing, activating, and closing a VFR flight plan."
CA.I.D.K5,phak,explanation,auto,from the Task D References line,"Procedures for filing, activating, and closing a VFR flight plan."
CA.I.D.K5,risk-management,explanation,auto,from the Task D References line,"Procedures for filing, activating, and closing a VFR flight plan."
CA.I.D.K6,14cfr:part-91,regulation,auto,from the Task D References line,Inflight intercept procedures.
CA.I.D.K6,afh,explanation,auto,from the Task D References line,Inflight intercept procedures.
CA.I.D.K6,aim,guidance,auto,from the Task D References line,Inflight intercept procedures.
CA.I.D.K6,phak,explanation,auto,from the Task D References line,Inflight intercept procedures.
CA.I.D.K6,risk-management,explanation,auto,from the Task D References line,Inflight intercept procedures.
CA.I.D.R1,14cfr:part-91,regulation,auto,from the Task D References line,Pilot.
CA.I.D.R1,afh,explanation,auto,from the Task D References line,Pilot.
CA.I.D.R1,aim,guidance,auto,from the Task D References line,Pilot.
CA.I.D.R1,phak,explanation,auto,from the Task D References line,Pilot.
CA.I.D.R1,risk-management,explanation,auto,from the Task D References line,Pilot.
CA.I.D.R2,14cfr:part-91,regulation,auto,from the Task D References line,Aircraft.
CA.I.D.R2,afh,explanation,auto,from the Task D References line,Aircraft.
CA.I.D.R2,aim,guidance,auto,from the Task D References line,Aircraft.
CA.I.D.R2,phak,explanation,auto,from the Task D References line,Aircraft.
CA.I.D.R2,risk-management,explanation,auto,from the Task D References line,Aircraft.
CA.I.D.R3,14cfr:part-91,regulation,auto,from the Task D References line,"Environment (e.g., weather, airports, airspace, terrain, obstacles)."
CA.I.D.R3,afh,explanation,auto,from the Task D References line,"Environment (e.g., weather, airports, airspace, terrain, obstacles)."
CA.I.D.R3,aim,guidance,auto,from the Task D References line,"Environment (e.g., weather, airports, airspace, terrain, obstacles)."
CA.I.D.R3,phak,explanation,auto,from the Task D References line,"Environment (e.g., weather, airports, airspace, terrain, obstacles)."
CA.I.D.R3,risk-management,explanation,auto,from the Task D References line,"Environment (e.g., weather, airports, airspace, terrain, obstacles)."
CA.I.D.R4,14cfr:part-91,regulation,auto,from the Task D References line,External pressures.
CA.I.D.R4,afh,explanation,auto,from the Task D References line,External pressures.
CA.I.D.R4,aim,guidance,auto,from the Task D References line,External pressures.
CA.I.D.R4,phak,explanation,auto,from the Task D References line,External pressures.
CA.I.D.R4,risk-management,explanation,auto,from the Task D References line,External pressures.
CA.I.D.R5,14cfr:part-91,regulation,auto,from the Task D References line,Limitations of air traffic control (ATC) services.
CA.I.D.R5,afh,explanation,auto,from the Task D References line,Limitations of air traffic control (ATC) services.
CA.I.D.R5,aim,guidance,auto,from the Task D References line,Limitations of air traffic control (ATC) services.
CA.I.D.R5,phak,explanation,auto,from the Task D References line,Limitations of air traffic control (ATC) services.
CA.I.D.R5,risk-management,explanation,auto,from the Task D References line,Limitations of air traffic control (ATC) services.
CA.I.D.R6,14cfr:part-91,regulation,auto,from the Task D References line,Fuel planning.
CA.I.D.R6,afh,explanation,auto,from the Task D References line,Fuel planning.
CA.I.D.R6,aim,guidance,auto,from the Task D References line,Fuel planning.
CA.I.D.R6,phak,explanation,auto,from the Task D References line,Fuel planning.
CA.I.D.R6,risk-management,explanation,auto,from the Task D References line,Fuel planning.
CA.I.D.R7,14cfr:part-91,regulation,auto,from the Task D References line,"Use of an electronic flight bag (EFB), if used."
CA.I.D.R7,afh,explanation,auto,from the Task D References line,"Use of an electronic flight bag (EFB), if used."
CA.I.D.R7,aim,guidance,auto,from the Task D References line,"Use of an electronic flight bag (EFB), if used."
CA.I.D.R7,phak,explanation,auto,from the Task D References line,"Use of an electronic flight bag (EFB), if used."
CA.I.D.R7,risk-management,explanation,auto,from the Task D References line,"Use of an electronic flight bag (EFB), if used."
CA.I.D.S1,14cfr:part-91,regulation,auto,from the Task D References line,"Prepare, present, and explain a cross-country flight plan assigned by the evaluator, including a risk analysis based on real-time weather, to the first fuel stop."
CA.I.D.S1,afh,explanation,auto,from the Task D References line,"Prepare, present, and explain a cross-country flight plan assigned by the evaluator, including a risk analysis based on real-time weather, to the first fuel stop."
CA.I.D.S1,aim,guidance,auto,from the Task D References line,"Prepare, present, and explain a cross-country flight plan assigned by the evaluator, including a risk analysis based on real-time weather, to the first fuel stop."
CA.I.D.S1,phak,explanation,auto,from the Task D References line,"Prepare, present, and explain a cross-country flight plan assigned by the evaluator, including a risk analysis based on real-time weather, to the first fuel stop."
CA.I.D.S1,risk-management,explanation,auto,from the Task D References line,"Prepare, present, and explain a cross-country flight plan assigned by the evaluator, including a risk analysis based on real-time weather, to the first fuel stop."
CA.I.D.S2,14cfr:part-91,regulation,auto,from the Task D References line,"Apply pertinent information from appropriate and current aeronautical charts, Chart Supplements; Notices to Air Missions (NOTAMs) relative to airport, runway and taxiway closures; and other flight publications."
CA.I.D.S2,afh,explanation,auto,from the Task D References line,"Apply pertinent information from appropriate and current aeronautical charts, Chart Supplements; Notices to Air Missions (NOTAMs) relative to airport, runway and taxiway closures; and other flight publications."
CA.I.D.S2,aim,guidance,auto,from the Task D References line,"Apply pertinent information from appropriate and current aeronautical charts, Chart Supplements; Notices to Air Missions (NOTAMs) relative to airport, runway and taxiway closures; and other flight publications."
CA.I.D.S2,phak,explanation,auto,from the Task D References line,"Apply pertinent information from appropriate and current aeronautical charts, Chart Supplements; Notices to Air Missions (NOTAMs) relative to airport, runway and taxiway closures; and other flight publications."
CA.I.D.S2,risk-management,explanation,auto,from the Task D References line,"Apply pertinent information from appropriate and current aeronautical charts, Chart Supplements; Notices to Air Missions (NOTAMs) relative to airport, runway and taxiway closures; and other flight publications."
CA.I.D.S3,14cfr:part-91,regulation,auto,from the Task D References line,Create a navigation log and prepare a VFR flight plan.
CA.I.D.S3,afh,explanation,auto,from the Task D References line,Create a navigation log and prepare a VFR flight plan.
CA.I.D.S3,aim,guidance,auto,from the Task D References line,Create a navigation log and prepare a VFR flight plan.
CA.I.D.S3,phak,explanation,auto,from the Task D References line,Create a navigation log and prepare a VFR flight plan.
CA.I.D.S3,risk-management,explanation,auto,from the Task D References line,Create a navigation log and prepare a VFR flight plan.
CA.I.D.S4,14cfr:part-91,regulation,auto,from the Task D References line,Recalculate fuel reserves based on a scenario provided by the evaluator.
CA.I.D.S4,afh,explanation,auto,from the Task D References line,Recalculate fuel reserves based on a scenario provided by the evaluator.
CA.I.D.S4,aim,guidance,auto,from the Task D References line,Recalculate fuel reserves based on a scenario provided by the evaluator.
CA.I.D.S4,phak,explanation,auto,from the Task D References line,Recalculate fuel reserves based on a scenario provided by the evaluator.
CA.I.D.S4,risk-management,explanation,auto,from the Task D References line,Recalculate fuel reserves based on a scenario provided by the evaluator.
CA.I.D.S5,14cfr:part-91,regulation,auto,from the Task D References line,"Use an electronic flight bag (EFB), if applicable."
CA.I.D.S5,afh,explanation,auto,from the Task D References line,"Use an electronic flight bag (EFB), if applicable."
CA.I.D.S5,aim,guidance,auto,from the Task D References line,"Use an electronic flight bag (EFB), if applicable."
CA.I.D.S5,phak,explanation,auto,from the Task D References line,"Use an electronic flight bag (EFB), if applicable."
CA.I.D.S5,risk-management,explanation,auto,from the Task D References line,"Use an electronic flight bag (EFB), if applicable."
CA.I.E.K1,14cfr:part-71,regulation,auto,from the Task E References line,Airspace classes and associated requirements and limitations. 6
CA.I.E.K1,14cfr:part-91,regulation,auto,from the Task E References line,Airspace classes and associated requirements and limitations. 6
CA.I.E.K1,14cfr:part-93,regulation,auto,from the Task E References line,Airspace classes and associated requirements and limitations. 6
CA.I.E.K1,afh,explanation,auto,from the Task E References line,Airspace classes and associated requirements and limitations. 6
CA.I.E.K1,aim,guidance,auto,from the Task E References line,Airspace classes and associated requirements and limitations. 6
CA.I.E.K1,phak,explanation,auto,from the Task E References line,Airspace classes and associated requirements and limitations. 6
CA.I.E.K1,risk-management,explanation,auto,from the Task E References line,Airspace classes and associated requirements and limitations. 6
CA.I.E.K2,14cfr:part-71,regulation,auto,from the Task E References line,Chart symbols.
CA.I.E.K2,14cfr:part-91,regulation,auto,from the Task E References line,Chart symbols.
CA.I.E.K2,14cfr:part-93,regulation,auto,from the Task E References line,Chart symbols.
CA.I.E.K2,afh,explanation,auto,from the Task E References line,Chart symbols.
CA.I.E.K2,aim,guidance,auto,from the Task E References line,Chart symbols.
CA.I.E.K2,phak,explanation,auto,from the Task E References line,Chart symbols.
CA.I.E.K2,risk-management,explanation,auto,from the Task E References line,Chart symbols.
CA.I.E.K3,14cfr:part-71,regulation,auto,from the Task E References line,"Special use airspace (SUA), special flight rules areas (SFRA), temporary flight restrictions (TFR), and other airspace areas."
CA.I.E.K3,14cfr:part-91,regulation,auto,from the Task E References line,"Special use airspace (SUA), special flight rules areas (SFRA), temporary flight restrictions (TFR), and other airspace areas."
CA.I.E.K3,14cfr:part-93,regulation,auto,from the Task E References line,"Special use airspace (SUA), special flight rules areas (SFRA), temporary flight restrictions (TFR), and other airspace areas."
CA.I.E.K3,afh,explanation,auto,from the Task E References line,"Special use airspace (SUA), special flight rules areas (SFRA), temporary flight restrictions (TFR), and other airspace areas."
CA.I.E.K3,aim,guidance,auto,from the Task E References line,"Special use airspace (SUA), special flight rules areas (SFRA), temporary flight restrictions (TFR), and other airspace areas."
CA.I.E.K3,phak,explanation,auto,from the Task E References line,"Special use airspace (SUA), special flight rules areas (SFRA), temporary flight restrictions (TFR), and other airspace areas."
CA.I.E.K3,risk-management,explanation,auto,from the Task E References line,"Special use airspace (SUA), special flight rules areas (SFRA), temporary flight restrictions (TFR), and other airspace areas."
CA.I.E.K4,14cfr:part-71,regulation,auto,from the Task E References line,Special visual flight rules (VFR) requirements.
CA.I.E.K4,14cfr:part-91,regulation,auto,from the Task E References line,Special visual flight rules (VFR) requirements.
CA.I.E.K4,14cfr:part-93,regulation,auto,from the Task E References line,Special visual flight rules (VFR) requirements.
CA.I.E.K4,afh,explanation,auto,from the Task E References line,Special visual flight rules (VFR) requirements.
CA.I.E.K4,aim,guidance,auto,from the Task E References line,Special visual flight rules (VFR) requirements.
CA.I.E.K4,phak,explanation,auto,from the Task E References line,Special visual flight rules (VFR) requirements.
CA.I.E.K4,risk-management,explanation,auto,from the Task E References line,Special visual flight rules (VFR) requirements.
CA.I.E.R1,14cfr:part-71,regulation,auto,from the Task E References line,Various classes and types of airspace.
CA.I.E.R1,14cfr:part-91,regulation,auto,from the Task E References line,Various classes and types of airspace.
CA.I.E.R1,14cfr:part-93,regulation,auto,from the Task E References line,Various classes and types of airspace.
CA.I.E.R1,afh,explanation,auto,from the Task E References line,Various classes and types of airspace.
CA.I.E.R1,aim,guidance,auto,from the Task E References line,Various classes and types of airspace.
CA.I.E.R1,phak,explanation,auto,from the Task E References line,Various classes and types of airspace.
CA.I.E.R1,risk-management,explanation,auto,from the Task E References line,Various classes and types of airspace.
CA.I.E.S1,14cfr:part-71,regulation,auto,from the Task E References line,Identify and comply with the requirements for basic VFR weather minimums and flying in particular classes of airspace.
CA.I.E.S1,14cfr:part-91,regulation,auto,from the Task E References line,Identify and comply with the requirements for basic VFR weather minimums and flying in particular classes of airspace.
CA.I.E.S1,14cfr:part-93,regulation,auto,from the Task E References line,Identify and comply with the requirements for basic VFR weather minimums and flying in particular classes of airspace.
CA.I.E.S1,afh,explanation,auto,from the Task E References line,Identify and comply with the requirements for basic VFR weather minimums and flying in particular classes of airspace.
CA.I.E.S1,aim,guidance,auto,from the Task E References line,Identify and comply with the requirements for basic VFR weather minimums and flying in particular classes of airspace.
CA.I.E.S1,phak,explanation,auto,from the Task E References line,Identify and comply with the requirements for basic VFR weather minimums and flying in particular classes of airspace.
CA.I.E.S1,risk-management,explanation,auto,from the Task E References line,Identify and comply with the requirements for basic VFR weather minimums and flying in particular classes of airspace.
CA.I.E.S2,14cfr:part-71,regulation,auto,from the Task E References line,Correctly identify airspace and operate in accordance with associated communication and equipment requirements.
CA.I.E.S2,14cfr:part-91,regulation,auto,from the Task E References line,Correctly identify airspace and operate in accordance with associated communication and equipment requirements.
CA.I.E.S2,14cfr:part-93,regulation,auto,from the Task E References line,Correctly identify airspace and operate in accordance with associated communication and equipment requirements.
CA.I.E.S2,afh,explanation,auto,from the Task E References line,Correctly identify airspace and operate in accordance with associated communication and equipment requirements.
CA.I.E.S2,aim,guidance,auto,from the Task E References line,Correctly identify airspace and operate in accordance with associated communication and equipment requirements.
CA.I.E.S2,phak,explanation,auto,from the Task E References line,Correctly identify airspace and operate in accordance with associated communication and equipment requirements.
CA.I.E.S2,risk-management,explanation,auto,from the Task E References line,Correctly identify airspace and operate in accordance with associated communication and equipment requirements.
CA.I.E.S3,14cfr:part-71,regulation,auto,from the Task E References line,"Identify the requirements for operating in SUA or within a TFR. Identify and comply with special air traffic rules (SATR) and SFRA operations, if applicable."
CA.I.E.S3,14cfr:part-91,regulation,auto,from the Task E References line,"Identify the requirements for operating in SUA or within a TFR. Identify and comply with special air traffic rules (SATR) and SFRA operations, if applicable."
CA.I.E.S3,14cfr:part-93,regulation,auto,from the Task E References line,"Identify the requirements for operating in SUA or within a TFR. Identify and comply with special air traffic rules (SATR) and SFRA operations, if applicable."
CA.I.E.S3,afh,explanation,auto,from the Task E References line,"Identify the requirements for operating in SUA or within a TFR. Identify and comply with special air traffic rules (SATR) and SFRA operations, if applicable."
CA.I.E.S3,aim,guidance,auto,from the Task E References line,"Identify the requirements for operating in SUA or within a TFR. Identify and comply with special air traffic rules (SATR) and SFRA operations, if applicable."
CA.I.E.S3,phak,explanation,auto,from the Task E References line,"Identify the requirements for operating in SUA or within a TFR. Identify and comply with special air traffic rules (SATR) and SFRA operations, if applicable."
CA.I.E.S3,risk-management,explanation,auto,from the Task E References line,"Identify the requirements for operating in SUA or within a TFR. Identify and comply with special air traffic rules (SATR) and SFRA operations, if applicable."
CA.I.F.K1,afh,explanation,auto,from the Task F References line,"Elements related to performance and limitations by explaining the use of charts, tables, and data to determine performance."
CA.I.F.K1,phak,explanation,auto,from the Task F References line,"Elements related to performance and limitations by explaining the use of charts, tables, and data to determine performance."
CA.I.F.K1,risk-management,explanation,auto,from the Task F References line,"Elements related to performance and limitations by explaining the use of charts, tables, and data to determine performance."
CA.I.F.K1,weight-balance,explanation,auto,from the Task F References line,"Elements related to performance and limitations by explaining the use of charts, tables, and data to determine performance."
CA.I.F.K2,afh,explanation,auto,from the Task F References line,"Factors affecting performance, including:"
CA.I.F.K2,phak,explanation,auto,from the Task F References line,"Factors affecting performance, including:"
CA.I.F.K2,risk-management,explanation,auto,from the Task F References line,"Factors affecting performance, including:"
CA.I.F.K2,weight-balance,explanation,auto,from the Task F References line,"Factors affecting performance, including:"
CA.I.F.K2a,afh,explanation,auto,from the Task F References line,a. Atmospheric conditions
CA.I.F.K2a,phak,explanation,auto,from the Task F References line,a. Atmospheric conditions
CA.I.F.K2a,risk-management,explanation,auto,from the Task F References line,a. Atmospheric conditions
CA.I.F.K2a,weight-balance,explanation,auto,from the Task F References line,a. Atmospheric conditions
CA.I.F.K2b,afh,explanation,auto,from the Task F References line,b. Pilot technique
CA.I.F.K2b,phak,explanation,auto,from the Task F References line,b. Pilot technique
CA.I.F.K2b,risk-management,explanation,auto,from the Task F References line,b. Pilot technique
CA.I.F.K2b,weight-balance,explanation,auto,from the Task F References line,b. Pilot technique
CA.I.F.K2c,afh,explanation,auto,from the Task F References line,c. Airplane configuration
CA.I.F.K2c,phak,explanation,auto,from the Task F References line,c. Airplane configuration
CA.I.F.K2c,risk-management,explanation,auto,from the Task F References line,c. Airplane configuration
CA.I.F.K2c,weight-balance,explanation,auto,from the Task F References line,c. Airplane configuration
CA.I.F.K2d,afh,explanation,auto,from the Task F References line,d. Airport environment
CA.I.F.K2d,phak,explanation,auto,from the Task F References line,d. Airport environment
CA.I.F.K2d,risk-management,explanation,auto,from the Task F References line,d. Airport environment
CA.I.F.K2d,weight-balance,explanation,auto,from the Task F References line,d. Airport environment
CA.I.F.K2e,afh,explanation,auto,from the Task F References line,e. Loading and weight and balance
CA.I.F.K2e,phak,explanation,auto,from the Task F References line,e. Loading and weight and balance
CA.I.F.K2e,risk-management,explanation,auto,from the Task F References line,e. Loading and weight and balance
CA.I.F.K2e,weight-balance,explanation,auto,from the Task F References line,e. Loading and weight and balance
CA.I.F.K2f,afh,explanation,auto,from the Task F References line,f. [Archived]
CA.I.F.K2f,phak,explanation,auto,from the Task F References line,f. [Archived]
CA.I.F.K2f,risk-management,explanation,auto,from the Task F References line,f. [Archived]
CA.I.F.K2f,weight-balance,explanation,auto,from the Task F References line,f. [Archived]
CA.I.F.K3,afh,explanation,auto,from the Task F References line,Aerodynamics.
CA.I.F.K3,phak,explanation,auto,from the Task F References line,Aerodynamics.
CA.I.F.K3,risk-management,explanation,auto,from the Task F References line,Aerodynamics.
CA.I.F.K3,weight-balance,explanation,auto,from the Task F References line,Aerodynamics.
CA.I.F.R1,afh,explanation,auto,from the Task F References line,"Use of performance charts, tables, and data."
CA.I.F.R1,phak,explanation,auto,from the Task F References line,"Use of performance charts, tables, and data."
CA.I.F.R1,risk-management,explanation,auto,from the Task F References line,"Use of performance charts, tables, and data."
CA.I.F.R1,weight-balance,explanation,auto,from the Task F References line,"Use of performance charts, tables, and data."
CA.I.F.R2,afh,explanation,auto,from the Task F References line,Airplane limitations.
CA.I.F.R2,phak,explanation,auto,from the Task F References line,Airplane limitations.
CA.I.F.R2,risk-management,explanation,auto,from the Task F References line,Airplane limitations.
CA.I.F.R2,weight-balance,explanation,auto,from the Task F References line,Airplane limitations.
CA.I.F.R3,afh,explanation,auto,from the Task F References line,Possible differences between calculated performance and actual performance.
CA.I.F.R3,phak,explanation,auto,from the Task F References line,Possible differences between calculated performance and actual performance.
CA.I.F.R3,risk-management,explanation,auto,from the Task F References line,Possible differences between calculated performance and actual performance.
CA.I.F.R3,weight-balance,explanation,auto,from the Task F References line,Possible differences between calculated performance and actual performance.
CA.I.F.S1,afh,explanation,auto,from the Task F References line,"Compute the weight and balance, correct out-of-CG loading errors and determine if the weight and balance remains within limits during all phases of flight."
CA.I.F.S1,phak,explanation,auto,from the Task F References line,"Compute the weight and balance, correct out-of-CG loading errors and determine if the weight and balance remains within limits during all phases of flight."
CA.I.F.S1,risk-management,explanation,auto,from the Task F References line,"Compute the weight and balance, correct out-of-CG loading errors and determine if the weight and balance remains within limits during all phases of flight."
CA.I.F.S1,weight-balance,explanation,auto,from the Task F References line,"Compute the weight and balance, correct out-of-CG loading errors and determine if the weight and balance remains within limits during all phases of flight."
CA.I.F.S2,afh,explanation,auto,from the Task F References line,"Use the appropriate airplane performance charts, tables, and data."
CA.I.F.S2,phak,explanation,auto,from the Task F References line,"Use the appropriate airplane performance charts, tables, and data."
CA.I.F.S2,risk-management,explanation,auto,from the Task F References line,"Use the appropriate airplane performance charts, tables, and data."
CA.I.F.S2,weight-balance,explanation,auto,from the Task F References line,"Use the appropriate airplane performance charts, tables, and data."
CA.I.G.K1,afh,explanation,auto,from the Task G References line,"Airplane systems, including:"
CA.I.G.K1,phak,explanation,auto,from the Task G References line,"Airplane systems, including:"
CA.I.G.K1,risk-management,explanation,auto,from the Task G References line,"Airplane systems, including:"
CA.I.G.K1,seaplane,explanation,auto,from the Task G References line,"Airplane systems, including:"
CA.I.G.K1a,afh,explanation,auto,from the Task G References line,a. Primary flight controls
CA.I.G.K1a,phak,explanation,auto,from the Task G References line,a. Primary flight controls
CA.I.G.K1a,risk-management,explanation,auto,from the Task G References line,a. Primary flight controls
CA.I.G.K1a,seaplane,explanation,auto,from the Task G References line,a. Primary flight controls
CA.I.G.K1b,afh,explanation,auto,from the Task G References line,b. Secondary flight controls
CA.I.G.K1b,phak,explanation,auto,from the Task G References line,b. Secondary flight controls
CA.I.G.K1b,risk-management,explanation,auto,from the Task G References line,b. Secondary flight controls
CA.I.G.K1b,seaplane,explanation,auto,from the Task G References line,b. Secondary flight controls
CA.I.G.K1c,afh,explanation,auto,from the Task G References line,c. Powerplant and propeller
CA.I.G.K1c,phak,explanation,auto,from the Task G References line,c. Powerplant and propeller
CA.I.G.K1c,risk-management,explanation,auto,from the Task G References line,c. Powerplant and propeller
CA.I.G.K1c,seaplane,explanation,auto,from the Task G References line,c. Powerplant and propeller
CA.I.G.K1d,afh,explanation,auto,from the Task G References line,d. Landing gear
CA.I.G.K1d,phak,explanation,auto,from the Task G References line,d. Landing gear
CA.I.G.K1d,risk-management,explanation,auto,from the Task G References line,d. Landing gear
CA.I.G.K1d,seaplane,explanation,auto,from the Task G References line,d. Landing gear
CA.I.G.K1e,afh,explanation,auto,from the Task G References line,"e. Fuel, oil, and hydraulic"
CA.I.G.K1e,phak,explanation,auto,from the Task G References line,"e. Fuel, oil, and hydraulic"
CA.I.G.K1e,risk-management,explanation,auto,from the Task G References line,"e. Fuel, oil, and hydraulic"
CA.I.G.K1e,seaplane,explanation,auto,from the Task G References line,"e. Fuel, oil, and hydraulic"
CA.I.G.K1f,afh,explanation,auto,from the Task G References line,f. Electrical
CA.I.G.K1f,phak,explanation,auto,from the Task G References line,f. Electrical
CA.I.G.K1f,risk-management,explanation,auto,from the Task G References line,f. Electrical
CA.I.G.K1f,seaplane,explanation,auto,from the Task G References line,f. Electrical
CA.I.G.K1g,afh,explanation,auto,from the Task G References line,g. Avionics
CA.I.G.K1g,phak,explanation,auto,from the Task G References line,g. Avionics
CA.I.G.K1g,risk-management,explanation,auto,from the Task G References line,g. Avionics
CA.I.G.K1g,seaplane,explanation,auto,from the Task G References line,g. Avionics
CA.I.G.K1h,afh,explanation,auto,from the Task G References line,"h. Pitot-static, vacuum/pressure, and associated flight instruments"
CA.I.G.K1h,phak,explanation,auto,from the Task G References line,"h. Pitot-static, vacuum/pressure, and associated flight instruments"
CA.I.G.K1h,risk-management,explanation,auto,from the Task G References line,"h. Pitot-static, vacuum/pressure, and associated flight instruments"
CA.I.G.K1h,seaplane,explanation,auto,from the Task G References line,"h. Pitot-static, vacuum/pressure, and associated flight instruments"
CA.I.G.K1i,afh,explanation,auto,from the Task G References line,i. Environmental
CA.I.G.K1i,phak,explanation,auto,from the Task G References line,i. Environmental
CA.I.G.K1i,risk-management,explanation,auto,from the Task G References line,i. Environmental
CA.I.G.K1i,seaplane,explanation,auto,from the Task G References line,i. Environmental
CA.I.G.K1j,afh,explanation,auto,from the Task G References line,j. Deicing and anti-icing
CA.I.G.K1j,phak,explanation,auto,from the Task G References line,j. Deicing and anti-icing
CA.I.G.K1j,risk-management,explanation,auto,from the Task G References line,j. Deicing and anti-icing
CA.I.G.K1j,seaplane,explanation,auto,from the Task G References line,j. Deicing and anti-icing
CA.I.G.K1k,afh,explanation,auto,from the Task G References line,"k. Water rudders (ASES, AMES)"
CA.I.G.K1k,phak,explanation,auto,from the Task G References line,"k. Water rudders (ASES, AMES)"
CA.I.G.K1k,risk-management,explanation,auto,from the Task G References line,"k. Water rudders (ASES, AMES)"
CA.I.G.K1k,seaplane,explanation,auto,from the Task G References line,"k. Water rudders (ASES, AMES)"
CA.I.G.K1l,afh,explanation,auto,from the Task G References line,l. Oxygen system
CA.I.G.K1l,phak,explanation,auto,from the Task G References line,l. Oxygen system
CA.I.G.K1l,risk-management,explanation,auto,from the Task G References line,l. Oxygen system
CA.I.G.K1l,seaplane,explanation,auto,from the Task G References line,l. Oxygen system
CA.I.G.K2,afh,explanation,auto,from the Task G References line,Indications of and procedures for managing system abnormalities or failures.
CA.I.G.K2,phak,explanation,auto,from the Task G References line,Indications of and procedures for managing system abnormalities or failures.
CA.I.G.K2,risk-management,explanation,auto,from the Task G References line,Indications of and procedures for managing system abnormalities or failures.
CA.I.G.K2,seaplane,explanation,auto,from the Task G References line,Indications of and procedures for managing system abnormalities or failures.
CA.I.G.R1,afh,explanation,auto,from the Task G References line,Detection of system malfunctions or failures.
CA.I.G.R1,phak,explanation,auto,from the Task G References line,Detection of system malfunctions or failures.
CA.I.G.R1,risk-management,explanation,auto,from the Task G References line,Detection of system malfunctions or failures.
CA.I.G.R1,seaplane,explanation,auto,from the Task G References line,Detection of system malfunctions or failures.
CA.I.G.R2,afh,explanation,auto,from the Task G References line,Management of a system failure.
CA.I.G.R2,phak,explanation,auto,from the Task G References line,Management of a system failure.
CA.I.G.R2,risk-management,explanation,auto,from the Task G References line,Management of a system failure.
CA.I.G.R2,seaplane,explanation,auto,from the Task G References line,Management of a system failure.
CA.I.G.R3,afh,explanation,auto,from the Task G References line,Monitoring and management of automated systems.
CA.I.G.R3,phak,explanation,auto,from the Task G References line,Monitoring and management of automated systems.
CA.I.G.R3,risk-management,explanation,auto,from the Task G References line,Monitoring and management of automated systems.
CA.I.G.R3,seaplane,explanation,auto,from the Task G References line,Monitoring and management of automated systems.
CA.I.G.S1,afh,explanation,auto,from the Task G References line,Operate at least three of the systems listed in K1a through K1l appropriately.
CA.I.G.S1,phak,explanation,auto,from the Task G References line,Operate at least three of the systems listed in K1a through K1l appropriately.
CA.I.G.S1,risk-management,explanation,auto,from the Task G References line,Operate at least three of the systems listed in K1a through K1l appropriately.
CA.I.G.S1,seaplane,explanation,auto,from the Task G References line,Operate at least three of the systems listed in K1a through K1l appropriately.
CA.I.G.S2,afh,explanation,auto,from the Task G References line,Complete the appropriate checklist(s). 8
CA.I.G.S2,phak,explanation,auto,from the Task G References line,Complete the appropriate checklist(s). 8
CA.I.G.S2,risk-management,explanation,auto,from the Task G References line,Complete the appropriate checklist(s). 8
CA.I.G.S2,seaplane,explanation,auto,from the Task G References line,Complete the appropriate checklist(s). 8
CA.I.H.K1,afh,explanation,auto,from the Task H References line,"Symptoms, recognition, causes, effects, and corrective actions associated with aeromedical and physiological issues, including:"
CA.I.H.K1,aim,guidance,auto,from the Task H References line,"Symptoms, recognition, causes, effects, and corrective actions associated with aeromedical and physiological issues, including:"
CA.I.H.K1,phak,explanation,auto,from the Task H References line,"Symptoms, recognition, causes, effects, and corrective actions associated with aeromedical and physiological issues, including:"
CA.I.H.K1,risk-management,explanation,auto,from the Task H References line,"Symptoms, recognition, causes, effects, and corrective actions associated with aeromedical and physiological issues, including:"
CA.I.H.K1a,afh,explanation,auto,from the Task H References line,a. Hypoxia
CA.I.H.K1a,aim,guidance,auto,from the Task H References line,a. Hypoxia
CA.I.H.K1a,phak,explanation,auto,from the Task H References line,a. Hypoxia
CA.I.H.K1a,risk-management,explanation,auto,from the Task H References line,a. Hypoxia
CA.I.H.K1b,afh,explanation,auto,from the Task H References line,b. Hyperventilation
CA.I.H.K1b,aim,guidance,auto,from the Task H References line,b. Hyperventilation
CA.I.H.K1b,phak,explanation,auto,from the Task H References line,b. Hyperventilation
CA.I.H.K1b,risk-management,explanation,auto,from the Task H References line,b. Hyperventilation
CA.I.H.K1c,afh,explanation,auto,from the Task H References line,c. Middle ear and sinus problems
CA.I.H.K1c,aim,guidance,auto,from the Task H References line,c. Middle ear and sinus problems
CA.I.H.K1c,phak,explanation,auto,from the Task H References line,c. Middle ear and sinus problems
CA.I.H.K1c,risk-management,explanation,auto,from the Task H References line,c. Middle ear and sinus problems
CA.I.H.K1d,afh,explanation,auto,from the Task H References line,d. Spatial disorientation
CA.I.H.K1d,aim,guidance,auto,from the Task H References line,d. Spatial disorientation
CA.I.H.K1d,phak,explanation,auto,from the Task H References line,d. Spatial disorientation
CA.I.H.K1d,risk-management,explanation,auto,from the Task H References line,d. Spatial disorientation
CA.I.H.K1e,afh,explanation,auto,from the Task H References line,e. Motion sickness
CA.I.H.K1e,aim,guidance,auto,from the Task H References line,e. Motion sickness
CA.I.H.K1e,phak,explanation,auto,from the Task H References line,e. Motion sickness
CA.I.H.K1e,risk-management,explanation,auto,from the Task H References line,e. Motion sickness
CA.I.H.K1f,afh,explanation,auto,from the Task H References line,f. Carbon monoxide poisoning
CA.I.H.K1f,aim,guidance,auto,from the Task H References line,f. Carbon monoxide poisoning
CA.I.H.K1f,phak,explanation,auto,from the Task H References line,f. Carbon monoxide poisoning
CA.I.H.K1f,risk-management,explanation,auto,from the Task H References line,f. Carbon monoxide poisoning
CA.I.H.K1g,afh,explanation,auto,from the Task H References line,g. Stress
CA.I.H.K1g,aim,guidance,auto,from the Task H References line,g. Stress
CA.I.H.K1g,phak,explanation,auto,from the Task H References line,g. Stress
CA.I.H.K1g,risk-management,explanation,auto,from the Task H References line,g. Stress
CA.I.H.K1h,afh,explanation,auto,from the Task H References line,h. Fatigue
CA.I.H.K1h,aim,guidance,auto,from the Task H References line,h. Fatigue
CA.I.H.K1h,phak,explanation,auto,from the Task H References line,h. Fatigue
CA.I.H.K1h,risk-management,explanation,auto,from the Task H References line,h. Fatigue
CA.I.H.K1i,afh,explanation,auto,from the Task H References line,i. Dehydration and nutrition
CA.I.H.K1i,aim,guidance,auto,from the Task H References line,i. Dehydration and nutrition
CA.I.H.K1i,phak,explanation,auto,from the Task H References line,i. Dehydration and nutrition
CA.I.H.K1i,risk-management,explanation,auto,from the Task H References line,i. Dehydration and nutrition
CA.I.H.K1j,afh,explanation,auto,from the Task H References line,j. Hypothermia
CA.I.H.K1j,aim,guidance,auto,from the Task H References line,j. Hypothermia
CA.I.H.K1j,phak,explanation,auto,from the Task H References line,j. Hypothermia
CA.I.H.K1j,risk-management,explanation,auto,from the Task H References line,j. Hypothermia
CA.I.H.K1k,afh,explanation,auto,from the Task H References line,k. Optical illusions
CA.I.H.K1k,aim,guidance,auto,from the Task H References line,k. Optical illusions
CA.I.H.K1k,phak,explanation,auto,from the Task H References line,k. Optical illusions
CA.I.H.K1k,risk-management,explanation,auto,from the Task H References line,k. Optical illusions
CA.I.H.K1l,afh,explanation,auto,from the Task H References line,l. Dissolved nitrogen in the bloodstream after scuba dives
CA.I.H.K1l,aim,guidance,auto,from the Task H References line,l. Dissolved nitrogen in the bloodstream after scuba dives
CA.I.H.K1l,phak,explanation,auto,from the Task H References line,l. Dissolved nitrogen in the bloodstream after scuba dives
CA.I.H.K1l,risk-management,explanation,auto,from the Task H References line,l. Dissolved nitrogen in the bloodstream after scuba dives
CA.I.H.K2,afh,explanation,auto,from the Task H References line,Regulations regarding use of alcohol and drugs.
CA.I.H.K2,aim,guidance,auto,from the Task H References line,Regulations regarding use of alcohol and drugs.
CA.I.H.K2,phak,explanation,auto,from the Task H References line,Regulations regarding use of alcohol and drugs.
CA.I.H.K2,risk-management,explanation,auto,from the Task H References line,Regulations regarding use of alcohol and drugs.
CA.I.H.K3,afh,explanation,auto,from the Task H References line,"Effects of alcohol, drugs, and over-the-counter medications."
CA.I.H.K3,aim,guidance,auto,from the Task H References line,"Effects of alcohol, drugs, and over-the-counter medications."
CA.I.H.K3,phak,explanation,auto,from the Task H References line,"Effects of alcohol, drugs, and over-the-counter medications."
CA.I.H.K3,risk-management,explanation,auto,from the Task H References line,"Effects of alcohol, drugs, and over-the-counter medications."
CA.I.H.K4,afh,explanation,auto,from the Task H References line,"Aeronautical Decision-Making (ADM) to include using Crew Resource Management (CRM) or Single- Pilot Resource Management (SRM), as appropriate."
CA.I.H.K4,aim,guidance,auto,from the Task H References line,"Aeronautical Decision-Making (ADM) to include using Crew Resource Management (CRM) or Single- Pilot Resource Management (SRM), as appropriate."
CA.I.H.K4,phak,explanation,auto,from the Task H References line,"Aeronautical Decision-Making (ADM) to include using Crew Resource Management (CRM) or Single- Pilot Resource Management (SRM), as appropriate."
CA.I.H.K4,risk-management,explanation,auto,from the Task H References line,"Aeronautical Decision-Making (ADM) to include using Crew Resource Management (CRM) or Single- Pilot Resource Management (SRM), as appropriate."
CA.I.H.R1,afh,explanation,auto,from the Task H References line,Aeromedical and physiological issues.
CA.I.H.R1,aim,guidance,auto,from the Task H References line,Aeromedical and physiological issues.
CA.I.H.R1,phak,explanation,auto,from the Task H References line,Aeromedical and physiological issues.
CA.I.H.R1,risk-management,explanation,auto,from the Task H References line,Aeromedical and physiological issues.
CA.I.H.R2,afh,explanation,auto,from the Task H References line,Hazardous attitudes.
CA.I.H.R2,aim,guidance,auto,from the Task H References line,Hazardous attitudes.
CA.I.H.R2,phak,explanation,auto,from the Task H References line,Hazardous attitudes.
CA.I.H.R2,risk-management,explanation,auto,from the Task H References line,Hazardous attitudes.
CA.I.H.R3,afh,explanation,auto,from the Task H References line,"Distractions, task prioritization, loss of situational awareness, or disorientation."
CA.I.H.R3,aim,guidance,auto,from the Task H References line,"Distractions, task prioritization, loss of situational awareness, or disorientation."
CA.I.H.R3,phak,explanation,auto,from the Task H References line,"Distractions, task prioritization, loss of situational awareness, or disorientation."
CA.I.H.R3,risk-management,explanation,auto,from the Task H References line,"Distractions, task prioritization, loss of situational awareness, or disorientation."
CA.I.H.R4,afh,explanation,auto,from the Task H References line,Confirmation and expectation bias.
CA.I.H.R4,aim,guidance,auto,from the Task H References line,Confirmation and expectation bias.
CA.I.H.R4,phak,explanation,auto,from the Task H References line,Confirmation and expectation bias.
CA.I.H.R4,risk-management,explanation,auto,from the Task H References line,Confirmation and expectation bias.
CA.I.H.S1,afh,explanation,auto,from the Task H References line,Associate the symptoms and effects for at least three of the conditions listed in K1a through K1l with the cause(s) and corrective action(s).
CA.I.H.S1,aim,guidance,auto,from the Task H References line,Associate the symptoms and effects for at least three of the conditions listed in K1a through K1l with the cause(s) and corrective action(s).
CA.I.H.S1,phak,explanation,auto,from the Task H References line,Associate the symptoms and effects for at least three of the conditions listed in K1a through K1l with the cause(s) and corrective action(s).
CA.I.H.S1,risk-management,explanation,auto,from the Task H References line,Associate the symptoms and effects for at least three of the conditions listed in K1a through K1l with the cause(s) and corrective action(s).
CA.I.H.S2,afh,explanation,auto,from the Task H References line,"Perform self-assessment, including fitness for flight and personal minimums, for actual flight or a scenario given by the evaluator. 9"
CA.I.H.S2,aim,guidance,auto,from the Task H References line,"Perform self-assessment, including fitness for flight and personal minimums, for actual flight or a scenario given by the evaluator. 9"
CA.I.H.S2,phak,explanation,auto,from the Task H References line,"Perform self-assessment, including fitness for flight and personal minimums, for actual flight or a scenario given by the evaluator. 9"
CA.I.H.S2,risk-management,explanation,auto,from the Task H References line,"Perform self-assessment, including fitness for flight and personal minimums, for actual flight or a scenario given by the evaluator. 9"
CA.I.I.K1,afh,explanation,auto,from the Task I References line,"The characteristics of a water surface as affected by features, such as:"
CA.I.I.K1,aim,guidance,auto,from the Task I References line,"The characteristics of a water surface as affected by features, such as:"
CA.I.I.K1,phak,explanation,auto,from the Task I References line,"The characteristics of a water surface as affected by features, such as:"
CA.I.I.K1,risk-management,explanation,auto,from the Task I References line,"The characteristics of a water surface as affected by features, such as:"
CA.I.I.K1,seaplane,explanation,auto,from the Task I References line,"The characteristics of a water surface as affected by features, such as:"
CA.I.I.K1a,afh,explanation,auto,from the Task I References line,a. Size and location
CA.I.I.K1a,aim,guidance,auto,from the Task I References line,a. Size and location
CA.I.I.K1a,phak,explanation,auto,from the Task I References line,a. Size and location
CA.I.I.K1a,risk-management,explanation,auto,from the Task I References line,a. Size and location
CA.I.I.K1a,seaplane,explanation,auto,from the Task I References line,a. Size and location
CA.I.I.K1b,afh,explanation,auto,from the Task I References line,b. Protected and unprotected areas
CA.I.I.K1b,aim,guidance,auto,from the Task I References line,b. Protected and unprotected areas
CA.I.I.K1b,phak,explanation,auto,from the Task I References line,b. Protected and unprotected areas
CA.I.I.K1b,risk-management,explanation,auto,from the Task I References line,b. Protected and unprotected areas
CA.I.I.K1b,seaplane,explanation,auto,from the Task I References line,b. Protected and unprotected areas
CA.I.I.K1c,afh,explanation,auto,from the Task I References line,c. Surface wind
CA.I.I.K1c,aim,guidance,auto,from the Task I References line,c. Surface wind
CA.I.I.K1c,phak,explanation,auto,from the Task I References line,c. Surface wind
CA.I.I.K1c,risk-management,explanation,auto,from the Task I References line,c. Surface wind
CA.I.I.K1c,seaplane,explanation,auto,from the Task I References line,c. Surface wind
CA.I.I.K1d,afh,explanation,auto,from the Task I References line,d. Direction and strength of water current
CA.I.I.K1d,aim,guidance,auto,from the Task I References line,d. Direction and strength of water current
CA.I.I.K1d,phak,explanation,auto,from the Task I References line,d. Direction and strength of water current
CA.I.I.K1d,risk-management,explanation,auto,from the Task I References line,d. Direction and strength of water current
CA.I.I.K1d,seaplane,explanation,auto,from the Task I References line,d. Direction and strength of water current
CA.I.I.K1e,afh,explanation,auto,from the Task I References line,e. Floating and partially submerged debris
CA.I.I.K1e,aim,guidance,auto,from the Task I References line,e. Floating and partially submerged debris
CA.I.I.K1e,phak,explanation,auto,from the Task I References line,e. Floating and partially submerged debris
CA.I.I.K1e,risk-management,explanation,auto,from the Task I References line,e. Floating and partially submerged debris
CA.I.I.K1e,seaplane,explanation,auto,from the Task I References line,e. Floating and partially submerged debris
CA.I.I.K1f,afh,explanation,auto,from the Task I References line,"f. Sandbars, islands, and shoals"
CA.I.I.K1f,aim,guidance,auto,from the Task I References line,"f. Sandbars, islands, and shoals"
CA.I.I.K1f,phak,explanation,auto,from the Task I References line,"f. Sandbars, islands, and shoals"
CA.I.I.K1f,risk-management,explanation,auto,from the Task I References line,"f. Sandbars, islands, and shoals"
CA.I.I.K1f,seaplane,explanation,auto,from the Task I References line,"f. Sandbars, islands, and shoals"
CA.I.I.K1g,afh,explanation,auto,from the Task I References line,g. Vessel traffic and wakes
CA.I.I.K1g,aim,guidance,auto,from the Task I References line,g. Vessel traffic and wakes
CA.I.I.K1g,phak,explanation,auto,from the Task I References line,g. Vessel traffic and wakes
CA.I.I.K1g,risk-management,explanation,auto,from the Task I References line,g. Vessel traffic and wakes
CA.I.I.K1g,seaplane,explanation,auto,from the Task I References line,g. Vessel traffic and wakes
CA.I.I.K1h,afh,explanation,auto,from the Task I References line,h. Other characteristics specific to the area
CA.I.I.K1h,aim,guidance,auto,from the Task I References line,h. Other characteristics specific to the area
CA.I.I.K1h,phak,explanation,auto,from the Task I References line,h. Other characteristics specific to the area
CA.I.I.K1h,risk-management,explanation,auto,from the Task I References line,h. Other characteristics specific to the area
CA.I.I.K1h,seaplane,explanation,auto,from the Task I References line,h. Other characteristics specific to the area
CA.I.I.K1i,afh,explanation,auto,from the Task I References line,i. Direction and height of waves
CA.I.I.K1i,aim,guidance,auto,from the Task I References line,i. Direction and height of waves
CA.I.I.K1i,phak,explanation,auto,from the Task I References line,i. Direction and height of waves
CA.I.I.K1i,risk-management,explanation,auto,from the Task I References line,i. Direction and height of waves
CA.I.I.K1i,seaplane,explanation,auto,from the Task I References line,i. Direction and height of waves
CA.I.I.K2,afh,explanation,auto,from the Task I References line,"Float and hull construction, and its effect on seaplane performance."
CA.I.I.K2,aim,guidance,auto,from the Task I References line,"Float and hull construction, and its effect on seaplane performance."
CA.I.I.K2,phak,explanation,auto,from the Task I References line,"Float and hull construction, and its effect on seaplane performance."
CA.I.I.K2,risk-management,explanation,auto,from the Task I References line,"Float and hull construction, and its effect on seaplane performance."
CA.I.I.K2,seaplane,explanation,auto,from the Task I References line,"Float and hull construction, and its effect on seaplane performance."
CA.I.I.K3,afh,explanation,auto,from the Task I References line,"Causes of porpoising and skipping, and the pilot action needed to prevent or correct these occurrences."
CA.I.I.K3,aim,guidance,auto,from the Task I References line,"Causes of porpoising and skipping, and the pilot action needed to prevent or correct these occurrences."
CA.I.I.K3,phak,explanation,auto,from the Task I References line,"Causes of porpoising and skipping, and the pilot action needed to prevent or correct these occurrences."
CA.I.I.K3,risk-management,explanation,auto,from the Task I References line,"Causes of porpoising and skipping, and the pilot action needed to prevent or correct these occurrences."
CA.I.I.K3,seaplane,explanation,auto,from the Task I References line,"Causes of porpoising and skipping, and the pilot action needed to prevent or correct these occurrences."
CA.I.I.K4,afh,explanation,auto,from the Task I References line,How to locate and identify seaplane bases on charts or in directories.
CA.I.I.K4,aim,guidance,auto,from the Task I References line,How to locate and identify seaplane bases on charts or in directories.
CA.I.I.K4,phak,explanation,auto,from the Task I References line,How to locate and identify seaplane bases on charts or in directories.
CA.I.I.K4,risk-management,explanation,auto,from the Task I References line,How to locate and identify seaplane bases on charts or in directories.
CA.I.I.K4,seaplane,explanation,auto,from the Task I References line,How to locate and identify seaplane bases on charts or in directories.
CA.I.I.K5,afh,explanation,auto,from the Task I References line,Operating restrictions at various bases.
CA.I.I.K5,aim,guidance,auto,from the Task I References line,Operating restrictions at various bases.
CA.I.I.K5,phak,explanation,auto,from the Task I References line,Operating restrictions at various bases.
CA.I.I.K5,risk-management,explanation,auto,from the Task I References line,Operating restrictions at various bases.
CA.I.I.K5,seaplane,explanation,auto,from the Task I References line,Operating restrictions at various bases.
CA.I.I.K6,afh,explanation,auto,from the Task I References line,"Right-of-way, steering, and sailing rules pertinent to seaplane operation."
CA.I.I.K6,aim,guidance,auto,from the Task I References line,"Right-of-way, steering, and sailing rules pertinent to seaplane operation."
CA.I.I.K6,phak,explanation,auto,from the Task I References line,"Right-of-way, steering, and sailing rules pertinent to seaplane operation."
CA.I.I.K6,risk-management,explanation,auto,from the Task I References line,"Right-of-way, steering, and sailing rules pertinent to seaplane operation."
CA.I.I.K6,seaplane,explanation,auto,from the Task I References line,"Right-of-way, steering, and sailing rules pertinent to seaplane operation."
CA.I.I.K7,afh,explanation,auto,from the Task I References line,"Marine navigation aids, such as buoys, beacons, lights, sound signals, and range markers."
CA.I.I.K7,aim,guidance,auto,from the Task I References line,"Marine navigation aids, such as buoys, beacons, lights, sound signals, and range markers."
CA.I.I.K7,phak,explanation,auto,from the Task I References line,"Marine navigation aids, such as buoys, beacons, lights, sound signals, and range markers."
CA.I.I.K7,risk-management,explanation,auto,from the Task I References line,"Marine navigation aids, such as buoys, beacons, lights, sound signals, and range markers."
CA.I.I.K7,seaplane,explanation,auto,from the Task I References line,"Marine navigation aids, such as buoys, beacons, lights, sound signals, and range markers."
CA.I.I.K8,afh,explanation,auto,from the Task I References line,Naval vessel protection zones.
CA.I.I.K8,aim,guidance,auto,from the Task I References line,Naval vessel protection zones.
CA.I.I.K8,phak,explanation,auto,from the Task I References line,Naval vessel protection zones.
CA.I.I.K8,risk-management,explanation,auto,from the Task I References line,Naval vessel protection zones.
CA.I.I.K8,seaplane,explanation,auto,from the Task I References line,Naval vessel protection zones.
CA.I.I.K9,afh,explanation,auto,from the Task I References line,No wake zones.
CA.I.I.K9,aim,guidance,auto,from the Task I References line,No wake zones.
CA.I.I.K9,phak,explanation,auto,from the Task I References line,No wake zones.
CA.I.I.K9,risk-management,explanation,auto,from the Task I References line,No wake zones.
CA.I.I.K9,seaplane,explanation,auto,from the Task I References line,No wake zones.
CA.I.I.R1,afh,explanation,auto,from the Task I References line,Local conditions.
CA.I.I.R1,aim,guidance,auto,from the Task I References line,Local conditions.
CA.I.I.R1,phak,explanation,auto,from the Task I References line,Local conditions.
CA.I.I.R1,risk-management,explanation,auto,from the Task I References line,Local conditions.
CA.I.I.R1,seaplane,explanation,auto,from the Task I References line,Local conditions.
CA.I.I.R2,afh,explanation,auto,from the Task I References line,Impact of marine traffic.
CA.I.I.R2,aim,guidance,auto,from the Task I References line,Impact of marine traffic.
CA.I.I.R2,phak,explanation,auto,from the Task I References line,Impact of marine traffic.
CA.I.I.R2,risk-management,explanation,auto,from the Task I References line,Impact of marine traffic.
CA.I.I.R2,seaplane,explanation,auto,from the Task I References line,Impact of marine traffic.
CA.I.I.R3,afh,explanation,auto,from the Task I References line,Right-of-way and sailing rules pertinent to seaplane operations.
CA.I.I.R3,aim,guidance,auto,from the Task I References line,Right-of-way and sailing rules pertinent to seaplane operations.
CA.I.I.R3,phak,explanation,auto,from the Task I References line,Right-of-way and sailing rules pertinent to seaplane operations.
CA.I.I.R3,risk-management,explanation,auto,from the Task I References line,Right-of-way and sailing rules pertinent to seaplane operations.
CA.I.I.R3,seaplane,explanation,auto,from the Task I References line,Right-of-way and sailing rules pertinent to seaplane operations.
CA.I.I.R4,afh,explanation,auto,from the Task I References line,Limited services and assistance available at seaplane bases.
CA.I.I.R4,aim,guidance,auto,from the Task I References line,Limited services and assistance available at seaplane bases.
CA.I.I.R4,phak,explanation,auto,from the Task I References line,Limited services and assistance available at seaplane bases.
CA.I.I.R4,risk-management,explanation,auto,from the Task I References line,Limited services and assistance available at seaplane bases.
CA.I.I.R4,seaplane,explanation,auto,from the Task I References line,Limited services and assistance available at seaplane bases.
CA.I.I.S1,afh,explanation,auto,from the Task I References line,Assess the water surface characteristics for the proposed flight. 10
CA.I.I.S1,aim,guidance,auto,from the Task I References line,Assess the water surface characteristics for the proposed flight. 10
CA.I.I.S1,phak,explanation,auto,from the Task I References line,Assess the water surface characteristics for the proposed flight. 10
CA.I.I.S1,risk-management,explanation,auto,from the Task I References line,Assess the water surface characteristics for the proposed flight. 10
CA.I.I.S1,seaplane,explanation,auto,from the Task I References line,Assess the water surface characteristics for the proposed flight. 10
CA.I.I.S2,afh,explanation,auto,from the Task I References line,Identify restrictions at local seaplane bases.
CA.I.I.S2,aim,guidance,auto,from the Task I References line,Identify restrictions at local seaplane bases.
CA.I.I.S2,phak,explanation,auto,from the Task I References line,Identify restrictions at local seaplane bases.
CA.I.I.S2,risk-management,explanation,auto,from the Task I References line,Identify restrictions at local seaplane bases.
CA.I.I.S2,seaplane,explanation,auto,from the Task I References line,Identify restrictions at local seaplane bases.
CA.I.I.S3,afh,explanation,auto,from the Task I References line,Identify marine navigation aids.
CA.I.I.S3,aim,guidance,auto,from the Task I References line,Identify marine navigation aids.
CA.I.I.S3,phak,explanation,auto,from the Task I References line,Identify marine navigation aids.
CA.I.I.S3,risk-management,explanation,auto,from the Task I References line,Identify marine navigation aids.
CA.I.I.S3,seaplane,explanation,auto,from the Task I References line,Identify marine navigation aids.
CA.I.I.S4,afh,explanation,auto,from the Task I References line,"Describe correct right-of-way, steering, and sailing operations."
CA.I.I.S4,aim,guidance,auto,from the Task I References line,"Describe correct right-of-way, steering, and sailing operations."
CA.I.I.S4,phak,explanation,auto,from the Task I References line,"Describe correct right-of-way, steering, and sailing operations."
CA.I.I.S4,risk-management,explanation,auto,from the Task I References line,"Describe correct right-of-way, steering, and sailing operations."
CA.I.I.S4,seaplane,explanation,auto,from the Task I References line,"Describe correct right-of-way, steering, and sailing operations."
CA.I.I.S5,afh,explanation,auto,from the Task I References line,Explain how float and hull construction can affect seaplane performance.
CA.I.I.S5,aim,guidance,auto,from the Task I References line,Explain how float and hull construction can affect seaplane performance.
CA.I.I.S5,phak,explanation,auto,from the Task I References line,Explain how float and hull construction can affect seaplane performance.
CA.I.I.S5,risk-management,explanation,auto,from the Task I References line,Explain how float and hull construction can affect seaplane performance.
CA.I.I.S5,seaplane,explanation,auto,from the Task I References line,Explain how float and hull construction can affect seaplane performance.
CA.I.I.S6,afh,explanation,auto,from the Task I References line,Describe how to correct for porpoising and skipping. 11
CA.I.I.S6,aim,guidance,auto,from the Task I References line,Describe how to correct for porpoising and skipping. 11
CA.I.I.S6,phak,explanation,auto,from the Task I References line,Describe how to correct for porpoising and skipping. 11
CA.I.I.S6,risk-management,explanation,auto,from the Task I References line,Describe how to correct for porpoising and skipping. 11
CA.I.I.S6,seaplane,explanation,auto,from the Task I References line,Describe how to correct for porpoising and skipping. 11
CA.II.A.K1,afh,explanation,auto,from the Task A References line,Pilot self-assessment.
CA.II.A.K1,aviation-weather,explanation,auto,from the Task A References line,Pilot self-assessment.
CA.II.A.K1,phak,explanation,auto,from the Task A References line,Pilot self-assessment.
CA.II.A.K1,risk-management,explanation,auto,from the Task A References line,Pilot self-assessment.
CA.II.A.K1,seaplane,explanation,auto,from the Task A References line,Pilot self-assessment.
CA.II.A.K2,afh,explanation,auto,from the Task A References line,Determining that the airplane to be used is appropriate and airworthy.
CA.II.A.K2,aviation-weather,explanation,auto,from the Task A References line,Determining that the airplane to be used is appropriate and airworthy.
CA.II.A.K2,phak,explanation,auto,from the Task A References line,Determining that the airplane to be used is appropriate and airworthy.
CA.II.A.K2,risk-management,explanation,auto,from the Task A References line,Determining that the airplane to be used is appropriate and airworthy.
CA.II.A.K2,seaplane,explanation,auto,from the Task A References line,Determining that the airplane to be used is appropriate and airworthy.
CA.II.A.K3,afh,explanation,auto,from the Task A References line,"Airplane preflight inspection, including:"
CA.II.A.K3,aviation-weather,explanation,auto,from the Task A References line,"Airplane preflight inspection, including:"
CA.II.A.K3,phak,explanation,auto,from the Task A References line,"Airplane preflight inspection, including:"
CA.II.A.K3,risk-management,explanation,auto,from the Task A References line,"Airplane preflight inspection, including:"
CA.II.A.K3,seaplane,explanation,auto,from the Task A References line,"Airplane preflight inspection, including:"
CA.II.A.K3a,afh,explanation,auto,from the Task A References line,a. Which items should be inspected
CA.II.A.K3a,aviation-weather,explanation,auto,from the Task A References line,a. Which items should be inspected
CA.II.A.K3a,phak,explanation,auto,from the Task A References line,a. Which items should be inspected
CA.II.A.K3a,risk-management,explanation,auto,from the Task A References line,a. Which items should be inspected
CA.II.A.K3a,seaplane,explanation,auto,from the Task A References line,a. Which items should be inspected
CA.II.A.K3b,afh,explanation,auto,from the Task A References line,b. The reasons for checking each item
CA.II.A.K3b,aviation-weather,explanation,auto,from the Task A References line,b. The reasons for checking each item
CA.II.A.K3b,phak,explanation,auto,from the Task A References line,b. The reasons for checking each item
CA.II.A.K3b,risk-management,explanation,auto,from the Task A References line,b. The reasons for checking each item
CA.II.A.K3b,seaplane,explanation,auto,from the Task A References line,b. The reasons for checking each item
CA.II.A.K3c,afh,explanation,auto,from the Task A References line,c. How to detect possible defects
CA.II.A.K3c,aviation-weather,explanation,auto,from the Task A References line,c. How to detect possible defects
CA.II.A.K3c,phak,explanation,auto,from the Task A References line,c. How to detect possible defects
CA.II.A.K3c,risk-management,explanation,auto,from the Task A References line,c. How to detect possible defects
CA.II.A.K3c,seaplane,explanation,auto,from the Task A References line,c. How to detect possible defects
CA.II.A.K3d,afh,explanation,auto,from the Task A References line,d. The associated regulations
CA.II.A.K3d,aviation-weather,explanation,auto,from the Task A References line,d. The associated regulations
CA.II.A.K3d,phak,explanation,auto,from the Task A References line,d. The associated regulations
CA.II.A.K3d,risk-management,explanation,auto,from the Task A References line,d. The associated regulations
CA.II.A.K3d,seaplane,explanation,auto,from the Task A References line,d. The associated regulations
CA.II.A.K4,afh,explanation,auto,from the Task A References line,"Environmental factors, including weather, terrain, route selection, and obstructions."
CA.II.A.K4,aviation-weather,explanation,auto,from the Task A References line,"Environmental factors, including weather, terrain, route selection, and obstructions."
CA.II.A.K4,phak,explanation,auto,from the Task A References line,"Environmental factors, including weather, terrain, route selection, and obstructions."
CA.II.A.K4,risk-management,explanation,auto,from the Task A References line,"Environmental factors, including weather, terrain, route selection, and obstructions."
CA.II.A.K4,seaplane,explanation,auto,from the Task A References line,"Environmental factors, including weather, terrain, route selection, and obstructions."
CA.II.A.R1,afh,explanation,auto,from the Task A References line,Pilot.
CA.II.A.R1,aviation-weather,explanation,auto,from the Task A References line,Pilot.
CA.II.A.R1,phak,explanation,auto,from the Task A References line,Pilot.
CA.II.A.R1,risk-management,explanation,auto,from the Task A References line,Pilot.
CA.II.A.R1,seaplane,explanation,auto,from the Task A References line,Pilot.
CA.II.A.R2,afh,explanation,auto,from the Task A References line,Aircraft.
CA.II.A.R2,aviation-weather,explanation,auto,from the Task A References line,Aircraft.
CA.II.A.R2,phak,explanation,auto,from the Task A References line,Aircraft.
CA.II.A.R2,risk-management,explanation,auto,from the Task A References line,Aircraft.
CA.II.A.R2,seaplane,explanation,auto,from the Task A References line,Aircraft.
CA.II.A.R3,afh,explanation,auto,from the Task A References line,"Environment (e.g., weather, airports, airspace, terrain, obstacles)."
CA.II.A.R3,aviation-weather,explanation,auto,from the Task A References line,"Environment (e.g., weather, airports, airspace, terrain, obstacles)."
CA.II.A.R3,phak,explanation,auto,from the Task A References line,"Environment (e.g., weather, airports, airspace, terrain, obstacles)."
CA.II.A.R3,risk-management,explanation,auto,from the Task A References line,"Environment (e.g., weather, airports, airspace, terrain, obstacles)."
CA.II.A.R3,seaplane,explanation,auto,from the Task A References line,"Environment (e.g., weather, airports, airspace, terrain, obstacles)."
CA.II.A.R4,afh,explanation,auto,from the Task A References line,External pressures.
CA.II.A.R4,aviation-weather,explanation,auto,from the Task A References line,External pressures.
CA.II.A.R4,phak,explanation,auto,from the Task A References line,External pressures.
CA.II.A.R4,risk-management,explanation,auto,from the Task A References line,External pressures.
CA.II.A.R4,seaplane,explanation,auto,from the Task A References line,External pressures.
CA.II.A.R5,afh,explanation,auto,from the Task A References line,Aviation security concerns.
CA.II.A.R5,aviation-weather,explanation,auto,from the Task A References line,Aviation security concerns.
CA.II.A.R5,phak,explanation,auto,from the Task A References line,Aviation security concerns.
CA.II.A.R5,risk-management,explanation,auto,from the Task A References line,Aviation security concerns.
CA.II.A.R5,seaplane,explanation,auto,from the Task A References line,Aviation security concerns.
CA.II.A.S1,afh,explanation,auto,from the Task A References line,Inspect the airplane with reference to an appropriate checklist.
CA.II.A.S1,aviation-weather,explanation,auto,from the Task A References line,Inspect the airplane with reference to an appropriate checklist.
CA.II.A.S1,phak,explanation,auto,from the Task A References line,Inspect the airplane with reference to an appropriate checklist.
CA.II.A.S1,risk-management,explanation,auto,from the Task A References line,Inspect the airplane with reference to an appropriate checklist.
CA.II.A.S1,seaplane,explanation,auto,from the Task A References line,Inspect the airplane with reference to an appropriate checklist.
CA.II.A.S2,afh,explanation,auto,from the Task A References line,Verify the airplane is in condition for safe flight and conforms to its type design.
CA.II.A.S2,aviation-weather,explanation,auto,from the Task A References line,Verify the airplane is in condition for safe flight and conforms to its type design.
CA.II.A.S2,phak,explanation,auto,from the Task A References line,Verify the airplane is in condition for safe flight and conforms to its type design.
CA.II.A.S2,risk-management,explanation,auto,from the Task A References line,Verify the airplane is in condition for safe flight and conforms to its type design.
CA.II.A.S2,seaplane,explanation,auto,from the Task A References line,Verify the airplane is in condition for safe flight and conforms to its type design.
CA.II.A.S3,afh,explanation,auto,from the Task A References line,Perform self-assessment.
CA.II.A.S3,aviation-weather,explanation,auto,from the Task A References line,Perform self-assessment.
CA.II.A.S3,phak,explanation,auto,from the Task A References line,Perform self-assessment.
CA.II.A.S3,risk-management,explanation,auto,from the Task A References line,Perform self-assessment.
CA.II.A.S3,seaplane,explanation,auto,from the Task A References line,Perform self-assessment.
CA.II.A.S4,afh,explanation,auto,from the Task A References line,Continue to assess the environment for safe flight.
CA.II.A.S4,aviation-weather,explanation,auto,from the Task A References line,Continue to assess the environment for safe flight.
CA.II.A.S4,phak,explanation,auto,from the Task A References line,Continue to assess the environment for safe flight.
CA.II.A.S4,risk-management,explanation,auto,from the Task A References line,Continue to assess the environment for safe flight.
CA.II.A.S4,seaplane,explanation,auto,from the Task A References line,Continue to assess the environment for safe flight.
CA.II.B.K1,14cfr:part-91,regulation,auto,from the Task B References line,"Passenger briefing requirements, including operation and required use of safety restraint systems."
CA.II.B.K1,afh,explanation,auto,from the Task B References line,"Passenger briefing requirements, including operation and required use of safety restraint systems."
CA.II.B.K1,phak,explanation,auto,from the Task B References line,"Passenger briefing requirements, including operation and required use of safety restraint systems."
CA.II.B.K1,risk-management,explanation,auto,from the Task B References line,"Passenger briefing requirements, including operation and required use of safety restraint systems."
CA.II.B.K2,14cfr:part-91,regulation,auto,from the Task B References line,Use of appropriate checklists.
CA.II.B.K2,afh,explanation,auto,from the Task B References line,Use of appropriate checklists.
CA.II.B.K2,phak,explanation,auto,from the Task B References line,Use of appropriate checklists.
CA.II.B.K2,risk-management,explanation,auto,from the Task B References line,Use of appropriate checklists.
CA.II.B.K3,14cfr:part-91,regulation,auto,from the Task B References line,Requirements for current and appropriate navigation data.
CA.II.B.K3,afh,explanation,auto,from the Task B References line,Requirements for current and appropriate navigation data.
CA.II.B.K3,phak,explanation,auto,from the Task B References line,Requirements for current and appropriate navigation data.
CA.II.B.K3,risk-management,explanation,auto,from the Task B References line,Requirements for current and appropriate navigation data.
CA.II.B.K4,14cfr:part-91,regulation,auto,from the Task B References line,Securing items and cargo.
CA.II.B.K4,afh,explanation,auto,from the Task B References line,Securing items and cargo.
CA.II.B.K4,phak,explanation,auto,from the Task B References line,Securing items and cargo.
CA.II.B.K4,risk-management,explanation,auto,from the Task B References line,Securing items and cargo.
CA.II.B.R1,14cfr:part-91,regulation,auto,from the Task B References line,"Use of systems or equipment, including automation and portable electronic devices."
CA.II.B.R1,afh,explanation,auto,from the Task B References line,"Use of systems or equipment, including automation and portable electronic devices."
CA.II.B.R1,phak,explanation,auto,from the Task B References line,"Use of systems or equipment, including automation and portable electronic devices."
CA.II.B.R1,risk-management,explanation,auto,from the Task B References line,"Use of systems or equipment, including automation and portable electronic devices."
CA.II.B.R2,14cfr:part-91,regulation,auto,from the Task B References line,Inoperative equipment.
CA.II.B.R2,afh,explanation,auto,from the Task B References line,Inoperative equipment.
CA.II.B.R2,phak,explanation,auto,from the Task B References line,Inoperative equipment.
CA.II.B.R2,risk-management,explanation,auto,from the Task B References line,Inoperative equipment.
CA.II.B.R3,14cfr:part-91,regulation,auto,from the Task B References line,Passenger distractions.
CA.II.B.R3,afh,explanation,auto,from the Task B References line,Passenger distractions.
CA.II.B.R3,phak,explanation,auto,from the Task B References line,Passenger distractions.
CA.II.B.R3,risk-management,explanation,auto,from the Task B References line,Passenger distractions.
CA.II.B.S1,14cfr:part-91,regulation,auto,from the Task B References line,Secure all items in the aircraft.
CA.II.B.S1,afh,explanation,auto,from the Task B References line,Secure all items in the aircraft.
CA.II.B.S1,phak,explanation,auto,from the Task B References line,Secure all items in the aircraft.
CA.II.B.S1,risk-management,explanation,auto,from the Task B References line,Secure all items in the aircraft.
CA.II.B.S2,14cfr:part-91,regulation,auto,from the Task B References line,"Conduct an appropriate passenger briefing, including identifying the pilot-in-command (PIC), use of safety belts, shoulder harnesses, doors, passenger conduct, sterile aircraft, propeller blade avoidance, and emergency procedures."
CA.II.B.S2,afh,explanation,auto,from the Task B References line,"Conduct an appropriate passenger briefing, including identifying the pilot-in-command (PIC), use of safety belts, shoulder harnesses, doors, passenger conduct, sterile aircraft, propeller blade avoidance, and emergency procedures."
CA.II.B.S2,phak,explanation,auto,from the Task B References line,"Conduct an appropriate passenger briefing, including identifying the pilot-in-command (PIC), use of safety belts, shoulder harnesses, doors, passenger conduct, sterile aircraft, propeller blade avoidance, and emergency procedures."
CA.II.B.S2,risk-management,explanation,auto,from the Task B References line,"Conduct an appropriate passenger briefing, including identifying the pilot-in-command (PIC), use of safety belts, shoulder harnesses, doors, passenger conduct, sterile aircraft, propeller blade avoidance, and emergency procedures."
CA.II.B.S3,14cfr:part-91,regulation,auto,from the Task B References line,"Properly program and manage the aircraft’s automation, as applicable."
CA.II.B.S3,afh,explanation,auto,from the Task B References line,"Properly program and manage the aircraft’s automation, as applicable."
CA.II.B.S3,phak,explanation,auto,from the Task B References line,"Properly program and manage the aircraft’s automation, as applicable."
CA.II.B.S3,risk-management,explanation,auto,from the Task B References line,"Properly program and manage the aircraft’s automation, as applicable."
CA.II.B.S4,14cfr:part-91,regulation,auto,from the Task B References line,"Appropriately manage risks by utilizing ADM, including SRM/CRM."
CA.II.B.S4,afh,explanation,auto,from the Task B References line,"Appropriately manage risks by utilizing ADM, including SRM/CRM."
CA.II.B.S4,phak,explanation,auto,from the Task B References line,"Appropriately manage risks by utilizing ADM, including SRM/CRM."
CA.II.B.S4,risk-management,explanation,auto,from the Task B References line,"Appropriately manage risks by utilizing ADM, including SRM/CRM."
CA.II.C.K1,afh,explanation,auto,from the Task C References line,Starting under various conditions.
CA.II.C.K1,phak,explanation,auto,from the Task C References line,Starting under various conditions.
CA.II.C.K1,risk-management,explanation,auto,from the Task C References line,Starting under various conditions.
CA.II.C.K2,afh,explanation,auto,from the Task C References line,Starting the engine(s) by use of external power.
CA.II.C.K2,phak,explanation,auto,from the Task C References line,Starting the engine(s) by use of external power.
CA.II.C.K2,risk-management,explanation,auto,from the Task C References line,Starting the engine(s) by use of external power.
CA.II.C.K3,afh,explanation,auto,from the Task C References line,Engine limitations as they relate to starting.
CA.II.C.K3,phak,explanation,auto,from the Task C References line,Engine limitations as they relate to starting.
CA.II.C.K3,risk-management,explanation,auto,from the Task C References line,Engine limitations as they relate to starting.
CA.II.C.R1,afh,explanation,auto,from the Task C References line,Propeller safety.
CA.II.C.R1,phak,explanation,auto,from the Task C References line,Propeller safety.
CA.II.C.R1,risk-management,explanation,auto,from the Task C References line,Propeller safety.
CA.II.C.S1,afh,explanation,auto,from the Task C References line,"Position the airplane properly considering structures, other aircraft, wind, and the safety of nearby persons and property."
CA.II.C.S1,phak,explanation,auto,from the Task C References line,"Position the airplane properly considering structures, other aircraft, wind, and the safety of nearby persons and property."
CA.II.C.S1,risk-management,explanation,auto,from the Task C References line,"Position the airplane properly considering structures, other aircraft, wind, and the safety of nearby persons and property."
CA.II.C.S2,afh,explanation,auto,from the Task C References line,Complete the appropriate checklist(s).
CA.II.C.S2,phak,explanation,auto,from the Task C References line,Complete the appropriate checklist(s).
CA.II.C.S2,risk-management,explanation,auto,from the Task C References line,Complete the appropriate checklist(s).
CA.II.D.K1,ac-91-73b,guidance,auto,from the Task D References line,"Current airport aeronautical references and information resources such as the Chart Supplement, airport diagram, and Notices to Air Missions (NOTAMs)."
CA.II.D.K1,afh,explanation,auto,from the Task D References line,"Current airport aeronautical references and information resources such as the Chart Supplement, airport diagram, and Notices to Air Missions (NOTAMs)."
CA.II.D.K1,aim,guidance,auto,from the Task D References line,"Current airport aeronautical references and information resources such as the Chart Supplement, airport diagram, and Notices to Air Missions (NOTAMs)."
CA.II.D.K1,phak,explanation,auto,from the Task D References line,"Current airport aeronautical references and information resources such as the Chart Supplement, airport diagram, and Notices to Air Missions (NOTAMs)."
CA.II.D.K1,risk-management,explanation,auto,from the Task D References line,"Current airport aeronautical references and information resources such as the Chart Supplement, airport diagram, and Notices to Air Missions (NOTAMs)."
CA.II.D.K2,ac-91-73b,guidance,auto,from the Task D References line,Taxi instructions/clearances.
CA.II.D.K2,afh,explanation,auto,from the Task D References line,Taxi instructions/clearances.
CA.II.D.K2,aim,guidance,auto,from the Task D References line,Taxi instructions/clearances.
CA.II.D.K2,phak,explanation,auto,from the Task D References line,Taxi instructions/clearances.
CA.II.D.K2,risk-management,explanation,auto,from the Task D References line,Taxi instructions/clearances.
CA.II.D.K3,ac-91-73b,guidance,auto,from the Task D References line,"Airport markings, signs, and lights."
CA.II.D.K3,afh,explanation,auto,from the Task D References line,"Airport markings, signs, and lights."
CA.II.D.K3,aim,guidance,auto,from the Task D References line,"Airport markings, signs, and lights."
CA.II.D.K3,phak,explanation,auto,from the Task D References line,"Airport markings, signs, and lights."
CA.II.D.K3,risk-management,explanation,auto,from the Task D References line,"Airport markings, signs, and lights."
CA.II.D.K4,ac-91-73b,guidance,auto,from the Task D References line,Visual indicators for wind.
CA.II.D.K4,afh,explanation,auto,from the Task D References line,Visual indicators for wind.
CA.II.D.K4,aim,guidance,auto,from the Task D References line,Visual indicators for wind.
CA.II.D.K4,phak,explanation,auto,from the Task D References line,Visual indicators for wind.
CA.II.D.K4,risk-management,explanation,auto,from the Task D References line,Visual indicators for wind.
CA.II.D.K5,ac-91-73b,guidance,auto,from the Task D References line,"Aircraft lighting, as appropriate."
CA.II.D.K5,afh,explanation,auto,from the Task D References line,"Aircraft lighting, as appropriate."
CA.II.D.K5,aim,guidance,auto,from the Task D References line,"Aircraft lighting, as appropriate."
CA.II.D.K5,phak,explanation,auto,from the Task D References line,"Aircraft lighting, as appropriate."
CA.II.D.K5,risk-management,explanation,auto,from the Task D References line,"Aircraft lighting, as appropriate."
CA.II.D.K6,ac-91-73b,guidance,auto,from the Task D References line,Procedures for:
CA.II.D.K6,afh,explanation,auto,from the Task D References line,Procedures for:
CA.II.D.K6,aim,guidance,auto,from the Task D References line,Procedures for:
CA.II.D.K6,phak,explanation,auto,from the Task D References line,Procedures for:
CA.II.D.K6,risk-management,explanation,auto,from the Task D References line,Procedures for:
CA.II.D.K6a,ac-91-73b,guidance,auto,from the Task D References line,"a. Appropriate flight deck activities prior to taxi, including route planning and identifying the location of Hot Spots"
CA.II.D.K6a,afh,explanation,auto,from the Task D References line,"a. Appropriate flight deck activities prior to taxi, including route planning and identifying the location of Hot Spots"
CA.II.D.K6a,aim,guidance,auto,from the Task D References line,"a. Appropriate flight deck activities prior to taxi, including route planning and identifying the location of Hot Spots"
CA.II.D.K6a,phak,explanation,auto,from the Task D References line,"a. Appropriate flight deck activities prior to taxi, including route planning and identifying the location of Hot Spots"
CA.II.D.K6a,risk-management,explanation,auto,from the Task D References line,"a. Appropriate flight deck activities prior to taxi, including route planning and identifying the location of Hot Spots"
CA.II.D.K6b,ac-91-73b,guidance,auto,from the Task D References line,b. Radio communications at towered and nontowered airports
CA.II.D.K6b,afh,explanation,auto,from the Task D References line,b. Radio communications at towered and nontowered airports
CA.II.D.K6b,aim,guidance,auto,from the Task D References line,b. Radio communications at towered and nontowered airports
CA.II.D.K6b,phak,explanation,auto,from the Task D References line,b. Radio communications at towered and nontowered airports
CA.II.D.K6b,risk-management,explanation,auto,from the Task D References line,b. Radio communications at towered and nontowered airports
CA.II.D.K6c,ac-91-73b,guidance,auto,from the Task D References line,c. Entering or crossing runways
CA.II.D.K6c,afh,explanation,auto,from the Task D References line,c. Entering or crossing runways
CA.II.D.K6c,aim,guidance,auto,from the Task D References line,c. Entering or crossing runways
CA.II.D.K6c,phak,explanation,auto,from the Task D References line,c. Entering or crossing runways
CA.II.D.K6c,risk-management,explanation,auto,from the Task D References line,c. Entering or crossing runways
CA.II.D.K6d,ac-91-73b,guidance,auto,from the Task D References line,d. Night taxi operations
CA.II.D.K6d,afh,explanation,auto,from the Task D References line,d. Night taxi operations
CA.II.D.K6d,aim,guidance,auto,from the Task D References line,d. Night taxi operations
CA.II.D.K6d,phak,explanation,auto,from the Task D References line,d. Night taxi operations
CA.II.D.K6d,risk-management,explanation,auto,from the Task D References line,d. Night taxi operations
CA.II.D.K6e,ac-91-73b,guidance,auto,from the Task D References line,e. Low visibility taxi operations
CA.II.D.K6e,afh,explanation,auto,from the Task D References line,e. Low visibility taxi operations
CA.II.D.K6e,aim,guidance,auto,from the Task D References line,e. Low visibility taxi operations
CA.II.D.K6e,phak,explanation,auto,from the Task D References line,e. Low visibility taxi operations
CA.II.D.K6e,risk-management,explanation,auto,from the Task D References line,e. Low visibility taxi operations
CA.II.D.R1,ac-91-73b,guidance,auto,from the Task D References line,Activities and distractions.
CA.II.D.R1,afh,explanation,auto,from the Task D References line,Activities and distractions.
CA.II.D.R1,aim,guidance,auto,from the Task D References line,Activities and distractions.
CA.II.D.R1,phak,explanation,auto,from the Task D References line,Activities and distractions.
CA.II.D.R1,risk-management,explanation,auto,from the Task D References line,Activities and distractions.
CA.II.D.R2,ac-91-73b,guidance,auto,from the Task D References line,Confirmation or expectation bias as related to taxi instructions.
CA.II.D.R2,afh,explanation,auto,from the Task D References line,Confirmation or expectation bias as related to taxi instructions.
CA.II.D.R2,aim,guidance,auto,from the Task D References line,Confirmation or expectation bias as related to taxi instructions.
CA.II.D.R2,phak,explanation,auto,from the Task D References line,Confirmation or expectation bias as related to taxi instructions.
CA.II.D.R2,risk-management,explanation,auto,from the Task D References line,Confirmation or expectation bias as related to taxi instructions.
CA.II.D.R3,ac-91-73b,guidance,auto,from the Task D References line,A taxi route or departure runway change.
CA.II.D.R3,afh,explanation,auto,from the Task D References line,A taxi route or departure runway change.
CA.II.D.R3,aim,guidance,auto,from the Task D References line,A taxi route or departure runway change.
CA.II.D.R3,phak,explanation,auto,from the Task D References line,A taxi route or departure runway change.
CA.II.D.R3,risk-management,explanation,auto,from the Task D References line,A taxi route or departure runway change.
CA.II.D.R4,ac-91-73b,guidance,auto,from the Task D References line,Runway incursion.
CA.II.D.R4,afh,explanation,auto,from the Task D References line,Runway incursion.
CA.II.D.R4,aim,guidance,auto,from the Task D References line,Runway incursion.
CA.II.D.R4,phak,explanation,auto,from the Task D References line,Runway incursion.
CA.II.D.R4,risk-management,explanation,auto,from the Task D References line,Runway incursion.
CA.II.D.S1,ac-91-73b,guidance,auto,from the Task D References line,"Receive and correctly read back clearances/instructions, if applicable."
CA.II.D.S1,afh,explanation,auto,from the Task D References line,"Receive and correctly read back clearances/instructions, if applicable."
CA.II.D.S1,aim,guidance,auto,from the Task D References line,"Receive and correctly read back clearances/instructions, if applicable."
CA.II.D.S1,phak,explanation,auto,from the Task D References line,"Receive and correctly read back clearances/instructions, if applicable."
CA.II.D.S1,risk-management,explanation,auto,from the Task D References line,"Receive and correctly read back clearances/instructions, if applicable."
CA.II.D.S2,ac-91-73b,guidance,auto,from the Task D References line,"Use an airport diagram or taxi chart during taxi, if published, and maintain situational awareness."
CA.II.D.S2,afh,explanation,auto,from the Task D References line,"Use an airport diagram or taxi chart during taxi, if published, and maintain situational awareness."
CA.II.D.S2,aim,guidance,auto,from the Task D References line,"Use an airport diagram or taxi chart during taxi, if published, and maintain situational awareness."
CA.II.D.S2,phak,explanation,auto,from the Task D References line,"Use an airport diagram or taxi chart during taxi, if published, and maintain situational awareness."
CA.II.D.S2,risk-management,explanation,auto,from the Task D References line,"Use an airport diagram or taxi chart during taxi, if published, and maintain situational awareness."
CA.II.D.S3,ac-91-73b,guidance,auto,from the Task D References line,"Position the flight controls for the existing wind, if applicable."
CA.II.D.S3,afh,explanation,auto,from the Task D References line,"Position the flight controls for the existing wind, if applicable."
CA.II.D.S3,aim,guidance,auto,from the Task D References line,"Position the flight controls for the existing wind, if applicable."
CA.II.D.S3,phak,explanation,auto,from the Task D References line,"Position the flight controls for the existing wind, if applicable."
CA.II.D.S3,risk-management,explanation,auto,from the Task D References line,"Position the flight controls for the existing wind, if applicable."
CA.II.D.S4,ac-91-73b,guidance,auto,from the Task D References line,Complete the appropriate checklist(s).
CA.II.D.S4,afh,explanation,auto,from the Task D References line,Complete the appropriate checklist(s).
CA.II.D.S4,aim,guidance,auto,from the Task D References line,Complete the appropriate checklist(s).
CA.II.D.S4,phak,explanation,auto,from the Task D References line,Complete the appropriate checklist(s).
CA.II.D.S4,risk-management,explanation,auto,from the Task D References line,Complete the appropriate checklist(s).
CA.II.D.S5,ac-91-73b,guidance,auto,from the Task D References line,Perform a brake check immediately after the airplane begins moving.
CA.II.D.S5,afh,explanation,auto,from the Task D References line,Perform a brake check immediately after the airplane begins moving.
CA.II.D.S5,aim,guidance,auto,from the Task D References line,Perform a brake check immediately after the airplane begins moving.
CA.II.D.S5,phak,explanation,auto,from the Task D References line,Perform a brake check immediately after the airplane begins moving.
CA.II.D.S5,risk-management,explanation,auto,from the Task D References line,Perform a brake check immediately after the airplane begins moving.
CA.II.D.S6,ac-91-73b,guidance,auto,from the Task D References line,Maintain positive control of the airplane during ground operations by controlling direction and speed without excessive use of brakes.
CA.II.D.S6,afh,explanation,auto,from the Task D References line,Maintain positive control of the airplane during ground operations by controlling direction and speed without excessive use of brakes.
CA.II.D.S6,aim,guidance,auto,from the Task D References line,Maintain positive control of the airplane during ground operations by controlling direction and speed without excessive use of brakes.
CA.II.D.S6,phak,explanation,auto,from the Task D References line,Maintain positive control of the airplane during ground operations by controlling direction and speed without excessive use of brakes.
CA.II.D.S6,risk-management,explanation,auto,from the Task D References line,Maintain positive control of the airplane during ground operations by controlling direction and speed without excessive use of brakes.
CA.II.D.S7,ac-91-73b,guidance,auto,from the Task D References line,"Comply with airport/taxiway markings, signals, and air traffic control (ATC) clearances and instructions."
CA.II.D.S7,afh,explanation,auto,from the Task D References line,"Comply with airport/taxiway markings, signals, and air traffic control (ATC) clearances and instructions."
CA.II.D.S7,aim,guidance,auto,from the Task D References line,"Comply with airport/taxiway markings, signals, and air traffic control (ATC) clearances and instructions."
CA.II.D.S7,phak,explanation,auto,from the Task D References line,"Comply with airport/taxiway markings, signals, and air traffic control (ATC) clearances and instructions."
CA.II.D.S7,risk-management,explanation,auto,from the Task D References line,"Comply with airport/taxiway markings, signals, and air traffic control (ATC) clearances and instructions."
CA.II.D.S8,ac-91-73b,guidance,auto,from the Task D References line,Position the airplane properly relative to hold lines. 14
CA.II.D.S8,afh,explanation,auto,from the Task D References line,Position the airplane properly relative to hold lines. 14
CA.II.D.S8,aim,guidance,auto,from the Task D References line,Position the airplane properly relative to hold lines. 14
CA.II.D.S8,phak,explanation,auto,from the Task D References line,Position the airplane properly relative to hold lines. 14
CA.II.D.S8,risk-management,explanation,auto,from the Task D References line,Position the airplane properly relative to hold lines. 14
CA.II.E.K1,ac-91-73b,guidance,auto,from the Task E References line,"Airport information resources, including Chart Supplements, airport diagram, and appropriate references."
CA.II.E.K1,afh,explanation,auto,from the Task E References line,"Airport information resources, including Chart Supplements, airport diagram, and appropriate references."
CA.II.E.K1,aim,guidance,auto,from the Task E References line,"Airport information resources, including Chart Supplements, airport diagram, and appropriate references."
CA.II.E.K1,phak,explanation,auto,from the Task E References line,"Airport information resources, including Chart Supplements, airport diagram, and appropriate references."
CA.II.E.K1,risk-management,explanation,auto,from the Task E References line,"Airport information resources, including Chart Supplements, airport diagram, and appropriate references."
CA.II.E.K1,seaplane,explanation,auto,from the Task E References line,"Airport information resources, including Chart Supplements, airport diagram, and appropriate references."
CA.II.E.K2,ac-91-73b,guidance,auto,from the Task E References line,Taxi instructions/clearances.
CA.II.E.K2,afh,explanation,auto,from the Task E References line,Taxi instructions/clearances.
CA.II.E.K2,aim,guidance,auto,from the Task E References line,Taxi instructions/clearances.
CA.II.E.K2,phak,explanation,auto,from the Task E References line,Taxi instructions/clearances.
CA.II.E.K2,risk-management,explanation,auto,from the Task E References line,Taxi instructions/clearances.
CA.II.E.K2,seaplane,explanation,auto,from the Task E References line,Taxi instructions/clearances.
CA.II.E.K3,ac-91-73b,guidance,auto,from the Task E References line,"Airport/seaplane base markings, signs, and lights."
CA.II.E.K3,afh,explanation,auto,from the Task E References line,"Airport/seaplane base markings, signs, and lights."
CA.II.E.K3,aim,guidance,auto,from the Task E References line,"Airport/seaplane base markings, signs, and lights."
CA.II.E.K3,phak,explanation,auto,from the Task E References line,"Airport/seaplane base markings, signs, and lights."
CA.II.E.K3,risk-management,explanation,auto,from the Task E References line,"Airport/seaplane base markings, signs, and lights."
CA.II.E.K3,seaplane,explanation,auto,from the Task E References line,"Airport/seaplane base markings, signs, and lights."
CA.II.E.K4,ac-91-73b,guidance,auto,from the Task E References line,Visual indicators for wind.
CA.II.E.K4,afh,explanation,auto,from the Task E References line,Visual indicators for wind.
CA.II.E.K4,aim,guidance,auto,from the Task E References line,Visual indicators for wind.
CA.II.E.K4,phak,explanation,auto,from the Task E References line,Visual indicators for wind.
CA.II.E.K4,risk-management,explanation,auto,from the Task E References line,Visual indicators for wind.
CA.II.E.K4,seaplane,explanation,auto,from the Task E References line,Visual indicators for wind.
CA.II.E.K5,ac-91-73b,guidance,auto,from the Task E References line,Airplane lighting.
CA.II.E.K5,afh,explanation,auto,from the Task E References line,Airplane lighting.
CA.II.E.K5,aim,guidance,auto,from the Task E References line,Airplane lighting.
CA.II.E.K5,phak,explanation,auto,from the Task E References line,Airplane lighting.
CA.II.E.K5,risk-management,explanation,auto,from the Task E References line,Airplane lighting.
CA.II.E.K5,seaplane,explanation,auto,from the Task E References line,Airplane lighting.
CA.II.E.K6,ac-91-73b,guidance,auto,from the Task E References line,Procedures for:
CA.II.E.K6,afh,explanation,auto,from the Task E References line,Procedures for:
CA.II.E.K6,aim,guidance,auto,from the Task E References line,Procedures for:
CA.II.E.K6,phak,explanation,auto,from the Task E References line,Procedures for:
CA.II.E.K6,risk-management,explanation,auto,from the Task E References line,Procedures for:
CA.II.E.K6,seaplane,explanation,auto,from the Task E References line,Procedures for:
CA.II.E.K6a,ac-91-73b,guidance,auto,from the Task E References line,a. Appropriate flight deck activities during taxiing or sailing
CA.II.E.K6a,afh,explanation,auto,from the Task E References line,a. Appropriate flight deck activities during taxiing or sailing
CA.II.E.K6a,aim,guidance,auto,from the Task E References line,a. Appropriate flight deck activities during taxiing or sailing
CA.II.E.K6a,phak,explanation,auto,from the Task E References line,a. Appropriate flight deck activities during taxiing or sailing
CA.II.E.K6a,risk-management,explanation,auto,from the Task E References line,a. Appropriate flight deck activities during taxiing or sailing
CA.II.E.K6a,seaplane,explanation,auto,from the Task E References line,a. Appropriate flight deck activities during taxiing or sailing
CA.II.E.K6b,ac-91-73b,guidance,auto,from the Task E References line,b. Radio communications at towered and nontowered seaplane bases
CA.II.E.K6b,afh,explanation,auto,from the Task E References line,b. Radio communications at towered and nontowered seaplane bases
CA.II.E.K6b,aim,guidance,auto,from the Task E References line,b. Radio communications at towered and nontowered seaplane bases
CA.II.E.K6b,phak,explanation,auto,from the Task E References line,b. Radio communications at towered and nontowered seaplane bases
CA.II.E.K6b,risk-management,explanation,auto,from the Task E References line,b. Radio communications at towered and nontowered seaplane bases
CA.II.E.K6b,seaplane,explanation,auto,from the Task E References line,b. Radio communications at towered and nontowered seaplane bases
CA.II.E.R1,ac-91-73b,guidance,auto,from the Task E References line,Activities and distractions.
CA.II.E.R1,afh,explanation,auto,from the Task E References line,Activities and distractions.
CA.II.E.R1,aim,guidance,auto,from the Task E References line,Activities and distractions.
CA.II.E.R1,phak,explanation,auto,from the Task E References line,Activities and distractions.
CA.II.E.R1,risk-management,explanation,auto,from the Task E References line,Activities and distractions.
CA.II.E.R1,seaplane,explanation,auto,from the Task E References line,Activities and distractions.
CA.II.E.R2,ac-91-73b,guidance,auto,from the Task E References line,Porpoising and skipping.
CA.II.E.R2,afh,explanation,auto,from the Task E References line,Porpoising and skipping.
CA.II.E.R2,aim,guidance,auto,from the Task E References line,Porpoising and skipping.
CA.II.E.R2,phak,explanation,auto,from the Task E References line,Porpoising and skipping.
CA.II.E.R2,risk-management,explanation,auto,from the Task E References line,Porpoising and skipping.
CA.II.E.R2,seaplane,explanation,auto,from the Task E References line,Porpoising and skipping.
CA.II.E.R3,ac-91-73b,guidance,auto,from the Task E References line,Low visibility taxi and sailing operations.
CA.II.E.R3,afh,explanation,auto,from the Task E References line,Low visibility taxi and sailing operations.
CA.II.E.R3,aim,guidance,auto,from the Task E References line,Low visibility taxi and sailing operations.
CA.II.E.R3,phak,explanation,auto,from the Task E References line,Low visibility taxi and sailing operations.
CA.II.E.R3,risk-management,explanation,auto,from the Task E References line,Low visibility taxi and sailing operations.
CA.II.E.R3,seaplane,explanation,auto,from the Task E References line,Low visibility taxi and sailing operations.
CA.II.E.R4,ac-91-73b,guidance,auto,from the Task E References line,"Other aircraft, vessels, and hazards."
CA.II.E.R4,afh,explanation,auto,from the Task E References line,"Other aircraft, vessels, and hazards."
CA.II.E.R4,aim,guidance,auto,from the Task E References line,"Other aircraft, vessels, and hazards."
CA.II.E.R4,phak,explanation,auto,from the Task E References line,"Other aircraft, vessels, and hazards."
CA.II.E.R4,risk-management,explanation,auto,from the Task E References line,"Other aircraft, vessels, and hazards."
CA.II.E.R4,seaplane,explanation,auto,from the Task E References line,"Other aircraft, vessels, and hazards."
CA.II.E.R5,ac-91-73b,guidance,auto,from the Task E References line,Confirmation or expectation bias as related to taxi instructions.
CA.II.E.R5,afh,explanation,auto,from the Task E References line,Confirmation or expectation bias as related to taxi instructions.
CA.II.E.R5,aim,guidance,auto,from the Task E References line,Confirmation or expectation bias as related to taxi instructions.
CA.II.E.R5,phak,explanation,auto,from the Task E References line,Confirmation or expectation bias as related to taxi instructions.
CA.II.E.R5,risk-management,explanation,auto,from the Task E References line,Confirmation or expectation bias as related to taxi instructions.
CA.II.E.R5,seaplane,explanation,auto,from the Task E References line,Confirmation or expectation bias as related to taxi instructions.
CA.II.E.S1,ac-91-73b,guidance,auto,from the Task E References line,"Receive and correctly read back clearances/instructions, if applicable."
CA.II.E.S1,afh,explanation,auto,from the Task E References line,"Receive and correctly read back clearances/instructions, if applicable."
CA.II.E.S1,aim,guidance,auto,from the Task E References line,"Receive and correctly read back clearances/instructions, if applicable."
CA.II.E.S1,phak,explanation,auto,from the Task E References line,"Receive and correctly read back clearances/instructions, if applicable."
CA.II.E.S1,risk-management,explanation,auto,from the Task E References line,"Receive and correctly read back clearances/instructions, if applicable."
CA.II.E.S1,seaplane,explanation,auto,from the Task E References line,"Receive and correctly read back clearances/instructions, if applicable."
CA.II.E.S10,ac-91-73b,guidance,auto,from the Task E References line,Comply with applicable taxi elements in Task D if the practical test is conducted in an amphibious airplane.
CA.II.E.S10,afh,explanation,auto,from the Task E References line,Comply with applicable taxi elements in Task D if the practical test is conducted in an amphibious airplane.
CA.II.E.S10,aim,guidance,auto,from the Task E References line,Comply with applicable taxi elements in Task D if the practical test is conducted in an amphibious airplane.
CA.II.E.S10,phak,explanation,auto,from the Task E References line,Comply with applicable taxi elements in Task D if the practical test is conducted in an amphibious airplane.
CA.II.E.S10,risk-management,explanation,auto,from the Task E References line,Comply with applicable taxi elements in Task D if the practical test is conducted in an amphibious airplane.
CA.II.E.S10,seaplane,explanation,auto,from the Task E References line,Comply with applicable taxi elements in Task D if the practical test is conducted in an amphibious airplane.
CA.II.E.S2,ac-91-73b,guidance,auto,from the Task E References line,"Use an appropriate airport diagram or taxi chart, if published."
CA.II.E.S2,afh,explanation,auto,from the Task E References line,"Use an appropriate airport diagram or taxi chart, if published."
CA.II.E.S2,aim,guidance,auto,from the Task E References line,"Use an appropriate airport diagram or taxi chart, if published."
CA.II.E.S2,phak,explanation,auto,from the Task E References line,"Use an appropriate airport diagram or taxi chart, if published."
CA.II.E.S2,risk-management,explanation,auto,from the Task E References line,"Use an appropriate airport diagram or taxi chart, if published."
CA.II.E.S2,seaplane,explanation,auto,from the Task E References line,"Use an appropriate airport diagram or taxi chart, if published."
CA.II.E.S3,ac-91-73b,guidance,auto,from the Task E References line,"Comply with seaplane base/airport/taxiway markings, signals, and signs."
CA.II.E.S3,afh,explanation,auto,from the Task E References line,"Comply with seaplane base/airport/taxiway markings, signals, and signs."
CA.II.E.S3,aim,guidance,auto,from the Task E References line,"Comply with seaplane base/airport/taxiway markings, signals, and signs."
CA.II.E.S3,phak,explanation,auto,from the Task E References line,"Comply with seaplane base/airport/taxiway markings, signals, and signs."
CA.II.E.S3,risk-management,explanation,auto,from the Task E References line,"Comply with seaplane base/airport/taxiway markings, signals, and signs."
CA.II.E.S3,seaplane,explanation,auto,from the Task E References line,"Comply with seaplane base/airport/taxiway markings, signals, and signs."
CA.II.E.S4,ac-91-73b,guidance,auto,from the Task E References line,"Depart the dock/mooring buoy or beach/ramp in a safe manner, considering wind, current, traffic, and hazards."
CA.II.E.S4,afh,explanation,auto,from the Task E References line,"Depart the dock/mooring buoy or beach/ramp in a safe manner, considering wind, current, traffic, and hazards."
CA.II.E.S4,aim,guidance,auto,from the Task E References line,"Depart the dock/mooring buoy or beach/ramp in a safe manner, considering wind, current, traffic, and hazards."
CA.II.E.S4,phak,explanation,auto,from the Task E References line,"Depart the dock/mooring buoy or beach/ramp in a safe manner, considering wind, current, traffic, and hazards."
CA.II.E.S4,risk-management,explanation,auto,from the Task E References line,"Depart the dock/mooring buoy or beach/ramp in a safe manner, considering wind, current, traffic, and hazards."
CA.II.E.S4,seaplane,explanation,auto,from the Task E References line,"Depart the dock/mooring buoy or beach/ramp in a safe manner, considering wind, current, traffic, and hazards."
CA.II.E.S5,ac-91-73b,guidance,auto,from the Task E References line,Complete the appropriate checklist(s).
CA.II.E.S5,afh,explanation,auto,from the Task E References line,Complete the appropriate checklist(s).
CA.II.E.S5,aim,guidance,auto,from the Task E References line,Complete the appropriate checklist(s).
CA.II.E.S5,phak,explanation,auto,from the Task E References line,Complete the appropriate checklist(s).
CA.II.E.S5,risk-management,explanation,auto,from the Task E References line,Complete the appropriate checklist(s).
CA.II.E.S5,seaplane,explanation,auto,from the Task E References line,Complete the appropriate checklist(s).
CA.II.E.S6,ac-91-73b,guidance,auto,from the Task E References line,"Position the flight controls, flaps, doors, water rudders, and power correctly for the existing conditions to follow the desired course while sailing and to prevent or correct for porpoising and skipping during step taxi."
CA.II.E.S6,afh,explanation,auto,from the Task E References line,"Position the flight controls, flaps, doors, water rudders, and power correctly for the existing conditions to follow the desired course while sailing and to prevent or correct for porpoising and skipping during step taxi."
CA.II.E.S6,aim,guidance,auto,from the Task E References line,"Position the flight controls, flaps, doors, water rudders, and power correctly for the existing conditions to follow the desired course while sailing and to prevent or correct for porpoising and skipping during step taxi."
CA.II.E.S6,phak,explanation,auto,from the Task E References line,"Position the flight controls, flaps, doors, water rudders, and power correctly for the existing conditions to follow the desired course while sailing and to prevent or correct for porpoising and skipping during step taxi."
CA.II.E.S6,risk-management,explanation,auto,from the Task E References line,"Position the flight controls, flaps, doors, water rudders, and power correctly for the existing conditions to follow the desired course while sailing and to prevent or correct for porpoising and skipping during step taxi."
CA.II.E.S6,seaplane,explanation,auto,from the Task E References line,"Position the flight controls, flaps, doors, water rudders, and power correctly for the existing conditions to follow the desired course while sailing and to prevent or correct for porpoising and skipping during step taxi."
CA.II.E.S7,ac-91-73b,guidance,auto,from the Task E References line,"Exhibit procedures for steering and maneuvering while maintaining proper situational awareness and desired orientation, path, and position while taxiing using idle, plow, or step taxi technique, as appropriate."
CA.II.E.S7,afh,explanation,auto,from the Task E References line,"Exhibit procedures for steering and maneuvering while maintaining proper situational awareness and desired orientation, path, and position while taxiing using idle, plow, or step taxi technique, as appropriate."
CA.II.E.S7,aim,guidance,auto,from the Task E References line,"Exhibit procedures for steering and maneuvering while maintaining proper situational awareness and desired orientation, path, and position while taxiing using idle, plow, or step taxi technique, as appropriate."
CA.II.E.S7,phak,explanation,auto,from the Task E References line,"Exhibit procedures for steering and maneuvering while maintaining proper situational awareness and desired orientation, path, and position while taxiing using idle, plow, or step taxi technique, as appropriate."
CA.II.E.S7,risk-management,explanation,auto,from the Task E References line,"Exhibit procedures for steering and maneuvering while maintaining proper situational awareness and desired orientation, path, and position while taxiing using idle, plow, or step taxi technique, as appropriate."
CA.II.E.S7,seaplane,explanation,auto,from the Task E References line,"Exhibit procedures for steering and maneuvering while maintaining proper situational awareness and desired orientation, path, and position while taxiing using idle, plow, or step taxi technique, as appropriate."
CA.II.E.S8,ac-91-73b,guidance,auto,from the Task E References line,Plan and follow the most favorable taxi or sailing course for current conditions. 15
CA.II.E.S8,afh,explanation,auto,from the Task E References line,Plan and follow the most favorable taxi or sailing course for current conditions. 15
CA.II.E.S8,aim,guidance,auto,from the Task E References line,Plan and follow the most favorable taxi or sailing course for current conditions. 15
CA.II.E.S8,phak,explanation,auto,from the Task E References line,Plan and follow the most favorable taxi or sailing course for current conditions. 15
CA.II.E.S8,risk-management,explanation,auto,from the Task E References line,Plan and follow the most favorable taxi or sailing course for current conditions. 15
CA.II.E.S8,seaplane,explanation,auto,from the Task E References line,Plan and follow the most favorable taxi or sailing course for current conditions. 15
CA.II.E.S9,ac-91-73b,guidance,auto,from the Task E References line,"Abide by right-of-way rules, maintain positive airplane control, proper speed, and separation between other aircraft, vessels, and persons."
CA.II.E.S9,afh,explanation,auto,from the Task E References line,"Abide by right-of-way rules, maintain positive airplane control, proper speed, and separation between other aircraft, vessels, and persons."
CA.II.E.S9,aim,guidance,auto,from the Task E References line,"Abide by right-of-way rules, maintain positive airplane control, proper speed, and separation between other aircraft, vessels, and persons."
CA.II.E.S9,phak,explanation,auto,from the Task E References line,"Abide by right-of-way rules, maintain positive airplane control, proper speed, and separation between other aircraft, vessels, and persons."
CA.II.E.S9,risk-management,explanation,auto,from the Task E References line,"Abide by right-of-way rules, maintain positive airplane control, proper speed, and separation between other aircraft, vessels, and persons."
CA.II.E.S9,seaplane,explanation,auto,from the Task E References line,"Abide by right-of-way rules, maintain positive airplane control, proper speed, and separation between other aircraft, vessels, and persons."
CA.II.F.K1,afh,explanation,auto,from the Task F References line,"Purpose of before takeoff checklist items, including:"
CA.II.F.K1,phak,explanation,auto,from the Task F References line,"Purpose of before takeoff checklist items, including:"
CA.II.F.K1,risk-management,explanation,auto,from the Task F References line,"Purpose of before takeoff checklist items, including:"
CA.II.F.K1,seaplane,explanation,auto,from the Task F References line,"Purpose of before takeoff checklist items, including:"
CA.II.F.K1a,afh,explanation,auto,from the Task F References line,a. Reasons for checking each item
CA.II.F.K1a,phak,explanation,auto,from the Task F References line,a. Reasons for checking each item
CA.II.F.K1a,risk-management,explanation,auto,from the Task F References line,a. Reasons for checking each item
CA.II.F.K1a,seaplane,explanation,auto,from the Task F References line,a. Reasons for checking each item
CA.II.F.K1b,afh,explanation,auto,from the Task F References line,b. Detecting malfunctions
CA.II.F.K1b,phak,explanation,auto,from the Task F References line,b. Detecting malfunctions
CA.II.F.K1b,risk-management,explanation,auto,from the Task F References line,b. Detecting malfunctions
CA.II.F.K1b,seaplane,explanation,auto,from the Task F References line,b. Detecting malfunctions
CA.II.F.K1c,afh,explanation,auto,from the Task F References line,c. Ensuring the aircraft is in safe operating condition as recommended by the manufacturer
CA.II.F.K1c,phak,explanation,auto,from the Task F References line,c. Ensuring the aircraft is in safe operating condition as recommended by the manufacturer
CA.II.F.K1c,risk-management,explanation,auto,from the Task F References line,c. Ensuring the aircraft is in safe operating condition as recommended by the manufacturer
CA.II.F.K1c,seaplane,explanation,auto,from the Task F References line,c. Ensuring the aircraft is in safe operating condition as recommended by the manufacturer
CA.II.F.R1,afh,explanation,auto,from the Task F References line,Division of attention while conducting before takeoff checks.
CA.II.F.R1,phak,explanation,auto,from the Task F References line,Division of attention while conducting before takeoff checks.
CA.II.F.R1,risk-management,explanation,auto,from the Task F References line,Division of attention while conducting before takeoff checks.
CA.II.F.R1,seaplane,explanation,auto,from the Task F References line,Division of attention while conducting before takeoff checks.
CA.II.F.R2,afh,explanation,auto,from the Task F References line,Unexpected runway changes by air traffic control (ATC).
CA.II.F.R2,phak,explanation,auto,from the Task F References line,Unexpected runway changes by air traffic control (ATC).
CA.II.F.R2,risk-management,explanation,auto,from the Task F References line,Unexpected runway changes by air traffic control (ATC).
CA.II.F.R2,seaplane,explanation,auto,from the Task F References line,Unexpected runway changes by air traffic control (ATC).
CA.II.F.R3,afh,explanation,auto,from the Task F References line,Wake turbulence.
CA.II.F.R3,phak,explanation,auto,from the Task F References line,Wake turbulence.
CA.II.F.R3,risk-management,explanation,auto,from the Task F References line,Wake turbulence.
CA.II.F.R3,seaplane,explanation,auto,from the Task F References line,Wake turbulence.
CA.II.F.R4,afh,explanation,auto,from the Task F References line,"Potential powerplant failure during takeoff or other malfunction considering operational factors such as airplane characteristics, runway/takeoff path length, surface conditions, environmental conditions, and obstructions."
CA.II.F.R4,phak,explanation,auto,from the Task F References line,"Potential powerplant failure during takeoff or other malfunction considering operational factors such as airplane characteristics, runway/takeoff path length, surface conditions, environmental conditions, and obstructions."
CA.II.F.R4,risk-management,explanation,auto,from the Task F References line,"Potential powerplant failure during takeoff or other malfunction considering operational factors such as airplane characteristics, runway/takeoff path length, surface conditions, environmental conditions, and obstructions."
CA.II.F.R4,seaplane,explanation,auto,from the Task F References line,"Potential powerplant failure during takeoff or other malfunction considering operational factors such as airplane characteristics, runway/takeoff path length, surface conditions, environmental conditions, and obstructions."
CA.II.F.S1,afh,explanation,auto,from the Task F References line,Review takeoff performance.
CA.II.F.S1,phak,explanation,auto,from the Task F References line,Review takeoff performance.
CA.II.F.S1,risk-management,explanation,auto,from the Task F References line,Review takeoff performance.
CA.II.F.S1,seaplane,explanation,auto,from the Task F References line,Review takeoff performance.
CA.II.F.S2,afh,explanation,auto,from the Task F References line,Complete the appropriate checklist(s).
CA.II.F.S2,phak,explanation,auto,from the Task F References line,Complete the appropriate checklist(s).
CA.II.F.S2,risk-management,explanation,auto,from the Task F References line,Complete the appropriate checklist(s).
CA.II.F.S2,seaplane,explanation,auto,from the Task F References line,Complete the appropriate checklist(s).
CA.II.F.S3,afh,explanation,auto,from the Task F References line,"Position the airplane appropriately considering wind direction and the presence of any aircraft, vessels, or buildings as applicable."
CA.II.F.S3,phak,explanation,auto,from the Task F References line,"Position the airplane appropriately considering wind direction and the presence of any aircraft, vessels, or buildings as applicable."
CA.II.F.S3,risk-management,explanation,auto,from the Task F References line,"Position the airplane appropriately considering wind direction and the presence of any aircraft, vessels, or buildings as applicable."
CA.II.F.S3,seaplane,explanation,auto,from the Task F References line,"Position the airplane appropriately considering wind direction and the presence of any aircraft, vessels, or buildings as applicable."
CA.II.F.S4,afh,explanation,auto,from the Task F References line,Divide attention inside and outside the flight deck.
CA.II.F.S4,phak,explanation,auto,from the Task F References line,Divide attention inside and outside the flight deck.
CA.II.F.S4,risk-management,explanation,auto,from the Task F References line,Divide attention inside and outside the flight deck.
CA.II.F.S4,seaplane,explanation,auto,from the Task F References line,Divide attention inside and outside the flight deck.
CA.II.F.S5,afh,explanation,auto,from the Task F References line,Verify that engine parameters and airplane configuration are suitable. 16
CA.II.F.S5,phak,explanation,auto,from the Task F References line,Verify that engine parameters and airplane configuration are suitable. 16
CA.II.F.S5,risk-management,explanation,auto,from the Task F References line,Verify that engine parameters and airplane configuration are suitable. 16
CA.II.F.S5,seaplane,explanation,auto,from the Task F References line,Verify that engine parameters and airplane configuration are suitable. 16
CA.III.A.K1,14cfr:part-91,regulation,auto,from the Task A References line,How to obtain appropriate radio frequencies.
CA.III.A.K1,afh,explanation,auto,from the Task A References line,How to obtain appropriate radio frequencies.
CA.III.A.K1,aim,guidance,auto,from the Task A References line,How to obtain appropriate radio frequencies.
CA.III.A.K1,phak,explanation,auto,from the Task A References line,How to obtain appropriate radio frequencies.
CA.III.A.K1,risk-management,explanation,auto,from the Task A References line,How to obtain appropriate radio frequencies.
CA.III.A.K2,14cfr:part-91,regulation,auto,from the Task A References line,Proper radio communication procedures and air traffic control (ATC) phraseology.
CA.III.A.K2,afh,explanation,auto,from the Task A References line,Proper radio communication procedures and air traffic control (ATC) phraseology.
CA.III.A.K2,aim,guidance,auto,from the Task A References line,Proper radio communication procedures and air traffic control (ATC) phraseology.
CA.III.A.K2,phak,explanation,auto,from the Task A References line,Proper radio communication procedures and air traffic control (ATC) phraseology.
CA.III.A.K2,risk-management,explanation,auto,from the Task A References line,Proper radio communication procedures and air traffic control (ATC) phraseology.
CA.III.A.K3,14cfr:part-91,regulation,auto,from the Task A References line,ATC light signal recognition.
CA.III.A.K3,afh,explanation,auto,from the Task A References line,ATC light signal recognition.
CA.III.A.K3,aim,guidance,auto,from the Task A References line,ATC light signal recognition.
CA.III.A.K3,phak,explanation,auto,from the Task A References line,ATC light signal recognition.
CA.III.A.K3,risk-management,explanation,auto,from the Task A References line,ATC light signal recognition.
CA.III.A.K4,14cfr:part-91,regulation,auto,from the Task A References line,Appropriate use of transponder(s).
CA.III.A.K4,afh,explanation,auto,from the Task A References line,Appropriate use of transponder(s).
CA.III.A.K4,aim,guidance,auto,from the Task A References line,Appropriate use of transponder(s).
CA.III.A.K4,phak,explanation,auto,from the Task A References line,Appropriate use of transponder(s).
CA.III.A.K4,risk-management,explanation,auto,from the Task A References line,Appropriate use of transponder(s).
CA.III.A.K5,14cfr:part-91,regulation,auto,from the Task A References line,Lost communication procedures.
CA.III.A.K5,afh,explanation,auto,from the Task A References line,Lost communication procedures.
CA.III.A.K5,aim,guidance,auto,from the Task A References line,Lost communication procedures.
CA.III.A.K5,phak,explanation,auto,from the Task A References line,Lost communication procedures.
CA.III.A.K5,risk-management,explanation,auto,from the Task A References line,Lost communication procedures.
CA.III.A.K6,14cfr:part-91,regulation,auto,from the Task A References line,Equipment issues that could cause loss of communication.
CA.III.A.K6,afh,explanation,auto,from the Task A References line,Equipment issues that could cause loss of communication.
CA.III.A.K6,aim,guidance,auto,from the Task A References line,Equipment issues that could cause loss of communication.
CA.III.A.K6,phak,explanation,auto,from the Task A References line,Equipment issues that could cause loss of communication.
CA.III.A.K6,risk-management,explanation,auto,from the Task A References line,Equipment issues that could cause loss of communication.
CA.III.A.K7,14cfr:part-91,regulation,auto,from the Task A References line,Radar assistance.
CA.III.A.K7,afh,explanation,auto,from the Task A References line,Radar assistance.
CA.III.A.K7,aim,guidance,auto,from the Task A References line,Radar assistance.
CA.III.A.K7,phak,explanation,auto,from the Task A References line,Radar assistance.
CA.III.A.K7,risk-management,explanation,auto,from the Task A References line,Radar assistance.
CA.III.A.K8,14cfr:part-91,regulation,auto,from the Task A References line,National Transportation Safety Board (NTSB) accident/incident reporting.
CA.III.A.K8,afh,explanation,auto,from the Task A References line,National Transportation Safety Board (NTSB) accident/incident reporting.
CA.III.A.K8,aim,guidance,auto,from the Task A References line,National Transportation Safety Board (NTSB) accident/incident reporting.
CA.III.A.K8,phak,explanation,auto,from the Task A References line,National Transportation Safety Board (NTSB) accident/incident reporting.
CA.III.A.K8,risk-management,explanation,auto,from the Task A References line,National Transportation Safety Board (NTSB) accident/incident reporting.
CA.III.A.K9,14cfr:part-91,regulation,auto,from the Task A References line,Runway Status Lighting Systems.
CA.III.A.K9,afh,explanation,auto,from the Task A References line,Runway Status Lighting Systems.
CA.III.A.K9,aim,guidance,auto,from the Task A References line,Runway Status Lighting Systems.
CA.III.A.K9,phak,explanation,auto,from the Task A References line,Runway Status Lighting Systems.
CA.III.A.K9,risk-management,explanation,auto,from the Task A References line,Runway Status Lighting Systems.
CA.III.A.R1,14cfr:part-91,regulation,auto,from the Task A References line,Communication.
CA.III.A.R1,afh,explanation,auto,from the Task A References line,Communication.
CA.III.A.R1,aim,guidance,auto,from the Task A References line,Communication.
CA.III.A.R1,phak,explanation,auto,from the Task A References line,Communication.
CA.III.A.R1,risk-management,explanation,auto,from the Task A References line,Communication.
CA.III.A.R2,14cfr:part-91,regulation,auto,from the Task A References line,Deciding if and when to declare an emergency.
CA.III.A.R2,afh,explanation,auto,from the Task A References line,Deciding if and when to declare an emergency.
CA.III.A.R2,aim,guidance,auto,from the Task A References line,Deciding if and when to declare an emergency.
CA.III.A.R2,phak,explanation,auto,from the Task A References line,Deciding if and when to declare an emergency.
CA.III.A.R2,risk-management,explanation,auto,from the Task A References line,Deciding if and when to declare an emergency.
CA.III.A.R3,14cfr:part-91,regulation,auto,from the Task A References line,Use of non-standard phraseology.
CA.III.A.R3,afh,explanation,auto,from the Task A References line,Use of non-standard phraseology.
CA.III.A.R3,aim,guidance,auto,from the Task A References line,Use of non-standard phraseology.
CA.III.A.R3,phak,explanation,auto,from the Task A References line,Use of non-standard phraseology.
CA.III.A.R3,risk-management,explanation,auto,from the Task A References line,Use of non-standard phraseology.
CA.III.A.S1,14cfr:part-91,regulation,auto,from the Task A References line,Select and activate appropriate frequencies.
CA.III.A.S1,afh,explanation,auto,from the Task A References line,Select and activate appropriate frequencies.
CA.III.A.S1,aim,guidance,auto,from the Task A References line,Select and activate appropriate frequencies.
CA.III.A.S1,phak,explanation,auto,from the Task A References line,Select and activate appropriate frequencies.
CA.III.A.S1,risk-management,explanation,auto,from the Task A References line,Select and activate appropriate frequencies.
CA.III.A.S2,14cfr:part-91,regulation,auto,from the Task A References line,Transmit using standard phraseology and procedures as specified in the Aeronautical Information Manual (AIM) and Pilot/Controller Glossary.
CA.III.A.S2,afh,explanation,auto,from the Task A References line,Transmit using standard phraseology and procedures as specified in the Aeronautical Information Manual (AIM) and Pilot/Controller Glossary.
CA.III.A.S2,aim,guidance,auto,from the Task A References line,Transmit using standard phraseology and procedures as specified in the Aeronautical Information Manual (AIM) and Pilot/Controller Glossary.
CA.III.A.S2,phak,explanation,auto,from the Task A References line,Transmit using standard phraseology and procedures as specified in the Aeronautical Information Manual (AIM) and Pilot/Controller Glossary.
CA.III.A.S2,risk-management,explanation,auto,from the Task A References line,Transmit using standard phraseology and procedures as specified in the Aeronautical Information Manual (AIM) and Pilot/Controller Glossary.
CA.III.A.S3,14cfr:part-91,regulation,auto,from the Task A References line,Acknowledge radio communications and comply with ATC instructions or as directed by the evaluator.
CA.III.A.S3,afh,explanation,auto,from the Task A References line,Acknowledge radio communications and comply with ATC instructions or as directed by the evaluator.
CA.III.A.S3,aim,guidance,auto,from the Task A References line,Acknowledge radio communications and comply with ATC instructions or as directed by the evaluator.
CA.III.A.S3,phak,explanation,auto,from the Task A References line,Acknowledge radio communications and comply with ATC instructions or as directed by the evaluator.
CA.III.A.S3,risk-management,explanation,auto,from the Task A References line,Acknowledge radio communications and comply with ATC instructions or as directed by the evaluator.
CA.III.B.K1,14cfr:part-91,regulation,auto,from the Task B References line,Towered and nontowered airport operations.
CA.III.B.K1,afh,explanation,auto,from the Task B References line,Towered and nontowered airport operations.
CA.III.B.K1,aim,guidance,auto,from the Task B References line,Towered and nontowered airport operations.
CA.III.B.K1,phak,explanation,auto,from the Task B References line,Towered and nontowered airport operations.
CA.III.B.K1,risk-management,explanation,auto,from the Task B References line,Towered and nontowered airport operations.
CA.III.B.K2,14cfr:part-91,regulation,auto,from the Task B References line,Traffic pattern selection for the current conditions. 17
CA.III.B.K2,afh,explanation,auto,from the Task B References line,Traffic pattern selection for the current conditions. 17
CA.III.B.K2,aim,guidance,auto,from the Task B References line,Traffic pattern selection for the current conditions. 17
CA.III.B.K2,phak,explanation,auto,from the Task B References line,Traffic pattern selection for the current conditions. 17
CA.III.B.K2,risk-management,explanation,auto,from the Task B References line,Traffic pattern selection for the current conditions. 17
CA.III.B.K3,14cfr:part-91,regulation,auto,from the Task B References line,Right-of-way rules.
CA.III.B.K3,afh,explanation,auto,from the Task B References line,Right-of-way rules.
CA.III.B.K3,aim,guidance,auto,from the Task B References line,Right-of-way rules.
CA.III.B.K3,phak,explanation,auto,from the Task B References line,Right-of-way rules.
CA.III.B.K3,risk-management,explanation,auto,from the Task B References line,Right-of-way rules.
CA.III.B.K4,14cfr:part-91,regulation,auto,from the Task B References line,Use of automated weather and airport information.
CA.III.B.K4,afh,explanation,auto,from the Task B References line,Use of automated weather and airport information.
CA.III.B.K4,aim,guidance,auto,from the Task B References line,Use of automated weather and airport information.
CA.III.B.K4,phak,explanation,auto,from the Task B References line,Use of automated weather and airport information.
CA.III.B.K4,risk-management,explanation,auto,from the Task B References line,Use of automated weather and airport information.
CA.III.B.R1,14cfr:part-91,regulation,auto,from the Task B References line,Collision hazards.
CA.III.B.R1,afh,explanation,auto,from the Task B References line,Collision hazards.
CA.III.B.R1,aim,guidance,auto,from the Task B References line,Collision hazards.
CA.III.B.R1,phak,explanation,auto,from the Task B References line,Collision hazards.
CA.III.B.R1,risk-management,explanation,auto,from the Task B References line,Collision hazards.
CA.III.B.R2,14cfr:part-91,regulation,auto,from the Task B References line,"Distractions, task prioritization, loss of situational awareness, or disorientation."
CA.III.B.R2,afh,explanation,auto,from the Task B References line,"Distractions, task prioritization, loss of situational awareness, or disorientation."
CA.III.B.R2,aim,guidance,auto,from the Task B References line,"Distractions, task prioritization, loss of situational awareness, or disorientation."
CA.III.B.R2,phak,explanation,auto,from the Task B References line,"Distractions, task prioritization, loss of situational awareness, or disorientation."
CA.III.B.R2,risk-management,explanation,auto,from the Task B References line,"Distractions, task prioritization, loss of situational awareness, or disorientation."
CA.III.B.R3,14cfr:part-91,regulation,auto,from the Task B References line,Windshear and wake turbulence.
CA.III.B.R3,afh,explanation,auto,from the Task B References line,Windshear and wake turbulence.
CA.III.B.R3,aim,guidance,auto,from the Task B References line,Windshear and wake turbulence.
CA.III.B.R3,phak,explanation,auto,from the Task B References line,Windshear and wake turbulence.
CA.III.B.R3,risk-management,explanation,auto,from the Task B References line,Windshear and wake turbulence.
CA.III.B.S1,14cfr:part-91,regulation,auto,from the Task B References line,"Identify and interpret airport/seaplane base runways, taxiways, markings, signs, and lighting."
CA.III.B.S1,afh,explanation,auto,from the Task B References line,"Identify and interpret airport/seaplane base runways, taxiways, markings, signs, and lighting."
CA.III.B.S1,aim,guidance,auto,from the Task B References line,"Identify and interpret airport/seaplane base runways, taxiways, markings, signs, and lighting."
CA.III.B.S1,phak,explanation,auto,from the Task B References line,"Identify and interpret airport/seaplane base runways, taxiways, markings, signs, and lighting."
CA.III.B.S1,risk-management,explanation,auto,from the Task B References line,"Identify and interpret airport/seaplane base runways, taxiways, markings, signs, and lighting."
CA.III.B.S2,14cfr:part-91,regulation,auto,from the Task B References line,Comply with recommended traffic pattern procedures.
CA.III.B.S2,afh,explanation,auto,from the Task B References line,Comply with recommended traffic pattern procedures.
CA.III.B.S2,aim,guidance,auto,from the Task B References line,Comply with recommended traffic pattern procedures.
CA.III.B.S2,phak,explanation,auto,from the Task B References line,Comply with recommended traffic pattern procedures.
CA.III.B.S2,risk-management,explanation,auto,from the Task B References line,Comply with recommended traffic pattern procedures.
CA.III.B.S3,14cfr:part-91,regulation,auto,from the Task B References line,Correct for wind drift to maintain the proper ground track.
CA.III.B.S3,afh,explanation,auto,from the Task B References line,Correct for wind drift to maintain the proper ground track.
CA.III.B.S3,aim,guidance,auto,from the Task B References line,Correct for wind drift to maintain the proper ground track.
CA.III.B.S3,phak,explanation,auto,from the Task B References line,Correct for wind drift to maintain the proper ground track.
CA.III.B.S3,risk-management,explanation,auto,from the Task B References line,Correct for wind drift to maintain the proper ground track.
CA.III.B.S4,14cfr:part-91,regulation,auto,from the Task B References line,Maintain orientation with the runway/landing area in use.
CA.III.B.S4,afh,explanation,auto,from the Task B References line,Maintain orientation with the runway/landing area in use.
CA.III.B.S4,aim,guidance,auto,from the Task B References line,Maintain orientation with the runway/landing area in use.
CA.III.B.S4,phak,explanation,auto,from the Task B References line,Maintain orientation with the runway/landing area in use.
CA.III.B.S4,risk-management,explanation,auto,from the Task B References line,Maintain orientation with the runway/landing area in use.
CA.III.B.S5,14cfr:part-91,regulation,auto,from the Task B References line,"Maintain traffic pattern altitude, ±100 feet, and the appropriate airspeed, ±10 knots."
CA.III.B.S5,afh,explanation,auto,from the Task B References line,"Maintain traffic pattern altitude, ±100 feet, and the appropriate airspeed, ±10 knots."
CA.III.B.S5,aim,guidance,auto,from the Task B References line,"Maintain traffic pattern altitude, ±100 feet, and the appropriate airspeed, ±10 knots."
CA.III.B.S5,phak,explanation,auto,from the Task B References line,"Maintain traffic pattern altitude, ±100 feet, and the appropriate airspeed, ±10 knots."
CA.III.B.S5,risk-management,explanation,auto,from the Task B References line,"Maintain traffic pattern altitude, ±100 feet, and the appropriate airspeed, ±10 knots."
CA.III.B.S6,14cfr:part-91,regulation,auto,from the Task B References line,Maintain situational awareness and proper spacing from other aircraft in the traffic pattern. 18
CA.III.B.S6,afh,explanation,auto,from the Task B References line,Maintain situational awareness and proper spacing from other aircraft in the traffic pattern. 18
CA.III.B.S6,aim,guidance,auto,from the Task B References line,Maintain situational awareness and proper spacing from other aircraft in the traffic pattern. 18
CA.III.B.S6,phak,explanation,auto,from the Task B References line,Maintain situational awareness and proper spacing from other aircraft in the traffic pattern. 18
CA.III.B.S6,risk-management,explanation,auto,from the Task B References line,Maintain situational awareness and proper spacing from other aircraft in the traffic pattern. 18
CA.IV.A.K1,afh,explanation,auto,from the Task A References line,"Effects of atmospheric conditions, including wind, on takeoff and climb performance."
CA.IV.A.K1,aim,guidance,auto,from the Task A References line,"Effects of atmospheric conditions, including wind, on takeoff and climb performance."
CA.IV.A.K1,phak,explanation,auto,from the Task A References line,"Effects of atmospheric conditions, including wind, on takeoff and climb performance."
CA.IV.A.K1,risk-management,explanation,auto,from the Task A References line,"Effects of atmospheric conditions, including wind, on takeoff and climb performance."
CA.IV.A.K1,seaplane,explanation,auto,from the Task A References line,"Effects of atmospheric conditions, including wind, on takeoff and climb performance."
CA.IV.A.K2,afh,explanation,auto,from the Task A References line,Best angle of climb speed (VX) and best rate of climb speed (VY).
CA.IV.A.K2,aim,guidance,auto,from the Task A References line,Best angle of climb speed (VX) and best rate of climb speed (VY).
CA.IV.A.K2,phak,explanation,auto,from the Task A References line,Best angle of climb speed (VX) and best rate of climb speed (VY).
CA.IV.A.K2,risk-management,explanation,auto,from the Task A References line,Best angle of climb speed (VX) and best rate of climb speed (VY).
CA.IV.A.K2,seaplane,explanation,auto,from the Task A References line,Best angle of climb speed (VX) and best rate of climb speed (VY).
CA.IV.A.K3,afh,explanation,auto,from the Task A References line,Appropriate airplane configuration.
CA.IV.A.K3,aim,guidance,auto,from the Task A References line,Appropriate airplane configuration.
CA.IV.A.K3,phak,explanation,auto,from the Task A References line,Appropriate airplane configuration.
CA.IV.A.K3,risk-management,explanation,auto,from the Task A References line,Appropriate airplane configuration.
CA.IV.A.K3,seaplane,explanation,auto,from the Task A References line,Appropriate airplane configuration.
CA.IV.A.R1,afh,explanation,auto,from the Task A References line,"Selection of runway or takeoff path based on aircraft performance and limitations, available distance, and wind."
CA.IV.A.R1,aim,guidance,auto,from the Task A References line,"Selection of runway or takeoff path based on aircraft performance and limitations, available distance, and wind."
CA.IV.A.R1,phak,explanation,auto,from the Task A References line,"Selection of runway or takeoff path based on aircraft performance and limitations, available distance, and wind."
CA.IV.A.R1,risk-management,explanation,auto,from the Task A References line,"Selection of runway or takeoff path based on aircraft performance and limitations, available distance, and wind."
CA.IV.A.R1,seaplane,explanation,auto,from the Task A References line,"Selection of runway or takeoff path based on aircraft performance and limitations, available distance, and wind."
CA.IV.A.R2,afh,explanation,auto,from the Task A References line,Effects of:
CA.IV.A.R2,aim,guidance,auto,from the Task A References line,Effects of:
CA.IV.A.R2,phak,explanation,auto,from the Task A References line,Effects of:
CA.IV.A.R2,risk-management,explanation,auto,from the Task A References line,Effects of:
CA.IV.A.R2,seaplane,explanation,auto,from the Task A References line,Effects of:
CA.IV.A.R2a,afh,explanation,auto,from the Task A References line,a. Crosswind
CA.IV.A.R2a,aim,guidance,auto,from the Task A References line,a. Crosswind
CA.IV.A.R2a,phak,explanation,auto,from the Task A References line,a. Crosswind
CA.IV.A.R2a,risk-management,explanation,auto,from the Task A References line,a. Crosswind
CA.IV.A.R2a,seaplane,explanation,auto,from the Task A References line,a. Crosswind
CA.IV.A.R2b,afh,explanation,auto,from the Task A References line,b. Windshear
CA.IV.A.R2b,aim,guidance,auto,from the Task A References line,b. Windshear
CA.IV.A.R2b,phak,explanation,auto,from the Task A References line,b. Windshear
CA.IV.A.R2b,risk-management,explanation,auto,from the Task A References line,b. Windshear
CA.IV.A.R2b,seaplane,explanation,auto,from the Task A References line,b. Windshear
CA.IV.A.R2c,afh,explanation,auto,from the Task A References line,c. Tailwind
CA.IV.A.R2c,aim,guidance,auto,from the Task A References line,c. Tailwind
CA.IV.A.R2c,phak,explanation,auto,from the Task A References line,c. Tailwind
CA.IV.A.R2c,risk-management,explanation,auto,from the Task A References line,c. Tailwind
CA.IV.A.R2c,seaplane,explanation,auto,from the Task A References line,c. Tailwind
CA.IV.A.R2d,afh,explanation,auto,from the Task A References line,d. Wake turbulence
CA.IV.A.R2d,aim,guidance,auto,from the Task A References line,d. Wake turbulence
CA.IV.A.R2d,phak,explanation,auto,from the Task A References line,d. Wake turbulence
CA.IV.A.R2d,risk-management,explanation,auto,from the Task A References line,d. Wake turbulence
CA.IV.A.R2d,seaplane,explanation,auto,from the Task A References line,d. Wake turbulence
CA.IV.A.R2e,afh,explanation,auto,from the Task A References line,e. Takeoff surface/condition
CA.IV.A.R2e,aim,guidance,auto,from the Task A References line,e. Takeoff surface/condition
CA.IV.A.R2e,phak,explanation,auto,from the Task A References line,e. Takeoff surface/condition
CA.IV.A.R2e,risk-management,explanation,auto,from the Task A References line,e. Takeoff surface/condition
CA.IV.A.R2e,seaplane,explanation,auto,from the Task A References line,e. Takeoff surface/condition
CA.IV.A.R3,afh,explanation,auto,from the Task A References line,"Abnormal operations, including planning for:"
CA.IV.A.R3,aim,guidance,auto,from the Task A References line,"Abnormal operations, including planning for:"
CA.IV.A.R3,phak,explanation,auto,from the Task A References line,"Abnormal operations, including planning for:"
CA.IV.A.R3,risk-management,explanation,auto,from the Task A References line,"Abnormal operations, including planning for:"
CA.IV.A.R3,seaplane,explanation,auto,from the Task A References line,"Abnormal operations, including planning for:"
CA.IV.A.R3a,afh,explanation,auto,from the Task A References line,a. Rejected takeoff
CA.IV.A.R3a,aim,guidance,auto,from the Task A References line,a. Rejected takeoff
CA.IV.A.R3a,phak,explanation,auto,from the Task A References line,a. Rejected takeoff
CA.IV.A.R3a,risk-management,explanation,auto,from the Task A References line,a. Rejected takeoff
CA.IV.A.R3a,seaplane,explanation,auto,from the Task A References line,a. Rejected takeoff
CA.IV.A.R3b,afh,explanation,auto,from the Task A References line,b. Potential engine failure in takeoff/climb phase of flight
CA.IV.A.R3b,aim,guidance,auto,from the Task A References line,b. Potential engine failure in takeoff/climb phase of flight
CA.IV.A.R3b,phak,explanation,auto,from the Task A References line,b. Potential engine failure in takeoff/climb phase of flight
CA.IV.A.R3b,risk-management,explanation,auto,from the Task A References line,b. Potential engine failure in takeoff/climb phase of flight
CA.IV.A.R3b,seaplane,explanation,auto,from the Task A References line,b. Potential engine failure in takeoff/climb phase of flight
CA.IV.A.R4,afh,explanation,auto,from the Task A References line,Collision hazards.
CA.IV.A.R4,aim,guidance,auto,from the Task A References line,Collision hazards.
CA.IV.A.R4,phak,explanation,auto,from the Task A References line,Collision hazards.
CA.IV.A.R4,risk-management,explanation,auto,from the Task A References line,Collision hazards.
CA.IV.A.R4,seaplane,explanation,auto,from the Task A References line,Collision hazards.
CA.IV.A.R5,afh,explanation,auto,from the Task A References line,"Low altitude maneuvering, including stall, spin, or controlled flight into terrain (CFIT)."
CA.IV.A.R5,aim,guidance,auto,from the Task A References line,"Low altitude maneuvering, including stall, spin, or controlled flight into terrain (CFIT)."
CA.IV.A.R5,phak,explanation,auto,from the Task A References line,"Low altitude maneuvering, including stall, spin, or controlled flight into terrain (CFIT)."
CA.IV.A.R5,risk-management,explanation,auto,from the Task A References line,"Low altitude maneuvering, including stall, spin, or controlled flight into terrain (CFIT)."
CA.IV.A.R5,seaplane,explanation,auto,from the Task A References line,"Low altitude maneuvering, including stall, spin, or controlled flight into terrain (CFIT)."
CA.IV.A.R6,afh,explanation,auto,from the Task A References line,"Distractions, task prioritization, loss of situational awareness, or disorientation."
CA.IV.A.R6,aim,guidance,auto,from the Task A References line,"Distractions, task prioritization, loss of situational awareness, or disorientation."
CA.IV.A.R6,phak,explanation,auto,from the Task A References line,"Distractions, task prioritization, loss of situational awareness, or disorientation."
CA.IV.A.R6,risk-management,explanation,auto,from the Task A References line,"Distractions, task prioritization, loss of situational awareness, or disorientation."
CA.IV.A.R6,seaplane,explanation,auto,from the Task A References line,"Distractions, task prioritization, loss of situational awareness, or disorientation."
CA.IV.A.R7,afh,explanation,auto,from the Task A References line,Runway incursion.
CA.IV.A.R7,aim,guidance,auto,from the Task A References line,Runway incursion.
CA.IV.A.R7,phak,explanation,auto,from the Task A References line,Runway incursion.
CA.IV.A.R7,risk-management,explanation,auto,from the Task A References line,Runway incursion.
CA.IV.A.R7,seaplane,explanation,auto,from the Task A References line,Runway incursion.
CA.IV.A.S1,afh,explanation,auto,from the Task A References line,Complete the appropriate checklist(s).
CA.IV.A.S1,aim,guidance,auto,from the Task A References line,Complete the appropriate checklist(s).
CA.IV.A.S1,phak,explanation,auto,from the Task A References line,Complete the appropriate checklist(s).
CA.IV.A.S1,risk-management,explanation,auto,from the Task A References line,Complete the appropriate checklist(s).
CA.IV.A.S1,seaplane,explanation,auto,from the Task A References line,Complete the appropriate checklist(s).
CA.IV.A.S10,afh,explanation,auto,from the Task A References line,[Archived]
CA.IV.A.S10,aim,guidance,auto,from the Task A References line,[Archived]
CA.IV.A.S10,phak,explanation,auto,from the Task A References line,[Archived]
CA.IV.A.S10,risk-management,explanation,auto,from the Task A References line,[Archived]
CA.IV.A.S10,seaplane,explanation,auto,from the Task A References line,[Archived]
CA.IV.A.S11,afh,explanation,auto,from the Task A References line,"Establish a pitch attitude to maintain the manufacturer’s recommended speed or VY, ±5 knots."
CA.IV.A.S11,aim,guidance,auto,from the Task A References line,"Establish a pitch attitude to maintain the manufacturer’s recommended speed or VY, ±5 knots."
CA.IV.A.S11,phak,explanation,auto,from the Task A References line,"Establish a pitch attitude to maintain the manufacturer’s recommended speed or VY, ±5 knots."
CA.IV.A.S11,risk-management,explanation,auto,from the Task A References line,"Establish a pitch attitude to maintain the manufacturer’s recommended speed or VY, ±5 knots."
CA.IV.A.S11,seaplane,explanation,auto,from the Task A References line,"Establish a pitch attitude to maintain the manufacturer’s recommended speed or VY, ±5 knots."
CA.IV.A.S12,afh,explanation,auto,from the Task A References line,Configure the airplane in accordance with manufacturer’s guidance.
CA.IV.A.S12,aim,guidance,auto,from the Task A References line,Configure the airplane in accordance with manufacturer’s guidance.
CA.IV.A.S12,phak,explanation,auto,from the Task A References line,Configure the airplane in accordance with manufacturer’s guidance.
CA.IV.A.S12,risk-management,explanation,auto,from the Task A References line,Configure the airplane in accordance with manufacturer’s guidance.
CA.IV.A.S12,seaplane,explanation,auto,from the Task A References line,Configure the airplane in accordance with manufacturer’s guidance.
CA.IV.A.S13,afh,explanation,auto,from the Task A References line,Maintain VY ±5 knots to a safe maneuvering altitude.
CA.IV.A.S13,aim,guidance,auto,from the Task A References line,Maintain VY ±5 knots to a safe maneuvering altitude.
CA.IV.A.S13,phak,explanation,auto,from the Task A References line,Maintain VY ±5 knots to a safe maneuvering altitude.
CA.IV.A.S13,risk-management,explanation,auto,from the Task A References line,Maintain VY ±5 knots to a safe maneuvering altitude.
CA.IV.A.S13,seaplane,explanation,auto,from the Task A References line,Maintain VY ±5 knots to a safe maneuvering altitude.
CA.IV.A.S14,afh,explanation,auto,from the Task A References line,Maintain directional control and proper wind-drift correction throughout takeoff and climb.
CA.IV.A.S14,aim,guidance,auto,from the Task A References line,Maintain directional control and proper wind-drift correction throughout takeoff and climb.
CA.IV.A.S14,phak,explanation,auto,from the Task A References line,Maintain directional control and proper wind-drift correction throughout takeoff and climb.
CA.IV.A.S14,risk-management,explanation,auto,from the Task A References line,Maintain directional control and proper wind-drift correction throughout takeoff and climb.
CA.IV.A.S14,seaplane,explanation,auto,from the Task A References line,Maintain directional control and proper wind-drift correction throughout takeoff and climb.
CA.IV.A.S15,afh,explanation,auto,from the Task A References line,"Comply with noise abatement procedures, as applicable."
CA.IV.A.S15,aim,guidance,auto,from the Task A References line,"Comply with noise abatement procedures, as applicable."
CA.IV.A.S15,phak,explanation,auto,from the Task A References line,"Comply with noise abatement procedures, as applicable."
CA.IV.A.S15,risk-management,explanation,auto,from the Task A References line,"Comply with noise abatement procedures, as applicable."
CA.IV.A.S15,seaplane,explanation,auto,from the Task A References line,"Comply with noise abatement procedures, as applicable."
CA.IV.A.S2,afh,explanation,auto,from the Task A References line,Make radio calls as appropriate.
CA.IV.A.S2,aim,guidance,auto,from the Task A References line,Make radio calls as appropriate.
CA.IV.A.S2,phak,explanation,auto,from the Task A References line,Make radio calls as appropriate.
CA.IV.A.S2,risk-management,explanation,auto,from the Task A References line,Make radio calls as appropriate.
CA.IV.A.S2,seaplane,explanation,auto,from the Task A References line,Make radio calls as appropriate.
CA.IV.A.S3,afh,explanation,auto,from the Task A References line,Verify assigned/correct runway or takeoff path.
CA.IV.A.S3,aim,guidance,auto,from the Task A References line,Verify assigned/correct runway or takeoff path.
CA.IV.A.S3,phak,explanation,auto,from the Task A References line,Verify assigned/correct runway or takeoff path.
CA.IV.A.S3,risk-management,explanation,auto,from the Task A References line,Verify assigned/correct runway or takeoff path.
CA.IV.A.S3,seaplane,explanation,auto,from the Task A References line,Verify assigned/correct runway or takeoff path.
CA.IV.A.S4,afh,explanation,auto,from the Task A References line,Determine wind direction with or without visible wind direction indicators. 19
CA.IV.A.S4,aim,guidance,auto,from the Task A References line,Determine wind direction with or without visible wind direction indicators. 19
CA.IV.A.S4,phak,explanation,auto,from the Task A References line,Determine wind direction with or without visible wind direction indicators. 19
CA.IV.A.S4,risk-management,explanation,auto,from the Task A References line,Determine wind direction with or without visible wind direction indicators. 19
CA.IV.A.S4,seaplane,explanation,auto,from the Task A References line,Determine wind direction with or without visible wind direction indicators. 19
CA.IV.A.S5,afh,explanation,auto,from the Task A References line,"Position the flight controls for the existing wind, if applicable."
CA.IV.A.S5,aim,guidance,auto,from the Task A References line,"Position the flight controls for the existing wind, if applicable."
CA.IV.A.S5,phak,explanation,auto,from the Task A References line,"Position the flight controls for the existing wind, if applicable."
CA.IV.A.S5,risk-management,explanation,auto,from the Task A References line,"Position the flight controls for the existing wind, if applicable."
CA.IV.A.S5,seaplane,explanation,auto,from the Task A References line,"Position the flight controls for the existing wind, if applicable."
CA.IV.A.S6,afh,explanation,auto,from the Task A References line,"Clear the area, taxi into takeoff position, and align the airplane on the runway centerline (ASEL, AMEL) or takeoff path (ASES, AMES)."
CA.IV.A.S6,aim,guidance,auto,from the Task A References line,"Clear the area, taxi into takeoff position, and align the airplane on the runway centerline (ASEL, AMEL) or takeoff path (ASES, AMES)."
CA.IV.A.S6,phak,explanation,auto,from the Task A References line,"Clear the area, taxi into takeoff position, and align the airplane on the runway centerline (ASEL, AMEL) or takeoff path (ASES, AMES)."
CA.IV.A.S6,risk-management,explanation,auto,from the Task A References line,"Clear the area, taxi into takeoff position, and align the airplane on the runway centerline (ASEL, AMEL) or takeoff path (ASES, AMES)."
CA.IV.A.S6,seaplane,explanation,auto,from the Task A References line,"Clear the area, taxi into takeoff position, and align the airplane on the runway centerline (ASEL, AMEL) or takeoff path (ASES, AMES)."
CA.IV.A.S6a,afh,explanation,auto,from the Task A References line,"a. Retract the water rudders, as appropriate (ASES, AMES)"
CA.IV.A.S6a,aim,guidance,auto,from the Task A References line,"a. Retract the water rudders, as appropriate (ASES, AMES)"
CA.IV.A.S6a,phak,explanation,auto,from the Task A References line,"a. Retract the water rudders, as appropriate (ASES, AMES)"
CA.IV.A.S6a,risk-management,explanation,auto,from the Task A References line,"a. Retract the water rudders, as appropriate (ASES, AMES)"
CA.IV.A.S6a,seaplane,explanation,auto,from the Task A References line,"a. Retract the water rudders, as appropriate (ASES, AMES)"
CA.IV.A.S7,afh,explanation,auto,from the Task A References line,Advance the throttle smoothly to takeoff power and confirm proper engine and flight instrument indications prior to rotation.
CA.IV.A.S7,aim,guidance,auto,from the Task A References line,Advance the throttle smoothly to takeoff power and confirm proper engine and flight instrument indications prior to rotation.
CA.IV.A.S7,phak,explanation,auto,from the Task A References line,Advance the throttle smoothly to takeoff power and confirm proper engine and flight instrument indications prior to rotation.
CA.IV.A.S7,risk-management,explanation,auto,from the Task A References line,Advance the throttle smoothly to takeoff power and confirm proper engine and flight instrument indications prior to rotation.
CA.IV.A.S7,seaplane,explanation,auto,from the Task A References line,Advance the throttle smoothly to takeoff power and confirm proper engine and flight instrument indications prior to rotation.
CA.IV.A.S7a,afh,explanation,auto,from the Task A References line,"a. Establish and maintain the most efficient planing/lift-off attitude, and correct for porpoising or skipping (ASES, AMES)"
CA.IV.A.S7a,aim,guidance,auto,from the Task A References line,"a. Establish and maintain the most efficient planing/lift-off attitude, and correct for porpoising or skipping (ASES, AMES)"
CA.IV.A.S7a,phak,explanation,auto,from the Task A References line,"a. Establish and maintain the most efficient planing/lift-off attitude, and correct for porpoising or skipping (ASES, AMES)"
CA.IV.A.S7a,risk-management,explanation,auto,from the Task A References line,"a. Establish and maintain the most efficient planing/lift-off attitude, and correct for porpoising or skipping (ASES, AMES)"
CA.IV.A.S7a,seaplane,explanation,auto,from the Task A References line,"a. Establish and maintain the most efficient planing/lift-off attitude, and correct for porpoising or skipping (ASES, AMES)"
CA.IV.A.S8,afh,explanation,auto,from the Task A References line,"Avoid excessive water spray on the propeller(s) (ASES, AMES)."
CA.IV.A.S8,aim,guidance,auto,from the Task A References line,"Avoid excessive water spray on the propeller(s) (ASES, AMES)."
CA.IV.A.S8,phak,explanation,auto,from the Task A References line,"Avoid excessive water spray on the propeller(s) (ASES, AMES)."
CA.IV.A.S8,risk-management,explanation,auto,from the Task A References line,"Avoid excessive water spray on the propeller(s) (ASES, AMES)."
CA.IV.A.S8,seaplane,explanation,auto,from the Task A References line,"Avoid excessive water spray on the propeller(s) (ASES, AMES)."
CA.IV.A.S9,afh,explanation,auto,from the Task A References line,Rotate and lift off at the recommended airspeed and accelerate to VY.
CA.IV.A.S9,aim,guidance,auto,from the Task A References line,Rotate and lift off at the recommended airspeed and accelerate to VY.
CA.IV.A.S9,phak,explanation,auto,from the Task A References line,Rotate and lift off at the recommended airspeed and accelerate to VY.
CA.IV.A.S9,risk-management,explanation,auto,from the Task A References line,Rotate and lift off at the recommended airspeed and accelerate to VY.
CA.IV.A.S9,seaplane,explanation,auto,from the Task A References line,Rotate and lift off at the recommended airspeed and accelerate to VY.
CA.IV.B.K1,afh,explanation,auto,from the Task B References line,"A stabilized approach, including energy management concepts."
CA.IV.B.K1,aim,guidance,auto,from the Task B References line,"A stabilized approach, including energy management concepts."
CA.IV.B.K1,phak,explanation,auto,from the Task B References line,"A stabilized approach, including energy management concepts."
CA.IV.B.K1,risk-management,explanation,auto,from the Task B References line,"A stabilized approach, including energy management concepts."
CA.IV.B.K1,seaplane,explanation,auto,from the Task B References line,"A stabilized approach, including energy management concepts."
CA.IV.B.K2,afh,explanation,auto,from the Task B References line,"Effects of atmospheric conditions, including wind, on approach and landing performance."
CA.IV.B.K2,aim,guidance,auto,from the Task B References line,"Effects of atmospheric conditions, including wind, on approach and landing performance."
CA.IV.B.K2,phak,explanation,auto,from the Task B References line,"Effects of atmospheric conditions, including wind, on approach and landing performance."
CA.IV.B.K2,risk-management,explanation,auto,from the Task B References line,"Effects of atmospheric conditions, including wind, on approach and landing performance."
CA.IV.B.K2,seaplane,explanation,auto,from the Task B References line,"Effects of atmospheric conditions, including wind, on approach and landing performance."
CA.IV.B.K3,afh,explanation,auto,from the Task B References line,Wind correction techniques on approach and landing.
CA.IV.B.K3,aim,guidance,auto,from the Task B References line,Wind correction techniques on approach and landing.
CA.IV.B.K3,phak,explanation,auto,from the Task B References line,Wind correction techniques on approach and landing.
CA.IV.B.K3,risk-management,explanation,auto,from the Task B References line,Wind correction techniques on approach and landing.
CA.IV.B.K3,seaplane,explanation,auto,from the Task B References line,Wind correction techniques on approach and landing.
CA.IV.B.R1,afh,explanation,auto,from the Task B References line,"Selection of runway/landing surface, approach path, and touchdown area based on pilot capability, aircraft performance and limitations, available distance, and wind."
CA.IV.B.R1,aim,guidance,auto,from the Task B References line,"Selection of runway/landing surface, approach path, and touchdown area based on pilot capability, aircraft performance and limitations, available distance, and wind."
CA.IV.B.R1,phak,explanation,auto,from the Task B References line,"Selection of runway/landing surface, approach path, and touchdown area based on pilot capability, aircraft performance and limitations, available distance, and wind."
CA.IV.B.R1,risk-management,explanation,auto,from the Task B References line,"Selection of runway/landing surface, approach path, and touchdown area based on pilot capability, aircraft performance and limitations, available distance, and wind."
CA.IV.B.R1,seaplane,explanation,auto,from the Task B References line,"Selection of runway/landing surface, approach path, and touchdown area based on pilot capability, aircraft performance and limitations, available distance, and wind."
CA.IV.B.R2,afh,explanation,auto,from the Task B References line,Effects of:
CA.IV.B.R2,aim,guidance,auto,from the Task B References line,Effects of:
CA.IV.B.R2,phak,explanation,auto,from the Task B References line,Effects of:
CA.IV.B.R2,risk-management,explanation,auto,from the Task B References line,Effects of:
CA.IV.B.R2,seaplane,explanation,auto,from the Task B References line,Effects of:
CA.IV.B.R2a,afh,explanation,auto,from the Task B References line,a. Crosswind
CA.IV.B.R2a,aim,guidance,auto,from the Task B References line,a. Crosswind
CA.IV.B.R2a,phak,explanation,auto,from the Task B References line,a. Crosswind
CA.IV.B.R2a,risk-management,explanation,auto,from the Task B References line,a. Crosswind
CA.IV.B.R2a,seaplane,explanation,auto,from the Task B References line,a. Crosswind
CA.IV.B.R2b,afh,explanation,auto,from the Task B References line,b. Windshear
CA.IV.B.R2b,aim,guidance,auto,from the Task B References line,b. Windshear
CA.IV.B.R2b,phak,explanation,auto,from the Task B References line,b. Windshear
CA.IV.B.R2b,risk-management,explanation,auto,from the Task B References line,b. Windshear
CA.IV.B.R2b,seaplane,explanation,auto,from the Task B References line,b. Windshear
CA.IV.B.R2c,afh,explanation,auto,from the Task B References line,c. Tailwind 20
CA.IV.B.R2c,aim,guidance,auto,from the Task B References line,c. Tailwind 20
CA.IV.B.R2c,phak,explanation,auto,from the Task B References line,c. Tailwind 20
CA.IV.B.R2c,risk-management,explanation,auto,from the Task B References line,c. Tailwind 20
CA.IV.B.R2c,seaplane,explanation,auto,from the Task B References line,c. Tailwind 20
CA.IV.B.R2d,afh,explanation,auto,from the Task B References line,d. Wake turbulence
CA.IV.B.R2d,aim,guidance,auto,from the Task B References line,d. Wake turbulence
CA.IV.B.R2d,phak,explanation,auto,from the Task B References line,d. Wake turbulence
CA.IV.B.R2d,risk-management,explanation,auto,from the Task B References line,d. Wake turbulence
CA.IV.B.R2d,seaplane,explanation,auto,from the Task B References line,d. Wake turbulence
CA.IV.B.R2e,afh,explanation,auto,from the Task B References line,e. Landing surface/condition
CA.IV.B.R2e,aim,guidance,auto,from the Task B References line,e. Landing surface/condition
CA.IV.B.R2e,phak,explanation,auto,from the Task B References line,e. Landing surface/condition
CA.IV.B.R2e,risk-management,explanation,auto,from the Task B References line,e. Landing surface/condition
CA.IV.B.R2e,seaplane,explanation,auto,from the Task B References line,e. Landing surface/condition
CA.IV.B.R3,afh,explanation,auto,from the Task B References line,Planning for:
CA.IV.B.R3,aim,guidance,auto,from the Task B References line,Planning for:
CA.IV.B.R3,phak,explanation,auto,from the Task B References line,Planning for:
CA.IV.B.R3,risk-management,explanation,auto,from the Task B References line,Planning for:
CA.IV.B.R3,seaplane,explanation,auto,from the Task B References line,Planning for:
CA.IV.B.R3a,afh,explanation,auto,from the Task B References line,a. Rejected landing and go-around
CA.IV.B.R3a,aim,guidance,auto,from the Task B References line,a. Rejected landing and go-around
CA.IV.B.R3a,phak,explanation,auto,from the Task B References line,a. Rejected landing and go-around
CA.IV.B.R3a,risk-management,explanation,auto,from the Task B References line,a. Rejected landing and go-around
CA.IV.B.R3a,seaplane,explanation,auto,from the Task B References line,a. Rejected landing and go-around
CA.IV.B.R3b,afh,explanation,auto,from the Task B References line,b. Land and hold short operations (LAHSO)
CA.IV.B.R3b,aim,guidance,auto,from the Task B References line,b. Land and hold short operations (LAHSO)
CA.IV.B.R3b,phak,explanation,auto,from the Task B References line,b. Land and hold short operations (LAHSO)
CA.IV.B.R3b,risk-management,explanation,auto,from the Task B References line,b. Land and hold short operations (LAHSO)
CA.IV.B.R3b,seaplane,explanation,auto,from the Task B References line,b. Land and hold short operations (LAHSO)
CA.IV.B.R4,afh,explanation,auto,from the Task B References line,Collision hazards.
CA.IV.B.R4,aim,guidance,auto,from the Task B References line,Collision hazards.
CA.IV.B.R4,phak,explanation,auto,from the Task B References line,Collision hazards.
CA.IV.B.R4,risk-management,explanation,auto,from the Task B References line,Collision hazards.
CA.IV.B.R4,seaplane,explanation,auto,from the Task B References line,Collision hazards.
CA.IV.B.R5,afh,explanation,auto,from the Task B References line,"Low altitude maneuvering, including stall, spin, or controlled flight into terrain (CFIT)."
CA.IV.B.R5,aim,guidance,auto,from the Task B References line,"Low altitude maneuvering, including stall, spin, or controlled flight into terrain (CFIT)."
CA.IV.B.R5,phak,explanation,auto,from the Task B References line,"Low altitude maneuvering, including stall, spin, or controlled flight into terrain (CFIT)."
CA.IV.B.R5,risk-management,explanation,auto,from the Task B References line,"Low altitude maneuvering, including stall, spin, or controlled flight into terrain (CFIT)."
CA.IV.B.R5,seaplane,explanation,auto,from the Task B References line,"Low altitude maneuvering, including stall, spin, or controlled flight into terrain (CFIT)."
CA.IV.B.R6,afh,explanation,auto,from the Task B References line,"Distractions, task prioritization, loss of situational awareness, or disorientation."
CA.IV.B.R6,aim,guidance,auto,from the Task B References line,"Distractions, task prioritization, loss of situational awareness, or disorientation."
CA.IV.B.R6,phak,explanation,auto,from the Task B References line,"Distractions, task prioritization, loss of situational awareness, or disorientation."
CA.IV.B.R6,risk-management,explanation,auto,from the Task B References line,"Distractions, task prioritization, loss of situational awareness, or disorientation."
CA.IV.B.R6,seaplane,explanation,auto,from the Task B References line,"Distractions, task prioritization, loss of situational awareness, or disorientation."
CA.IV.B.S1,afh,explanation,auto,from the Task B References line,Complete the appropriate checklist(s).
CA.IV.B.S1,aim,guidance,auto,from the Task B References line,Complete the appropriate checklist(s).
CA.IV.B.S1,phak,explanation,auto,from the Task B References line,Complete the appropriate checklist(s).
CA.IV.B.S1,risk-management,explanation,auto,from the Task B References line,Complete the appropriate checklist(s).
CA.IV.B.S1,seaplane,explanation,auto,from the Task B References line,Complete the appropriate checklist(s).
CA.IV.B.S10,afh,explanation,auto,from the Task B References line,"Touch down at a proper pitch attitude, within 200 feet beyond or on the specified point, with no side drift, and with the airplane’s longitudinal axis aligned with and over the runway center/landing path."
CA.IV.B.S10,aim,guidance,auto,from the Task B References line,"Touch down at a proper pitch attitude, within 200 feet beyond or on the specified point, with no side drift, and with the airplane’s longitudinal axis aligned with and over the runway center/landing path."
CA.IV.B.S10,phak,explanation,auto,from the Task B References line,"Touch down at a proper pitch attitude, within 200 feet beyond or on the specified point, with no side drift, and with the airplane’s longitudinal axis aligned with and over the runway center/landing path."
CA.IV.B.S10,risk-management,explanation,auto,from the Task B References line,"Touch down at a proper pitch attitude, within 200 feet beyond or on the specified point, with no side drift, and with the airplane’s longitudinal axis aligned with and over the runway center/landing path."
CA.IV.B.S10,seaplane,explanation,auto,from the Task B References line,"Touch down at a proper pitch attitude, within 200 feet beyond or on the specified point, with no side drift, and with the airplane’s longitudinal axis aligned with and over the runway center/landing path."
CA.IV.B.S11,afh,explanation,auto,from the Task B References line,Execute a timely go-around if the approach cannot be made within the tolerances specified above or for any other condition that may result in an unsafe approach or landing.
CA.IV.B.S11,aim,guidance,auto,from the Task B References line,Execute a timely go-around if the approach cannot be made within the tolerances specified above or for any other condition that may result in an unsafe approach or landing.
CA.IV.B.S11,phak,explanation,auto,from the Task B References line,Execute a timely go-around if the approach cannot be made within the tolerances specified above or for any other condition that may result in an unsafe approach or landing.
CA.IV.B.S11,risk-management,explanation,auto,from the Task B References line,Execute a timely go-around if the approach cannot be made within the tolerances specified above or for any other condition that may result in an unsafe approach or landing.
CA.IV.B.S11,seaplane,explanation,auto,from the Task B References line,Execute a timely go-around if the approach cannot be made within the tolerances specified above or for any other condition that may result in an unsafe approach or landing.
CA.IV.B.S12,afh,explanation,auto,from the Task B References line,"Use runway incursion avoidance procedures, if applicable."
CA.IV.B.S12,aim,guidance,auto,from the Task B References line,"Use runway incursion avoidance procedures, if applicable."
CA.IV.B.S12,phak,explanation,auto,from the Task B References line,"Use runway incursion avoidance procedures, if applicable."
CA.IV.B.S12,risk-management,explanation,auto,from the Task B References line,"Use runway incursion avoidance procedures, if applicable."
CA.IV.B.S12,seaplane,explanation,auto,from the Task B References line,"Use runway incursion avoidance procedures, if applicable."
CA.IV.B.S2,afh,explanation,auto,from the Task B References line,Make radio calls as appropriate.
CA.IV.B.S2,aim,guidance,auto,from the Task B References line,Make radio calls as appropriate.
CA.IV.B.S2,phak,explanation,auto,from the Task B References line,Make radio calls as appropriate.
CA.IV.B.S2,risk-management,explanation,auto,from the Task B References line,Make radio calls as appropriate.
CA.IV.B.S2,seaplane,explanation,auto,from the Task B References line,Make radio calls as appropriate.
CA.IV.B.S3,afh,explanation,auto,from the Task B References line,Ensure the airplane is aligned with the correct/assigned runway or landing surface.
CA.IV.B.S3,aim,guidance,auto,from the Task B References line,Ensure the airplane is aligned with the correct/assigned runway or landing surface.
CA.IV.B.S3,phak,explanation,auto,from the Task B References line,Ensure the airplane is aligned with the correct/assigned runway or landing surface.
CA.IV.B.S3,risk-management,explanation,auto,from the Task B References line,Ensure the airplane is aligned with the correct/assigned runway or landing surface.
CA.IV.B.S3,seaplane,explanation,auto,from the Task B References line,Ensure the airplane is aligned with the correct/assigned runway or landing surface.
CA.IV.B.S4,afh,explanation,auto,from the Task B References line,Scan the runway or landing surface and adjoining area for traffic and obstructions.
CA.IV.B.S4,aim,guidance,auto,from the Task B References line,Scan the runway or landing surface and adjoining area for traffic and obstructions.
CA.IV.B.S4,phak,explanation,auto,from the Task B References line,Scan the runway or landing surface and adjoining area for traffic and obstructions.
CA.IV.B.S4,risk-management,explanation,auto,from the Task B References line,Scan the runway or landing surface and adjoining area for traffic and obstructions.
CA.IV.B.S4,seaplane,explanation,auto,from the Task B References line,Scan the runway or landing surface and adjoining area for traffic and obstructions.
CA.IV.B.S5,afh,explanation,auto,from the Task B References line,"Select and aim for a suitable touchdown point considering the wind conditions, landing surface, and obstructions."
CA.IV.B.S5,aim,guidance,auto,from the Task B References line,"Select and aim for a suitable touchdown point considering the wind conditions, landing surface, and obstructions."
CA.IV.B.S5,phak,explanation,auto,from the Task B References line,"Select and aim for a suitable touchdown point considering the wind conditions, landing surface, and obstructions."
CA.IV.B.S5,risk-management,explanation,auto,from the Task B References line,"Select and aim for a suitable touchdown point considering the wind conditions, landing surface, and obstructions."
CA.IV.B.S5,seaplane,explanation,auto,from the Task B References line,"Select and aim for a suitable touchdown point considering the wind conditions, landing surface, and obstructions."
CA.IV.B.S6,afh,explanation,auto,from the Task B References line,"Establish the recommended approach and landing configuration, airspeed, and trim, and adjust pitch attitude and power as required to maintain a stabilized approach."
CA.IV.B.S6,aim,guidance,auto,from the Task B References line,"Establish the recommended approach and landing configuration, airspeed, and trim, and adjust pitch attitude and power as required to maintain a stabilized approach."
CA.IV.B.S6,phak,explanation,auto,from the Task B References line,"Establish the recommended approach and landing configuration, airspeed, and trim, and adjust pitch attitude and power as required to maintain a stabilized approach."
CA.IV.B.S6,risk-management,explanation,auto,from the Task B References line,"Establish the recommended approach and landing configuration, airspeed, and trim, and adjust pitch attitude and power as required to maintain a stabilized approach."
CA.IV.B.S6,seaplane,explanation,auto,from the Task B References line,"Establish the recommended approach and landing configuration, airspeed, and trim, and adjust pitch attitude and power as required to maintain a stabilized approach."
CA.IV.B.S7,afh,explanation,auto,from the Task B References line,"Maintain manufacturer’s published approach airspeed or in its absence not more than 1.3 times the stalling speed or the minimum steady flight speed in the landing configuration (VSO), ±5 knots with gust factor applied."
CA.IV.B.S7,aim,guidance,auto,from the Task B References line,"Maintain manufacturer’s published approach airspeed or in its absence not more than 1.3 times the stalling speed or the minimum steady flight speed in the landing configuration (VSO), ±5 knots with gust factor applied."
CA.IV.B.S7,phak,explanation,auto,from the Task B References line,"Maintain manufacturer’s published approach airspeed or in its absence not more than 1.3 times the stalling speed or the minimum steady flight speed in the landing configuration (VSO), ±5 knots with gust factor applied."
CA.IV.B.S7,risk-management,explanation,auto,from the Task B References line,"Maintain manufacturer’s published approach airspeed or in its absence not more than 1.3 times the stalling speed or the minimum steady flight speed in the landing configuration (VSO), ±5 knots with gust factor applied."
CA.IV.B.S7,seaplane,explanation,auto,from the Task B References line,"Maintain manufacturer’s published approach airspeed or in its absence not more than 1.3 times the stalling speed or the minimum steady flight speed in the landing configuration (VSO), ±5 knots with gust factor applied."
CA.IV.B.S8,afh,explanation,auto,from the Task B References line,Maintain directional control and appropriate crosswind correction throughout the approach and landing.
CA.IV.B.S8,aim,guidance,auto,from the Task B References line,Maintain directional control and appropriate crosswind correction throughout the approach and landing.
CA.IV.B.S8,phak,explanation,auto,from the Task B References line,Maintain directional control and appropriate crosswind correction throughout the approach and landing.
CA.IV.B.S8,risk-management,explanation,auto,from the Task B References line,Maintain directional control and appropriate crosswind correction throughout the approach and landing.
CA.IV.B.S8,seaplane,explanation,auto,from the Task B References line,Maintain directional control and appropriate crosswind correction throughout the approach and landing.
CA.IV.B.S9,afh,explanation,auto,from the Task B References line,"Make smooth, timely, and correct control application during round out and touchdown."
CA.IV.B.S9,aim,guidance,auto,from the Task B References line,"Make smooth, timely, and correct control application during round out and touchdown."
CA.IV.B.S9,phak,explanation,auto,from the Task B References line,"Make smooth, timely, and correct control application during round out and touchdown."
CA.IV.B.S9,risk-management,explanation,auto,from the Task B References line,"Make smooth, timely, and correct control application during round out and touchdown."
CA.IV.B.S9,seaplane,explanation,auto,from the Task B References line,"Make smooth, timely, and correct control application during round out and touchdown."
CA.IV.C.K1,afh,explanation,auto,from the Task C References line,"Effects of atmospheric conditions, including wind, on takeoff and climb performance."
CA.IV.C.K1,aim,guidance,auto,from the Task C References line,"Effects of atmospheric conditions, including wind, on takeoff and climb performance."
CA.IV.C.K1,phak,explanation,auto,from the Task C References line,"Effects of atmospheric conditions, including wind, on takeoff and climb performance."
CA.IV.C.K1,risk-management,explanation,auto,from the Task C References line,"Effects of atmospheric conditions, including wind, on takeoff and climb performance."
CA.IV.C.K2,afh,explanation,auto,from the Task C References line,Best angle of climb speed (VX) and best rate of climb speed (VY). 21
CA.IV.C.K2,aim,guidance,auto,from the Task C References line,Best angle of climb speed (VX) and best rate of climb speed (VY). 21
CA.IV.C.K2,phak,explanation,auto,from the Task C References line,Best angle of climb speed (VX) and best rate of climb speed (VY). 21
CA.IV.C.K2,risk-management,explanation,auto,from the Task C References line,Best angle of climb speed (VX) and best rate of climb speed (VY). 21
CA.IV.C.K3,afh,explanation,auto,from the Task C References line,Appropriate airplane configuration.
CA.IV.C.K3,aim,guidance,auto,from the Task C References line,Appropriate airplane configuration.
CA.IV.C.K3,phak,explanation,auto,from the Task C References line,Appropriate airplane configuration.
CA.IV.C.K3,risk-management,explanation,auto,from the Task C References line,Appropriate airplane configuration.
CA.IV.C.K4,afh,explanation,auto,from the Task C References line,Ground effect.
CA.IV.C.K4,aim,guidance,auto,from the Task C References line,Ground effect.
CA.IV.C.K4,phak,explanation,auto,from the Task C References line,Ground effect.
CA.IV.C.K4,risk-management,explanation,auto,from the Task C References line,Ground effect.
CA.IV.C.K5,afh,explanation,auto,from the Task C References line,Importance of weight transfer from wheels to wings.
CA.IV.C.K5,aim,guidance,auto,from the Task C References line,Importance of weight transfer from wheels to wings.
CA.IV.C.K5,phak,explanation,auto,from the Task C References line,Importance of weight transfer from wheels to wings.
CA.IV.C.K5,risk-management,explanation,auto,from the Task C References line,Importance of weight transfer from wheels to wings.
CA.IV.C.K6,afh,explanation,auto,from the Task C References line,Left turning tendencies.
CA.IV.C.K6,aim,guidance,auto,from the Task C References line,Left turning tendencies.
CA.IV.C.K6,phak,explanation,auto,from the Task C References line,Left turning tendencies.
CA.IV.C.K6,risk-management,explanation,auto,from the Task C References line,Left turning tendencies.
CA.IV.C.R1,afh,explanation,auto,from the Task C References line,"Selection of runway based on pilot capability, airplane performance and limitations, available distance, and wind."
CA.IV.C.R1,aim,guidance,auto,from the Task C References line,"Selection of runway based on pilot capability, airplane performance and limitations, available distance, and wind."
CA.IV.C.R1,phak,explanation,auto,from the Task C References line,"Selection of runway based on pilot capability, airplane performance and limitations, available distance, and wind."
CA.IV.C.R1,risk-management,explanation,auto,from the Task C References line,"Selection of runway based on pilot capability, airplane performance and limitations, available distance, and wind."
CA.IV.C.R2,afh,explanation,auto,from the Task C References line,Effects of:
CA.IV.C.R2,aim,guidance,auto,from the Task C References line,Effects of:
CA.IV.C.R2,phak,explanation,auto,from the Task C References line,Effects of:
CA.IV.C.R2,risk-management,explanation,auto,from the Task C References line,Effects of:
CA.IV.C.R2a,afh,explanation,auto,from the Task C References line,a. Crosswind
CA.IV.C.R2a,aim,guidance,auto,from the Task C References line,a. Crosswind
CA.IV.C.R2a,phak,explanation,auto,from the Task C References line,a. Crosswind
CA.IV.C.R2a,risk-management,explanation,auto,from the Task C References line,a. Crosswind
CA.IV.C.R2b,afh,explanation,auto,from the Task C References line,b. Windshear
CA.IV.C.R2b,aim,guidance,auto,from the Task C References line,b. Windshear
CA.IV.C.R2b,phak,explanation,auto,from the Task C References line,b. Windshear
CA.IV.C.R2b,risk-management,explanation,auto,from the Task C References line,b. Windshear
CA.IV.C.R2c,afh,explanation,auto,from the Task C References line,c. Tailwind
CA.IV.C.R2c,aim,guidance,auto,from the Task C References line,c. Tailwind
CA.IV.C.R2c,phak,explanation,auto,from the Task C References line,c. Tailwind
CA.IV.C.R2c,risk-management,explanation,auto,from the Task C References line,c. Tailwind
CA.IV.C.R2d,afh,explanation,auto,from the Task C References line,d. Wake turbulence
CA.IV.C.R2d,aim,guidance,auto,from the Task C References line,d. Wake turbulence
CA.IV.C.R2d,phak,explanation,auto,from the Task C References line,d. Wake turbulence
CA.IV.C.R2d,risk-management,explanation,auto,from the Task C References line,d. Wake turbulence
CA.IV.C.R2e,afh,explanation,auto,from the Task C References line,e. Takeoff surface/condition
CA.IV.C.R2e,aim,guidance,auto,from the Task C References line,e. Takeoff surface/condition
CA.IV.C.R2e,phak,explanation,auto,from the Task C References line,e. Takeoff surface/condition
CA.IV.C.R2e,risk-management,explanation,auto,from the Task C References line,e. Takeoff surface/condition
CA.IV.C.R3,afh,explanation,auto,from the Task C References line,"Abnormal operations, including planning for:"
CA.IV.C.R3,aim,guidance,auto,from the Task C References line,"Abnormal operations, including planning for:"
CA.IV.C.R3,phak,explanation,auto,from the Task C References line,"Abnormal operations, including planning for:"
CA.IV.C.R3,risk-management,explanation,auto,from the Task C References line,"Abnormal operations, including planning for:"
CA.IV.C.R3a,afh,explanation,auto,from the Task C References line,a. Rejected takeoff
CA.IV.C.R3a,aim,guidance,auto,from the Task C References line,a. Rejected takeoff
CA.IV.C.R3a,phak,explanation,auto,from the Task C References line,a. Rejected takeoff
CA.IV.C.R3a,risk-management,explanation,auto,from the Task C References line,a. Rejected takeoff
CA.IV.C.R3b,afh,explanation,auto,from the Task C References line,b. Potential engine failure in takeoff/climb phase of flight
CA.IV.C.R3b,aim,guidance,auto,from the Task C References line,b. Potential engine failure in takeoff/climb phase of flight
CA.IV.C.R3b,phak,explanation,auto,from the Task C References line,b. Potential engine failure in takeoff/climb phase of flight
CA.IV.C.R3b,risk-management,explanation,auto,from the Task C References line,b. Potential engine failure in takeoff/climb phase of flight
CA.IV.C.R4,afh,explanation,auto,from the Task C References line,Collision hazards.
CA.IV.C.R4,aim,guidance,auto,from the Task C References line,Collision hazards.
CA.IV.C.R4,phak,explanation,auto,from the Task C References line,Collision hazards.
CA.IV.C.R4,risk-management,explanation,auto,from the Task C References line,Collision hazards.
CA.IV.C.R5,afh,explanation,auto,from the Task C References line,"Low altitude maneuvering, including stall, spin, or controlled flight into terrain (CFIT)."
CA.IV.C.R5,aim,guidance,auto,from the Task C References line,"Low altitude maneuvering, including stall, spin, or controlled flight into terrain (CFIT)."
CA.IV.C.R5,phak,explanation,auto,from the Task C References line,"Low altitude maneuvering, including stall, spin, or controlled flight into terrain (CFIT)."
CA.IV.C.R5,risk-management,explanation,auto,from the Task C References line,"Low altitude maneuvering, including stall, spin, or controlled flight into terrain (CFIT)."
CA.IV.C.R6,afh,explanation,auto,from the Task C References line,"Distractions, task prioritization, loss of situational awareness, or disorientation."
CA.IV.C.R6,aim,guidance,auto,from the Task C References line,"Distractions, task prioritization, loss of situational awareness, or disorientation."
CA.IV.C.R6,phak,explanation,auto,from the Task C References line,"Distractions, task prioritization, loss of situational awareness, or disorientation."
CA.IV.C.R6,risk-management,explanation,auto,from the Task C References line,"Distractions, task prioritization, loss of situational awareness, or disorientation."
CA.IV.C.S1,afh,explanation,auto,from the Task C References line,Complete the appropriate checklist(s).
CA.IV.C.S1,aim,guidance,auto,from the Task C References line,Complete the appropriate checklist(s).
CA.IV.C.S1,phak,explanation,auto,from the Task C References line,Complete the appropriate checklist(s).
CA.IV.C.S1,risk-management,explanation,auto,from the Task C References line,Complete the appropriate checklist(s).
CA.IV.C.S10,afh,explanation,auto,from the Task C References line,"Establish a pitch attitude for VX or VY, as appropriate, and maintain selected airspeed ±5 knots during the climb. 22"
CA.IV.C.S10,aim,guidance,auto,from the Task C References line,"Establish a pitch attitude for VX or VY, as appropriate, and maintain selected airspeed ±5 knots during the climb. 22"
CA.IV.C.S10,phak,explanation,auto,from the Task C References line,"Establish a pitch attitude for VX or VY, as appropriate, and maintain selected airspeed ±5 knots during the climb. 22"
CA.IV.C.S10,risk-management,explanation,auto,from the Task C References line,"Establish a pitch attitude for VX or VY, as appropriate, and maintain selected airspeed ±5 knots during the climb. 22"
CA.IV.C.S11,afh,explanation,auto,from the Task C References line,Configure the airplane after a positive rate of climb has been verified or in accordance with airplane manufacturer’s instructions.
CA.IV.C.S11,aim,guidance,auto,from the Task C References line,Configure the airplane after a positive rate of climb has been verified or in accordance with airplane manufacturer’s instructions.
CA.IV.C.S11,phak,explanation,auto,from the Task C References line,Configure the airplane after a positive rate of climb has been verified or in accordance with airplane manufacturer’s instructions.
CA.IV.C.S11,risk-management,explanation,auto,from the Task C References line,Configure the airplane after a positive rate of climb has been verified or in accordance with airplane manufacturer’s instructions.
CA.IV.C.S12,afh,explanation,auto,from the Task C References line,"Maintain VX or VY, as appropriate, ±5 knots to a safe maneuvering altitude."
CA.IV.C.S12,aim,guidance,auto,from the Task C References line,"Maintain VX or VY, as appropriate, ±5 knots to a safe maneuvering altitude."
CA.IV.C.S12,phak,explanation,auto,from the Task C References line,"Maintain VX or VY, as appropriate, ±5 knots to a safe maneuvering altitude."
CA.IV.C.S12,risk-management,explanation,auto,from the Task C References line,"Maintain VX or VY, as appropriate, ±5 knots to a safe maneuvering altitude."
CA.IV.C.S13,afh,explanation,auto,from the Task C References line,Maintain directional control and proper wind-drift correction throughout takeoff and climb.
CA.IV.C.S13,aim,guidance,auto,from the Task C References line,Maintain directional control and proper wind-drift correction throughout takeoff and climb.
CA.IV.C.S13,phak,explanation,auto,from the Task C References line,Maintain directional control and proper wind-drift correction throughout takeoff and climb.
CA.IV.C.S13,risk-management,explanation,auto,from the Task C References line,Maintain directional control and proper wind-drift correction throughout takeoff and climb.
CA.IV.C.S14,afh,explanation,auto,from the Task C References line,"Comply with noise abatement procedures, as applicable."
CA.IV.C.S14,aim,guidance,auto,from the Task C References line,"Comply with noise abatement procedures, as applicable."
CA.IV.C.S14,phak,explanation,auto,from the Task C References line,"Comply with noise abatement procedures, as applicable."
CA.IV.C.S14,risk-management,explanation,auto,from the Task C References line,"Comply with noise abatement procedures, as applicable."
CA.IV.C.S2,afh,explanation,auto,from the Task C References line,Make radio calls as appropriate.
CA.IV.C.S2,aim,guidance,auto,from the Task C References line,Make radio calls as appropriate.
CA.IV.C.S2,phak,explanation,auto,from the Task C References line,Make radio calls as appropriate.
CA.IV.C.S2,risk-management,explanation,auto,from the Task C References line,Make radio calls as appropriate.
CA.IV.C.S3,afh,explanation,auto,from the Task C References line,Verify assigned/correct runway.
CA.IV.C.S3,aim,guidance,auto,from the Task C References line,Verify assigned/correct runway.
CA.IV.C.S3,phak,explanation,auto,from the Task C References line,Verify assigned/correct runway.
CA.IV.C.S3,risk-management,explanation,auto,from the Task C References line,Verify assigned/correct runway.
CA.IV.C.S4,afh,explanation,auto,from the Task C References line,Determine wind direction with or without visible wind direction indicators.
CA.IV.C.S4,aim,guidance,auto,from the Task C References line,Determine wind direction with or without visible wind direction indicators.
CA.IV.C.S4,phak,explanation,auto,from the Task C References line,Determine wind direction with or without visible wind direction indicators.
CA.IV.C.S4,risk-management,explanation,auto,from the Task C References line,Determine wind direction with or without visible wind direction indicators.
CA.IV.C.S5,afh,explanation,auto,from the Task C References line,"Position the flight controls for the existing wind, if applicable."
CA.IV.C.S5,aim,guidance,auto,from the Task C References line,"Position the flight controls for the existing wind, if applicable."
CA.IV.C.S5,phak,explanation,auto,from the Task C References line,"Position the flight controls for the existing wind, if applicable."
CA.IV.C.S5,risk-management,explanation,auto,from the Task C References line,"Position the flight controls for the existing wind, if applicable."
CA.IV.C.S6,afh,explanation,auto,from the Task C References line,"Clear the area, maintain necessary flight control inputs, taxi into takeoff position and align the airplane on the runway centerline without stopping, while advancing the throttle smoothly to takeoff power."
CA.IV.C.S6,aim,guidance,auto,from the Task C References line,"Clear the area, maintain necessary flight control inputs, taxi into takeoff position and align the airplane on the runway centerline without stopping, while advancing the throttle smoothly to takeoff power."
CA.IV.C.S6,phak,explanation,auto,from the Task C References line,"Clear the area, maintain necessary flight control inputs, taxi into takeoff position and align the airplane on the runway centerline without stopping, while advancing the throttle smoothly to takeoff power."
CA.IV.C.S6,risk-management,explanation,auto,from the Task C References line,"Clear the area, maintain necessary flight control inputs, taxi into takeoff position and align the airplane on the runway centerline without stopping, while advancing the throttle smoothly to takeoff power."
CA.IV.C.S7,afh,explanation,auto,from the Task C References line,Confirm takeoff power and proper engine and flight instrument indications.
CA.IV.C.S7,aim,guidance,auto,from the Task C References line,Confirm takeoff power and proper engine and flight instrument indications.
CA.IV.C.S7,phak,explanation,auto,from the Task C References line,Confirm takeoff power and proper engine and flight instrument indications.
CA.IV.C.S7,risk-management,explanation,auto,from the Task C References line,Confirm takeoff power and proper engine and flight instrument indications.
CA.IV.C.S8,afh,explanation,auto,from the Task C References line,Establish and maintain a pitch attitude that transfers the weight of the airplane from the wheels to the wings as rapidly as possible.
CA.IV.C.S8,aim,guidance,auto,from the Task C References line,Establish and maintain a pitch attitude that transfers the weight of the airplane from the wheels to the wings as rapidly as possible.
CA.IV.C.S8,phak,explanation,auto,from the Task C References line,Establish and maintain a pitch attitude that transfers the weight of the airplane from the wheels to the wings as rapidly as possible.
CA.IV.C.S8,risk-management,explanation,auto,from the Task C References line,Establish and maintain a pitch attitude that transfers the weight of the airplane from the wheels to the wings as rapidly as possible.
CA.IV.C.S9,afh,explanation,auto,from the Task C References line,"Lift off at the lowest possible airspeed and remain in ground effect while accelerating to VX or VY, as appropriate."
CA.IV.C.S9,aim,guidance,auto,from the Task C References line,"Lift off at the lowest possible airspeed and remain in ground effect while accelerating to VX or VY, as appropriate."
CA.IV.C.S9,phak,explanation,auto,from the Task C References line,"Lift off at the lowest possible airspeed and remain in ground effect while accelerating to VX or VY, as appropriate."
CA.IV.C.S9,risk-management,explanation,auto,from the Task C References line,"Lift off at the lowest possible airspeed and remain in ground effect while accelerating to VX or VY, as appropriate."
CA.IV.D.K1,afh,explanation,auto,from the Task D References line,"A stabilized approach, including energy management concepts."
CA.IV.D.K1,aim,guidance,auto,from the Task D References line,"A stabilized approach, including energy management concepts."
CA.IV.D.K1,phak,explanation,auto,from the Task D References line,"A stabilized approach, including energy management concepts."
CA.IV.D.K1,risk-management,explanation,auto,from the Task D References line,"A stabilized approach, including energy management concepts."
CA.IV.D.K2,afh,explanation,auto,from the Task D References line,"Effects of atmospheric conditions, including wind, on approach and landing performance."
CA.IV.D.K2,aim,guidance,auto,from the Task D References line,"Effects of atmospheric conditions, including wind, on approach and landing performance."
CA.IV.D.K2,phak,explanation,auto,from the Task D References line,"Effects of atmospheric conditions, including wind, on approach and landing performance."
CA.IV.D.K2,risk-management,explanation,auto,from the Task D References line,"Effects of atmospheric conditions, including wind, on approach and landing performance."
CA.IV.D.K3,afh,explanation,auto,from the Task D References line,Wind correction techniques on approach and landing.
CA.IV.D.K3,aim,guidance,auto,from the Task D References line,Wind correction techniques on approach and landing.
CA.IV.D.K3,phak,explanation,auto,from the Task D References line,Wind correction techniques on approach and landing.
CA.IV.D.K3,risk-management,explanation,auto,from the Task D References line,Wind correction techniques on approach and landing.
CA.IV.D.R1,afh,explanation,auto,from the Task D References line,"Selection of runway based on pilot capability, airplane performance and limitations, available distance, and wind."
CA.IV.D.R1,aim,guidance,auto,from the Task D References line,"Selection of runway based on pilot capability, airplane performance and limitations, available distance, and wind."
CA.IV.D.R1,phak,explanation,auto,from the Task D References line,"Selection of runway based on pilot capability, airplane performance and limitations, available distance, and wind."
CA.IV.D.R1,risk-management,explanation,auto,from the Task D References line,"Selection of runway based on pilot capability, airplane performance and limitations, available distance, and wind."
CA.IV.D.R2,afh,explanation,auto,from the Task D References line,Effects of:
CA.IV.D.R2,aim,guidance,auto,from the Task D References line,Effects of:
CA.IV.D.R2,phak,explanation,auto,from the Task D References line,Effects of:
CA.IV.D.R2,risk-management,explanation,auto,from the Task D References line,Effects of:
CA.IV.D.R2a,afh,explanation,auto,from the Task D References line,a. Crosswind
CA.IV.D.R2a,aim,guidance,auto,from the Task D References line,a. Crosswind
CA.IV.D.R2a,phak,explanation,auto,from the Task D References line,a. Crosswind
CA.IV.D.R2a,risk-management,explanation,auto,from the Task D References line,a. Crosswind
CA.IV.D.R2b,afh,explanation,auto,from the Task D References line,b. Windshear
CA.IV.D.R2b,aim,guidance,auto,from the Task D References line,b. Windshear
CA.IV.D.R2b,phak,explanation,auto,from the Task D References line,b. Windshear
CA.IV.D.R2b,risk-management,explanation,auto,from the Task D References line,b. Windshear
CA.IV.D.R2c,afh,explanation,auto,from the Task D References line,c. Tailwind
CA.IV.D.R2c,aim,guidance,auto,from the Task D References line,c. Tailwind
CA.IV.D.R2c,phak,explanation,auto,from the Task D References line,c. Tailwind
CA.IV.D.R2c,risk-management,explanation,auto,from the Task D References line,c. Tailwind
CA.IV.D.R2d,afh,explanation,auto,from the Task D References line,d. Wake turbulence
CA.IV.D.R2d,aim,guidance,auto,from the Task D References line,d. Wake turbulence
CA.IV.D.R2d,phak,explanation,auto,from the Task D References line,d. Wake turbulence
CA.IV.D.R2d,risk-management,explanation,auto,from the Task D References line,d. Wake turbulence
CA.IV.D.R2e,afh,explanation,auto,from the Task D References line,e. Landing surface/condition
CA.IV.D.R2e,aim,guidance,auto,from the Task D References line,e. Landing surface/condition
CA.IV.D.R2e,phak,explanation,auto,from the Task D References line,e. Landing surface/condition
CA.IV.D.R2e,risk-management,explanation,auto,from the Task D References line,e. Landing surface/condition
CA.IV.D.R3,afh,explanation,auto,from the Task D References line,Planning for:
CA.IV.D.R3,aim,guidance,auto,from the Task D References line,Planning for:
CA.IV.D.R3,phak,explanation,auto,from the Task D References line,Planning for:
CA.IV.D.R3,risk-management,explanation,auto,from the Task D References line,Planning for:
CA.IV.D.R3a,afh,explanation,auto,from the Task D References line,a. Rejected landing and go-around
CA.IV.D.R3a,aim,guidance,auto,from the Task D References line,a. Rejected landing and go-around
CA.IV.D.R3a,phak,explanation,auto,from the Task D References line,a. Rejected landing and go-around
CA.IV.D.R3a,risk-management,explanation,auto,from the Task D References line,a. Rejected landing and go-around
CA.IV.D.R3b,afh,explanation,auto,from the Task D References line,b. Land and hold short operations (LAHSO)
CA.IV.D.R3b,aim,guidance,auto,from the Task D References line,b. Land and hold short operations (LAHSO)
CA.IV.D.R3b,phak,explanation,auto,from the Task D References line,b. Land and hold short operations (LAHSO)
CA.IV.D.R3b,risk-management,explanation,auto,from the Task D References line,b. Land and hold short operations (LAHSO)
CA.IV.D.R4,afh,explanation,auto,from the Task D References line,Collision hazards.
CA.IV.D.R4,aim,guidance,auto,from the Task D References line,Collision hazards.
CA.IV.D.R4,phak,explanation,auto,from the Task D References line,Collision hazards.
CA.IV.D.R4,risk-management,explanation,auto,from the Task D References line,Collision hazards.
CA.IV.D.R5,afh,explanation,auto,from the Task D References line,"Low altitude maneuvering, including stall, spin, or controlled flight into terrain (CFIT)."
CA.IV.D.R5,aim,guidance,auto,from the Task D References line,"Low altitude maneuvering, including stall, spin, or controlled flight into terrain (CFIT)."
CA.IV.D.R5,phak,explanation,auto,from the Task D References line,"Low altitude maneuvering, including stall, spin, or controlled flight into terrain (CFIT)."
CA.IV.D.R5,risk-management,explanation,auto,from the Task D References line,"Low altitude maneuvering, including stall, spin, or controlled flight into terrain (CFIT)."
CA.IV.D.R6,afh,explanation,auto,from the Task D References line,"Distractions, task prioritization, loss of situational awareness, or disorientation."
CA.IV.D.R6,aim,guidance,auto,from the Task D References line,"Distractions, task prioritization, loss of situational awareness, or disorientation."
CA.IV.D.R6,phak,explanation,auto,from the Task D References line,"Distractions, task prioritization, loss of situational awareness, or disorientation."
CA.IV.D.R6,risk-management,explanation,auto,from the Task D References line,"Distractions, task prioritization, loss of situational awareness, or disorientation."
CA.IV.D.S1,afh,explanation,auto,from the Task D References line,Complete the appropriate checklist(s).
CA.IV.D.S1,aim,guidance,auto,from the Task D References line,Complete the appropriate checklist(s).
CA.IV.D.S1,phak,explanation,auto,from the Task D References line,Complete the appropriate checklist(s).
CA.IV.D.S1,risk-management,explanation,auto,from the Task D References line,Complete the appropriate checklist(s).
CA.IV.D.S10,afh,explanation,auto,from the Task D References line,"Touch down at a proper pitch attitude with minimum sink rate, no side drift, and with the airplane’s longitudinal axis aligned with the center of the runway."
CA.IV.D.S10,aim,guidance,auto,from the Task D References line,"Touch down at a proper pitch attitude with minimum sink rate, no side drift, and with the airplane’s longitudinal axis aligned with the center of the runway."
CA.IV.D.S10,phak,explanation,auto,from the Task D References line,"Touch down at a proper pitch attitude with minimum sink rate, no side drift, and with the airplane’s longitudinal axis aligned with the center of the runway."
CA.IV.D.S10,risk-management,explanation,auto,from the Task D References line,"Touch down at a proper pitch attitude with minimum sink rate, no side drift, and with the airplane’s longitudinal axis aligned with the center of the runway."
CA.IV.D.S11,afh,explanation,auto,from the Task D References line,Maintain elevator as recommended by manufacturer during rollout and exit the “soft” area at a speed that would preclude sinking into the surface.
CA.IV.D.S11,aim,guidance,auto,from the Task D References line,Maintain elevator as recommended by manufacturer during rollout and exit the “soft” area at a speed that would preclude sinking into the surface.
CA.IV.D.S11,phak,explanation,auto,from the Task D References line,Maintain elevator as recommended by manufacturer during rollout and exit the “soft” area at a speed that would preclude sinking into the surface.
CA.IV.D.S11,risk-management,explanation,auto,from the Task D References line,Maintain elevator as recommended by manufacturer during rollout and exit the “soft” area at a speed that would preclude sinking into the surface.
CA.IV.D.S12,afh,explanation,auto,from the Task D References line,Execute a timely go-around if the approach cannot be made within the tolerances specified above or for any other condition that may result in an unsafe approach or landing.
CA.IV.D.S12,aim,guidance,auto,from the Task D References line,Execute a timely go-around if the approach cannot be made within the tolerances specified above or for any other condition that may result in an unsafe approach or landing.
CA.IV.D.S12,phak,explanation,auto,from the Task D References line,Execute a timely go-around if the approach cannot be made within the tolerances specified above or for any other condition that may result in an unsafe approach or landing.
CA.IV.D.S12,risk-management,explanation,auto,from the Task D References line,Execute a timely go-around if the approach cannot be made within the tolerances specified above or for any other condition that may result in an unsafe approach or landing.
CA.IV.D.S13,afh,explanation,auto,from the Task D References line,Maintain proper position of the flight controls and sufficient speed to taxi while on the soft surface.
CA.IV.D.S13,aim,guidance,auto,from the Task D References line,Maintain proper position of the flight controls and sufficient speed to taxi while on the soft surface.
CA.IV.D.S13,phak,explanation,auto,from the Task D References line,Maintain proper position of the flight controls and sufficient speed to taxi while on the soft surface.
CA.IV.D.S13,risk-management,explanation,auto,from the Task D References line,Maintain proper position of the flight controls and sufficient speed to taxi while on the soft surface.
CA.IV.D.S2,afh,explanation,auto,from the Task D References line,Make radio calls as appropriate.
CA.IV.D.S2,aim,guidance,auto,from the Task D References line,Make radio calls as appropriate.
CA.IV.D.S2,phak,explanation,auto,from the Task D References line,Make radio calls as appropriate.
CA.IV.D.S2,risk-management,explanation,auto,from the Task D References line,Make radio calls as appropriate.
CA.IV.D.S3,afh,explanation,auto,from the Task D References line,Ensure the airplane is aligned with the correct/assigned runway. 23
CA.IV.D.S3,aim,guidance,auto,from the Task D References line,Ensure the airplane is aligned with the correct/assigned runway. 23
CA.IV.D.S3,phak,explanation,auto,from the Task D References line,Ensure the airplane is aligned with the correct/assigned runway. 23
CA.IV.D.S3,risk-management,explanation,auto,from the Task D References line,Ensure the airplane is aligned with the correct/assigned runway. 23
CA.IV.D.S4,afh,explanation,auto,from the Task D References line,Scan the landing runway and adjoining area for traffic and obstructions.
CA.IV.D.S4,aim,guidance,auto,from the Task D References line,Scan the landing runway and adjoining area for traffic and obstructions.
CA.IV.D.S4,phak,explanation,auto,from the Task D References line,Scan the landing runway and adjoining area for traffic and obstructions.
CA.IV.D.S4,risk-management,explanation,auto,from the Task D References line,Scan the landing runway and adjoining area for traffic and obstructions.
CA.IV.D.S5,afh,explanation,auto,from the Task D References line,"Select and aim for a suitable touchdown point considering the wind conditions, landing surface, and obstructions."
CA.IV.D.S5,aim,guidance,auto,from the Task D References line,"Select and aim for a suitable touchdown point considering the wind conditions, landing surface, and obstructions."
CA.IV.D.S5,phak,explanation,auto,from the Task D References line,"Select and aim for a suitable touchdown point considering the wind conditions, landing surface, and obstructions."
CA.IV.D.S5,risk-management,explanation,auto,from the Task D References line,"Select and aim for a suitable touchdown point considering the wind conditions, landing surface, and obstructions."
CA.IV.D.S6,afh,explanation,auto,from the Task D References line,"Establish the recommended approach and landing configuration, airspeed, and trim, and adjust pitch attitude and power as required to maintain a stabilized approach."
CA.IV.D.S6,aim,guidance,auto,from the Task D References line,"Establish the recommended approach and landing configuration, airspeed, and trim, and adjust pitch attitude and power as required to maintain a stabilized approach."
CA.IV.D.S6,phak,explanation,auto,from the Task D References line,"Establish the recommended approach and landing configuration, airspeed, and trim, and adjust pitch attitude and power as required to maintain a stabilized approach."
CA.IV.D.S6,risk-management,explanation,auto,from the Task D References line,"Establish the recommended approach and landing configuration, airspeed, and trim, and adjust pitch attitude and power as required to maintain a stabilized approach."
CA.IV.D.S7,afh,explanation,auto,from the Task D References line,"Maintain manufacturer’s published approach airspeed or in its absence not more than 1.3 times the stalling speed or the minimum steady flight speed in the landing configuration (VSO), ±5 knots with gust factor applied."
CA.IV.D.S7,aim,guidance,auto,from the Task D References line,"Maintain manufacturer’s published approach airspeed or in its absence not more than 1.3 times the stalling speed or the minimum steady flight speed in the landing configuration (VSO), ±5 knots with gust factor applied."
CA.IV.D.S7,phak,explanation,auto,from the Task D References line,"Maintain manufacturer’s published approach airspeed or in its absence not more than 1.3 times the stalling speed or the minimum steady flight speed in the landing configuration (VSO), ±5 knots with gust factor applied."
CA.IV.D.S7,risk-management,explanation,auto,from the Task D References line,"Maintain manufacturer’s published approach airspeed or in its absence not more than 1.3 times the stalling speed or the minimum steady flight speed in the landing configuration (VSO), ±5 knots with gust factor applied."
CA.IV.D.S8,afh,explanation,auto,from the Task D References line,Maintain directional control and appropriate crosswind correction throughout the approach and landing.
CA.IV.D.S8,aim,guidance,auto,from the Task D References line,Maintain directional control and appropriate crosswind correction throughout the approach and landing.
CA.IV.D.S8,phak,explanation,auto,from the Task D References line,Maintain directional control and appropriate crosswind correction throughout the approach and landing.
CA.IV.D.S8,risk-management,explanation,auto,from the Task D References line,Maintain directional control and appropriate crosswind correction throughout the approach and landing.
CA.IV.D.S9,afh,explanation,auto,from the Task D References line,"Make smooth, timely, and correct control inputs during the round out and touchdown, and, for tricycle gear airplanes, keep the nose wheel off the surface until loss of elevator effectiveness."
CA.IV.D.S9,aim,guidance,auto,from the Task D References line,"Make smooth, timely, and correct control inputs during the round out and touchdown, and, for tricycle gear airplanes, keep the nose wheel off the surface until loss of elevator effectiveness."
CA.IV.D.S9,phak,explanation,auto,from the Task D References line,"Make smooth, timely, and correct control inputs during the round out and touchdown, and, for tricycle gear airplanes, keep the nose wheel off the surface until loss of elevator effectiveness."
CA.IV.D.S9,risk-management,explanation,auto,from the Task D References line,"Make smooth, timely, and correct control inputs during the round out and touchdown, and, for tricycle gear airplanes, keep the nose wheel off the surface until loss of elevator effectiveness."
CA.IV.E.K1,afh,explanation,auto,from the Task E References line,"Effects of atmospheric conditions, including wind, on takeoff and climb performance."
CA.IV.E.K1,aim,guidance,auto,from the Task E References line,"Effects of atmospheric conditions, including wind, on takeoff and climb performance."
CA.IV.E.K1,phak,explanation,auto,from the Task E References line,"Effects of atmospheric conditions, including wind, on takeoff and climb performance."
CA.IV.E.K1,risk-management,explanation,auto,from the Task E References line,"Effects of atmospheric conditions, including wind, on takeoff and climb performance."
CA.IV.E.K2,afh,explanation,auto,from the Task E References line,Best angle of climb speed (VX) and best rate of climb speed (VY).
CA.IV.E.K2,aim,guidance,auto,from the Task E References line,Best angle of climb speed (VX) and best rate of climb speed (VY).
CA.IV.E.K2,phak,explanation,auto,from the Task E References line,Best angle of climb speed (VX) and best rate of climb speed (VY).
CA.IV.E.K2,risk-management,explanation,auto,from the Task E References line,Best angle of climb speed (VX) and best rate of climb speed (VY).
CA.IV.E.K3,afh,explanation,auto,from the Task E References line,Appropriate airplane configuration.
CA.IV.E.K3,aim,guidance,auto,from the Task E References line,Appropriate airplane configuration.
CA.IV.E.K3,phak,explanation,auto,from the Task E References line,Appropriate airplane configuration.
CA.IV.E.K3,risk-management,explanation,auto,from the Task E References line,Appropriate airplane configuration.
CA.IV.E.R1,afh,explanation,auto,from the Task E References line,"Selection of runway based on pilot capability, airplane performance and limitations, available distance, and wind."
CA.IV.E.R1,aim,guidance,auto,from the Task E References line,"Selection of runway based on pilot capability, airplane performance and limitations, available distance, and wind."
CA.IV.E.R1,phak,explanation,auto,from the Task E References line,"Selection of runway based on pilot capability, airplane performance and limitations, available distance, and wind."
CA.IV.E.R1,risk-management,explanation,auto,from the Task E References line,"Selection of runway based on pilot capability, airplane performance and limitations, available distance, and wind."
CA.IV.E.R2,afh,explanation,auto,from the Task E References line,Effects of:
CA.IV.E.R2,aim,guidance,auto,from the Task E References line,Effects of:
CA.IV.E.R2,phak,explanation,auto,from the Task E References line,Effects of:
CA.IV.E.R2,risk-management,explanation,auto,from the Task E References line,Effects of:
CA.IV.E.R2a,afh,explanation,auto,from the Task E References line,a. Crosswind
CA.IV.E.R2a,aim,guidance,auto,from the Task E References line,a. Crosswind
CA.IV.E.R2a,phak,explanation,auto,from the Task E References line,a. Crosswind
CA.IV.E.R2a,risk-management,explanation,auto,from the Task E References line,a. Crosswind
CA.IV.E.R2b,afh,explanation,auto,from the Task E References line,b. Windshear
CA.IV.E.R2b,aim,guidance,auto,from the Task E References line,b. Windshear
CA.IV.E.R2b,phak,explanation,auto,from the Task E References line,b. Windshear
CA.IV.E.R2b,risk-management,explanation,auto,from the Task E References line,b. Windshear
CA.IV.E.R2c,afh,explanation,auto,from the Task E References line,c. Tailwind
CA.IV.E.R2c,aim,guidance,auto,from the Task E References line,c. Tailwind
CA.IV.E.R2c,phak,explanation,auto,from the Task E References line,c. Tailwind
CA.IV.E.R2c,risk-management,explanation,auto,from the Task E References line,c. Tailwind
CA.IV.E.R2d,afh,explanation,auto,from the Task E References line,d. Wake turbulence
CA.IV.E.R2d,aim,guidance,auto,from the Task E References line,d. Wake turbulence
CA.IV.E.R2d,phak,explanation,auto,from the Task E References line,d. Wake turbulence
CA.IV.E.R2d,risk-management,explanation,auto,from the Task E References line,d. Wake turbulence
CA.IV.E.R2e,afh,explanation,auto,from the Task E References line,e. Takeoff surface/condition 24
CA.IV.E.R2e,aim,guidance,auto,from the Task E References line,e. Takeoff surface/condition 24
CA.IV.E.R2e,phak,explanation,auto,from the Task E References line,e. Takeoff surface/condition 24
CA.IV.E.R2e,risk-management,explanation,auto,from the Task E References line,e. Takeoff surface/condition 24
CA.IV.E.R3,afh,explanation,auto,from the Task E References line,"Abnormal operations, including planning for:"
CA.IV.E.R3,aim,guidance,auto,from the Task E References line,"Abnormal operations, including planning for:"
CA.IV.E.R3,phak,explanation,auto,from the Task E References line,"Abnormal operations, including planning for:"
CA.IV.E.R3,risk-management,explanation,auto,from the Task E References line,"Abnormal operations, including planning for:"
CA.IV.E.R3a,afh,explanation,auto,from the Task E References line,a. Rejected takeoff
CA.IV.E.R3a,aim,guidance,auto,from the Task E References line,a. Rejected takeoff
CA.IV.E.R3a,phak,explanation,auto,from the Task E References line,a. Rejected takeoff
CA.IV.E.R3a,risk-management,explanation,auto,from the Task E References line,a. Rejected takeoff
CA.IV.E.R3b,afh,explanation,auto,from the Task E References line,b. Potential engine failure in takeoff/climb phase of flight
CA.IV.E.R3b,aim,guidance,auto,from the Task E References line,b. Potential engine failure in takeoff/climb phase of flight
CA.IV.E.R3b,phak,explanation,auto,from the Task E References line,b. Potential engine failure in takeoff/climb phase of flight
CA.IV.E.R3b,risk-management,explanation,auto,from the Task E References line,b. Potential engine failure in takeoff/climb phase of flight
CA.IV.E.R4,afh,explanation,auto,from the Task E References line,Collision hazards.
CA.IV.E.R4,aim,guidance,auto,from the Task E References line,Collision hazards.
CA.IV.E.R4,phak,explanation,auto,from the Task E References line,Collision hazards.
CA.IV.E.R4,risk-management,explanation,auto,from the Task E References line,Collision hazards.
CA.IV.E.R5,afh,explanation,auto,from the Task E References line,"Low altitude maneuvering, including stall, spin, or controlled flight into terrain (CFIT)."
CA.IV.E.R5,aim,guidance,auto,from the Task E References line,"Low altitude maneuvering, including stall, spin, or controlled flight into terrain (CFIT)."
CA.IV.E.R5,phak,explanation,auto,from the Task E References line,"Low altitude maneuvering, including stall, spin, or controlled flight into terrain (CFIT)."
CA.IV.E.R5,risk-management,explanation,auto,from the Task E References line,"Low altitude maneuvering, including stall, spin, or controlled flight into terrain (CFIT)."
CA.IV.E.R6,afh,explanation,auto,from the Task E References line,"Distractions, task prioritization, loss of situational awareness, or disorientation."
CA.IV.E.R6,aim,guidance,auto,from the Task E References line,"Distractions, task prioritization, loss of situational awareness, or disorientation."
CA.IV.E.R6,phak,explanation,auto,from the Task E References line,"Distractions, task prioritization, loss of situational awareness, or disorientation."
CA.IV.E.R6,risk-management,explanation,auto,from the Task E References line,"Distractions, task prioritization, loss of situational awareness, or disorientation."
CA.IV.E.S1,afh,explanation,auto,from the Task E References line,Complete the appropriate checklist(s).
CA.IV.E.S1,aim,guidance,auto,from the Task E References line,Complete the appropriate checklist(s).
CA.IV.E.S1,phak,explanation,auto,from the Task E References line,Complete the appropriate checklist(s).
CA.IV.E.S1,risk-management,explanation,auto,from the Task E References line,Complete the appropriate checklist(s).
CA.IV.E.S10,afh,explanation,auto,from the Task E References line,"Establish a pitch attitude to maintain the recommended obstacle clearance airspeed or VX, ±5 knots until the obstacle is cleared or until the airplane is 50 feet above the surface."
CA.IV.E.S10,aim,guidance,auto,from the Task E References line,"Establish a pitch attitude to maintain the recommended obstacle clearance airspeed or VX, ±5 knots until the obstacle is cleared or until the airplane is 50 feet above the surface."
CA.IV.E.S10,phak,explanation,auto,from the Task E References line,"Establish a pitch attitude to maintain the recommended obstacle clearance airspeed or VX, ±5 knots until the obstacle is cleared or until the airplane is 50 feet above the surface."
CA.IV.E.S10,risk-management,explanation,auto,from the Task E References line,"Establish a pitch attitude to maintain the recommended obstacle clearance airspeed or VX, ±5 knots until the obstacle is cleared or until the airplane is 50 feet above the surface."
CA.IV.E.S11,afh,explanation,auto,from the Task E References line,Establish a pitch attitude for VY and accelerate to VY ±5 knots after clearing the obstacle or at 50 feet above ground level (AGL) if simulating an obstacle.
CA.IV.E.S11,aim,guidance,auto,from the Task E References line,Establish a pitch attitude for VY and accelerate to VY ±5 knots after clearing the obstacle or at 50 feet above ground level (AGL) if simulating an obstacle.
CA.IV.E.S11,phak,explanation,auto,from the Task E References line,Establish a pitch attitude for VY and accelerate to VY ±5 knots after clearing the obstacle or at 50 feet above ground level (AGL) if simulating an obstacle.
CA.IV.E.S11,risk-management,explanation,auto,from the Task E References line,Establish a pitch attitude for VY and accelerate to VY ±5 knots after clearing the obstacle or at 50 feet above ground level (AGL) if simulating an obstacle.
CA.IV.E.S12,afh,explanation,auto,from the Task E References line,Configure the airplane in accordance with the manufacturer’s guidance after a positive rate of climb has been verified.
CA.IV.E.S12,aim,guidance,auto,from the Task E References line,Configure the airplane in accordance with the manufacturer’s guidance after a positive rate of climb has been verified.
CA.IV.E.S12,phak,explanation,auto,from the Task E References line,Configure the airplane in accordance with the manufacturer’s guidance after a positive rate of climb has been verified.
CA.IV.E.S12,risk-management,explanation,auto,from the Task E References line,Configure the airplane in accordance with the manufacturer’s guidance after a positive rate of climb has been verified.
CA.IV.E.S13,afh,explanation,auto,from the Task E References line,Maintain VY ±5 knots to a safe maneuvering altitude.
CA.IV.E.S13,aim,guidance,auto,from the Task E References line,Maintain VY ±5 knots to a safe maneuvering altitude.
CA.IV.E.S13,phak,explanation,auto,from the Task E References line,Maintain VY ±5 knots to a safe maneuvering altitude.
CA.IV.E.S13,risk-management,explanation,auto,from the Task E References line,Maintain VY ±5 knots to a safe maneuvering altitude.
CA.IV.E.S14,afh,explanation,auto,from the Task E References line,Maintain directional control and proper wind-drift correction throughout takeoff and climb.
CA.IV.E.S14,aim,guidance,auto,from the Task E References line,Maintain directional control and proper wind-drift correction throughout takeoff and climb.
CA.IV.E.S14,phak,explanation,auto,from the Task E References line,Maintain directional control and proper wind-drift correction throughout takeoff and climb.
CA.IV.E.S14,risk-management,explanation,auto,from the Task E References line,Maintain directional control and proper wind-drift correction throughout takeoff and climb.
CA.IV.E.S15,afh,explanation,auto,from the Task E References line,"Comply with noise abatement procedures, as applicable."
CA.IV.E.S15,aim,guidance,auto,from the Task E References line,"Comply with noise abatement procedures, as applicable."
CA.IV.E.S15,phak,explanation,auto,from the Task E References line,"Comply with noise abatement procedures, as applicable."
CA.IV.E.S15,risk-management,explanation,auto,from the Task E References line,"Comply with noise abatement procedures, as applicable."
CA.IV.E.S2,afh,explanation,auto,from the Task E References line,Make radio calls as appropriate.
CA.IV.E.S2,aim,guidance,auto,from the Task E References line,Make radio calls as appropriate.
CA.IV.E.S2,phak,explanation,auto,from the Task E References line,Make radio calls as appropriate.
CA.IV.E.S2,risk-management,explanation,auto,from the Task E References line,Make radio calls as appropriate.
CA.IV.E.S3,afh,explanation,auto,from the Task E References line,Verify assigned/correct runway.
CA.IV.E.S3,aim,guidance,auto,from the Task E References line,Verify assigned/correct runway.
CA.IV.E.S3,phak,explanation,auto,from the Task E References line,Verify assigned/correct runway.
CA.IV.E.S3,risk-management,explanation,auto,from the Task E References line,Verify assigned/correct runway.
CA.IV.E.S4,afh,explanation,auto,from the Task E References line,Determine wind direction with or without visible wind direction indicators.
CA.IV.E.S4,aim,guidance,auto,from the Task E References line,Determine wind direction with or without visible wind direction indicators.
CA.IV.E.S4,phak,explanation,auto,from the Task E References line,Determine wind direction with or without visible wind direction indicators.
CA.IV.E.S4,risk-management,explanation,auto,from the Task E References line,Determine wind direction with or without visible wind direction indicators.
CA.IV.E.S5,afh,explanation,auto,from the Task E References line,"Position the flight controls for the existing wind, if applicable."
CA.IV.E.S5,aim,guidance,auto,from the Task E References line,"Position the flight controls for the existing wind, if applicable."
CA.IV.E.S5,phak,explanation,auto,from the Task E References line,"Position the flight controls for the existing wind, if applicable."
CA.IV.E.S5,risk-management,explanation,auto,from the Task E References line,"Position the flight controls for the existing wind, if applicable."
CA.IV.E.S6,afh,explanation,auto,from the Task E References line,"Clear the area, taxi into takeoff position, and align the airplane on the runway centerline utilizing maximum available takeoff area."
CA.IV.E.S6,aim,guidance,auto,from the Task E References line,"Clear the area, taxi into takeoff position, and align the airplane on the runway centerline utilizing maximum available takeoff area."
CA.IV.E.S6,phak,explanation,auto,from the Task E References line,"Clear the area, taxi into takeoff position, and align the airplane on the runway centerline utilizing maximum available takeoff area."
CA.IV.E.S6,risk-management,explanation,auto,from the Task E References line,"Clear the area, taxi into takeoff position, and align the airplane on the runway centerline utilizing maximum available takeoff area."
CA.IV.E.S7,afh,explanation,auto,from the Task E References line,Apply brakes while setting engine power to achieve maximum performance.
CA.IV.E.S7,aim,guidance,auto,from the Task E References line,Apply brakes while setting engine power to achieve maximum performance.
CA.IV.E.S7,phak,explanation,auto,from the Task E References line,Apply brakes while setting engine power to achieve maximum performance.
CA.IV.E.S7,risk-management,explanation,auto,from the Task E References line,Apply brakes while setting engine power to achieve maximum performance.
CA.IV.E.S8,afh,explanation,auto,from the Task E References line,Confirm takeoff power prior to brake release and verify proper engine and flight instrument indications prior to rotation.
CA.IV.E.S8,aim,guidance,auto,from the Task E References line,Confirm takeoff power prior to brake release and verify proper engine and flight instrument indications prior to rotation.
CA.IV.E.S8,phak,explanation,auto,from the Task E References line,Confirm takeoff power prior to brake release and verify proper engine and flight instrument indications prior to rotation.
CA.IV.E.S8,risk-management,explanation,auto,from the Task E References line,Confirm takeoff power prior to brake release and verify proper engine and flight instrument indications prior to rotation.
CA.IV.E.S9,afh,explanation,auto,from the Task E References line,"Rotate and lift off at the recommended airspeed and accelerate to the recommended obstacle clearance airspeed or VX, ±5 knots."
CA.IV.E.S9,aim,guidance,auto,from the Task E References line,"Rotate and lift off at the recommended airspeed and accelerate to the recommended obstacle clearance airspeed or VX, ±5 knots."
CA.IV.E.S9,phak,explanation,auto,from the Task E References line,"Rotate and lift off at the recommended airspeed and accelerate to the recommended obstacle clearance airspeed or VX, ±5 knots."
CA.IV.E.S9,risk-management,explanation,auto,from the Task E References line,"Rotate and lift off at the recommended airspeed and accelerate to the recommended obstacle clearance airspeed or VX, ±5 knots."
CA.IV.F.K1,afh,explanation,auto,from the Task F References line,"A stabilized approach, including energy management concepts. 25"
CA.IV.F.K1,aim,guidance,auto,from the Task F References line,"A stabilized approach, including energy management concepts. 25"
CA.IV.F.K1,phak,explanation,auto,from the Task F References line,"A stabilized approach, including energy management concepts. 25"
CA.IV.F.K1,risk-management,explanation,auto,from the Task F References line,"A stabilized approach, including energy management concepts. 25"
CA.IV.F.K2,afh,explanation,auto,from the Task F References line,"Effects of atmospheric conditions, including wind, on approach and landing performance."
CA.IV.F.K2,aim,guidance,auto,from the Task F References line,"Effects of atmospheric conditions, including wind, on approach and landing performance."
CA.IV.F.K2,phak,explanation,auto,from the Task F References line,"Effects of atmospheric conditions, including wind, on approach and landing performance."
CA.IV.F.K2,risk-management,explanation,auto,from the Task F References line,"Effects of atmospheric conditions, including wind, on approach and landing performance."
CA.IV.F.K3,afh,explanation,auto,from the Task F References line,Wind correction techniques on approach and landing.
CA.IV.F.K3,aim,guidance,auto,from the Task F References line,Wind correction techniques on approach and landing.
CA.IV.F.K3,phak,explanation,auto,from the Task F References line,Wind correction techniques on approach and landing.
CA.IV.F.K3,risk-management,explanation,auto,from the Task F References line,Wind correction techniques on approach and landing.
CA.IV.F.R1,afh,explanation,auto,from the Task F References line,"Selection of runway based on pilot capability, airplane performance and limitations, available distance, and wind."
CA.IV.F.R1,aim,guidance,auto,from the Task F References line,"Selection of runway based on pilot capability, airplane performance and limitations, available distance, and wind."
CA.IV.F.R1,phak,explanation,auto,from the Task F References line,"Selection of runway based on pilot capability, airplane performance and limitations, available distance, and wind."
CA.IV.F.R1,risk-management,explanation,auto,from the Task F References line,"Selection of runway based on pilot capability, airplane performance and limitations, available distance, and wind."
CA.IV.F.R2,afh,explanation,auto,from the Task F References line,Effects of:
CA.IV.F.R2,aim,guidance,auto,from the Task F References line,Effects of:
CA.IV.F.R2,phak,explanation,auto,from the Task F References line,Effects of:
CA.IV.F.R2,risk-management,explanation,auto,from the Task F References line,Effects of:
CA.IV.F.R2a,afh,explanation,auto,from the Task F References line,a. Crosswind
CA.IV.F.R2a,aim,guidance,auto,from the Task F References line,a. Crosswind
CA.IV.F.R2a,phak,explanation,auto,from the Task F References line,a. Crosswind
CA.IV.F.R2a,risk-management,explanation,auto,from the Task F References line,a. Crosswind
CA.IV.F.R2b,afh,explanation,auto,from the Task F References line,b. Windshear
CA.IV.F.R2b,aim,guidance,auto,from the Task F References line,b. Windshear
CA.IV.F.R2b,phak,explanation,auto,from the Task F References line,b. Windshear
CA.IV.F.R2b,risk-management,explanation,auto,from the Task F References line,b. Windshear
CA.IV.F.R2c,afh,explanation,auto,from the Task F References line,c. Tailwind
CA.IV.F.R2c,aim,guidance,auto,from the Task F References line,c. Tailwind
CA.IV.F.R2c,phak,explanation,auto,from the Task F References line,c. Tailwind
CA.IV.F.R2c,risk-management,explanation,auto,from the Task F References line,c. Tailwind
CA.IV.F.R2d,afh,explanation,auto,from the Task F References line,d. Wake turbulence
CA.IV.F.R2d,aim,guidance,auto,from the Task F References line,d. Wake turbulence
CA.IV.F.R2d,phak,explanation,auto,from the Task F References line,d. Wake turbulence
CA.IV.F.R2d,risk-management,explanation,auto,from the Task F References line,d. Wake turbulence
CA.IV.F.R2e,afh,explanation,auto,from the Task F References line,e. Landing surface/condition
CA.IV.F.R2e,aim,guidance,auto,from the Task F References line,e. Landing surface/condition
CA.IV.F.R2e,phak,explanation,auto,from the Task F References line,e. Landing surface/condition
CA.IV.F.R2e,risk-management,explanation,auto,from the Task F References line,e. Landing surface/condition
CA.IV.F.R3,afh,explanation,auto,from the Task F References line,Planning for:
CA.IV.F.R3,aim,guidance,auto,from the Task F References line,Planning for:
CA.IV.F.R3,phak,explanation,auto,from the Task F References line,Planning for:
CA.IV.F.R3,risk-management,explanation,auto,from the Task F References line,Planning for:
CA.IV.F.R3a,afh,explanation,auto,from the Task F References line,a. Rejected landing and go-around
CA.IV.F.R3a,aim,guidance,auto,from the Task F References line,a. Rejected landing and go-around
CA.IV.F.R3a,phak,explanation,auto,from the Task F References line,a. Rejected landing and go-around
CA.IV.F.R3a,risk-management,explanation,auto,from the Task F References line,a. Rejected landing and go-around
CA.IV.F.R3b,afh,explanation,auto,from the Task F References line,b. Land and hold short operations (LAHSO)
CA.IV.F.R3b,aim,guidance,auto,from the Task F References line,b. Land and hold short operations (LAHSO)
CA.IV.F.R3b,phak,explanation,auto,from the Task F References line,b. Land and hold short operations (LAHSO)
CA.IV.F.R3b,risk-management,explanation,auto,from the Task F References line,b. Land and hold short operations (LAHSO)
CA.IV.F.R4,afh,explanation,auto,from the Task F References line,Collision hazards.
CA.IV.F.R4,aim,guidance,auto,from the Task F References line,Collision hazards.
CA.IV.F.R4,phak,explanation,auto,from the Task F References line,Collision hazards.
CA.IV.F.R4,risk-management,explanation,auto,from the Task F References line,Collision hazards.
CA.IV.F.R5,afh,explanation,auto,from the Task F References line,"Low altitude maneuvering, including stall, spin, or controlled flight into terrain (CFIT)."
CA.IV.F.R5,aim,guidance,auto,from the Task F References line,"Low altitude maneuvering, including stall, spin, or controlled flight into terrain (CFIT)."
CA.IV.F.R5,phak,explanation,auto,from the Task F References line,"Low altitude maneuvering, including stall, spin, or controlled flight into terrain (CFIT)."
CA.IV.F.R5,risk-management,explanation,auto,from the Task F References line,"Low altitude maneuvering, including stall, spin, or controlled flight into terrain (CFIT)."
CA.IV.F.R6,afh,explanation,auto,from the Task F References line,"Distractions, task prioritization, loss of situational awareness, or disorientation."
CA.IV.F.R6,aim,guidance,auto,from the Task F References line,"Distractions, task prioritization, loss of situational awareness, or disorientation."
CA.IV.F.R6,phak,explanation,auto,from the Task F References line,"Distractions, task prioritization, loss of situational awareness, or disorientation."
CA.IV.F.R6,risk-management,explanation,auto,from the Task F References line,"Distractions, task prioritization, loss of situational awareness, or disorientation."
CA.IV.F.S1,afh,explanation,auto,from the Task F References line,Complete the appropriate checklist(s).
CA.IV.F.S1,aim,guidance,auto,from the Task F References line,Complete the appropriate checklist(s).
CA.IV.F.S1,phak,explanation,auto,from the Task F References line,Complete the appropriate checklist(s).
CA.IV.F.S1,risk-management,explanation,auto,from the Task F References line,Complete the appropriate checklist(s).
CA.IV.F.S10,afh,explanation,auto,from the Task F References line,"Touch down at a proper pitch attitude within 100 feet beyond or on the specified point, threshold markings, or runway numbers, with no side drift, minimum float, and with the airplane’s longitudinal axis aligned with and over the runway centerline. 26"
CA.IV.F.S10,aim,guidance,auto,from the Task F References line,"Touch down at a proper pitch attitude within 100 feet beyond or on the specified point, threshold markings, or runway numbers, with no side drift, minimum float, and with the airplane’s longitudinal axis aligned with and over the runway centerline. 26"
CA.IV.F.S10,phak,explanation,auto,from the Task F References line,"Touch down at a proper pitch attitude within 100 feet beyond or on the specified point, threshold markings, or runway numbers, with no side drift, minimum float, and with the airplane’s longitudinal axis aligned with and over the runway centerline. 26"
CA.IV.F.S10,risk-management,explanation,auto,from the Task F References line,"Touch down at a proper pitch attitude within 100 feet beyond or on the specified point, threshold markings, or runway numbers, with no side drift, minimum float, and with the airplane’s longitudinal axis aligned with and over the runway centerline. 26"
CA.IV.F.S11,afh,explanation,auto,from the Task F References line,Use manufacturer’s recommended procedures for airplane configuration and braking.
CA.IV.F.S11,aim,guidance,auto,from the Task F References line,Use manufacturer’s recommended procedures for airplane configuration and braking.
CA.IV.F.S11,phak,explanation,auto,from the Task F References line,Use manufacturer’s recommended procedures for airplane configuration and braking.
CA.IV.F.S11,risk-management,explanation,auto,from the Task F References line,Use manufacturer’s recommended procedures for airplane configuration and braking.
CA.IV.F.S12,afh,explanation,auto,from the Task F References line,Execute a timely go-around if the approach cannot be made within the tolerances specified above or for any other condition that may result in an unsafe approach or landing.
CA.IV.F.S12,aim,guidance,auto,from the Task F References line,Execute a timely go-around if the approach cannot be made within the tolerances specified above or for any other condition that may result in an unsafe approach or landing.
CA.IV.F.S12,phak,explanation,auto,from the Task F References line,Execute a timely go-around if the approach cannot be made within the tolerances specified above or for any other condition that may result in an unsafe approach or landing.
CA.IV.F.S12,risk-management,explanation,auto,from the Task F References line,Execute a timely go-around if the approach cannot be made within the tolerances specified above or for any other condition that may result in an unsafe approach or landing.
CA.IV.F.S13,afh,explanation,auto,from the Task F References line,"Use runway incursion avoidance procedures, if applicable."
CA.IV.F.S13,aim,guidance,auto,from the Task F References line,"Use runway incursion avoidance procedures, if applicable."
CA.IV.F.S13,phak,explanation,auto,from the Task F References line,"Use runway incursion avoidance procedures, if applicable."
CA.IV.F.S13,risk-management,explanation,auto,from the Task F References line,"Use runway incursion avoidance procedures, if applicable."
CA.IV.F.S2,afh,explanation,auto,from the Task F References line,Make radio calls as appropriate.
CA.IV.F.S2,aim,guidance,auto,from the Task F References line,Make radio calls as appropriate.
CA.IV.F.S2,phak,explanation,auto,from the Task F References line,Make radio calls as appropriate.
CA.IV.F.S2,risk-management,explanation,auto,from the Task F References line,Make radio calls as appropriate.
CA.IV.F.S3,afh,explanation,auto,from the Task F References line,Ensure the airplane is aligned with the correct/assigned runway.
CA.IV.F.S3,aim,guidance,auto,from the Task F References line,Ensure the airplane is aligned with the correct/assigned runway.
CA.IV.F.S3,phak,explanation,auto,from the Task F References line,Ensure the airplane is aligned with the correct/assigned runway.
CA.IV.F.S3,risk-management,explanation,auto,from the Task F References line,Ensure the airplane is aligned with the correct/assigned runway.
CA.IV.F.S4,afh,explanation,auto,from the Task F References line,Scan the landing runway and adjoining area for traffic and obstructions.
CA.IV.F.S4,aim,guidance,auto,from the Task F References line,Scan the landing runway and adjoining area for traffic and obstructions.
CA.IV.F.S4,phak,explanation,auto,from the Task F References line,Scan the landing runway and adjoining area for traffic and obstructions.
CA.IV.F.S4,risk-management,explanation,auto,from the Task F References line,Scan the landing runway and adjoining area for traffic and obstructions.
CA.IV.F.S5,afh,explanation,auto,from the Task F References line,"Select and aim for a suitable touchdown point considering the wind conditions, landing surface, and obstructions."
CA.IV.F.S5,aim,guidance,auto,from the Task F References line,"Select and aim for a suitable touchdown point considering the wind conditions, landing surface, and obstructions."
CA.IV.F.S5,phak,explanation,auto,from the Task F References line,"Select and aim for a suitable touchdown point considering the wind conditions, landing surface, and obstructions."
CA.IV.F.S5,risk-management,explanation,auto,from the Task F References line,"Select and aim for a suitable touchdown point considering the wind conditions, landing surface, and obstructions."
CA.IV.F.S6,afh,explanation,auto,from the Task F References line,"Establish the recommended approach and landing configuration, airspeed, and trim, and adjust pitch attitude and power as required to maintain a stabilized approach."
CA.IV.F.S6,aim,guidance,auto,from the Task F References line,"Establish the recommended approach and landing configuration, airspeed, and trim, and adjust pitch attitude and power as required to maintain a stabilized approach."
CA.IV.F.S6,phak,explanation,auto,from the Task F References line,"Establish the recommended approach and landing configuration, airspeed, and trim, and adjust pitch attitude and power as required to maintain a stabilized approach."
CA.IV.F.S6,risk-management,explanation,auto,from the Task F References line,"Establish the recommended approach and landing configuration, airspeed, and trim, and adjust pitch attitude and power as required to maintain a stabilized approach."
CA.IV.F.S7,afh,explanation,auto,from the Task F References line,"Maintain manufacturer’s published approach airspeed or in its absence not more than 1.3 times the stalling speed or the minimum steady flight speed in the landing configuration (VSO), ±5 knots with gust factor applied."
CA.IV.F.S7,aim,guidance,auto,from the Task F References line,"Maintain manufacturer’s published approach airspeed or in its absence not more than 1.3 times the stalling speed or the minimum steady flight speed in the landing configuration (VSO), ±5 knots with gust factor applied."
CA.IV.F.S7,phak,explanation,auto,from the Task F References line,"Maintain manufacturer’s published approach airspeed or in its absence not more than 1.3 times the stalling speed or the minimum steady flight speed in the landing configuration (VSO), ±5 knots with gust factor applied."
CA.IV.F.S7,risk-management,explanation,auto,from the Task F References line,"Maintain manufacturer’s published approach airspeed or in its absence not more than 1.3 times the stalling speed or the minimum steady flight speed in the landing configuration (VSO), ±5 knots with gust factor applied."
CA.IV.F.S8,afh,explanation,auto,from the Task F References line,Maintain directional control and appropriate crosswind correction throughout the approach and landing.
CA.IV.F.S8,aim,guidance,auto,from the Task F References line,Maintain directional control and appropriate crosswind correction throughout the approach and landing.
CA.IV.F.S8,phak,explanation,auto,from the Task F References line,Maintain directional control and appropriate crosswind correction throughout the approach and landing.
CA.IV.F.S8,risk-management,explanation,auto,from the Task F References line,Maintain directional control and appropriate crosswind correction throughout the approach and landing.
CA.IV.F.S9,afh,explanation,auto,from the Task F References line,"Make smooth, timely, and correct control application before, during, and after touchdown."
CA.IV.F.S9,aim,guidance,auto,from the Task F References line,"Make smooth, timely, and correct control application before, during, and after touchdown."
CA.IV.F.S9,phak,explanation,auto,from the Task F References line,"Make smooth, timely, and correct control application before, during, and after touchdown."
CA.IV.F.S9,risk-management,explanation,auto,from the Task F References line,"Make smooth, timely, and correct control application before, during, and after touchdown."
CA.IV.G.K1,afh,explanation,auto,from the Task G References line,"Effects of atmospheric conditions, including wind, on takeoff and climb performance."
CA.IV.G.K1,aim,guidance,auto,from the Task G References line,"Effects of atmospheric conditions, including wind, on takeoff and climb performance."
CA.IV.G.K1,phak,explanation,auto,from the Task G References line,"Effects of atmospheric conditions, including wind, on takeoff and climb performance."
CA.IV.G.K1,risk-management,explanation,auto,from the Task G References line,"Effects of atmospheric conditions, including wind, on takeoff and climb performance."
CA.IV.G.K1,seaplane,explanation,auto,from the Task G References line,"Effects of atmospheric conditions, including wind, on takeoff and climb performance."
CA.IV.G.K2,afh,explanation,auto,from the Task G References line,Best angle of climb speed (VX) and best rate of climb speed (VY).
CA.IV.G.K2,aim,guidance,auto,from the Task G References line,Best angle of climb speed (VX) and best rate of climb speed (VY).
CA.IV.G.K2,phak,explanation,auto,from the Task G References line,Best angle of climb speed (VX) and best rate of climb speed (VY).
CA.IV.G.K2,risk-management,explanation,auto,from the Task G References line,Best angle of climb speed (VX) and best rate of climb speed (VY).
CA.IV.G.K2,seaplane,explanation,auto,from the Task G References line,Best angle of climb speed (VX) and best rate of climb speed (VY).
CA.IV.G.K3,afh,explanation,auto,from the Task G References line,Appropriate airplane configuration.
CA.IV.G.K3,aim,guidance,auto,from the Task G References line,Appropriate airplane configuration.
CA.IV.G.K3,phak,explanation,auto,from the Task G References line,Appropriate airplane configuration.
CA.IV.G.K3,risk-management,explanation,auto,from the Task G References line,Appropriate airplane configuration.
CA.IV.G.K3,seaplane,explanation,auto,from the Task G References line,Appropriate airplane configuration.
CA.IV.G.K4,afh,explanation,auto,from the Task G References line,Effects of water surface.
CA.IV.G.K4,aim,guidance,auto,from the Task G References line,Effects of water surface.
CA.IV.G.K4,phak,explanation,auto,from the Task G References line,Effects of water surface.
CA.IV.G.K4,risk-management,explanation,auto,from the Task G References line,Effects of water surface.
CA.IV.G.K4,seaplane,explanation,auto,from the Task G References line,Effects of water surface.
CA.IV.G.R1,afh,explanation,auto,from the Task G References line,"Selection of takeoff path based on pilot capability, airplane performance and limitations, available distance, and wind."
CA.IV.G.R1,aim,guidance,auto,from the Task G References line,"Selection of takeoff path based on pilot capability, airplane performance and limitations, available distance, and wind."
CA.IV.G.R1,phak,explanation,auto,from the Task G References line,"Selection of takeoff path based on pilot capability, airplane performance and limitations, available distance, and wind."
CA.IV.G.R1,risk-management,explanation,auto,from the Task G References line,"Selection of takeoff path based on pilot capability, airplane performance and limitations, available distance, and wind."
CA.IV.G.R1,seaplane,explanation,auto,from the Task G References line,"Selection of takeoff path based on pilot capability, airplane performance and limitations, available distance, and wind."
CA.IV.G.R2,afh,explanation,auto,from the Task G References line,Effects of:
CA.IV.G.R2,aim,guidance,auto,from the Task G References line,Effects of:
CA.IV.G.R2,phak,explanation,auto,from the Task G References line,Effects of:
CA.IV.G.R2,risk-management,explanation,auto,from the Task G References line,Effects of:
CA.IV.G.R2,seaplane,explanation,auto,from the Task G References line,Effects of:
CA.IV.G.R2a,afh,explanation,auto,from the Task G References line,a. Crosswind
CA.IV.G.R2a,aim,guidance,auto,from the Task G References line,a. Crosswind
CA.IV.G.R2a,phak,explanation,auto,from the Task G References line,a. Crosswind
CA.IV.G.R2a,risk-management,explanation,auto,from the Task G References line,a. Crosswind
CA.IV.G.R2a,seaplane,explanation,auto,from the Task G References line,a. Crosswind
CA.IV.G.R2b,afh,explanation,auto,from the Task G References line,b. Windshear
CA.IV.G.R2b,aim,guidance,auto,from the Task G References line,b. Windshear
CA.IV.G.R2b,phak,explanation,auto,from the Task G References line,b. Windshear
CA.IV.G.R2b,risk-management,explanation,auto,from the Task G References line,b. Windshear
CA.IV.G.R2b,seaplane,explanation,auto,from the Task G References line,b. Windshear
CA.IV.G.R2c,afh,explanation,auto,from the Task G References line,c. Tailwind
CA.IV.G.R2c,aim,guidance,auto,from the Task G References line,c. Tailwind
CA.IV.G.R2c,phak,explanation,auto,from the Task G References line,c. Tailwind
CA.IV.G.R2c,risk-management,explanation,auto,from the Task G References line,c. Tailwind
CA.IV.G.R2c,seaplane,explanation,auto,from the Task G References line,c. Tailwind
CA.IV.G.R2d,afh,explanation,auto,from the Task G References line,d. Wake turbulence
CA.IV.G.R2d,aim,guidance,auto,from the Task G References line,d. Wake turbulence
CA.IV.G.R2d,phak,explanation,auto,from the Task G References line,d. Wake turbulence
CA.IV.G.R2d,risk-management,explanation,auto,from the Task G References line,d. Wake turbulence
CA.IV.G.R2d,seaplane,explanation,auto,from the Task G References line,d. Wake turbulence
CA.IV.G.R2e,afh,explanation,auto,from the Task G References line,e. Water surface/condition
CA.IV.G.R2e,aim,guidance,auto,from the Task G References line,e. Water surface/condition
CA.IV.G.R2e,phak,explanation,auto,from the Task G References line,e. Water surface/condition
CA.IV.G.R2e,risk-management,explanation,auto,from the Task G References line,e. Water surface/condition
CA.IV.G.R2e,seaplane,explanation,auto,from the Task G References line,e. Water surface/condition
CA.IV.G.R3,afh,explanation,auto,from the Task G References line,"Abnormal operations, including planning for:"
CA.IV.G.R3,aim,guidance,auto,from the Task G References line,"Abnormal operations, including planning for:"
CA.IV.G.R3,phak,explanation,auto,from the Task G References line,"Abnormal operations, including planning for:"
CA.IV.G.R3,risk-management,explanation,auto,from the Task G References line,"Abnormal operations, including planning for:"
CA.IV.G.R3,seaplane,explanation,auto,from the Task G References line,"Abnormal operations, including planning for:"
CA.IV.G.R3a,afh,explanation,auto,from the Task G References line,a. Rejected takeoff
CA.IV.G.R3a,aim,guidance,auto,from the Task G References line,a. Rejected takeoff
CA.IV.G.R3a,phak,explanation,auto,from the Task G References line,a. Rejected takeoff
CA.IV.G.R3a,risk-management,explanation,auto,from the Task G References line,a. Rejected takeoff
CA.IV.G.R3a,seaplane,explanation,auto,from the Task G References line,a. Rejected takeoff
CA.IV.G.R3b,afh,explanation,auto,from the Task G References line,b. Potential engine failure in takeoff/climb phase of flight
CA.IV.G.R3b,aim,guidance,auto,from the Task G References line,b. Potential engine failure in takeoff/climb phase of flight
CA.IV.G.R3b,phak,explanation,auto,from the Task G References line,b. Potential engine failure in takeoff/climb phase of flight
CA.IV.G.R3b,risk-management,explanation,auto,from the Task G References line,b. Potential engine failure in takeoff/climb phase of flight
CA.IV.G.R3b,seaplane,explanation,auto,from the Task G References line,b. Potential engine failure in takeoff/climb phase of flight
CA.IV.G.R4,afh,explanation,auto,from the Task G References line,Collision hazards.
CA.IV.G.R4,aim,guidance,auto,from the Task G References line,Collision hazards.
CA.IV.G.R4,phak,explanation,auto,from the Task G References line,Collision hazards.
CA.IV.G.R4,risk-management,explanation,auto,from the Task G References line,Collision hazards.
CA.IV.G.R4,seaplane,explanation,auto,from the Task G References line,Collision hazards.
CA.IV.G.R5,afh,explanation,auto,from the Task G References line,"Low altitude maneuvering, including stall, spin, or controlled flight into terrain (CFIT)."
CA.IV.G.R5,aim,guidance,auto,from the Task G References line,"Low altitude maneuvering, including stall, spin, or controlled flight into terrain (CFIT)."
CA.IV.G.R5,phak,explanation,auto,from the Task G References line,"Low altitude maneuvering, including stall, spin, or controlled flight into terrain (CFIT)."
CA.IV.G.R5,risk-management,explanation,auto,from the Task G References line,"Low altitude maneuvering, including stall, spin, or controlled flight into terrain (CFIT)."
CA.IV.G.R5,seaplane,explanation,auto,from the Task G References line,"Low altitude maneuvering, including stall, spin, or controlled flight into terrain (CFIT)."
CA.IV.G.R6,afh,explanation,auto,from the Task G References line,"Distractions, task prioritization, loss of situational awareness, or disorientation."
CA.IV.G.R6,aim,guidance,auto,from the Task G References line,"Distractions, task prioritization, loss of situational awareness, or disorientation."
CA.IV.G.R6,phak,explanation,auto,from the Task G References line,"Distractions, task prioritization, loss of situational awareness, or disorientation."
CA.IV.G.R6,risk-management,explanation,auto,from the Task G References line,"Distractions, task prioritization, loss of situational awareness, or disorientation."
CA.IV.G.R6,seaplane,explanation,auto,from the Task G References line,"Distractions, task prioritization, loss of situational awareness, or disorientation."
CA.IV.G.S1,afh,explanation,auto,from the Task G References line,Complete the appropriate checklist(s).
CA.IV.G.S1,aim,guidance,auto,from the Task G References line,Complete the appropriate checklist(s).
CA.IV.G.S1,phak,explanation,auto,from the Task G References line,Complete the appropriate checklist(s).
CA.IV.G.S1,risk-management,explanation,auto,from the Task G References line,Complete the appropriate checklist(s).
CA.IV.G.S1,seaplane,explanation,auto,from the Task G References line,Complete the appropriate checklist(s).
CA.IV.G.S10,afh,explanation,auto,from the Task G References line,"Rotate and lift off at the recommended airspeed, and accelerate to the recommended obstacle clearance airspeed or VX."
CA.IV.G.S10,aim,guidance,auto,from the Task G References line,"Rotate and lift off at the recommended airspeed, and accelerate to the recommended obstacle clearance airspeed or VX."
CA.IV.G.S10,phak,explanation,auto,from the Task G References line,"Rotate and lift off at the recommended airspeed, and accelerate to the recommended obstacle clearance airspeed or VX."
CA.IV.G.S10,risk-management,explanation,auto,from the Task G References line,"Rotate and lift off at the recommended airspeed, and accelerate to the recommended obstacle clearance airspeed or VX."
CA.IV.G.S10,seaplane,explanation,auto,from the Task G References line,"Rotate and lift off at the recommended airspeed, and accelerate to the recommended obstacle clearance airspeed or VX."
CA.IV.G.S11,afh,explanation,auto,from the Task G References line,"Establish a pitch attitude to maintain the recommended obstacle clearance airspeed or VX, ±5 knots until the obstacle is cleared or until the airplane is 50 feet above the surface."
CA.IV.G.S11,aim,guidance,auto,from the Task G References line,"Establish a pitch attitude to maintain the recommended obstacle clearance airspeed or VX, ±5 knots until the obstacle is cleared or until the airplane is 50 feet above the surface."
CA.IV.G.S11,phak,explanation,auto,from the Task G References line,"Establish a pitch attitude to maintain the recommended obstacle clearance airspeed or VX, ±5 knots until the obstacle is cleared or until the airplane is 50 feet above the surface."
CA.IV.G.S11,risk-management,explanation,auto,from the Task G References line,"Establish a pitch attitude to maintain the recommended obstacle clearance airspeed or VX, ±5 knots until the obstacle is cleared or until the airplane is 50 feet above the surface."
CA.IV.G.S11,seaplane,explanation,auto,from the Task G References line,"Establish a pitch attitude to maintain the recommended obstacle clearance airspeed or VX, ±5 knots until the obstacle is cleared or until the airplane is 50 feet above the surface."
CA.IV.G.S12,afh,explanation,auto,from the Task G References line,Establish a pitch attitude for VY and accelerate to VY ±5 knots after clearing the obstacle or at 50 feet above ground level (AGL) if simulating an obstacle.
CA.IV.G.S12,aim,guidance,auto,from the Task G References line,Establish a pitch attitude for VY and accelerate to VY ±5 knots after clearing the obstacle or at 50 feet above ground level (AGL) if simulating an obstacle.
CA.IV.G.S12,phak,explanation,auto,from the Task G References line,Establish a pitch attitude for VY and accelerate to VY ±5 knots after clearing the obstacle or at 50 feet above ground level (AGL) if simulating an obstacle.
CA.IV.G.S12,risk-management,explanation,auto,from the Task G References line,Establish a pitch attitude for VY and accelerate to VY ±5 knots after clearing the obstacle or at 50 feet above ground level (AGL) if simulating an obstacle.
CA.IV.G.S12,seaplane,explanation,auto,from the Task G References line,Establish a pitch attitude for VY and accelerate to VY ±5 knots after clearing the obstacle or at 50 feet above ground level (AGL) if simulating an obstacle.
CA.IV.G.S13,afh,explanation,auto,from the Task G References line,"Retract flaps, if extended, after a positive rate of climb has been verified or in accordance with airplane manufacturer’s guidance."
CA.IV.G.S13,aim,guidance,auto,from the Task G References line,"Retract flaps, if extended, after a positive rate of climb has been verified or in accordance with airplane manufacturer’s guidance."
CA.IV.G.S13,phak,explanation,auto,from the Task G References line,"Retract flaps, if extended, after a positive rate of climb has been verified or in accordance with airplane manufacturer’s guidance."
CA.IV.G.S13,risk-management,explanation,auto,from the Task G References line,"Retract flaps, if extended, after a positive rate of climb has been verified or in accordance with airplane manufacturer’s guidance."
CA.IV.G.S13,seaplane,explanation,auto,from the Task G References line,"Retract flaps, if extended, after a positive rate of climb has been verified or in accordance with airplane manufacturer’s guidance."
CA.IV.G.S14,afh,explanation,auto,from the Task G References line,Maintain VY ±5 knots to a safe maneuvering altitude.
CA.IV.G.S14,aim,guidance,auto,from the Task G References line,Maintain VY ±5 knots to a safe maneuvering altitude.
CA.IV.G.S14,phak,explanation,auto,from the Task G References line,Maintain VY ±5 knots to a safe maneuvering altitude.
CA.IV.G.S14,risk-management,explanation,auto,from the Task G References line,Maintain VY ±5 knots to a safe maneuvering altitude.
CA.IV.G.S14,seaplane,explanation,auto,from the Task G References line,Maintain VY ±5 knots to a safe maneuvering altitude.
CA.IV.G.S15,afh,explanation,auto,from the Task G References line,Maintain directional control and proper wind-drift correction throughout takeoff and climb.
CA.IV.G.S15,aim,guidance,auto,from the Task G References line,Maintain directional control and proper wind-drift correction throughout takeoff and climb.
CA.IV.G.S15,phak,explanation,auto,from the Task G References line,Maintain directional control and proper wind-drift correction throughout takeoff and climb.
CA.IV.G.S15,risk-management,explanation,auto,from the Task G References line,Maintain directional control and proper wind-drift correction throughout takeoff and climb.
CA.IV.G.S15,seaplane,explanation,auto,from the Task G References line,Maintain directional control and proper wind-drift correction throughout takeoff and climb.
CA.IV.G.S16,afh,explanation,auto,from the Task G References line,"Comply with noise abatement procedures, as applicable."
CA.IV.G.S16,aim,guidance,auto,from the Task G References line,"Comply with noise abatement procedures, as applicable."
CA.IV.G.S16,phak,explanation,auto,from the Task G References line,"Comply with noise abatement procedures, as applicable."
CA.IV.G.S16,risk-management,explanation,auto,from the Task G References line,"Comply with noise abatement procedures, as applicable."
CA.IV.G.S16,seaplane,explanation,auto,from the Task G References line,"Comply with noise abatement procedures, as applicable."
CA.IV.G.S2,afh,explanation,auto,from the Task G References line,Make radio calls as appropriate.
CA.IV.G.S2,aim,guidance,auto,from the Task G References line,Make radio calls as appropriate.
CA.IV.G.S2,phak,explanation,auto,from the Task G References line,Make radio calls as appropriate.
CA.IV.G.S2,risk-management,explanation,auto,from the Task G References line,Make radio calls as appropriate.
CA.IV.G.S2,seaplane,explanation,auto,from the Task G References line,Make radio calls as appropriate.
CA.IV.G.S3,afh,explanation,auto,from the Task G References line,Verify assigned/correct takeoff path. 27
CA.IV.G.S3,aim,guidance,auto,from the Task G References line,Verify assigned/correct takeoff path. 27
CA.IV.G.S3,phak,explanation,auto,from the Task G References line,Verify assigned/correct takeoff path. 27
CA.IV.G.S3,risk-management,explanation,auto,from the Task G References line,Verify assigned/correct takeoff path. 27
CA.IV.G.S3,seaplane,explanation,auto,from the Task G References line,Verify assigned/correct takeoff path. 27
CA.IV.G.S4,afh,explanation,auto,from the Task G References line,Determine wind direction with or without visible wind direction indicators.
CA.IV.G.S4,aim,guidance,auto,from the Task G References line,Determine wind direction with or without visible wind direction indicators.
CA.IV.G.S4,phak,explanation,auto,from the Task G References line,Determine wind direction with or without visible wind direction indicators.
CA.IV.G.S4,risk-management,explanation,auto,from the Task G References line,Determine wind direction with or without visible wind direction indicators.
CA.IV.G.S4,seaplane,explanation,auto,from the Task G References line,Determine wind direction with or without visible wind direction indicators.
CA.IV.G.S5,afh,explanation,auto,from the Task G References line,"Position the flight controls for the existing wind, if applicable."
CA.IV.G.S5,aim,guidance,auto,from the Task G References line,"Position the flight controls for the existing wind, if applicable."
CA.IV.G.S5,phak,explanation,auto,from the Task G References line,"Position the flight controls for the existing wind, if applicable."
CA.IV.G.S5,risk-management,explanation,auto,from the Task G References line,"Position the flight controls for the existing wind, if applicable."
CA.IV.G.S5,seaplane,explanation,auto,from the Task G References line,"Position the flight controls for the existing wind, if applicable."
CA.IV.G.S6,afh,explanation,auto,from the Task G References line,"Clear the area, taxi into takeoff position utilizing maximum available takeoff area, and align the airplane on the takeoff path."
CA.IV.G.S6,aim,guidance,auto,from the Task G References line,"Clear the area, taxi into takeoff position utilizing maximum available takeoff area, and align the airplane on the takeoff path."
CA.IV.G.S6,phak,explanation,auto,from the Task G References line,"Clear the area, taxi into takeoff position utilizing maximum available takeoff area, and align the airplane on the takeoff path."
CA.IV.G.S6,risk-management,explanation,auto,from the Task G References line,"Clear the area, taxi into takeoff position utilizing maximum available takeoff area, and align the airplane on the takeoff path."
CA.IV.G.S6,seaplane,explanation,auto,from the Task G References line,"Clear the area, taxi into takeoff position utilizing maximum available takeoff area, and align the airplane on the takeoff path."
CA.IV.G.S6a,afh,explanation,auto,from the Task G References line,"a. Retract the water rudders, as appropriate"
CA.IV.G.S6a,aim,guidance,auto,from the Task G References line,"a. Retract the water rudders, as appropriate"
CA.IV.G.S6a,phak,explanation,auto,from the Task G References line,"a. Retract the water rudders, as appropriate"
CA.IV.G.S6a,risk-management,explanation,auto,from the Task G References line,"a. Retract the water rudders, as appropriate"
CA.IV.G.S6a,seaplane,explanation,auto,from the Task G References line,"a. Retract the water rudders, as appropriate"
CA.IV.G.S7,afh,explanation,auto,from the Task G References line,Advance the throttle smoothly to takeoff power and confirm proper engine and flight instrument indications prior to rotation.
CA.IV.G.S7,aim,guidance,auto,from the Task G References line,Advance the throttle smoothly to takeoff power and confirm proper engine and flight instrument indications prior to rotation.
CA.IV.G.S7,phak,explanation,auto,from the Task G References line,Advance the throttle smoothly to takeoff power and confirm proper engine and flight instrument indications prior to rotation.
CA.IV.G.S7,risk-management,explanation,auto,from the Task G References line,Advance the throttle smoothly to takeoff power and confirm proper engine and flight instrument indications prior to rotation.
CA.IV.G.S7,seaplane,explanation,auto,from the Task G References line,Advance the throttle smoothly to takeoff power and confirm proper engine and flight instrument indications prior to rotation.
CA.IV.G.S8,afh,explanation,auto,from the Task G References line,Establish a pitch attitude that maintains the most efficient planing/lift-off attitude and correct for porpoising and skipping.
CA.IV.G.S8,aim,guidance,auto,from the Task G References line,Establish a pitch attitude that maintains the most efficient planing/lift-off attitude and correct for porpoising and skipping.
CA.IV.G.S8,phak,explanation,auto,from the Task G References line,Establish a pitch attitude that maintains the most efficient planing/lift-off attitude and correct for porpoising and skipping.
CA.IV.G.S8,risk-management,explanation,auto,from the Task G References line,Establish a pitch attitude that maintains the most efficient planing/lift-off attitude and correct for porpoising and skipping.
CA.IV.G.S8,seaplane,explanation,auto,from the Task G References line,Establish a pitch attitude that maintains the most efficient planing/lift-off attitude and correct for porpoising and skipping.
CA.IV.G.S9,afh,explanation,auto,from the Task G References line,Avoid excessive water spray on the propeller(s).
CA.IV.G.S9,aim,guidance,auto,from the Task G References line,Avoid excessive water spray on the propeller(s).
CA.IV.G.S9,phak,explanation,auto,from the Task G References line,Avoid excessive water spray on the propeller(s).
CA.IV.G.S9,risk-management,explanation,auto,from the Task G References line,Avoid excessive water spray on the propeller(s).
CA.IV.G.S9,seaplane,explanation,auto,from the Task G References line,Avoid excessive water spray on the propeller(s).
CA.IV.H.K1,afh,explanation,auto,from the Task H References line,"A stabilized approach, including energy management concepts."
CA.IV.H.K1,aim,guidance,auto,from the Task H References line,"A stabilized approach, including energy management concepts."
CA.IV.H.K1,phak,explanation,auto,from the Task H References line,"A stabilized approach, including energy management concepts."
CA.IV.H.K1,risk-management,explanation,auto,from the Task H References line,"A stabilized approach, including energy management concepts."
CA.IV.H.K1,seaplane,explanation,auto,from the Task H References line,"A stabilized approach, including energy management concepts."
CA.IV.H.K2,afh,explanation,auto,from the Task H References line,"Effects of atmospheric conditions, including wind, on approach and landing performance."
CA.IV.H.K2,aim,guidance,auto,from the Task H References line,"Effects of atmospheric conditions, including wind, on approach and landing performance."
CA.IV.H.K2,phak,explanation,auto,from the Task H References line,"Effects of atmospheric conditions, including wind, on approach and landing performance."
CA.IV.H.K2,risk-management,explanation,auto,from the Task H References line,"Effects of atmospheric conditions, including wind, on approach and landing performance."
CA.IV.H.K2,seaplane,explanation,auto,from the Task H References line,"Effects of atmospheric conditions, including wind, on approach and landing performance."
CA.IV.H.K3,afh,explanation,auto,from the Task H References line,Wind correction techniques on approach and landing.
CA.IV.H.K3,aim,guidance,auto,from the Task H References line,Wind correction techniques on approach and landing.
CA.IV.H.K3,phak,explanation,auto,from the Task H References line,Wind correction techniques on approach and landing.
CA.IV.H.K3,risk-management,explanation,auto,from the Task H References line,Wind correction techniques on approach and landing.
CA.IV.H.K3,seaplane,explanation,auto,from the Task H References line,Wind correction techniques on approach and landing.
CA.IV.H.R1,afh,explanation,auto,from the Task H References line,"Selection of approach path and touchdown area based on pilot capability, airplane performance and limitations, available distance, and wind."
CA.IV.H.R1,aim,guidance,auto,from the Task H References line,"Selection of approach path and touchdown area based on pilot capability, airplane performance and limitations, available distance, and wind."
CA.IV.H.R1,phak,explanation,auto,from the Task H References line,"Selection of approach path and touchdown area based on pilot capability, airplane performance and limitations, available distance, and wind."
CA.IV.H.R1,risk-management,explanation,auto,from the Task H References line,"Selection of approach path and touchdown area based on pilot capability, airplane performance and limitations, available distance, and wind."
CA.IV.H.R1,seaplane,explanation,auto,from the Task H References line,"Selection of approach path and touchdown area based on pilot capability, airplane performance and limitations, available distance, and wind."
CA.IV.H.R2,afh,explanation,auto,from the Task H References line,Effects of:
CA.IV.H.R2,aim,guidance,auto,from the Task H References line,Effects of:
CA.IV.H.R2,phak,explanation,auto,from the Task H References line,Effects of:
CA.IV.H.R2,risk-management,explanation,auto,from the Task H References line,Effects of:
CA.IV.H.R2,seaplane,explanation,auto,from the Task H References line,Effects of:
CA.IV.H.R2a,afh,explanation,auto,from the Task H References line,a. Crosswind
CA.IV.H.R2a,aim,guidance,auto,from the Task H References line,a. Crosswind
CA.IV.H.R2a,phak,explanation,auto,from the Task H References line,a. Crosswind
CA.IV.H.R2a,risk-management,explanation,auto,from the Task H References line,a. Crosswind
CA.IV.H.R2a,seaplane,explanation,auto,from the Task H References line,a. Crosswind
CA.IV.H.R2b,afh,explanation,auto,from the Task H References line,b. Windshear 28
CA.IV.H.R2b,aim,guidance,auto,from the Task H References line,b. Windshear 28
CA.IV.H.R2b,phak,explanation,auto,from the Task H References line,b. Windshear 28
CA.IV.H.R2b,risk-management,explanation,auto,from the Task H References line,b. Windshear 28
CA.IV.H.R2b,seaplane,explanation,auto,from the Task H References line,b. Windshear 28
CA.IV.H.R2c,afh,explanation,auto,from the Task H References line,c. Tailwind
CA.IV.H.R2c,aim,guidance,auto,from the Task H References line,c. Tailwind
CA.IV.H.R2c,phak,explanation,auto,from the Task H References line,c. Tailwind
CA.IV.H.R2c,risk-management,explanation,auto,from the Task H References line,c. Tailwind
CA.IV.H.R2c,seaplane,explanation,auto,from the Task H References line,c. Tailwind
CA.IV.H.R2d,afh,explanation,auto,from the Task H References line,d. Wake turbulence
CA.IV.H.R2d,aim,guidance,auto,from the Task H References line,d. Wake turbulence
CA.IV.H.R2d,phak,explanation,auto,from the Task H References line,d. Wake turbulence
CA.IV.H.R2d,risk-management,explanation,auto,from the Task H References line,d. Wake turbulence
CA.IV.H.R2d,seaplane,explanation,auto,from the Task H References line,d. Wake turbulence
CA.IV.H.R2e,afh,explanation,auto,from the Task H References line,e. Water surface/condition
CA.IV.H.R2e,aim,guidance,auto,from the Task H References line,e. Water surface/condition
CA.IV.H.R2e,phak,explanation,auto,from the Task H References line,e. Water surface/condition
CA.IV.H.R2e,risk-management,explanation,auto,from the Task H References line,e. Water surface/condition
CA.IV.H.R2e,seaplane,explanation,auto,from the Task H References line,e. Water surface/condition
CA.IV.H.R3,afh,explanation,auto,from the Task H References line,Planning for a go-around and rejected landing.
CA.IV.H.R3,aim,guidance,auto,from the Task H References line,Planning for a go-around and rejected landing.
CA.IV.H.R3,phak,explanation,auto,from the Task H References line,Planning for a go-around and rejected landing.
CA.IV.H.R3,risk-management,explanation,auto,from the Task H References line,Planning for a go-around and rejected landing.
CA.IV.H.R3,seaplane,explanation,auto,from the Task H References line,Planning for a go-around and rejected landing.
CA.IV.H.R4,afh,explanation,auto,from the Task H References line,Collision hazards.
CA.IV.H.R4,aim,guidance,auto,from the Task H References line,Collision hazards.
CA.IV.H.R4,phak,explanation,auto,from the Task H References line,Collision hazards.
CA.IV.H.R4,risk-management,explanation,auto,from the Task H References line,Collision hazards.
CA.IV.H.R4,seaplane,explanation,auto,from the Task H References line,Collision hazards.
CA.IV.H.R5,afh,explanation,auto,from the Task H References line,"Low altitude maneuvering, including stall, spin, or controlled flight into terrain (CFIT)."
CA.IV.H.R5,aim,guidance,auto,from the Task H References line,"Low altitude maneuvering, including stall, spin, or controlled flight into terrain (CFIT)."
CA.IV.H.R5,phak,explanation,auto,from the Task H References line,"Low altitude maneuvering, including stall, spin, or controlled flight into terrain (CFIT)."
CA.IV.H.R5,risk-management,explanation,auto,from the Task H References line,"Low altitude maneuvering, including stall, spin, or controlled flight into terrain (CFIT)."
CA.IV.H.R5,seaplane,explanation,auto,from the Task H References line,"Low altitude maneuvering, including stall, spin, or controlled flight into terrain (CFIT)."
CA.IV.H.R6,afh,explanation,auto,from the Task H References line,"Distractions, task prioritization, loss of situational awareness, or disorientation."
CA.IV.H.R6,aim,guidance,auto,from the Task H References line,"Distractions, task prioritization, loss of situational awareness, or disorientation."
CA.IV.H.R6,phak,explanation,auto,from the Task H References line,"Distractions, task prioritization, loss of situational awareness, or disorientation."
CA.IV.H.R6,risk-management,explanation,auto,from the Task H References line,"Distractions, task prioritization, loss of situational awareness, or disorientation."
CA.IV.H.R6,seaplane,explanation,auto,from the Task H References line,"Distractions, task prioritization, loss of situational awareness, or disorientation."
CA.IV.H.S1,afh,explanation,auto,from the Task H References line,Complete the appropriate checklist(s).
CA.IV.H.S1,aim,guidance,auto,from the Task H References line,Complete the appropriate checklist(s).
CA.IV.H.S1,phak,explanation,auto,from the Task H References line,Complete the appropriate checklist(s).
CA.IV.H.S1,risk-management,explanation,auto,from the Task H References line,Complete the appropriate checklist(s).
CA.IV.H.S1,seaplane,explanation,auto,from the Task H References line,Complete the appropriate checklist(s).
CA.IV.H.S10,afh,explanation,auto,from the Task H References line,Contact the water at the recommended airspeed with a proper pitch attitude for the surface conditions.
CA.IV.H.S10,aim,guidance,auto,from the Task H References line,Contact the water at the recommended airspeed with a proper pitch attitude for the surface conditions.
CA.IV.H.S10,phak,explanation,auto,from the Task H References line,Contact the water at the recommended airspeed with a proper pitch attitude for the surface conditions.
CA.IV.H.S10,risk-management,explanation,auto,from the Task H References line,Contact the water at the recommended airspeed with a proper pitch attitude for the surface conditions.
CA.IV.H.S10,seaplane,explanation,auto,from the Task H References line,Contact the water at the recommended airspeed with a proper pitch attitude for the surface conditions.
CA.IV.H.S11,afh,explanation,auto,from the Task H References line,"Touch down at a proper pitch attitude, within 100 feet beyond or on the specified point, with no side drift, minimum float, and with the airplane’s longitudinal axis aligned with the projected landing path."
CA.IV.H.S11,aim,guidance,auto,from the Task H References line,"Touch down at a proper pitch attitude, within 100 feet beyond or on the specified point, with no side drift, minimum float, and with the airplane’s longitudinal axis aligned with the projected landing path."
CA.IV.H.S11,phak,explanation,auto,from the Task H References line,"Touch down at a proper pitch attitude, within 100 feet beyond or on the specified point, with no side drift, minimum float, and with the airplane’s longitudinal axis aligned with the projected landing path."
CA.IV.H.S11,risk-management,explanation,auto,from the Task H References line,"Touch down at a proper pitch attitude, within 100 feet beyond or on the specified point, with no side drift, minimum float, and with the airplane’s longitudinal axis aligned with the projected landing path."
CA.IV.H.S11,seaplane,explanation,auto,from the Task H References line,"Touch down at a proper pitch attitude, within 100 feet beyond or on the specified point, with no side drift, minimum float, and with the airplane’s longitudinal axis aligned with the projected landing path."
CA.IV.H.S12,afh,explanation,auto,from the Task H References line,Execute a timely go-around if the approach cannot be made within the tolerances specified above or for any other condition that may result in an unsafe approach or landing.
CA.IV.H.S12,aim,guidance,auto,from the Task H References line,Execute a timely go-around if the approach cannot be made within the tolerances specified above or for any other condition that may result in an unsafe approach or landing.
CA.IV.H.S12,phak,explanation,auto,from the Task H References line,Execute a timely go-around if the approach cannot be made within the tolerances specified above or for any other condition that may result in an unsafe approach or landing.
CA.IV.H.S12,risk-management,explanation,auto,from the Task H References line,Execute a timely go-around if the approach cannot be made within the tolerances specified above or for any other condition that may result in an unsafe approach or landing.
CA.IV.H.S12,seaplane,explanation,auto,from the Task H References line,Execute a timely go-around if the approach cannot be made within the tolerances specified above or for any other condition that may result in an unsafe approach or landing.
CA.IV.H.S13,afh,explanation,auto,from the Task H References line,Apply elevator control as necessary to stop in the shortest distance consistent with safety.
CA.IV.H.S13,aim,guidance,auto,from the Task H References line,Apply elevator control as necessary to stop in the shortest distance consistent with safety.
CA.IV.H.S13,phak,explanation,auto,from the Task H References line,Apply elevator control as necessary to stop in the shortest distance consistent with safety.
CA.IV.H.S13,risk-management,explanation,auto,from the Task H References line,Apply elevator control as necessary to stop in the shortest distance consistent with safety.
CA.IV.H.S13,seaplane,explanation,auto,from the Task H References line,Apply elevator control as necessary to stop in the shortest distance consistent with safety.
CA.IV.H.S2,afh,explanation,auto,from the Task H References line,Make radio calls as appropriate.
CA.IV.H.S2,aim,guidance,auto,from the Task H References line,Make radio calls as appropriate.
CA.IV.H.S2,phak,explanation,auto,from the Task H References line,Make radio calls as appropriate.
CA.IV.H.S2,risk-management,explanation,auto,from the Task H References line,Make radio calls as appropriate.
CA.IV.H.S2,seaplane,explanation,auto,from the Task H References line,Make radio calls as appropriate.
CA.IV.H.S3,afh,explanation,auto,from the Task H References line,Ensure the airplane is aligned for an approach to the correct/assigned landing surface.
CA.IV.H.S3,aim,guidance,auto,from the Task H References line,Ensure the airplane is aligned for an approach to the correct/assigned landing surface.
CA.IV.H.S3,phak,explanation,auto,from the Task H References line,Ensure the airplane is aligned for an approach to the correct/assigned landing surface.
CA.IV.H.S3,risk-management,explanation,auto,from the Task H References line,Ensure the airplane is aligned for an approach to the correct/assigned landing surface.
CA.IV.H.S3,seaplane,explanation,auto,from the Task H References line,Ensure the airplane is aligned for an approach to the correct/assigned landing surface.
CA.IV.H.S4,afh,explanation,auto,from the Task H References line,Scan the landing area for traffic and obstructions.
CA.IV.H.S4,aim,guidance,auto,from the Task H References line,Scan the landing area for traffic and obstructions.
CA.IV.H.S4,phak,explanation,auto,from the Task H References line,Scan the landing area for traffic and obstructions.
CA.IV.H.S4,risk-management,explanation,auto,from the Task H References line,Scan the landing area for traffic and obstructions.
CA.IV.H.S4,seaplane,explanation,auto,from the Task H References line,Scan the landing area for traffic and obstructions.
CA.IV.H.S5,afh,explanation,auto,from the Task H References line,"Select and aim for a suitable touchdown point considering the wind conditions, landing surface, and obstructions."
CA.IV.H.S5,aim,guidance,auto,from the Task H References line,"Select and aim for a suitable touchdown point considering the wind conditions, landing surface, and obstructions."
CA.IV.H.S5,phak,explanation,auto,from the Task H References line,"Select and aim for a suitable touchdown point considering the wind conditions, landing surface, and obstructions."
CA.IV.H.S5,risk-management,explanation,auto,from the Task H References line,"Select and aim for a suitable touchdown point considering the wind conditions, landing surface, and obstructions."
CA.IV.H.S5,seaplane,explanation,auto,from the Task H References line,"Select and aim for a suitable touchdown point considering the wind conditions, landing surface, and obstructions."
CA.IV.H.S6,afh,explanation,auto,from the Task H References line,"Establish the recommended approach and landing configuration, airspeed, and trim, and adjust pitch attitude and power as required to maintain a stabilized approach."
CA.IV.H.S6,aim,guidance,auto,from the Task H References line,"Establish the recommended approach and landing configuration, airspeed, and trim, and adjust pitch attitude and power as required to maintain a stabilized approach."
CA.IV.H.S6,phak,explanation,auto,from the Task H References line,"Establish the recommended approach and landing configuration, airspeed, and trim, and adjust pitch attitude and power as required to maintain a stabilized approach."
CA.IV.H.S6,risk-management,explanation,auto,from the Task H References line,"Establish the recommended approach and landing configuration, airspeed, and trim, and adjust pitch attitude and power as required to maintain a stabilized approach."
CA.IV.H.S6,seaplane,explanation,auto,from the Task H References line,"Establish the recommended approach and landing configuration, airspeed, and trim, and adjust pitch attitude and power as required to maintain a stabilized approach."
CA.IV.H.S7,afh,explanation,auto,from the Task H References line,"Maintain manufacturer’s published approach airspeed or in its absence not more than 1.3 VSO, +10/-5 knots with gust factor applied."
CA.IV.H.S7,aim,guidance,auto,from the Task H References line,"Maintain manufacturer’s published approach airspeed or in its absence not more than 1.3 VSO, +10/-5 knots with gust factor applied."
CA.IV.H.S7,phak,explanation,auto,from the Task H References line,"Maintain manufacturer’s published approach airspeed or in its absence not more than 1.3 VSO, +10/-5 knots with gust factor applied."
CA.IV.H.S7,risk-management,explanation,auto,from the Task H References line,"Maintain manufacturer’s published approach airspeed or in its absence not more than 1.3 VSO, +10/-5 knots with gust factor applied."
CA.IV.H.S7,seaplane,explanation,auto,from the Task H References line,"Maintain manufacturer’s published approach airspeed or in its absence not more than 1.3 VSO, +10/-5 knots with gust factor applied."
CA.IV.H.S8,afh,explanation,auto,from the Task H References line,Maintain directional control and appropriate crosswind correction throughout the approach and landing.
CA.IV.H.S8,aim,guidance,auto,from the Task H References line,Maintain directional control and appropriate crosswind correction throughout the approach and landing.
CA.IV.H.S8,phak,explanation,auto,from the Task H References line,Maintain directional control and appropriate crosswind correction throughout the approach and landing.
CA.IV.H.S8,risk-management,explanation,auto,from the Task H References line,Maintain directional control and appropriate crosswind correction throughout the approach and landing.
CA.IV.H.S8,seaplane,explanation,auto,from the Task H References line,Maintain directional control and appropriate crosswind correction throughout the approach and landing.
CA.IV.H.S9,afh,explanation,auto,from the Task H References line,"Make smooth, timely, and correct control application before, during, and after touchdown."
CA.IV.H.S9,aim,guidance,auto,from the Task H References line,"Make smooth, timely, and correct control application before, during, and after touchdown."
CA.IV.H.S9,phak,explanation,auto,from the Task H References line,"Make smooth, timely, and correct control application before, during, and after touchdown."
CA.IV.H.S9,risk-management,explanation,auto,from the Task H References line,"Make smooth, timely, and correct control application before, during, and after touchdown."
CA.IV.H.S9,seaplane,explanation,auto,from the Task H References line,"Make smooth, timely, and correct control application before, during, and after touchdown."
CA.IV.I.K1,afh,explanation,auto,from the Task I References line,"Effects of atmospheric conditions, including wind, on takeoff and climb performance. 29"
CA.IV.I.K1,aim,guidance,auto,from the Task I References line,"Effects of atmospheric conditions, including wind, on takeoff and climb performance. 29"
CA.IV.I.K1,phak,explanation,auto,from the Task I References line,"Effects of atmospheric conditions, including wind, on takeoff and climb performance. 29"
CA.IV.I.K1,risk-management,explanation,auto,from the Task I References line,"Effects of atmospheric conditions, including wind, on takeoff and climb performance. 29"
CA.IV.I.K1,seaplane,explanation,auto,from the Task I References line,"Effects of atmospheric conditions, including wind, on takeoff and climb performance. 29"
CA.IV.I.K2,afh,explanation,auto,from the Task I References line,Best angle of climb speed (VX) and best rate of climb speed (VY).
CA.IV.I.K2,aim,guidance,auto,from the Task I References line,Best angle of climb speed (VX) and best rate of climb speed (VY).
CA.IV.I.K2,phak,explanation,auto,from the Task I References line,Best angle of climb speed (VX) and best rate of climb speed (VY).
CA.IV.I.K2,risk-management,explanation,auto,from the Task I References line,Best angle of climb speed (VX) and best rate of climb speed (VY).
CA.IV.I.K2,seaplane,explanation,auto,from the Task I References line,Best angle of climb speed (VX) and best rate of climb speed (VY).
CA.IV.I.K3,afh,explanation,auto,from the Task I References line,Appropriate airplane configuration.
CA.IV.I.K3,aim,guidance,auto,from the Task I References line,Appropriate airplane configuration.
CA.IV.I.K3,phak,explanation,auto,from the Task I References line,Appropriate airplane configuration.
CA.IV.I.K3,risk-management,explanation,auto,from the Task I References line,Appropriate airplane configuration.
CA.IV.I.K3,seaplane,explanation,auto,from the Task I References line,Appropriate airplane configuration.
CA.IV.I.K4,afh,explanation,auto,from the Task I References line,Appropriate use of glassy water takeoff and climb technique.
CA.IV.I.K4,aim,guidance,auto,from the Task I References line,Appropriate use of glassy water takeoff and climb technique.
CA.IV.I.K4,phak,explanation,auto,from the Task I References line,Appropriate use of glassy water takeoff and climb technique.
CA.IV.I.K4,risk-management,explanation,auto,from the Task I References line,Appropriate use of glassy water takeoff and climb technique.
CA.IV.I.K4,seaplane,explanation,auto,from the Task I References line,Appropriate use of glassy water takeoff and climb technique.
CA.IV.I.R1,afh,explanation,auto,from the Task I References line,"Selection of takeoff path based on pilot capability, airplane performance and limitations, and available distance."
CA.IV.I.R1,aim,guidance,auto,from the Task I References line,"Selection of takeoff path based on pilot capability, airplane performance and limitations, and available distance."
CA.IV.I.R1,phak,explanation,auto,from the Task I References line,"Selection of takeoff path based on pilot capability, airplane performance and limitations, and available distance."
CA.IV.I.R1,risk-management,explanation,auto,from the Task I References line,"Selection of takeoff path based on pilot capability, airplane performance and limitations, and available distance."
CA.IV.I.R1,seaplane,explanation,auto,from the Task I References line,"Selection of takeoff path based on pilot capability, airplane performance and limitations, and available distance."
CA.IV.I.R2,afh,explanation,auto,from the Task I References line,Water surface/condition.
CA.IV.I.R2,aim,guidance,auto,from the Task I References line,Water surface/condition.
CA.IV.I.R2,phak,explanation,auto,from the Task I References line,Water surface/condition.
CA.IV.I.R2,risk-management,explanation,auto,from the Task I References line,Water surface/condition.
CA.IV.I.R2,seaplane,explanation,auto,from the Task I References line,Water surface/condition.
CA.IV.I.R3,afh,explanation,auto,from the Task I References line,"Abnormal operations, including planning for:"
CA.IV.I.R3,aim,guidance,auto,from the Task I References line,"Abnormal operations, including planning for:"
CA.IV.I.R3,phak,explanation,auto,from the Task I References line,"Abnormal operations, including planning for:"
CA.IV.I.R3,risk-management,explanation,auto,from the Task I References line,"Abnormal operations, including planning for:"
CA.IV.I.R3,seaplane,explanation,auto,from the Task I References line,"Abnormal operations, including planning for:"
CA.IV.I.R3a,afh,explanation,auto,from the Task I References line,a. Rejected takeoff
CA.IV.I.R3a,aim,guidance,auto,from the Task I References line,a. Rejected takeoff
CA.IV.I.R3a,phak,explanation,auto,from the Task I References line,a. Rejected takeoff
CA.IV.I.R3a,risk-management,explanation,auto,from the Task I References line,a. Rejected takeoff
CA.IV.I.R3a,seaplane,explanation,auto,from the Task I References line,a. Rejected takeoff
CA.IV.I.R3b,afh,explanation,auto,from the Task I References line,b. Potential engine failure in takeoff/climb phase of flight
CA.IV.I.R3b,aim,guidance,auto,from the Task I References line,b. Potential engine failure in takeoff/climb phase of flight
CA.IV.I.R3b,phak,explanation,auto,from the Task I References line,b. Potential engine failure in takeoff/climb phase of flight
CA.IV.I.R3b,risk-management,explanation,auto,from the Task I References line,b. Potential engine failure in takeoff/climb phase of flight
CA.IV.I.R3b,seaplane,explanation,auto,from the Task I References line,b. Potential engine failure in takeoff/climb phase of flight
CA.IV.I.R4,afh,explanation,auto,from the Task I References line,Collision hazards.
CA.IV.I.R4,aim,guidance,auto,from the Task I References line,Collision hazards.
CA.IV.I.R4,phak,explanation,auto,from the Task I References line,Collision hazards.
CA.IV.I.R4,risk-management,explanation,auto,from the Task I References line,Collision hazards.
CA.IV.I.R4,seaplane,explanation,auto,from the Task I References line,Collision hazards.
CA.IV.I.R5,afh,explanation,auto,from the Task I References line,"Low altitude maneuvering, including stall, spin, or controlled flight into terrain (CFIT)."
CA.IV.I.R5,aim,guidance,auto,from the Task I References line,"Low altitude maneuvering, including stall, spin, or controlled flight into terrain (CFIT)."
CA.IV.I.R5,phak,explanation,auto,from the Task I References line,"Low altitude maneuvering, including stall, spin, or controlled flight into terrain (CFIT)."
CA.IV.I.R5,risk-management,explanation,auto,from the Task I References line,"Low altitude maneuvering, including stall, spin, or controlled flight into terrain (CFIT)."
CA.IV.I.R5,seaplane,explanation,auto,from the Task I References line,"Low altitude maneuvering, including stall, spin, or controlled flight into terrain (CFIT)."
CA.IV.I.R6,afh,explanation,auto,from the Task I References line,"Distractions, task prioritization, loss of situational awareness, or disorientation."
CA.IV.I.R6,aim,guidance,auto,from the Task I References line,"Distractions, task prioritization, loss of situational awareness, or disorientation."
CA.IV.I.R6,phak,explanation,auto,from the Task I References line,"Distractions, task prioritization, loss of situational awareness, or disorientation."
CA.IV.I.R6,risk-management,explanation,auto,from the Task I References line,"Distractions, task prioritization, loss of situational awareness, or disorientation."
CA.IV.I.R6,seaplane,explanation,auto,from the Task I References line,"Distractions, task prioritization, loss of situational awareness, or disorientation."
CA.IV.I.R7,afh,explanation,auto,from the Task I References line,Gear position in an amphibious airplane.
CA.IV.I.R7,aim,guidance,auto,from the Task I References line,Gear position in an amphibious airplane.
CA.IV.I.R7,phak,explanation,auto,from the Task I References line,Gear position in an amphibious airplane.
CA.IV.I.R7,risk-management,explanation,auto,from the Task I References line,Gear position in an amphibious airplane.
CA.IV.I.R7,seaplane,explanation,auto,from the Task I References line,Gear position in an amphibious airplane.
CA.IV.I.S1,afh,explanation,auto,from the Task I References line,Complete the appropriate checklist(s).
CA.IV.I.S1,aim,guidance,auto,from the Task I References line,Complete the appropriate checklist(s).
CA.IV.I.S1,phak,explanation,auto,from the Task I References line,Complete the appropriate checklist(s).
CA.IV.I.S1,risk-management,explanation,auto,from the Task I References line,Complete the appropriate checklist(s).
CA.IV.I.S1,seaplane,explanation,auto,from the Task I References line,Complete the appropriate checklist(s).
CA.IV.I.S10,afh,explanation,auto,from the Task I References line,Configure the airplane after a positive rate of climb has been verified or in accordance with airplane manufacturer’s instructions.
CA.IV.I.S10,aim,guidance,auto,from the Task I References line,Configure the airplane after a positive rate of climb has been verified or in accordance with airplane manufacturer’s instructions.
CA.IV.I.S10,phak,explanation,auto,from the Task I References line,Configure the airplane after a positive rate of climb has been verified or in accordance with airplane manufacturer’s instructions.
CA.IV.I.S10,risk-management,explanation,auto,from the Task I References line,Configure the airplane after a positive rate of climb has been verified or in accordance with airplane manufacturer’s instructions.
CA.IV.I.S10,seaplane,explanation,auto,from the Task I References line,Configure the airplane after a positive rate of climb has been verified or in accordance with airplane manufacturer’s instructions.
CA.IV.I.S11,afh,explanation,auto,from the Task I References line,Maintain VY ±5 knots to a safe maneuvering altitude.
CA.IV.I.S11,aim,guidance,auto,from the Task I References line,Maintain VY ±5 knots to a safe maneuvering altitude.
CA.IV.I.S11,phak,explanation,auto,from the Task I References line,Maintain VY ±5 knots to a safe maneuvering altitude.
CA.IV.I.S11,risk-management,explanation,auto,from the Task I References line,Maintain VY ±5 knots to a safe maneuvering altitude.
CA.IV.I.S11,seaplane,explanation,auto,from the Task I References line,Maintain VY ±5 knots to a safe maneuvering altitude.
CA.IV.I.S12,afh,explanation,auto,from the Task I References line,Maintain directional control throughout takeoff and climb. 30
CA.IV.I.S12,aim,guidance,auto,from the Task I References line,Maintain directional control throughout takeoff and climb. 30
CA.IV.I.S12,phak,explanation,auto,from the Task I References line,Maintain directional control throughout takeoff and climb. 30
CA.IV.I.S12,risk-management,explanation,auto,from the Task I References line,Maintain directional control throughout takeoff and climb. 30
CA.IV.I.S12,seaplane,explanation,auto,from the Task I References line,Maintain directional control throughout takeoff and climb. 30
CA.IV.I.S2,afh,explanation,auto,from the Task I References line,Make radio calls as appropriate.
CA.IV.I.S2,aim,guidance,auto,from the Task I References line,Make radio calls as appropriate.
CA.IV.I.S2,phak,explanation,auto,from the Task I References line,Make radio calls as appropriate.
CA.IV.I.S2,risk-management,explanation,auto,from the Task I References line,Make radio calls as appropriate.
CA.IV.I.S2,seaplane,explanation,auto,from the Task I References line,Make radio calls as appropriate.
CA.IV.I.S3,afh,explanation,auto,from the Task I References line,Position flight controls and configure the aircraft for the existing conditions.
CA.IV.I.S3,aim,guidance,auto,from the Task I References line,Position flight controls and configure the aircraft for the existing conditions.
CA.IV.I.S3,phak,explanation,auto,from the Task I References line,Position flight controls and configure the aircraft for the existing conditions.
CA.IV.I.S3,risk-management,explanation,auto,from the Task I References line,Position flight controls and configure the aircraft for the existing conditions.
CA.IV.I.S3,seaplane,explanation,auto,from the Task I References line,Position flight controls and configure the aircraft for the existing conditions.
CA.IV.I.S4,afh,explanation,auto,from the Task I References line,"Clear the area, select appropriate takeoff path considering surface hazards or vessels and surface conditions."
CA.IV.I.S4,aim,guidance,auto,from the Task I References line,"Clear the area, select appropriate takeoff path considering surface hazards or vessels and surface conditions."
CA.IV.I.S4,phak,explanation,auto,from the Task I References line,"Clear the area, select appropriate takeoff path considering surface hazards or vessels and surface conditions."
CA.IV.I.S4,risk-management,explanation,auto,from the Task I References line,"Clear the area, select appropriate takeoff path considering surface hazards or vessels and surface conditions."
CA.IV.I.S4,seaplane,explanation,auto,from the Task I References line,"Clear the area, select appropriate takeoff path considering surface hazards or vessels and surface conditions."
CA.IV.I.S4a,afh,explanation,auto,from the Task I References line,"a. Retract the water rudders, as appropriate"
CA.IV.I.S4a,aim,guidance,auto,from the Task I References line,"a. Retract the water rudders, as appropriate"
CA.IV.I.S4a,phak,explanation,auto,from the Task I References line,"a. Retract the water rudders, as appropriate"
CA.IV.I.S4a,risk-management,explanation,auto,from the Task I References line,"a. Retract the water rudders, as appropriate"
CA.IV.I.S4a,seaplane,explanation,auto,from the Task I References line,"a. Retract the water rudders, as appropriate"
CA.IV.I.S4b,afh,explanation,auto,from the Task I References line,b. Advance the throttle smoothly to takeoff power and confirm proper engine and flight instrument indications prior to rotation
CA.IV.I.S4b,aim,guidance,auto,from the Task I References line,b. Advance the throttle smoothly to takeoff power and confirm proper engine and flight instrument indications prior to rotation
CA.IV.I.S4b,phak,explanation,auto,from the Task I References line,b. Advance the throttle smoothly to takeoff power and confirm proper engine and flight instrument indications prior to rotation
CA.IV.I.S4b,risk-management,explanation,auto,from the Task I References line,b. Advance the throttle smoothly to takeoff power and confirm proper engine and flight instrument indications prior to rotation
CA.IV.I.S4b,seaplane,explanation,auto,from the Task I References line,b. Advance the throttle smoothly to takeoff power and confirm proper engine and flight instrument indications prior to rotation
CA.IV.I.S5,afh,explanation,auto,from the Task I References line,[Archived]
CA.IV.I.S5,aim,guidance,auto,from the Task I References line,[Archived]
CA.IV.I.S5,phak,explanation,auto,from the Task I References line,[Archived]
CA.IV.I.S5,risk-management,explanation,auto,from the Task I References line,[Archived]
CA.IV.I.S5,seaplane,explanation,auto,from the Task I References line,[Archived]
CA.IV.I.S6,afh,explanation,auto,from the Task I References line,"Establish and maintain an appropriate planing attitude, directional control, and correct for porpoising, skipping, and increase in water drag."
CA.IV.I.S6,aim,guidance,auto,from the Task I References line,"Establish and maintain an appropriate planing attitude, directional control, and correct for porpoising, skipping, and increase in water drag."
CA.IV.I.S6,phak,explanation,auto,from the Task I References line,"Establish and maintain an appropriate planing attitude, directional control, and correct for porpoising, skipping, and increase in water drag."
CA.IV.I.S6,risk-management,explanation,auto,from the Task I References line,"Establish and maintain an appropriate planing attitude, directional control, and correct for porpoising, skipping, and increase in water drag."
CA.IV.I.S6,seaplane,explanation,auto,from the Task I References line,"Establish and maintain an appropriate planing attitude, directional control, and correct for porpoising, skipping, and increase in water drag."
CA.IV.I.S7,afh,explanation,auto,from the Task I References line,Avoid excessive water spray on the propeller(s).
CA.IV.I.S7,aim,guidance,auto,from the Task I References line,Avoid excessive water spray on the propeller(s).
CA.IV.I.S7,phak,explanation,auto,from the Task I References line,Avoid excessive water spray on the propeller(s).
CA.IV.I.S7,risk-management,explanation,auto,from the Task I References line,Avoid excessive water spray on the propeller(s).
CA.IV.I.S7,seaplane,explanation,auto,from the Task I References line,Avoid excessive water spray on the propeller(s).
CA.IV.I.S8,afh,explanation,auto,from the Task I References line,Use appropriate techniques to lift seaplane from the water considering surface conditions.
CA.IV.I.S8,aim,guidance,auto,from the Task I References line,Use appropriate techniques to lift seaplane from the water considering surface conditions.
CA.IV.I.S8,phak,explanation,auto,from the Task I References line,Use appropriate techniques to lift seaplane from the water considering surface conditions.
CA.IV.I.S8,risk-management,explanation,auto,from the Task I References line,Use appropriate techniques to lift seaplane from the water considering surface conditions.
CA.IV.I.S8,seaplane,explanation,auto,from the Task I References line,Use appropriate techniques to lift seaplane from the water considering surface conditions.
CA.IV.I.S9,afh,explanation,auto,from the Task I References line,Establish proper attitude/airspeed and accelerate to VY ±5 knots during the climb.
CA.IV.I.S9,aim,guidance,auto,from the Task I References line,Establish proper attitude/airspeed and accelerate to VY ±5 knots during the climb.
CA.IV.I.S9,phak,explanation,auto,from the Task I References line,Establish proper attitude/airspeed and accelerate to VY ±5 knots during the climb.
CA.IV.I.S9,risk-management,explanation,auto,from the Task I References line,Establish proper attitude/airspeed and accelerate to VY ±5 knots during the climb.
CA.IV.I.S9,seaplane,explanation,auto,from the Task I References line,Establish proper attitude/airspeed and accelerate to VY ±5 knots during the climb.
CA.IV.J.K1,afh,explanation,auto,from the Task J References line,"A stabilized approach, including energy management concepts."
CA.IV.J.K1,aim,guidance,auto,from the Task J References line,"A stabilized approach, including energy management concepts."
CA.IV.J.K1,phak,explanation,auto,from the Task J References line,"A stabilized approach, including energy management concepts."
CA.IV.J.K1,risk-management,explanation,auto,from the Task J References line,"A stabilized approach, including energy management concepts."
CA.IV.J.K1,seaplane,explanation,auto,from the Task J References line,"A stabilized approach, including energy management concepts."
CA.IV.J.K2,afh,explanation,auto,from the Task J References line,"Effects of atmospheric conditions, including wind, on approach and landing performance."
CA.IV.J.K2,aim,guidance,auto,from the Task J References line,"Effects of atmospheric conditions, including wind, on approach and landing performance."
CA.IV.J.K2,phak,explanation,auto,from the Task J References line,"Effects of atmospheric conditions, including wind, on approach and landing performance."
CA.IV.J.K2,risk-management,explanation,auto,from the Task J References line,"Effects of atmospheric conditions, including wind, on approach and landing performance."
CA.IV.J.K2,seaplane,explanation,auto,from the Task J References line,"Effects of atmospheric conditions, including wind, on approach and landing performance."
CA.IV.J.K3,afh,explanation,auto,from the Task J References line,When and why glassy water techniques are used.
CA.IV.J.K3,aim,guidance,auto,from the Task J References line,When and why glassy water techniques are used.
CA.IV.J.K3,phak,explanation,auto,from the Task J References line,When and why glassy water techniques are used.
CA.IV.J.K3,risk-management,explanation,auto,from the Task J References line,When and why glassy water techniques are used.
CA.IV.J.K3,seaplane,explanation,auto,from the Task J References line,When and why glassy water techniques are used.
CA.IV.J.K4,afh,explanation,auto,from the Task J References line,How a glassy water approach and landing is executed.
CA.IV.J.K4,aim,guidance,auto,from the Task J References line,How a glassy water approach and landing is executed.
CA.IV.J.K4,phak,explanation,auto,from the Task J References line,How a glassy water approach and landing is executed.
CA.IV.J.K4,risk-management,explanation,auto,from the Task J References line,How a glassy water approach and landing is executed.
CA.IV.J.K4,seaplane,explanation,auto,from the Task J References line,How a glassy water approach and landing is executed.
CA.IV.J.R1,afh,explanation,auto,from the Task J References line,"Selection of approach path and touchdown area based on pilot capability, airplane performance and limitations, and available distance."
CA.IV.J.R1,aim,guidance,auto,from the Task J References line,"Selection of approach path and touchdown area based on pilot capability, airplane performance and limitations, and available distance."
CA.IV.J.R1,phak,explanation,auto,from the Task J References line,"Selection of approach path and touchdown area based on pilot capability, airplane performance and limitations, and available distance."
CA.IV.J.R1,risk-management,explanation,auto,from the Task J References line,"Selection of approach path and touchdown area based on pilot capability, airplane performance and limitations, and available distance."
CA.IV.J.R1,seaplane,explanation,auto,from the Task J References line,"Selection of approach path and touchdown area based on pilot capability, airplane performance and limitations, and available distance."
CA.IV.J.R2,afh,explanation,auto,from the Task J References line,Water surface/condition.
CA.IV.J.R2,aim,guidance,auto,from the Task J References line,Water surface/condition.
CA.IV.J.R2,phak,explanation,auto,from the Task J References line,Water surface/condition.
CA.IV.J.R2,risk-management,explanation,auto,from the Task J References line,Water surface/condition.
CA.IV.J.R2,seaplane,explanation,auto,from the Task J References line,Water surface/condition.
CA.IV.J.R3,afh,explanation,auto,from the Task J References line,Planning for a go-around and rejected landing.
CA.IV.J.R3,aim,guidance,auto,from the Task J References line,Planning for a go-around and rejected landing.
CA.IV.J.R3,phak,explanation,auto,from the Task J References line,Planning for a go-around and rejected landing.
CA.IV.J.R3,risk-management,explanation,auto,from the Task J References line,Planning for a go-around and rejected landing.
CA.IV.J.R3,seaplane,explanation,auto,from the Task J References line,Planning for a go-around and rejected landing.
CA.IV.J.R4,afh,explanation,auto,from the Task J References line,Collision hazards.
CA.IV.J.R4,aim,guidance,auto,from the Task J References line,Collision hazards.
CA.IV.J.R4,phak,explanation,auto,from the Task J References line,Collision hazards.
CA.IV.J.R4,risk-management,explanation,auto,from the Task J References line,Collision hazards.
CA.IV.J.R4,seaplane,explanation,auto,from the Task J References line,Collision hazards.
CA.IV.J.R5,afh,explanation,auto,from the Task J References line,"Low altitude maneuvering, including stall, spin, or controlled flight into terrain (CFIT)."
CA.IV.J.R5,aim,guidance,auto,from the Task J References line,"Low altitude maneuvering, including stall, spin, or controlled flight into terrain (CFIT)."
CA.IV.J.R5,phak,explanation,auto,from the Task J References line,"Low altitude maneuvering, including stall, spin, or controlled flight into terrain (CFIT)."
CA.IV.J.R5,risk-management,explanation,auto,from the Task J References line,"Low altitude maneuvering, including stall, spin, or controlled flight into terrain (CFIT)."
CA.IV.J.R5,seaplane,explanation,auto,from the Task J References line,"Low altitude maneuvering, including stall, spin, or controlled flight into terrain (CFIT)."
CA.IV.J.R6,afh,explanation,auto,from the Task J References line,"Distractions, task prioritization, loss of situational awareness, or disorientation."
CA.IV.J.R6,aim,guidance,auto,from the Task J References line,"Distractions, task prioritization, loss of situational awareness, or disorientation."
CA.IV.J.R6,phak,explanation,auto,from the Task J References line,"Distractions, task prioritization, loss of situational awareness, or disorientation."
CA.IV.J.R6,risk-management,explanation,auto,from the Task J References line,"Distractions, task prioritization, loss of situational awareness, or disorientation."
CA.IV.J.R6,seaplane,explanation,auto,from the Task J References line,"Distractions, task prioritization, loss of situational awareness, or disorientation."
CA.IV.J.R7,afh,explanation,auto,from the Task J References line,Gear position in an amphibious airplane.
CA.IV.J.R7,aim,guidance,auto,from the Task J References line,Gear position in an amphibious airplane.
CA.IV.J.R7,phak,explanation,auto,from the Task J References line,Gear position in an amphibious airplane.
CA.IV.J.R7,risk-management,explanation,auto,from the Task J References line,Gear position in an amphibious airplane.
CA.IV.J.R7,seaplane,explanation,auto,from the Task J References line,Gear position in an amphibious airplane.
CA.IV.J.S1,afh,explanation,auto,from the Task J References line,Complete the appropriate checklist(s).
CA.IV.J.S1,aim,guidance,auto,from the Task J References line,Complete the appropriate checklist(s).
CA.IV.J.S1,phak,explanation,auto,from the Task J References line,Complete the appropriate checklist(s).
CA.IV.J.S1,risk-management,explanation,auto,from the Task J References line,Complete the appropriate checklist(s).
CA.IV.J.S1,seaplane,explanation,auto,from the Task J References line,Complete the appropriate checklist(s).
CA.IV.J.S2,afh,explanation,auto,from the Task J References line,Make radio calls as appropriate.
CA.IV.J.S2,aim,guidance,auto,from the Task J References line,Make radio calls as appropriate.
CA.IV.J.S2,phak,explanation,auto,from the Task J References line,Make radio calls as appropriate.
CA.IV.J.S2,risk-management,explanation,auto,from the Task J References line,Make radio calls as appropriate.
CA.IV.J.S2,seaplane,explanation,auto,from the Task J References line,Make radio calls as appropriate.
CA.IV.J.S3,afh,explanation,auto,from the Task J References line,Scan the landing area for traffic and obstructions.
CA.IV.J.S3,aim,guidance,auto,from the Task J References line,Scan the landing area for traffic and obstructions.
CA.IV.J.S3,phak,explanation,auto,from the Task J References line,Scan the landing area for traffic and obstructions.
CA.IV.J.S3,risk-management,explanation,auto,from the Task J References line,Scan the landing area for traffic and obstructions.
CA.IV.J.S3,seaplane,explanation,auto,from the Task J References line,Scan the landing area for traffic and obstructions.
CA.IV.J.S4,afh,explanation,auto,from the Task J References line,"Select a proper approach and landing path considering the landing surface, visual attitude references, water depth, and collision hazards."
CA.IV.J.S4,aim,guidance,auto,from the Task J References line,"Select a proper approach and landing path considering the landing surface, visual attitude references, water depth, and collision hazards."
CA.IV.J.S4,phak,explanation,auto,from the Task J References line,"Select a proper approach and landing path considering the landing surface, visual attitude references, water depth, and collision hazards."
CA.IV.J.S4,risk-management,explanation,auto,from the Task J References line,"Select a proper approach and landing path considering the landing surface, visual attitude references, water depth, and collision hazards."
CA.IV.J.S4,seaplane,explanation,auto,from the Task J References line,"Select a proper approach and landing path considering the landing surface, visual attitude references, water depth, and collision hazards."
CA.IV.J.S5,afh,explanation,auto,from the Task J References line,"Establish the recommended approach and landing configuration, airspeed, and trim, and adjust pitch attitude and power as required to maintain a stabilized approach."
CA.IV.J.S5,aim,guidance,auto,from the Task J References line,"Establish the recommended approach and landing configuration, airspeed, and trim, and adjust pitch attitude and power as required to maintain a stabilized approach."
CA.IV.J.S5,phak,explanation,auto,from the Task J References line,"Establish the recommended approach and landing configuration, airspeed, and trim, and adjust pitch attitude and power as required to maintain a stabilized approach."
CA.IV.J.S5,risk-management,explanation,auto,from the Task J References line,"Establish the recommended approach and landing configuration, airspeed, and trim, and adjust pitch attitude and power as required to maintain a stabilized approach."
CA.IV.J.S5,seaplane,explanation,auto,from the Task J References line,"Establish the recommended approach and landing configuration, airspeed, and trim, and adjust pitch attitude and power as required to maintain a stabilized approach."
CA.IV.J.S6,afh,explanation,auto,from the Task J References line,"Maintain manufacturer’s published approach airspeed or in its absence not more than 1.3 VSO, ±5 knots."
CA.IV.J.S6,aim,guidance,auto,from the Task J References line,"Maintain manufacturer’s published approach airspeed or in its absence not more than 1.3 VSO, ±5 knots."
CA.IV.J.S6,phak,explanation,auto,from the Task J References line,"Maintain manufacturer’s published approach airspeed or in its absence not more than 1.3 VSO, ±5 knots."
CA.IV.J.S6,risk-management,explanation,auto,from the Task J References line,"Maintain manufacturer’s published approach airspeed or in its absence not more than 1.3 VSO, ±5 knots."
CA.IV.J.S6,seaplane,explanation,auto,from the Task J References line,"Maintain manufacturer’s published approach airspeed or in its absence not more than 1.3 VSO, ±5 knots."
CA.IV.J.S7,afh,explanation,auto,from the Task J References line,"Make smooth, timely, and correct power and control adjustments to maintain proper pitch attitude and rate of descent to touchdown."
CA.IV.J.S7,aim,guidance,auto,from the Task J References line,"Make smooth, timely, and correct power and control adjustments to maintain proper pitch attitude and rate of descent to touchdown."
CA.IV.J.S7,phak,explanation,auto,from the Task J References line,"Make smooth, timely, and correct power and control adjustments to maintain proper pitch attitude and rate of descent to touchdown."
CA.IV.J.S7,risk-management,explanation,auto,from the Task J References line,"Make smooth, timely, and correct power and control adjustments to maintain proper pitch attitude and rate of descent to touchdown."
CA.IV.J.S7,seaplane,explanation,auto,from the Task J References line,"Make smooth, timely, and correct power and control adjustments to maintain proper pitch attitude and rate of descent to touchdown."
CA.IV.J.S8,afh,explanation,auto,from the Task J References line,"Contact the water in a proper pitch attitude, and slow to idle taxi speed."
CA.IV.J.S8,aim,guidance,auto,from the Task J References line,"Contact the water in a proper pitch attitude, and slow to idle taxi speed."
CA.IV.J.S8,phak,explanation,auto,from the Task J References line,"Contact the water in a proper pitch attitude, and slow to idle taxi speed."
CA.IV.J.S8,risk-management,explanation,auto,from the Task J References line,"Contact the water in a proper pitch attitude, and slow to idle taxi speed."
CA.IV.J.S8,seaplane,explanation,auto,from the Task J References line,"Contact the water in a proper pitch attitude, and slow to idle taxi speed."
CA.IV.J.S9,afh,explanation,auto,from the Task J References line,Maintain directional control throughout the approach and landing. 31
CA.IV.J.S9,aim,guidance,auto,from the Task J References line,Maintain directional control throughout the approach and landing. 31
CA.IV.J.S9,phak,explanation,auto,from the Task J References line,Maintain directional control throughout the approach and landing. 31
CA.IV.J.S9,risk-management,explanation,auto,from the Task J References line,Maintain directional control throughout the approach and landing. 31
CA.IV.J.S9,seaplane,explanation,auto,from the Task J References line,Maintain directional control throughout the approach and landing. 31
CA.IV.K.K1,afh,explanation,auto,from the Task K References line,"Effects of atmospheric conditions, including wind, on takeoff and climb performance."
CA.IV.K.K1,aim,guidance,auto,from the Task K References line,"Effects of atmospheric conditions, including wind, on takeoff and climb performance."
CA.IV.K.K1,phak,explanation,auto,from the Task K References line,"Effects of atmospheric conditions, including wind, on takeoff and climb performance."
CA.IV.K.K1,risk-management,explanation,auto,from the Task K References line,"Effects of atmospheric conditions, including wind, on takeoff and climb performance."
CA.IV.K.K1,seaplane,explanation,auto,from the Task K References line,"Effects of atmospheric conditions, including wind, on takeoff and climb performance."
CA.IV.K.K2,afh,explanation,auto,from the Task K References line,Best angle of climb speed (VX) and best rate of climb speed (VY).
CA.IV.K.K2,aim,guidance,auto,from the Task K References line,Best angle of climb speed (VX) and best rate of climb speed (VY).
CA.IV.K.K2,phak,explanation,auto,from the Task K References line,Best angle of climb speed (VX) and best rate of climb speed (VY).
CA.IV.K.K2,risk-management,explanation,auto,from the Task K References line,Best angle of climb speed (VX) and best rate of climb speed (VY).
CA.IV.K.K2,seaplane,explanation,auto,from the Task K References line,Best angle of climb speed (VX) and best rate of climb speed (VY).
CA.IV.K.K3,afh,explanation,auto,from the Task K References line,Appropriate airplane configuration.
CA.IV.K.K3,aim,guidance,auto,from the Task K References line,Appropriate airplane configuration.
CA.IV.K.K3,phak,explanation,auto,from the Task K References line,Appropriate airplane configuration.
CA.IV.K.K3,risk-management,explanation,auto,from the Task K References line,Appropriate airplane configuration.
CA.IV.K.K3,seaplane,explanation,auto,from the Task K References line,Appropriate airplane configuration.
CA.IV.K.K4,afh,explanation,auto,from the Task K References line,Appropriate use of rough water takeoff and climb technique.
CA.IV.K.K4,aim,guidance,auto,from the Task K References line,Appropriate use of rough water takeoff and climb technique.
CA.IV.K.K4,phak,explanation,auto,from the Task K References line,Appropriate use of rough water takeoff and climb technique.
CA.IV.K.K4,risk-management,explanation,auto,from the Task K References line,Appropriate use of rough water takeoff and climb technique.
CA.IV.K.K4,seaplane,explanation,auto,from the Task K References line,Appropriate use of rough water takeoff and climb technique.
CA.IV.K.R1,afh,explanation,auto,from the Task K References line,"Selection of takeoff path based on pilot capability, airplane performance and limitations, available distance, and wind."
CA.IV.K.R1,aim,guidance,auto,from the Task K References line,"Selection of takeoff path based on pilot capability, airplane performance and limitations, available distance, and wind."
CA.IV.K.R1,phak,explanation,auto,from the Task K References line,"Selection of takeoff path based on pilot capability, airplane performance and limitations, available distance, and wind."
CA.IV.K.R1,risk-management,explanation,auto,from the Task K References line,"Selection of takeoff path based on pilot capability, airplane performance and limitations, available distance, and wind."
CA.IV.K.R1,seaplane,explanation,auto,from the Task K References line,"Selection of takeoff path based on pilot capability, airplane performance and limitations, available distance, and wind."
CA.IV.K.R2,afh,explanation,auto,from the Task K References line,Effects of:
CA.IV.K.R2,aim,guidance,auto,from the Task K References line,Effects of:
CA.IV.K.R2,phak,explanation,auto,from the Task K References line,Effects of:
CA.IV.K.R2,risk-management,explanation,auto,from the Task K References line,Effects of:
CA.IV.K.R2,seaplane,explanation,auto,from the Task K References line,Effects of:
CA.IV.K.R2a,afh,explanation,auto,from the Task K References line,a. Crosswind
CA.IV.K.R2a,aim,guidance,auto,from the Task K References line,a. Crosswind
CA.IV.K.R2a,phak,explanation,auto,from the Task K References line,a. Crosswind
CA.IV.K.R2a,risk-management,explanation,auto,from the Task K References line,a. Crosswind
CA.IV.K.R2a,seaplane,explanation,auto,from the Task K References line,a. Crosswind
CA.IV.K.R2b,afh,explanation,auto,from the Task K References line,b. Windshear
CA.IV.K.R2b,aim,guidance,auto,from the Task K References line,b. Windshear
CA.IV.K.R2b,phak,explanation,auto,from the Task K References line,b. Windshear
CA.IV.K.R2b,risk-management,explanation,auto,from the Task K References line,b. Windshear
CA.IV.K.R2b,seaplane,explanation,auto,from the Task K References line,b. Windshear
CA.IV.K.R2c,afh,explanation,auto,from the Task K References line,c. Tailwind
CA.IV.K.R2c,aim,guidance,auto,from the Task K References line,c. Tailwind
CA.IV.K.R2c,phak,explanation,auto,from the Task K References line,c. Tailwind
CA.IV.K.R2c,risk-management,explanation,auto,from the Task K References line,c. Tailwind
CA.IV.K.R2c,seaplane,explanation,auto,from the Task K References line,c. Tailwind
CA.IV.K.R2d,afh,explanation,auto,from the Task K References line,d. Wake turbulence
CA.IV.K.R2d,aim,guidance,auto,from the Task K References line,d. Wake turbulence
CA.IV.K.R2d,phak,explanation,auto,from the Task K References line,d. Wake turbulence
CA.IV.K.R2d,risk-management,explanation,auto,from the Task K References line,d. Wake turbulence
CA.IV.K.R2d,seaplane,explanation,auto,from the Task K References line,d. Wake turbulence
CA.IV.K.R2e,afh,explanation,auto,from the Task K References line,e. Water surface/condition
CA.IV.K.R2e,aim,guidance,auto,from the Task K References line,e. Water surface/condition
CA.IV.K.R2e,phak,explanation,auto,from the Task K References line,e. Water surface/condition
CA.IV.K.R2e,risk-management,explanation,auto,from the Task K References line,e. Water surface/condition
CA.IV.K.R2e,seaplane,explanation,auto,from the Task K References line,e. Water surface/condition
CA.IV.K.R3,afh,explanation,auto,from the Task K References line,"Abnormal operations, including planning for:"
CA.IV.K.R3,aim,guidance,auto,from the Task K References line,"Abnormal operations, including planning for:"
CA.IV.K.R3,phak,explanation,auto,from the Task K References line,"Abnormal operations, including planning for:"
CA.IV.K.R3,risk-management,explanation,auto,from the Task K References line,"Abnormal operations, including planning for:"
CA.IV.K.R3,seaplane,explanation,auto,from the Task K References line,"Abnormal operations, including planning for:"
CA.IV.K.R3a,afh,explanation,auto,from the Task K References line,a. Rejected takeoff
CA.IV.K.R3a,aim,guidance,auto,from the Task K References line,a. Rejected takeoff
CA.IV.K.R3a,phak,explanation,auto,from the Task K References line,a. Rejected takeoff
CA.IV.K.R3a,risk-management,explanation,auto,from the Task K References line,a. Rejected takeoff
CA.IV.K.R3a,seaplane,explanation,auto,from the Task K References line,a. Rejected takeoff
CA.IV.K.R3b,afh,explanation,auto,from the Task K References line,b. Potential engine failure in takeoff/climb phase of flight
CA.IV.K.R3b,aim,guidance,auto,from the Task K References line,b. Potential engine failure in takeoff/climb phase of flight
CA.IV.K.R3b,phak,explanation,auto,from the Task K References line,b. Potential engine failure in takeoff/climb phase of flight
CA.IV.K.R3b,risk-management,explanation,auto,from the Task K References line,b. Potential engine failure in takeoff/climb phase of flight
CA.IV.K.R3b,seaplane,explanation,auto,from the Task K References line,b. Potential engine failure in takeoff/climb phase of flight
CA.IV.K.R4,afh,explanation,auto,from the Task K References line,Collision hazards.
CA.IV.K.R4,aim,guidance,auto,from the Task K References line,Collision hazards.
CA.IV.K.R4,phak,explanation,auto,from the Task K References line,Collision hazards.
CA.IV.K.R4,risk-management,explanation,auto,from the Task K References line,Collision hazards.
CA.IV.K.R4,seaplane,explanation,auto,from the Task K References line,Collision hazards.
CA.IV.K.R5,afh,explanation,auto,from the Task K References line,"Low altitude maneuvering, including stall, spin, or controlled flight into terrain (CFIT)."
CA.IV.K.R5,aim,guidance,auto,from the Task K References line,"Low altitude maneuvering, including stall, spin, or controlled flight into terrain (CFIT)."
CA.IV.K.R5,phak,explanation,auto,from the Task K References line,"Low altitude maneuvering, including stall, spin, or controlled flight into terrain (CFIT)."
CA.IV.K.R5,risk-management,explanation,auto,from the Task K References line,"Low altitude maneuvering, including stall, spin, or controlled flight into terrain (CFIT)."
CA.IV.K.R5,seaplane,explanation,auto,from the Task K References line,"Low altitude maneuvering, including stall, spin, or controlled flight into terrain (CFIT)."
CA.IV.K.R6,afh,explanation,auto,from the Task K References line,"Distractions, task prioritization, loss of situational awareness, or disorientation."
CA.IV.K.R6,aim,guidance,auto,from the Task K References line,"Distractions, task prioritization, loss of situational awareness, or disorientation."
CA.IV.K.R6,phak,explanation,auto,from the Task K References line,"Distractions, task prioritization, loss of situational awareness, or disorientation."
CA.IV.K.R6,risk-management,explanation,auto,from the Task K References line,"Distractions, task prioritization, loss of situational awareness, or disorientation."
CA.IV.K.R6,seaplane,explanation,auto,from the Task K References line,"Distractions, task prioritization, loss of situational awareness, or disorientation."
CA.IV.K.R7,afh,explanation,auto,from the Task K References line,Gear position in an amphibious airplane.
CA.IV.K.R7,aim,guidance,auto,from the Task K References line,Gear position in an amphibious airplane.
CA.IV.K.R7,phak,explanation,auto,from the Task K References line,Gear position in an amphibious airplane.
CA.IV.K.R7,risk-management,explanation,auto,from the Task K References line,Gear position in an amphibious airplane.
CA.IV.K.R7,seaplane,explanation,auto,from the Task K References line,Gear position in an amphibious airplane.
CA.IV.K.S1,afh,explanation,auto,from the Task K References line,Complete the appropriate checklist(s).
CA.IV.K.S1,aim,guidance,auto,from the Task K References line,Complete the appropriate checklist(s).
CA.IV.K.S1,phak,explanation,auto,from the Task K References line,Complete the appropriate checklist(s).
CA.IV.K.S1,risk-management,explanation,auto,from the Task K References line,Complete the appropriate checklist(s).
CA.IV.K.S1,seaplane,explanation,auto,from the Task K References line,Complete the appropriate checklist(s).
CA.IV.K.S10,afh,explanation,auto,from the Task K References line,Lift off at minimum airspeed and accelerate to VY ±5 knots before leaving ground effect.
CA.IV.K.S10,aim,guidance,auto,from the Task K References line,Lift off at minimum airspeed and accelerate to VY ±5 knots before leaving ground effect.
CA.IV.K.S10,phak,explanation,auto,from the Task K References line,Lift off at minimum airspeed and accelerate to VY ±5 knots before leaving ground effect.
CA.IV.K.S10,risk-management,explanation,auto,from the Task K References line,Lift off at minimum airspeed and accelerate to VY ±5 knots before leaving ground effect.
CA.IV.K.S10,seaplane,explanation,auto,from the Task K References line,Lift off at minimum airspeed and accelerate to VY ±5 knots before leaving ground effect.
CA.IV.K.S11,afh,explanation,auto,from the Task K References line,Configure the airplane after a positive rate of climb has been verified or in accordance with airplane manufacturer’s instructions.
CA.IV.K.S11,aim,guidance,auto,from the Task K References line,Configure the airplane after a positive rate of climb has been verified or in accordance with airplane manufacturer’s instructions.
CA.IV.K.S11,phak,explanation,auto,from the Task K References line,Configure the airplane after a positive rate of climb has been verified or in accordance with airplane manufacturer’s instructions.
CA.IV.K.S11,risk-management,explanation,auto,from the Task K References line,Configure the airplane after a positive rate of climb has been verified or in accordance with airplane manufacturer’s instructions.
CA.IV.K.S11,seaplane,explanation,auto,from the Task K References line,Configure the airplane after a positive rate of climb has been verified or in accordance with airplane manufacturer’s instructions.
CA.IV.K.S12,afh,explanation,auto,from the Task K References line,Maintain VY ±5 knots to a safe maneuvering altitude.
CA.IV.K.S12,aim,guidance,auto,from the Task K References line,Maintain VY ±5 knots to a safe maneuvering altitude.
CA.IV.K.S12,phak,explanation,auto,from the Task K References line,Maintain VY ±5 knots to a safe maneuvering altitude.
CA.IV.K.S12,risk-management,explanation,auto,from the Task K References line,Maintain VY ±5 knots to a safe maneuvering altitude.
CA.IV.K.S12,seaplane,explanation,auto,from the Task K References line,Maintain VY ±5 knots to a safe maneuvering altitude.
CA.IV.K.S13,afh,explanation,auto,from the Task K References line,Maintain directional control and proper wind-drift correction throughout takeoff and climb.
CA.IV.K.S13,aim,guidance,auto,from the Task K References line,Maintain directional control and proper wind-drift correction throughout takeoff and climb.
CA.IV.K.S13,phak,explanation,auto,from the Task K References line,Maintain directional control and proper wind-drift correction throughout takeoff and climb.
CA.IV.K.S13,risk-management,explanation,auto,from the Task K References line,Maintain directional control and proper wind-drift correction throughout takeoff and climb.
CA.IV.K.S13,seaplane,explanation,auto,from the Task K References line,Maintain directional control and proper wind-drift correction throughout takeoff and climb.
CA.IV.K.S2,afh,explanation,auto,from the Task K References line,Make radio calls as appropriate.
CA.IV.K.S2,aim,guidance,auto,from the Task K References line,Make radio calls as appropriate.
CA.IV.K.S2,phak,explanation,auto,from the Task K References line,Make radio calls as appropriate.
CA.IV.K.S2,risk-management,explanation,auto,from the Task K References line,Make radio calls as appropriate.
CA.IV.K.S2,seaplane,explanation,auto,from the Task K References line,Make radio calls as appropriate.
CA.IV.K.S3,afh,explanation,auto,from the Task K References line,Verify assigned/correct takeoff path.
CA.IV.K.S3,aim,guidance,auto,from the Task K References line,Verify assigned/correct takeoff path.
CA.IV.K.S3,phak,explanation,auto,from the Task K References line,Verify assigned/correct takeoff path.
CA.IV.K.S3,risk-management,explanation,auto,from the Task K References line,Verify assigned/correct takeoff path.
CA.IV.K.S3,seaplane,explanation,auto,from the Task K References line,Verify assigned/correct takeoff path.
CA.IV.K.S4,afh,explanation,auto,from the Task K References line,Determine wind direction with or without visible wind direction indicators.
CA.IV.K.S4,aim,guidance,auto,from the Task K References line,Determine wind direction with or without visible wind direction indicators.
CA.IV.K.S4,phak,explanation,auto,from the Task K References line,Determine wind direction with or without visible wind direction indicators.
CA.IV.K.S4,risk-management,explanation,auto,from the Task K References line,Determine wind direction with or without visible wind direction indicators.
CA.IV.K.S4,seaplane,explanation,auto,from the Task K References line,Determine wind direction with or without visible wind direction indicators.
CA.IV.K.S5,afh,explanation,auto,from the Task K References line,Position flight controls and configure the airplane for the existing conditions. 32
CA.IV.K.S5,aim,guidance,auto,from the Task K References line,Position flight controls and configure the airplane for the existing conditions. 32
CA.IV.K.S5,phak,explanation,auto,from the Task K References line,Position flight controls and configure the airplane for the existing conditions. 32
CA.IV.K.S5,risk-management,explanation,auto,from the Task K References line,Position flight controls and configure the airplane for the existing conditions. 32
CA.IV.K.S5,seaplane,explanation,auto,from the Task K References line,Position flight controls and configure the airplane for the existing conditions. 32
CA.IV.K.S6,afh,explanation,auto,from the Task K References line,"Clear the area, select an appropriate takeoff path considering wind, swells, surface hazards, or vessels."
CA.IV.K.S6,aim,guidance,auto,from the Task K References line,"Clear the area, select an appropriate takeoff path considering wind, swells, surface hazards, or vessels."
CA.IV.K.S6,phak,explanation,auto,from the Task K References line,"Clear the area, select an appropriate takeoff path considering wind, swells, surface hazards, or vessels."
CA.IV.K.S6,risk-management,explanation,auto,from the Task K References line,"Clear the area, select an appropriate takeoff path considering wind, swells, surface hazards, or vessels."
CA.IV.K.S6,seaplane,explanation,auto,from the Task K References line,"Clear the area, select an appropriate takeoff path considering wind, swells, surface hazards, or vessels."
CA.IV.K.S6a,afh,explanation,auto,from the Task K References line,"a. Retract the water rudders, as appropriate"
CA.IV.K.S6a,aim,guidance,auto,from the Task K References line,"a. Retract the water rudders, as appropriate"
CA.IV.K.S6a,phak,explanation,auto,from the Task K References line,"a. Retract the water rudders, as appropriate"
CA.IV.K.S6a,risk-management,explanation,auto,from the Task K References line,"a. Retract the water rudders, as appropriate"
CA.IV.K.S6a,seaplane,explanation,auto,from the Task K References line,"a. Retract the water rudders, as appropriate"
CA.IV.K.S6b,afh,explanation,auto,from the Task K References line,b. Advance the throttle smoothly to takeoff power and confirm proper engine and flight instrument indications prior to rotation
CA.IV.K.S6b,aim,guidance,auto,from the Task K References line,b. Advance the throttle smoothly to takeoff power and confirm proper engine and flight instrument indications prior to rotation
CA.IV.K.S6b,phak,explanation,auto,from the Task K References line,b. Advance the throttle smoothly to takeoff power and confirm proper engine and flight instrument indications prior to rotation
CA.IV.K.S6b,risk-management,explanation,auto,from the Task K References line,b. Advance the throttle smoothly to takeoff power and confirm proper engine and flight instrument indications prior to rotation
CA.IV.K.S6b,seaplane,explanation,auto,from the Task K References line,b. Advance the throttle smoothly to takeoff power and confirm proper engine and flight instrument indications prior to rotation
CA.IV.K.S7,afh,explanation,auto,from the Task K References line,[Archived]
CA.IV.K.S7,aim,guidance,auto,from the Task K References line,[Archived]
CA.IV.K.S7,phak,explanation,auto,from the Task K References line,[Archived]
CA.IV.K.S7,risk-management,explanation,auto,from the Task K References line,[Archived]
CA.IV.K.S7,seaplane,explanation,auto,from the Task K References line,[Archived]
CA.IV.K.S8,afh,explanation,auto,from the Task K References line,"Establish and maintain an appropriate planing attitude, directional control, and correct for porpoising, skipping, and increase in water drag."
CA.IV.K.S8,aim,guidance,auto,from the Task K References line,"Establish and maintain an appropriate planing attitude, directional control, and correct for porpoising, skipping, and increase in water drag."
CA.IV.K.S8,phak,explanation,auto,from the Task K References line,"Establish and maintain an appropriate planing attitude, directional control, and correct for porpoising, skipping, and increase in water drag."
CA.IV.K.S8,risk-management,explanation,auto,from the Task K References line,"Establish and maintain an appropriate planing attitude, directional control, and correct for porpoising, skipping, and increase in water drag."
CA.IV.K.S8,seaplane,explanation,auto,from the Task K References line,"Establish and maintain an appropriate planing attitude, directional control, and correct for porpoising, skipping, and increase in water drag."
CA.IV.K.S9,afh,explanation,auto,from the Task K References line,Avoid excessive water spray on the propeller(s).
CA.IV.K.S9,aim,guidance,auto,from the Task K References line,Avoid excessive water spray on the propeller(s).
CA.IV.K.S9,phak,explanation,auto,from the Task K References line,Avoid excessive water spray on the propeller(s).
CA.IV.K.S9,risk-management,explanation,auto,from the Task K References line,Avoid excessive water spray on the propeller(s).
CA.IV.K.S9,seaplane,explanation,auto,from the Task K References line,Avoid excessive water spray on the propeller(s).
CA.IV.L.K1,afh,explanation,auto,from the Task L References line,"A stabilized approach, including energy management concepts."
CA.IV.L.K1,aim,guidance,auto,from the Task L References line,"A stabilized approach, including energy management concepts."
CA.IV.L.K1,phak,explanation,auto,from the Task L References line,"A stabilized approach, including energy management concepts."
CA.IV.L.K1,risk-management,explanation,auto,from the Task L References line,"A stabilized approach, including energy management concepts."
CA.IV.L.K1,seaplane,explanation,auto,from the Task L References line,"A stabilized approach, including energy management concepts."
CA.IV.L.K2,afh,explanation,auto,from the Task L References line,"Effects of atmospheric conditions, including wind, on approach and landing performance."
CA.IV.L.K2,aim,guidance,auto,from the Task L References line,"Effects of atmospheric conditions, including wind, on approach and landing performance."
CA.IV.L.K2,phak,explanation,auto,from the Task L References line,"Effects of atmospheric conditions, including wind, on approach and landing performance."
CA.IV.L.K2,risk-management,explanation,auto,from the Task L References line,"Effects of atmospheric conditions, including wind, on approach and landing performance."
CA.IV.L.K2,seaplane,explanation,auto,from the Task L References line,"Effects of atmospheric conditions, including wind, on approach and landing performance."
CA.IV.L.K3,afh,explanation,auto,from the Task L References line,Wind correction techniques on approach and landing.
CA.IV.L.K3,aim,guidance,auto,from the Task L References line,Wind correction techniques on approach and landing.
CA.IV.L.K3,phak,explanation,auto,from the Task L References line,Wind correction techniques on approach and landing.
CA.IV.L.K3,risk-management,explanation,auto,from the Task L References line,Wind correction techniques on approach and landing.
CA.IV.L.K3,seaplane,explanation,auto,from the Task L References line,Wind correction techniques on approach and landing.
CA.IV.L.K4,afh,explanation,auto,from the Task L References line,When and why rough water techniques are used.
CA.IV.L.K4,aim,guidance,auto,from the Task L References line,When and why rough water techniques are used.
CA.IV.L.K4,phak,explanation,auto,from the Task L References line,When and why rough water techniques are used.
CA.IV.L.K4,risk-management,explanation,auto,from the Task L References line,When and why rough water techniques are used.
CA.IV.L.K4,seaplane,explanation,auto,from the Task L References line,When and why rough water techniques are used.
CA.IV.L.K5,afh,explanation,auto,from the Task L References line,How to perform a proper rough water approach and landing.
CA.IV.L.K5,aim,guidance,auto,from the Task L References line,How to perform a proper rough water approach and landing.
CA.IV.L.K5,phak,explanation,auto,from the Task L References line,How to perform a proper rough water approach and landing.
CA.IV.L.K5,risk-management,explanation,auto,from the Task L References line,How to perform a proper rough water approach and landing.
CA.IV.L.K5,seaplane,explanation,auto,from the Task L References line,How to perform a proper rough water approach and landing.
CA.IV.L.R1,afh,explanation,auto,from the Task L References line,"Selection of approach path and touchdown area based on pilot capability, airplane performance and limitations, available distance, and wind."
CA.IV.L.R1,aim,guidance,auto,from the Task L References line,"Selection of approach path and touchdown area based on pilot capability, airplane performance and limitations, available distance, and wind."
CA.IV.L.R1,phak,explanation,auto,from the Task L References line,"Selection of approach path and touchdown area based on pilot capability, airplane performance and limitations, available distance, and wind."
CA.IV.L.R1,risk-management,explanation,auto,from the Task L References line,"Selection of approach path and touchdown area based on pilot capability, airplane performance and limitations, available distance, and wind."
CA.IV.L.R1,seaplane,explanation,auto,from the Task L References line,"Selection of approach path and touchdown area based on pilot capability, airplane performance and limitations, available distance, and wind."
CA.IV.L.R2,afh,explanation,auto,from the Task L References line,Effects of:
CA.IV.L.R2,aim,guidance,auto,from the Task L References line,Effects of:
CA.IV.L.R2,phak,explanation,auto,from the Task L References line,Effects of:
CA.IV.L.R2,risk-management,explanation,auto,from the Task L References line,Effects of:
CA.IV.L.R2,seaplane,explanation,auto,from the Task L References line,Effects of:
CA.IV.L.R2a,afh,explanation,auto,from the Task L References line,a. Crosswind
CA.IV.L.R2a,aim,guidance,auto,from the Task L References line,a. Crosswind
CA.IV.L.R2a,phak,explanation,auto,from the Task L References line,a. Crosswind
CA.IV.L.R2a,risk-management,explanation,auto,from the Task L References line,a. Crosswind
CA.IV.L.R2a,seaplane,explanation,auto,from the Task L References line,a. Crosswind
CA.IV.L.R2b,afh,explanation,auto,from the Task L References line,b. Windshear
CA.IV.L.R2b,aim,guidance,auto,from the Task L References line,b. Windshear
CA.IV.L.R2b,phak,explanation,auto,from the Task L References line,b. Windshear
CA.IV.L.R2b,risk-management,explanation,auto,from the Task L References line,b. Windshear
CA.IV.L.R2b,seaplane,explanation,auto,from the Task L References line,b. Windshear
CA.IV.L.R2c,afh,explanation,auto,from the Task L References line,c. Tailwind
CA.IV.L.R2c,aim,guidance,auto,from the Task L References line,c. Tailwind
CA.IV.L.R2c,phak,explanation,auto,from the Task L References line,c. Tailwind
CA.IV.L.R2c,risk-management,explanation,auto,from the Task L References line,c. Tailwind
CA.IV.L.R2c,seaplane,explanation,auto,from the Task L References line,c. Tailwind
CA.IV.L.R2d,afh,explanation,auto,from the Task L References line,d. Wake turbulence
CA.IV.L.R2d,aim,guidance,auto,from the Task L References line,d. Wake turbulence
CA.IV.L.R2d,phak,explanation,auto,from the Task L References line,d. Wake turbulence
CA.IV.L.R2d,risk-management,explanation,auto,from the Task L References line,d. Wake turbulence
CA.IV.L.R2d,seaplane,explanation,auto,from the Task L References line,d. Wake turbulence
CA.IV.L.R2e,afh,explanation,auto,from the Task L References line,e. Water surface/condition 33
CA.IV.L.R2e,aim,guidance,auto,from the Task L References line,e. Water surface/condition 33
CA.IV.L.R2e,phak,explanation,auto,from the Task L References line,e. Water surface/condition 33
CA.IV.L.R2e,risk-management,explanation,auto,from the Task L References line,e. Water surface/condition 33
CA.IV.L.R2e,seaplane,explanation,auto,from the Task L References line,e. Water surface/condition 33
CA.IV.L.R3,afh,explanation,auto,from the Task L References line,Planning for a go-around and rejected landing.
CA.IV.L.R3,aim,guidance,auto,from the Task L References line,Planning for a go-around and rejected landing.
CA.IV.L.R3,phak,explanation,auto,from the Task L References line,Planning for a go-around and rejected landing.
CA.IV.L.R3,risk-management,explanation,auto,from the Task L References line,Planning for a go-around and rejected landing.
CA.IV.L.R3,seaplane,explanation,auto,from the Task L References line,Planning for a go-around and rejected landing.
CA.IV.L.R4,afh,explanation,auto,from the Task L References line,Collision hazards.
CA.IV.L.R4,aim,guidance,auto,from the Task L References line,Collision hazards.
CA.IV.L.R4,phak,explanation,auto,from the Task L References line,Collision hazards.
CA.IV.L.R4,risk-management,explanation,auto,from the Task L References line,Collision hazards.
CA.IV.L.R4,seaplane,explanation,auto,from the Task L References line,Collision hazards.
CA.IV.L.R5,afh,explanation,auto,from the Task L References line,"Low altitude maneuvering, including stall, spin, or controlled flight into terrain (CFIT)."
CA.IV.L.R5,aim,guidance,auto,from the Task L References line,"Low altitude maneuvering, including stall, spin, or controlled flight into terrain (CFIT)."
CA.IV.L.R5,phak,explanation,auto,from the Task L References line,"Low altitude maneuvering, including stall, spin, or controlled flight into terrain (CFIT)."
CA.IV.L.R5,risk-management,explanation,auto,from the Task L References line,"Low altitude maneuvering, including stall, spin, or controlled flight into terrain (CFIT)."
CA.IV.L.R5,seaplane,explanation,auto,from the Task L References line,"Low altitude maneuvering, including stall, spin, or controlled flight into terrain (CFIT)."
CA.IV.L.R6,afh,explanation,auto,from the Task L References line,"Distractions, task prioritization, loss of situational awareness, or disorientation."
CA.IV.L.R6,aim,guidance,auto,from the Task L References line,"Distractions, task prioritization, loss of situational awareness, or disorientation."
CA.IV.L.R6,phak,explanation,auto,from the Task L References line,"Distractions, task prioritization, loss of situational awareness, or disorientation."
CA.IV.L.R6,risk-management,explanation,auto,from the Task L References line,"Distractions, task prioritization, loss of situational awareness, or disorientation."
CA.IV.L.R6,seaplane,explanation,auto,from the Task L References line,"Distractions, task prioritization, loss of situational awareness, or disorientation."
CA.IV.L.R7,afh,explanation,auto,from the Task L References line,Gear position in an amphibious airplane.
CA.IV.L.R7,aim,guidance,auto,from the Task L References line,Gear position in an amphibious airplane.
CA.IV.L.R7,phak,explanation,auto,from the Task L References line,Gear position in an amphibious airplane.
CA.IV.L.R7,risk-management,explanation,auto,from the Task L References line,Gear position in an amphibious airplane.
CA.IV.L.R7,seaplane,explanation,auto,from the Task L References line,Gear position in an amphibious airplane.
CA.IV.L.S1,afh,explanation,auto,from the Task L References line,Complete the appropriate checklist(s).
CA.IV.L.S1,aim,guidance,auto,from the Task L References line,Complete the appropriate checklist(s).
CA.IV.L.S1,phak,explanation,auto,from the Task L References line,Complete the appropriate checklist(s).
CA.IV.L.S1,risk-management,explanation,auto,from the Task L References line,Complete the appropriate checklist(s).
CA.IV.L.S1,seaplane,explanation,auto,from the Task L References line,Complete the appropriate checklist(s).
CA.IV.L.S10,afh,explanation,auto,from the Task L References line,"Contact the water in a proper pitch attitude, considering the type of rough water."
CA.IV.L.S10,aim,guidance,auto,from the Task L References line,"Contact the water in a proper pitch attitude, considering the type of rough water."
CA.IV.L.S10,phak,explanation,auto,from the Task L References line,"Contact the water in a proper pitch attitude, considering the type of rough water."
CA.IV.L.S10,risk-management,explanation,auto,from the Task L References line,"Contact the water in a proper pitch attitude, considering the type of rough water."
CA.IV.L.S10,seaplane,explanation,auto,from the Task L References line,"Contact the water in a proper pitch attitude, considering the type of rough water."
CA.IV.L.S2,afh,explanation,auto,from the Task L References line,Make radio calls as appropriate.
CA.IV.L.S2,aim,guidance,auto,from the Task L References line,Make radio calls as appropriate.
CA.IV.L.S2,phak,explanation,auto,from the Task L References line,Make radio calls as appropriate.
CA.IV.L.S2,risk-management,explanation,auto,from the Task L References line,Make radio calls as appropriate.
CA.IV.L.S2,seaplane,explanation,auto,from the Task L References line,Make radio calls as appropriate.
CA.IV.L.S3,afh,explanation,auto,from the Task L References line,Ensure the airplane is aligned with the correct/assigned waterway.
CA.IV.L.S3,aim,guidance,auto,from the Task L References line,Ensure the airplane is aligned with the correct/assigned waterway.
CA.IV.L.S3,phak,explanation,auto,from the Task L References line,Ensure the airplane is aligned with the correct/assigned waterway.
CA.IV.L.S3,risk-management,explanation,auto,from the Task L References line,Ensure the airplane is aligned with the correct/assigned waterway.
CA.IV.L.S3,seaplane,explanation,auto,from the Task L References line,Ensure the airplane is aligned with the correct/assigned waterway.
CA.IV.L.S4,afh,explanation,auto,from the Task L References line,Scan the landing area for traffic and obstructions.
CA.IV.L.S4,aim,guidance,auto,from the Task L References line,Scan the landing area for traffic and obstructions.
CA.IV.L.S4,phak,explanation,auto,from the Task L References line,Scan the landing area for traffic and obstructions.
CA.IV.L.S4,risk-management,explanation,auto,from the Task L References line,Scan the landing area for traffic and obstructions.
CA.IV.L.S4,seaplane,explanation,auto,from the Task L References line,Scan the landing area for traffic and obstructions.
CA.IV.L.S5,afh,explanation,auto,from the Task L References line,"Select and aim for a suitable touchdown point considering the wind conditions, landing surface, and obstructions."
CA.IV.L.S5,aim,guidance,auto,from the Task L References line,"Select and aim for a suitable touchdown point considering the wind conditions, landing surface, and obstructions."
CA.IV.L.S5,phak,explanation,auto,from the Task L References line,"Select and aim for a suitable touchdown point considering the wind conditions, landing surface, and obstructions."
CA.IV.L.S5,risk-management,explanation,auto,from the Task L References line,"Select and aim for a suitable touchdown point considering the wind conditions, landing surface, and obstructions."
CA.IV.L.S5,seaplane,explanation,auto,from the Task L References line,"Select and aim for a suitable touchdown point considering the wind conditions, landing surface, and obstructions."
CA.IV.L.S6,afh,explanation,auto,from the Task L References line,"Establish the recommended approach and landing configuration, airspeed, and trim, and adjust pitch attitude and power as required to maintain a stabilized approach."
CA.IV.L.S6,aim,guidance,auto,from the Task L References line,"Establish the recommended approach and landing configuration, airspeed, and trim, and adjust pitch attitude and power as required to maintain a stabilized approach."
CA.IV.L.S6,phak,explanation,auto,from the Task L References line,"Establish the recommended approach and landing configuration, airspeed, and trim, and adjust pitch attitude and power as required to maintain a stabilized approach."
CA.IV.L.S6,risk-management,explanation,auto,from the Task L References line,"Establish the recommended approach and landing configuration, airspeed, and trim, and adjust pitch attitude and power as required to maintain a stabilized approach."
CA.IV.L.S6,seaplane,explanation,auto,from the Task L References line,"Establish the recommended approach and landing configuration, airspeed, and trim, and adjust pitch attitude and power as required to maintain a stabilized approach."
CA.IV.L.S7,afh,explanation,auto,from the Task L References line,"Maintain manufacturer’s published approach airspeed or in its absence not more than 1.3 times the stalling speed or the minimum steady flight speed in the landing configuration (VSO), ±5 knots with gust factor applied."
CA.IV.L.S7,aim,guidance,auto,from the Task L References line,"Maintain manufacturer’s published approach airspeed or in its absence not more than 1.3 times the stalling speed or the minimum steady flight speed in the landing configuration (VSO), ±5 knots with gust factor applied."
CA.IV.L.S7,phak,explanation,auto,from the Task L References line,"Maintain manufacturer’s published approach airspeed or in its absence not more than 1.3 times the stalling speed or the minimum steady flight speed in the landing configuration (VSO), ±5 knots with gust factor applied."
CA.IV.L.S7,risk-management,explanation,auto,from the Task L References line,"Maintain manufacturer’s published approach airspeed or in its absence not more than 1.3 times the stalling speed or the minimum steady flight speed in the landing configuration (VSO), ±5 knots with gust factor applied."
CA.IV.L.S7,seaplane,explanation,auto,from the Task L References line,"Maintain manufacturer’s published approach airspeed or in its absence not more than 1.3 times the stalling speed or the minimum steady flight speed in the landing configuration (VSO), ±5 knots with gust factor applied."
CA.IV.L.S8,afh,explanation,auto,from the Task L References line,Maintain directional control and appropriate crosswind correction throughout the approach and landing.
CA.IV.L.S8,aim,guidance,auto,from the Task L References line,Maintain directional control and appropriate crosswind correction throughout the approach and landing.
CA.IV.L.S8,phak,explanation,auto,from the Task L References line,Maintain directional control and appropriate crosswind correction throughout the approach and landing.
CA.IV.L.S8,risk-management,explanation,auto,from the Task L References line,Maintain directional control and appropriate crosswind correction throughout the approach and landing.
CA.IV.L.S8,seaplane,explanation,auto,from the Task L References line,Maintain directional control and appropriate crosswind correction throughout the approach and landing.
CA.IV.L.S9,afh,explanation,auto,from the Task L References line,"Make smooth, timely, and correct power and control adjustments to maintain proper pitch attitude and rate of descent to touchdown."
CA.IV.L.S9,aim,guidance,auto,from the Task L References line,"Make smooth, timely, and correct power and control adjustments to maintain proper pitch attitude and rate of descent to touchdown."
CA.IV.L.S9,phak,explanation,auto,from the Task L References line,"Make smooth, timely, and correct power and control adjustments to maintain proper pitch attitude and rate of descent to touchdown."
CA.IV.L.S9,risk-management,explanation,auto,from the Task L References line,"Make smooth, timely, and correct power and control adjustments to maintain proper pitch attitude and rate of descent to touchdown."
CA.IV.L.S9,seaplane,explanation,auto,from the Task L References line,"Make smooth, timely, and correct power and control adjustments to maintain proper pitch attitude and rate of descent to touchdown."
CA.IV.M.K1,afh,explanation,auto,from the Task M References line,"A stabilized approach, including energy management concepts."
CA.IV.M.K1,aim,guidance,auto,from the Task M References line,"A stabilized approach, including energy management concepts."
CA.IV.M.K1,phak,explanation,auto,from the Task M References line,"A stabilized approach, including energy management concepts."
CA.IV.M.K1,risk-management,explanation,auto,from the Task M References line,"A stabilized approach, including energy management concepts."
CA.IV.M.K2,afh,explanation,auto,from the Task M References line,"Effects of atmospheric conditions, including wind, on approach and landing."
CA.IV.M.K2,aim,guidance,auto,from the Task M References line,"Effects of atmospheric conditions, including wind, on approach and landing."
CA.IV.M.K2,phak,explanation,auto,from the Task M References line,"Effects of atmospheric conditions, including wind, on approach and landing."
CA.IV.M.K2,risk-management,explanation,auto,from the Task M References line,"Effects of atmospheric conditions, including wind, on approach and landing."
CA.IV.M.K3,afh,explanation,auto,from the Task M References line,Wind correction techniques on approach and landing.
CA.IV.M.K3,aim,guidance,auto,from the Task M References line,Wind correction techniques on approach and landing.
CA.IV.M.K3,phak,explanation,auto,from the Task M References line,Wind correction techniques on approach and landing.
CA.IV.M.K3,risk-management,explanation,auto,from the Task M References line,Wind correction techniques on approach and landing.
CA.IV.M.K4,afh,explanation,auto,from the Task M References line,Purpose of power-off accuracy approach.
CA.IV.M.K4,aim,guidance,auto,from the Task M References line,Purpose of power-off accuracy approach.
CA.IV.M.K4,phak,explanation,auto,from the Task M References line,Purpose of power-off accuracy approach.
CA.IV.M.K4,risk-management,explanation,auto,from the Task M References line,Purpose of power-off accuracy approach.
CA.IV.M.R1,afh,explanation,auto,from the Task M References line,"Selection of runway/landing surface, approach path, and touchdown area based on pilot capability, aircraft performance and limitations, available distance, and wind."
CA.IV.M.R1,aim,guidance,auto,from the Task M References line,"Selection of runway/landing surface, approach path, and touchdown area based on pilot capability, aircraft performance and limitations, available distance, and wind."
CA.IV.M.R1,phak,explanation,auto,from the Task M References line,"Selection of runway/landing surface, approach path, and touchdown area based on pilot capability, aircraft performance and limitations, available distance, and wind."
CA.IV.M.R1,risk-management,explanation,auto,from the Task M References line,"Selection of runway/landing surface, approach path, and touchdown area based on pilot capability, aircraft performance and limitations, available distance, and wind."
CA.IV.M.R2,afh,explanation,auto,from the Task M References line,Effects of:
CA.IV.M.R2,aim,guidance,auto,from the Task M References line,Effects of:
CA.IV.M.R2,phak,explanation,auto,from the Task M References line,Effects of:
CA.IV.M.R2,risk-management,explanation,auto,from the Task M References line,Effects of:
CA.IV.M.R2a,afh,explanation,auto,from the Task M References line,a. Crosswind
CA.IV.M.R2a,aim,guidance,auto,from the Task M References line,a. Crosswind
CA.IV.M.R2a,phak,explanation,auto,from the Task M References line,a. Crosswind
CA.IV.M.R2a,risk-management,explanation,auto,from the Task M References line,a. Crosswind
CA.IV.M.R2b,afh,explanation,auto,from the Task M References line,b. Windshear
CA.IV.M.R2b,aim,guidance,auto,from the Task M References line,b. Windshear
CA.IV.M.R2b,phak,explanation,auto,from the Task M References line,b. Windshear
CA.IV.M.R2b,risk-management,explanation,auto,from the Task M References line,b. Windshear
CA.IV.M.R2c,afh,explanation,auto,from the Task M References line,c. Tailwind
CA.IV.M.R2c,aim,guidance,auto,from the Task M References line,c. Tailwind
CA.IV.M.R2c,phak,explanation,auto,from the Task M References line,c. Tailwind
CA.IV.M.R2c,risk-management,explanation,auto,from the Task M References line,c. Tailwind
CA.IV.M.R2d,afh,explanation,auto,from the Task M References line,d. Wake turbulence
CA.IV.M.R2d,aim,guidance,auto,from the Task M References line,d. Wake turbulence
CA.IV.M.R2d,phak,explanation,auto,from the Task M References line,d. Wake turbulence
CA.IV.M.R2d,risk-management,explanation,auto,from the Task M References line,d. Wake turbulence
CA.IV.M.R2e,afh,explanation,auto,from the Task M References line,e. Landing surface/condition
CA.IV.M.R2e,aim,guidance,auto,from the Task M References line,e. Landing surface/condition
CA.IV.M.R2e,phak,explanation,auto,from the Task M References line,e. Landing surface/condition
CA.IV.M.R2e,risk-management,explanation,auto,from the Task M References line,e. Landing surface/condition
CA.IV.M.R3,afh,explanation,auto,from the Task M References line,Planning for:
CA.IV.M.R3,aim,guidance,auto,from the Task M References line,Planning for:
CA.IV.M.R3,phak,explanation,auto,from the Task M References line,Planning for:
CA.IV.M.R3,risk-management,explanation,auto,from the Task M References line,Planning for:
CA.IV.M.R3a,afh,explanation,auto,from the Task M References line,a. Rejected landing and go-around
CA.IV.M.R3a,aim,guidance,auto,from the Task M References line,a. Rejected landing and go-around
CA.IV.M.R3a,phak,explanation,auto,from the Task M References line,a. Rejected landing and go-around
CA.IV.M.R3a,risk-management,explanation,auto,from the Task M References line,a. Rejected landing and go-around
CA.IV.M.R3b,afh,explanation,auto,from the Task M References line,b. Land and hold short operations (LAHSO)
CA.IV.M.R3b,aim,guidance,auto,from the Task M References line,b. Land and hold short operations (LAHSO)
CA.IV.M.R3b,phak,explanation,auto,from the Task M References line,b. Land and hold short operations (LAHSO)
CA.IV.M.R3b,risk-management,explanation,auto,from the Task M References line,b. Land and hold short operations (LAHSO)
CA.IV.M.R4,afh,explanation,auto,from the Task M References line,Collision hazards.
CA.IV.M.R4,aim,guidance,auto,from the Task M References line,Collision hazards.
CA.IV.M.R4,phak,explanation,auto,from the Task M References line,Collision hazards.
CA.IV.M.R4,risk-management,explanation,auto,from the Task M References line,Collision hazards.
CA.IV.M.R5,afh,explanation,auto,from the Task M References line,"Low altitude maneuvering, including stall, spin, or controlled flight into terrain (CFIT)."
CA.IV.M.R5,aim,guidance,auto,from the Task M References line,"Low altitude maneuvering, including stall, spin, or controlled flight into terrain (CFIT)."
CA.IV.M.R5,phak,explanation,auto,from the Task M References line,"Low altitude maneuvering, including stall, spin, or controlled flight into terrain (CFIT)."
CA.IV.M.R5,risk-management,explanation,auto,from the Task M References line,"Low altitude maneuvering, including stall, spin, or controlled flight into terrain (CFIT)."
CA.IV.M.R6,afh,explanation,auto,from the Task M References line,"Distractions, task prioritization, loss of situational awareness, or disorientation."
CA.IV.M.R6,aim,guidance,auto,from the Task M References line,"Distractions, task prioritization, loss of situational awareness, or disorientation."
CA.IV.M.R6,phak,explanation,auto,from the Task M References line,"Distractions, task prioritization, loss of situational awareness, or disorientation."
CA.IV.M.R6,risk-management,explanation,auto,from the Task M References line,"Distractions, task prioritization, loss of situational awareness, or disorientation."
CA.IV.M.R7,afh,explanation,auto,from the Task M References line,"Forward slip operations, including fuel flowage, tail stalls with flaps, and airspeed control."
CA.IV.M.R7,aim,guidance,auto,from the Task M References line,"Forward slip operations, including fuel flowage, tail stalls with flaps, and airspeed control."
CA.IV.M.R7,phak,explanation,auto,from the Task M References line,"Forward slip operations, including fuel flowage, tail stalls with flaps, and airspeed control."
CA.IV.M.R7,risk-management,explanation,auto,from the Task M References line,"Forward slip operations, including fuel flowage, tail stalls with flaps, and airspeed control."
CA.IV.M.S1,afh,explanation,auto,from the Task M References line,Complete the appropriate checklist(s).
CA.IV.M.S1,aim,guidance,auto,from the Task M References line,Complete the appropriate checklist(s).
CA.IV.M.S1,phak,explanation,auto,from the Task M References line,Complete the appropriate checklist(s).
CA.IV.M.S1,risk-management,explanation,auto,from the Task M References line,Complete the appropriate checklist(s).
CA.IV.M.S2,afh,explanation,auto,from the Task M References line,Make radio calls as appropriate.
CA.IV.M.S2,aim,guidance,auto,from the Task M References line,Make radio calls as appropriate.
CA.IV.M.S2,phak,explanation,auto,from the Task M References line,Make radio calls as appropriate.
CA.IV.M.S2,risk-management,explanation,auto,from the Task M References line,Make radio calls as appropriate.
CA.IV.M.S3,afh,explanation,auto,from the Task M References line,"Plan and follow a flightpath to the selected landing area considering altitude, wind, terrain, and obstructions."
CA.IV.M.S3,aim,guidance,auto,from the Task M References line,"Plan and follow a flightpath to the selected landing area considering altitude, wind, terrain, and obstructions."
CA.IV.M.S3,phak,explanation,auto,from the Task M References line,"Plan and follow a flightpath to the selected landing area considering altitude, wind, terrain, and obstructions."
CA.IV.M.S3,risk-management,explanation,auto,from the Task M References line,"Plan and follow a flightpath to the selected landing area considering altitude, wind, terrain, and obstructions."
CA.IV.M.S4,afh,explanation,auto,from the Task M References line,"Select the most suitable touchdown point based on wind, landing surface, obstructions, and aircraft limitations."
CA.IV.M.S4,aim,guidance,auto,from the Task M References line,"Select the most suitable touchdown point based on wind, landing surface, obstructions, and aircraft limitations."
CA.IV.M.S4,phak,explanation,auto,from the Task M References line,"Select the most suitable touchdown point based on wind, landing surface, obstructions, and aircraft limitations."
CA.IV.M.S4,risk-management,explanation,auto,from the Task M References line,"Select the most suitable touchdown point based on wind, landing surface, obstructions, and aircraft limitations."
CA.IV.M.S5,afh,explanation,auto,from the Task M References line,"Position airplane on downwind leg, parallel to landing runway."
CA.IV.M.S5,aim,guidance,auto,from the Task M References line,"Position airplane on downwind leg, parallel to landing runway."
CA.IV.M.S5,phak,explanation,auto,from the Task M References line,"Position airplane on downwind leg, parallel to landing runway."
CA.IV.M.S5,risk-management,explanation,auto,from the Task M References line,"Position airplane on downwind leg, parallel to landing runway."
CA.IV.M.S6,afh,explanation,auto,from the Task M References line,Correctly configure the airplane.
CA.IV.M.S6,aim,guidance,auto,from the Task M References line,Correctly configure the airplane.
CA.IV.M.S6,phak,explanation,auto,from the Task M References line,Correctly configure the airplane.
CA.IV.M.S6,risk-management,explanation,auto,from the Task M References line,Correctly configure the airplane.
CA.IV.M.S7,afh,explanation,auto,from the Task M References line,"As necessary, correlate crosswind with direction of forward slip and transition to side slip before touchdown."
CA.IV.M.S7,aim,guidance,auto,from the Task M References line,"As necessary, correlate crosswind with direction of forward slip and transition to side slip before touchdown."
CA.IV.M.S7,phak,explanation,auto,from the Task M References line,"As necessary, correlate crosswind with direction of forward slip and transition to side slip before touchdown."
CA.IV.M.S7,risk-management,explanation,auto,from the Task M References line,"As necessary, correlate crosswind with direction of forward slip and transition to side slip before touchdown."
CA.IV.M.S8,afh,explanation,auto,from the Task M References line,"Touch down at a proper pitch attitude, within 200 feet beyond or on the specified point with no side drift and with the airplane’s longitudinal axis aligned with and over the runway centerline or landing path, as applicable."
CA.IV.M.S8,aim,guidance,auto,from the Task M References line,"Touch down at a proper pitch attitude, within 200 feet beyond or on the specified point with no side drift and with the airplane’s longitudinal axis aligned with and over the runway centerline or landing path, as applicable."
CA.IV.M.S8,phak,explanation,auto,from the Task M References line,"Touch down at a proper pitch attitude, within 200 feet beyond or on the specified point with no side drift and with the airplane’s longitudinal axis aligned with and over the runway centerline or landing path, as applicable."
CA.IV.M.S8,risk-management,explanation,auto,from the Task M References line,"Touch down at a proper pitch attitude, within 200 feet beyond or on the specified point with no side drift and with the airplane’s longitudinal axis aligned with and over the runway centerline or landing path, as applicable."
CA.IV.N.K1,afh,explanation,auto,from the Task N References line,"A stabilized approach, including energy management concepts."
CA.IV.N.K1,aim,guidance,auto,from the Task N References line,"A stabilized approach, including energy management concepts."
CA.IV.N.K1,phak,explanation,auto,from the Task N References line,"A stabilized approach, including energy management concepts."
CA.IV.N.K1,risk-management,explanation,auto,from the Task N References line,"A stabilized approach, including energy management concepts."
CA.IV.N.K1,seaplane,explanation,auto,from the Task N References line,"A stabilized approach, including energy management concepts."
CA.IV.N.K2,afh,explanation,auto,from the Task N References line,"Effects of atmospheric conditions, including wind and density altitude, on a go-around or rejected landing."
CA.IV.N.K2,aim,guidance,auto,from the Task N References line,"Effects of atmospheric conditions, including wind and density altitude, on a go-around or rejected landing."
CA.IV.N.K2,phak,explanation,auto,from the Task N References line,"Effects of atmospheric conditions, including wind and density altitude, on a go-around or rejected landing."
CA.IV.N.K2,risk-management,explanation,auto,from the Task N References line,"Effects of atmospheric conditions, including wind and density altitude, on a go-around or rejected landing."
CA.IV.N.K2,seaplane,explanation,auto,from the Task N References line,"Effects of atmospheric conditions, including wind and density altitude, on a go-around or rejected landing."
CA.IV.N.K3,afh,explanation,auto,from the Task N References line,Wind correction techniques on takeoff/departure and approach/landing.
CA.IV.N.K3,aim,guidance,auto,from the Task N References line,Wind correction techniques on takeoff/departure and approach/landing.
CA.IV.N.K3,phak,explanation,auto,from the Task N References line,Wind correction techniques on takeoff/departure and approach/landing.
CA.IV.N.K3,risk-management,explanation,auto,from the Task N References line,Wind correction techniques on takeoff/departure and approach/landing.
CA.IV.N.K3,seaplane,explanation,auto,from the Task N References line,Wind correction techniques on takeoff/departure and approach/landing.
CA.IV.N.K4,afh,explanation,auto,from the Task N References line,"Go-around/rejected landing procedures, the importance of a timely decision, and appropriate airspeeds for the maneuver."
CA.IV.N.K4,aim,guidance,auto,from the Task N References line,"Go-around/rejected landing procedures, the importance of a timely decision, and appropriate airspeeds for the maneuver."
CA.IV.N.K4,phak,explanation,auto,from the Task N References line,"Go-around/rejected landing procedures, the importance of a timely decision, and appropriate airspeeds for the maneuver."
CA.IV.N.K4,risk-management,explanation,auto,from the Task N References line,"Go-around/rejected landing procedures, the importance of a timely decision, and appropriate airspeeds for the maneuver."
CA.IV.N.K4,seaplane,explanation,auto,from the Task N References line,"Go-around/rejected landing procedures, the importance of a timely decision, and appropriate airspeeds for the maneuver."
CA.IV.N.R1,afh,explanation,auto,from the Task N References line,Delayed recognition of the need for a go-around/rejected landing.
CA.IV.N.R1,aim,guidance,auto,from the Task N References line,Delayed recognition of the need for a go-around/rejected landing.
CA.IV.N.R1,phak,explanation,auto,from the Task N References line,Delayed recognition of the need for a go-around/rejected landing.
CA.IV.N.R1,risk-management,explanation,auto,from the Task N References line,Delayed recognition of the need for a go-around/rejected landing.
CA.IV.N.R1,seaplane,explanation,auto,from the Task N References line,Delayed recognition of the need for a go-around/rejected landing.
CA.IV.N.R2,afh,explanation,auto,from the Task N References line,Delayed performance of a go-around at low altitude.
CA.IV.N.R2,aim,guidance,auto,from the Task N References line,Delayed performance of a go-around at low altitude.
CA.IV.N.R2,phak,explanation,auto,from the Task N References line,Delayed performance of a go-around at low altitude.
CA.IV.N.R2,risk-management,explanation,auto,from the Task N References line,Delayed performance of a go-around at low altitude.
CA.IV.N.R2,seaplane,explanation,auto,from the Task N References line,Delayed performance of a go-around at low altitude.
CA.IV.N.R3,afh,explanation,auto,from the Task N References line,Power application.
CA.IV.N.R3,aim,guidance,auto,from the Task N References line,Power application.
CA.IV.N.R3,phak,explanation,auto,from the Task N References line,Power application.
CA.IV.N.R3,risk-management,explanation,auto,from the Task N References line,Power application.
CA.IV.N.R3,seaplane,explanation,auto,from the Task N References line,Power application.
CA.IV.N.R4,afh,explanation,auto,from the Task N References line,Configuring the airplane.
CA.IV.N.R4,aim,guidance,auto,from the Task N References line,Configuring the airplane.
CA.IV.N.R4,phak,explanation,auto,from the Task N References line,Configuring the airplane.
CA.IV.N.R4,risk-management,explanation,auto,from the Task N References line,Configuring the airplane.
CA.IV.N.R4,seaplane,explanation,auto,from the Task N References line,Configuring the airplane.
CA.IV.N.R5,afh,explanation,auto,from the Task N References line,Collision hazards.
CA.IV.N.R5,aim,guidance,auto,from the Task N References line,Collision hazards.
CA.IV.N.R5,phak,explanation,auto,from the Task N References line,Collision hazards.
CA.IV.N.R5,risk-management,explanation,auto,from the Task N References line,Collision hazards.
CA.IV.N.R5,seaplane,explanation,auto,from the Task N References line,Collision hazards.
CA.IV.N.R6,afh,explanation,auto,from the Task N References line,"Low altitude maneuvering, including stall, spin, or controlled flight into terrain (CFIT)."
CA.IV.N.R6,aim,guidance,auto,from the Task N References line,"Low altitude maneuvering, including stall, spin, or controlled flight into terrain (CFIT)."
CA.IV.N.R6,phak,explanation,auto,from the Task N References line,"Low altitude maneuvering, including stall, spin, or controlled flight into terrain (CFIT)."
CA.IV.N.R6,risk-management,explanation,auto,from the Task N References line,"Low altitude maneuvering, including stall, spin, or controlled flight into terrain (CFIT)."
CA.IV.N.R6,seaplane,explanation,auto,from the Task N References line,"Low altitude maneuvering, including stall, spin, or controlled flight into terrain (CFIT)."
CA.IV.N.R7,afh,explanation,auto,from the Task N References line,"Distractions, task prioritization, loss of situational awareness, or disorientation."
CA.IV.N.R7,aim,guidance,auto,from the Task N References line,"Distractions, task prioritization, loss of situational awareness, or disorientation."
CA.IV.N.R7,phak,explanation,auto,from the Task N References line,"Distractions, task prioritization, loss of situational awareness, or disorientation."
CA.IV.N.R7,risk-management,explanation,auto,from the Task N References line,"Distractions, task prioritization, loss of situational awareness, or disorientation."
CA.IV.N.R7,seaplane,explanation,auto,from the Task N References line,"Distractions, task prioritization, loss of situational awareness, or disorientation."
CA.IV.N.R8,afh,explanation,auto,from the Task N References line,Runway incursion.
CA.IV.N.R8,aim,guidance,auto,from the Task N References line,Runway incursion.
CA.IV.N.R8,phak,explanation,auto,from the Task N References line,Runway incursion.
CA.IV.N.R8,risk-management,explanation,auto,from the Task N References line,Runway incursion.
CA.IV.N.R8,seaplane,explanation,auto,from the Task N References line,Runway incursion.
CA.IV.N.R9,afh,explanation,auto,from the Task N References line,Managing a go-around/rejected landing after accepting a LAHSO clearance.
CA.IV.N.R9,aim,guidance,auto,from the Task N References line,Managing a go-around/rejected landing after accepting a LAHSO clearance.
CA.IV.N.R9,phak,explanation,auto,from the Task N References line,Managing a go-around/rejected landing after accepting a LAHSO clearance.
CA.IV.N.R9,risk-management,explanation,auto,from the Task N References line,Managing a go-around/rejected landing after accepting a LAHSO clearance.
CA.IV.N.R9,seaplane,explanation,auto,from the Task N References line,Managing a go-around/rejected landing after accepting a LAHSO clearance.
CA.IV.N.S1,afh,explanation,auto,from the Task N References line,Complete the appropriate checklist(s).
CA.IV.N.S1,aim,guidance,auto,from the Task N References line,Complete the appropriate checklist(s).
CA.IV.N.S1,phak,explanation,auto,from the Task N References line,Complete the appropriate checklist(s).
CA.IV.N.S1,risk-management,explanation,auto,from the Task N References line,Complete the appropriate checklist(s).
CA.IV.N.S1,seaplane,explanation,auto,from the Task N References line,Complete the appropriate checklist(s).
CA.IV.N.S2,afh,explanation,auto,from the Task N References line,Make radio calls as appropriate.
CA.IV.N.S2,aim,guidance,auto,from the Task N References line,Make radio calls as appropriate.
CA.IV.N.S2,phak,explanation,auto,from the Task N References line,Make radio calls as appropriate.
CA.IV.N.S2,risk-management,explanation,auto,from the Task N References line,Make radio calls as appropriate.
CA.IV.N.S2,seaplane,explanation,auto,from the Task N References line,Make radio calls as appropriate.
CA.IV.N.S3,afh,explanation,auto,from the Task N References line,Make a timely decision to discontinue the approach to landing.
CA.IV.N.S3,aim,guidance,auto,from the Task N References line,Make a timely decision to discontinue the approach to landing.
CA.IV.N.S3,phak,explanation,auto,from the Task N References line,Make a timely decision to discontinue the approach to landing.
CA.IV.N.S3,risk-management,explanation,auto,from the Task N References line,Make a timely decision to discontinue the approach to landing.
CA.IV.N.S3,seaplane,explanation,auto,from the Task N References line,Make a timely decision to discontinue the approach to landing.
CA.IV.N.S4,afh,explanation,auto,from the Task N References line,Apply takeoff power immediately and transition to climb pitch attitude for VX or VY as appropriate ±5 knots.
CA.IV.N.S4,aim,guidance,auto,from the Task N References line,Apply takeoff power immediately and transition to climb pitch attitude for VX or VY as appropriate ±5 knots.
CA.IV.N.S4,phak,explanation,auto,from the Task N References line,Apply takeoff power immediately and transition to climb pitch attitude for VX or VY as appropriate ±5 knots.
CA.IV.N.S4,risk-management,explanation,auto,from the Task N References line,Apply takeoff power immediately and transition to climb pitch attitude for VX or VY as appropriate ±5 knots.
CA.IV.N.S4,seaplane,explanation,auto,from the Task N References line,Apply takeoff power immediately and transition to climb pitch attitude for VX or VY as appropriate ±5 knots.
CA.IV.N.S5,afh,explanation,auto,from the Task N References line,Configure the airplane after a positive rate of climb has been verified or in accordance with airplane manufacturer’s instructions.
CA.IV.N.S5,aim,guidance,auto,from the Task N References line,Configure the airplane after a positive rate of climb has been verified or in accordance with airplane manufacturer’s instructions.
CA.IV.N.S5,phak,explanation,auto,from the Task N References line,Configure the airplane after a positive rate of climb has been verified or in accordance with airplane manufacturer’s instructions.
CA.IV.N.S5,risk-management,explanation,auto,from the Task N References line,Configure the airplane after a positive rate of climb has been verified or in accordance with airplane manufacturer’s instructions.
CA.IV.N.S5,seaplane,explanation,auto,from the Task N References line,Configure the airplane after a positive rate of climb has been verified or in accordance with airplane manufacturer’s instructions.
CA.IV.N.S6,afh,explanation,auto,from the Task N References line,Maneuver to the side of the runway/landing area when necessary to clear and avoid conflicting traffic.
CA.IV.N.S6,aim,guidance,auto,from the Task N References line,Maneuver to the side of the runway/landing area when necessary to clear and avoid conflicting traffic.
CA.IV.N.S6,phak,explanation,auto,from the Task N References line,Maneuver to the side of the runway/landing area when necessary to clear and avoid conflicting traffic.
CA.IV.N.S6,risk-management,explanation,auto,from the Task N References line,Maneuver to the side of the runway/landing area when necessary to clear and avoid conflicting traffic.
CA.IV.N.S6,seaplane,explanation,auto,from the Task N References line,Maneuver to the side of the runway/landing area when necessary to clear and avoid conflicting traffic.
CA.IV.N.S7,afh,explanation,auto,from the Task N References line,Maintain VY ±5 knots to a safe maneuvering altitude.
CA.IV.N.S7,aim,guidance,auto,from the Task N References line,Maintain VY ±5 knots to a safe maneuvering altitude.
CA.IV.N.S7,phak,explanation,auto,from the Task N References line,Maintain VY ±5 knots to a safe maneuvering altitude.
CA.IV.N.S7,risk-management,explanation,auto,from the Task N References line,Maintain VY ±5 knots to a safe maneuvering altitude.
CA.IV.N.S7,seaplane,explanation,auto,from the Task N References line,Maintain VY ±5 knots to a safe maneuvering altitude.
CA.IV.N.S8,afh,explanation,auto,from the Task N References line,Maintain directional control and proper wind-drift correction throughout the climb.
CA.IV.N.S8,aim,guidance,auto,from the Task N References line,Maintain directional control and proper wind-drift correction throughout the climb.
CA.IV.N.S8,phak,explanation,auto,from the Task N References line,Maintain directional control and proper wind-drift correction throughout the climb.
CA.IV.N.S8,risk-management,explanation,auto,from the Task N References line,Maintain directional control and proper wind-drift correction throughout the climb.
CA.IV.N.S8,seaplane,explanation,auto,from the Task N References line,Maintain directional control and proper wind-drift correction throughout the climb.
CA.IV.N.S9,afh,explanation,auto,from the Task N References line,"Use runway incursion avoidance procedures, if applicable. 36"
CA.IV.N.S9,aim,guidance,auto,from the Task N References line,"Use runway incursion avoidance procedures, if applicable. 36"
CA.IV.N.S9,phak,explanation,auto,from the Task N References line,"Use runway incursion avoidance procedures, if applicable. 36"
CA.IV.N.S9,risk-management,explanation,auto,from the Task N References line,"Use runway incursion avoidance procedures, if applicable. 36"
CA.IV.N.S9,seaplane,explanation,auto,from the Task N References line,"Use runway incursion avoidance procedures, if applicable. 36"
CA.IX.A.K1,afh,explanation,auto,from the Task A References line,"Situations that would require an emergency descent (e.g., depressurization, smoke, or engine fire)."
CA.IX.A.K1,phak,explanation,auto,from the Task A References line,"Situations that would require an emergency descent (e.g., depressurization, smoke, or engine fire)."
CA.IX.A.K1,risk-management,explanation,auto,from the Task A References line,"Situations that would require an emergency descent (e.g., depressurization, smoke, or engine fire)."
CA.IX.A.K2,afh,explanation,auto,from the Task A References line,Immediate action items and emergency procedures.
CA.IX.A.K2,phak,explanation,auto,from the Task A References line,Immediate action items and emergency procedures.
CA.IX.A.K2,risk-management,explanation,auto,from the Task A References line,Immediate action items and emergency procedures.
CA.IX.A.K3,afh,explanation,auto,from the Task A References line,"Airspeed, including airspeed limitations."
CA.IX.A.K3,phak,explanation,auto,from the Task A References line,"Airspeed, including airspeed limitations."
CA.IX.A.K3,risk-management,explanation,auto,from the Task A References line,"Airspeed, including airspeed limitations."
CA.IX.A.K4,afh,explanation,auto,from the Task A References line,Aircraft performance and limitations.
CA.IX.A.K4,phak,explanation,auto,from the Task A References line,Aircraft performance and limitations.
CA.IX.A.K4,risk-management,explanation,auto,from the Task A References line,Aircraft performance and limitations.
CA.IX.A.R1,afh,explanation,auto,from the Task A References line,"Altitude, wind, terrain, obstructions, gliding distance, and available landing distance considerations."
CA.IX.A.R1,phak,explanation,auto,from the Task A References line,"Altitude, wind, terrain, obstructions, gliding distance, and available landing distance considerations."
CA.IX.A.R1,risk-management,explanation,auto,from the Task A References line,"Altitude, wind, terrain, obstructions, gliding distance, and available landing distance considerations."
CA.IX.A.R2,afh,explanation,auto,from the Task A References line,Collision hazards.
CA.IX.A.R2,phak,explanation,auto,from the Task A References line,Collision hazards.
CA.IX.A.R2,risk-management,explanation,auto,from the Task A References line,Collision hazards.
CA.IX.A.R3,afh,explanation,auto,from the Task A References line,Configuring the airplane.
CA.IX.A.R3,phak,explanation,auto,from the Task A References line,Configuring the airplane.
CA.IX.A.R3,risk-management,explanation,auto,from the Task A References line,Configuring the airplane.
CA.IX.A.R4,afh,explanation,auto,from the Task A References line,"Distractions, task prioritization, loss of situational awareness, or disorientation."
CA.IX.A.R4,phak,explanation,auto,from the Task A References line,"Distractions, task prioritization, loss of situational awareness, or disorientation."
CA.IX.A.R4,risk-management,explanation,auto,from the Task A References line,"Distractions, task prioritization, loss of situational awareness, or disorientation."
CA.IX.A.S1,afh,explanation,auto,from the Task A References line,Clear the area.
CA.IX.A.S1,phak,explanation,auto,from the Task A References line,Clear the area.
CA.IX.A.S1,risk-management,explanation,auto,from the Task A References line,Clear the area.
CA.IX.A.S2,afh,explanation,auto,from the Task A References line,Establish and maintain the appropriate airspeed and configuration appropriate to the scenario specified by the evaluator and as covered in Pilot's Operating Handbook (POH)/Airplane Flight Manual (AFM) for the emergency descent.
CA.IX.A.S2,phak,explanation,auto,from the Task A References line,Establish and maintain the appropriate airspeed and configuration appropriate to the scenario specified by the evaluator and as covered in Pilot's Operating Handbook (POH)/Airplane Flight Manual (AFM) for the emergency descent.
CA.IX.A.S2,risk-management,explanation,auto,from the Task A References line,Establish and maintain the appropriate airspeed and configuration appropriate to the scenario specified by the evaluator and as covered in Pilot's Operating Handbook (POH)/Airplane Flight Manual (AFM) for the emergency descent.
CA.IX.A.S3,afh,explanation,auto,from the Task A References line,"Maintain orientation, divide attention appropriately, and plan and execute a smooth recovery."
CA.IX.A.S3,phak,explanation,auto,from the Task A References line,"Maintain orientation, divide attention appropriately, and plan and execute a smooth recovery."
CA.IX.A.S3,risk-management,explanation,auto,from the Task A References line,"Maintain orientation, divide attention appropriately, and plan and execute a smooth recovery."
CA.IX.A.S4,afh,explanation,auto,from the Task A References line,Use bank angle between 30° and 45° to maintain positive load factors during the descent.
CA.IX.A.S4,phak,explanation,auto,from the Task A References line,Use bank angle between 30° and 45° to maintain positive load factors during the descent.
CA.IX.A.S4,risk-management,explanation,auto,from the Task A References line,Use bank angle between 30° and 45° to maintain positive load factors during the descent.
CA.IX.A.S5,afh,explanation,auto,from the Task A References line,"Maintain appropriate airspeed +0/-10 knots, and level off at a specified altitude ±100 feet."
CA.IX.A.S5,phak,explanation,auto,from the Task A References line,"Maintain appropriate airspeed +0/-10 knots, and level off at a specified altitude ±100 feet."
CA.IX.A.S5,risk-management,explanation,auto,from the Task A References line,"Maintain appropriate airspeed +0/-10 knots, and level off at a specified altitude ±100 feet."
CA.IX.A.S6,afh,explanation,auto,from the Task A References line,Complete the appropriate checklist(s).
CA.IX.A.S6,phak,explanation,auto,from the Task A References line,Complete the appropriate checklist(s).
CA.IX.A.S6,risk-management,explanation,auto,from the Task A References line,Complete the appropriate checklist(s).
CA.IX.A.S7,afh,explanation,auto,from the Task A References line,"Use single-pilot resource management (SRM) or crew resource management (CRM), as appropriate."
CA.IX.A.S7,phak,explanation,auto,from the Task A References line,"Use single-pilot resource management (SRM) or crew resource management (CRM), as appropriate."
CA.IX.A.S7,risk-management,explanation,auto,from the Task A References line,"Use single-pilot resource management (SRM) or crew resource management (CRM), as appropriate."
CA.IX.B.K1,afh,explanation,auto,from the Task B References line,Immediate action items and emergency procedures.
CA.IX.B.K1,phak,explanation,auto,from the Task B References line,Immediate action items and emergency procedures.
CA.IX.B.K1,risk-management,explanation,auto,from the Task B References line,Immediate action items and emergency procedures.
CA.IX.B.K2,afh,explanation,auto,from the Task B References line,"Airspeed, including:"
CA.IX.B.K2,phak,explanation,auto,from the Task B References line,"Airspeed, including:"
CA.IX.B.K2,risk-management,explanation,auto,from the Task B References line,"Airspeed, including:"
CA.IX.B.K2a,afh,explanation,auto,from the Task B References line,a. Importance of best glide speed and its relationship to distance
CA.IX.B.K2a,phak,explanation,auto,from the Task B References line,a. Importance of best glide speed and its relationship to distance
CA.IX.B.K2a,risk-management,explanation,auto,from the Task B References line,a. Importance of best glide speed and its relationship to distance
CA.IX.B.K2b,afh,explanation,auto,from the Task B References line,b. Difference between best glide speed and minimum sink speed
CA.IX.B.K2b,phak,explanation,auto,from the Task B References line,b. Difference between best glide speed and minimum sink speed
CA.IX.B.K2b,risk-management,explanation,auto,from the Task B References line,b. Difference between best glide speed and minimum sink speed
CA.IX.B.K2c,afh,explanation,auto,from the Task B References line,c. Effects of wind on glide distance
CA.IX.B.K2c,phak,explanation,auto,from the Task B References line,c. Effects of wind on glide distance
CA.IX.B.K2c,risk-management,explanation,auto,from the Task B References line,c. Effects of wind on glide distance
CA.IX.B.K3,afh,explanation,auto,from the Task B References line,Effects of atmospheric conditions on emergency approach and landing.
CA.IX.B.K3,phak,explanation,auto,from the Task B References line,Effects of atmospheric conditions on emergency approach and landing.
CA.IX.B.K3,risk-management,explanation,auto,from the Task B References line,Effects of atmospheric conditions on emergency approach and landing.
CA.IX.B.K4,afh,explanation,auto,from the Task B References line,"A stabilized approach, including energy management concepts."
CA.IX.B.K4,phak,explanation,auto,from the Task B References line,"A stabilized approach, including energy management concepts."
CA.IX.B.K4,risk-management,explanation,auto,from the Task B References line,"A stabilized approach, including energy management concepts."
CA.IX.B.K5,afh,explanation,auto,from the Task B References line,Emergency Locator Transmitters (ELTs) and other emergency locating devices.
CA.IX.B.K5,phak,explanation,auto,from the Task B References line,Emergency Locator Transmitters (ELTs) and other emergency locating devices.
CA.IX.B.K5,risk-management,explanation,auto,from the Task B References line,Emergency Locator Transmitters (ELTs) and other emergency locating devices.
CA.IX.B.K6,afh,explanation,auto,from the Task B References line,Air traffic control (ATC) services to aircraft in distress.
CA.IX.B.K6,phak,explanation,auto,from the Task B References line,Air traffic control (ATC) services to aircraft in distress.
CA.IX.B.K6,risk-management,explanation,auto,from the Task B References line,Air traffic control (ATC) services to aircraft in distress.
CA.IX.B.R1,afh,explanation,auto,from the Task B References line,"Altitude, wind, terrain, obstructions, gliding distance, and available landing distance considerations."
CA.IX.B.R1,phak,explanation,auto,from the Task B References line,"Altitude, wind, terrain, obstructions, gliding distance, and available landing distance considerations."
CA.IX.B.R1,risk-management,explanation,auto,from the Task B References line,"Altitude, wind, terrain, obstructions, gliding distance, and available landing distance considerations."
CA.IX.B.R2,afh,explanation,auto,from the Task B References line,Following or changing the planned flightpath to the selected landing area.
CA.IX.B.R2,phak,explanation,auto,from the Task B References line,Following or changing the planned flightpath to the selected landing area.
CA.IX.B.R2,risk-management,explanation,auto,from the Task B References line,Following or changing the planned flightpath to the selected landing area.
CA.IX.B.R3,afh,explanation,auto,from the Task B References line,Collision hazards.
CA.IX.B.R3,phak,explanation,auto,from the Task B References line,Collision hazards.
CA.IX.B.R3,risk-management,explanation,auto,from the Task B References line,Collision hazards.
CA.IX.B.R4,afh,explanation,auto,from the Task B References line,Configuring the airplane.
CA.IX.B.R4,phak,explanation,auto,from the Task B References line,Configuring the airplane.
CA.IX.B.R4,risk-management,explanation,auto,from the Task B References line,Configuring the airplane.
CA.IX.B.R5,afh,explanation,auto,from the Task B References line,"Low altitude maneuvering, including stall, spin, or controlled flight into terrain (CFIT)."
CA.IX.B.R5,phak,explanation,auto,from the Task B References line,"Low altitude maneuvering, including stall, spin, or controlled flight into terrain (CFIT)."
CA.IX.B.R5,risk-management,explanation,auto,from the Task B References line,"Low altitude maneuvering, including stall, spin, or controlled flight into terrain (CFIT)."
CA.IX.B.R6,afh,explanation,auto,from the Task B References line,"Distractions, task prioritization, loss of situational awareness, or disorientation."
CA.IX.B.R6,phak,explanation,auto,from the Task B References line,"Distractions, task prioritization, loss of situational awareness, or disorientation."
CA.IX.B.R6,risk-management,explanation,auto,from the Task B References line,"Distractions, task prioritization, loss of situational awareness, or disorientation."
CA.IX.B.S1,afh,explanation,auto,from the Task B References line,"Establish and maintain the recommended best glide airspeed, ±10 knots."
CA.IX.B.S1,phak,explanation,auto,from the Task B References line,"Establish and maintain the recommended best glide airspeed, ±10 knots."
CA.IX.B.S1,risk-management,explanation,auto,from the Task B References line,"Establish and maintain the recommended best glide airspeed, ±10 knots."
CA.IX.B.S2,afh,explanation,auto,from the Task B References line,Configure the airplane in accordance with the Pilot's Operating Handbook (POH)\Airplane Flight Manual (AFM) and existing conditions.
CA.IX.B.S2,phak,explanation,auto,from the Task B References line,Configure the airplane in accordance with the Pilot's Operating Handbook (POH)\Airplane Flight Manual (AFM) and existing conditions.
CA.IX.B.S2,risk-management,explanation,auto,from the Task B References line,Configure the airplane in accordance with the Pilot's Operating Handbook (POH)\Airplane Flight Manual (AFM) and existing conditions.
CA.IX.B.S3,afh,explanation,auto,from the Task B References line,"Select a suitable landing area considering altitude, wind, terrain, obstructions, and available glide distance."
CA.IX.B.S3,phak,explanation,auto,from the Task B References line,"Select a suitable landing area considering altitude, wind, terrain, obstructions, and available glide distance."
CA.IX.B.S3,risk-management,explanation,auto,from the Task B References line,"Select a suitable landing area considering altitude, wind, terrain, obstructions, and available glide distance."
CA.IX.B.S4,afh,explanation,auto,from the Task B References line,"Plan and follow a flightpath to the selected landing area considering altitude, wind, terrain, and obstructions."
CA.IX.B.S4,phak,explanation,auto,from the Task B References line,"Plan and follow a flightpath to the selected landing area considering altitude, wind, terrain, and obstructions."
CA.IX.B.S4,risk-management,explanation,auto,from the Task B References line,"Plan and follow a flightpath to the selected landing area considering altitude, wind, terrain, and obstructions."
CA.IX.B.S5,afh,explanation,auto,from the Task B References line,Prepare for landing as specified by the evaluator.
CA.IX.B.S5,phak,explanation,auto,from the Task B References line,Prepare for landing as specified by the evaluator.
CA.IX.B.S5,risk-management,explanation,auto,from the Task B References line,Prepare for landing as specified by the evaluator.
CA.IX.B.S6,afh,explanation,auto,from the Task B References line,Complete the appropriate checklist(s).
CA.IX.B.S6,phak,explanation,auto,from the Task B References line,Complete the appropriate checklist(s).
CA.IX.B.S6,risk-management,explanation,auto,from the Task B References line,Complete the appropriate checklist(s).
CA.IX.C.K1,afh,explanation,auto,from the Task C References line,Causes of partial or complete power loss related to the specific type of powerplant(s). 54
CA.IX.C.K1,phak,explanation,auto,from the Task C References line,Causes of partial or complete power loss related to the specific type of powerplant(s). 54
CA.IX.C.K1,risk-management,explanation,auto,from the Task C References line,Causes of partial or complete power loss related to the specific type of powerplant(s). 54
CA.IX.C.K1a,afh,explanation,auto,from the Task C References line,a. [Archived]
CA.IX.C.K1a,phak,explanation,auto,from the Task C References line,a. [Archived]
CA.IX.C.K1a,risk-management,explanation,auto,from the Task C References line,a. [Archived]
CA.IX.C.K1b,afh,explanation,auto,from the Task C References line,b. [Archived]
CA.IX.C.K1b,phak,explanation,auto,from the Task C References line,b. [Archived]
CA.IX.C.K1b,risk-management,explanation,auto,from the Task C References line,b. [Archived]
CA.IX.C.K1c,afh,explanation,auto,from the Task C References line,c. [Archived]
CA.IX.C.K1c,phak,explanation,auto,from the Task C References line,c. [Archived]
CA.IX.C.K1c,risk-management,explanation,auto,from the Task C References line,c. [Archived]
CA.IX.C.K1d,afh,explanation,auto,from the Task C References line,d. [Archived]
CA.IX.C.K1d,phak,explanation,auto,from the Task C References line,d. [Archived]
CA.IX.C.K1d,risk-management,explanation,auto,from the Task C References line,d. [Archived]
CA.IX.C.K2,afh,explanation,auto,from the Task C References line,"System and equipment malfunctions specific to the aircraft, including:"
CA.IX.C.K2,phak,explanation,auto,from the Task C References line,"System and equipment malfunctions specific to the aircraft, including:"
CA.IX.C.K2,risk-management,explanation,auto,from the Task C References line,"System and equipment malfunctions specific to the aircraft, including:"
CA.IX.C.K2a,afh,explanation,auto,from the Task C References line,a. Electrical malfunction
CA.IX.C.K2a,phak,explanation,auto,from the Task C References line,a. Electrical malfunction
CA.IX.C.K2a,risk-management,explanation,auto,from the Task C References line,a. Electrical malfunction
CA.IX.C.K2b,afh,explanation,auto,from the Task C References line,b. Vacuum/pressure and associated flight instrument malfunctions
CA.IX.C.K2b,phak,explanation,auto,from the Task C References line,b. Vacuum/pressure and associated flight instrument malfunctions
CA.IX.C.K2b,risk-management,explanation,auto,from the Task C References line,b. Vacuum/pressure and associated flight instrument malfunctions
CA.IX.C.K2c,afh,explanation,auto,from the Task C References line,c. Pitot-static system malfunction
CA.IX.C.K2c,phak,explanation,auto,from the Task C References line,c. Pitot-static system malfunction
CA.IX.C.K2c,risk-management,explanation,auto,from the Task C References line,c. Pitot-static system malfunction
CA.IX.C.K2d,afh,explanation,auto,from the Task C References line,d. Electronic flight deck display malfunction
CA.IX.C.K2d,phak,explanation,auto,from the Task C References line,d. Electronic flight deck display malfunction
CA.IX.C.K2d,risk-management,explanation,auto,from the Task C References line,d. Electronic flight deck display malfunction
CA.IX.C.K2e,afh,explanation,auto,from the Task C References line,e. Landing gear or flap malfunction
CA.IX.C.K2e,phak,explanation,auto,from the Task C References line,e. Landing gear or flap malfunction
CA.IX.C.K2e,risk-management,explanation,auto,from the Task C References line,e. Landing gear or flap malfunction
CA.IX.C.K2f,afh,explanation,auto,from the Task C References line,f. Inoperative trim
CA.IX.C.K2f,phak,explanation,auto,from the Task C References line,f. Inoperative trim
CA.IX.C.K2f,risk-management,explanation,auto,from the Task C References line,f. Inoperative trim
CA.IX.C.K3,afh,explanation,auto,from the Task C References line,Causes and remedies for smoke or fire onboard the aircraft.
CA.IX.C.K3,phak,explanation,auto,from the Task C References line,Causes and remedies for smoke or fire onboard the aircraft.
CA.IX.C.K3,risk-management,explanation,auto,from the Task C References line,Causes and remedies for smoke or fire onboard the aircraft.
CA.IX.C.K4,afh,explanation,auto,from the Task C References line,"Any other system specific to the aircraft (e.g., supplemental oxygen, deicing)."
CA.IX.C.K4,phak,explanation,auto,from the Task C References line,"Any other system specific to the aircraft (e.g., supplemental oxygen, deicing)."
CA.IX.C.K4,risk-management,explanation,auto,from the Task C References line,"Any other system specific to the aircraft (e.g., supplemental oxygen, deicing)."
CA.IX.C.K5,afh,explanation,auto,from the Task C References line,Inadvertent door or window opening.
CA.IX.C.K5,phak,explanation,auto,from the Task C References line,Inadvertent door or window opening.
CA.IX.C.K5,risk-management,explanation,auto,from the Task C References line,Inadvertent door or window opening.
CA.IX.C.R1,afh,explanation,auto,from the Task C References line,Checklist usage for a system or equipment malfunction.
CA.IX.C.R1,phak,explanation,auto,from the Task C References line,Checklist usage for a system or equipment malfunction.
CA.IX.C.R1,risk-management,explanation,auto,from the Task C References line,Checklist usage for a system or equipment malfunction.
CA.IX.C.R2,afh,explanation,auto,from the Task C References line,"Distractions, task prioritization, loss of situational awareness, or disorientation."
CA.IX.C.R2,phak,explanation,auto,from the Task C References line,"Distractions, task prioritization, loss of situational awareness, or disorientation."
CA.IX.C.R2,risk-management,explanation,auto,from the Task C References line,"Distractions, task prioritization, loss of situational awareness, or disorientation."
CA.IX.C.R3,afh,explanation,auto,from the Task C References line,Undesired aircraft state.
CA.IX.C.R3,phak,explanation,auto,from the Task C References line,Undesired aircraft state.
CA.IX.C.R3,risk-management,explanation,auto,from the Task C References line,Undesired aircraft state.
CA.IX.C.R4,afh,explanation,auto,from the Task C References line,Startle response.
CA.IX.C.R4,phak,explanation,auto,from the Task C References line,Startle response.
CA.IX.C.R4,risk-management,explanation,auto,from the Task C References line,Startle response.
CA.IX.C.S1,afh,explanation,auto,from the Task C References line,"Determine appropriate action for simulated emergencies specified by the evaluator, from at least three of the elements or sub-elements listed in K1 through K5."
CA.IX.C.S1,phak,explanation,auto,from the Task C References line,"Determine appropriate action for simulated emergencies specified by the evaluator, from at least three of the elements or sub-elements listed in K1 through K5."
CA.IX.C.S1,risk-management,explanation,auto,from the Task C References line,"Determine appropriate action for simulated emergencies specified by the evaluator, from at least three of the elements or sub-elements listed in K1 through K5."
CA.IX.C.S2,afh,explanation,auto,from the Task C References line,Complete the appropriate checklist(s).
CA.IX.C.S2,phak,explanation,auto,from the Task C References line,Complete the appropriate checklist(s).
CA.IX.C.S2,risk-management,explanation,auto,from the Task C References line,Complete the appropriate checklist(s).
CA.IX.D.K1,afh,explanation,auto,from the Task D References line,"Emergency Locator Transmitter (ELT) operations, limitations, and testing requirements. 55"
CA.IX.D.K1,phak,explanation,auto,from the Task D References line,"Emergency Locator Transmitter (ELT) operations, limitations, and testing requirements. 55"
CA.IX.D.K1,risk-management,explanation,auto,from the Task D References line,"Emergency Locator Transmitter (ELT) operations, limitations, and testing requirements. 55"
CA.IX.D.K2,afh,explanation,auto,from the Task D References line,Fire extinguisher operations and limitations.
CA.IX.D.K2,phak,explanation,auto,from the Task D References line,Fire extinguisher operations and limitations.
CA.IX.D.K2,risk-management,explanation,auto,from the Task D References line,Fire extinguisher operations and limitations.
CA.IX.D.K3,afh,explanation,auto,from the Task D References line,Emergency equipment and survival gear needed for:
CA.IX.D.K3,phak,explanation,auto,from the Task D References line,Emergency equipment and survival gear needed for:
CA.IX.D.K3,risk-management,explanation,auto,from the Task D References line,Emergency equipment and survival gear needed for:
CA.IX.D.K3a,afh,explanation,auto,from the Task D References line,a. Climate extremes (hot/cold)
CA.IX.D.K3a,phak,explanation,auto,from the Task D References line,a. Climate extremes (hot/cold)
CA.IX.D.K3a,risk-management,explanation,auto,from the Task D References line,a. Climate extremes (hot/cold)
CA.IX.D.K3b,afh,explanation,auto,from the Task D References line,b. Mountainous terrain
CA.IX.D.K3b,phak,explanation,auto,from the Task D References line,b. Mountainous terrain
CA.IX.D.K3b,risk-management,explanation,auto,from the Task D References line,b. Mountainous terrain
CA.IX.D.K3c,afh,explanation,auto,from the Task D References line,c. Overwater operations
CA.IX.D.K3c,phak,explanation,auto,from the Task D References line,c. Overwater operations
CA.IX.D.K3c,risk-management,explanation,auto,from the Task D References line,c. Overwater operations
CA.IX.D.K4,afh,explanation,auto,from the Task D References line,"When to deploy a ballistic parachute and associated passenger briefings, if equipped."
CA.IX.D.K4,phak,explanation,auto,from the Task D References line,"When to deploy a ballistic parachute and associated passenger briefings, if equipped."
CA.IX.D.K4,risk-management,explanation,auto,from the Task D References line,"When to deploy a ballistic parachute and associated passenger briefings, if equipped."
CA.IX.D.K5,afh,explanation,auto,from the Task D References line,"When to activate an emergency auto-land system and brief passengers, if equipped."
CA.IX.D.K5,phak,explanation,auto,from the Task D References line,"When to activate an emergency auto-land system and brief passengers, if equipped."
CA.IX.D.K5,risk-management,explanation,auto,from the Task D References line,"When to activate an emergency auto-land system and brief passengers, if equipped."
CA.IX.D.R1,afh,explanation,auto,from the Task D References line,"Survival gear (water, clothing, shelter) for 48 to 72 hours."
CA.IX.D.R1,phak,explanation,auto,from the Task D References line,"Survival gear (water, clothing, shelter) for 48 to 72 hours."
CA.IX.D.R1,risk-management,explanation,auto,from the Task D References line,"Survival gear (water, clothing, shelter) for 48 to 72 hours."
CA.IX.D.R2,afh,explanation,auto,from the Task D References line,Use of a ballistic parachute system.
CA.IX.D.R2,phak,explanation,auto,from the Task D References line,Use of a ballistic parachute system.
CA.IX.D.R2,risk-management,explanation,auto,from the Task D References line,Use of a ballistic parachute system.
CA.IX.D.R3,afh,explanation,auto,from the Task D References line,"Use of an emergency auto-land system, if installed."
CA.IX.D.R3,phak,explanation,auto,from the Task D References line,"Use of an emergency auto-land system, if installed."
CA.IX.D.R3,risk-management,explanation,auto,from the Task D References line,"Use of an emergency auto-land system, if installed."
CA.IX.D.S1,afh,explanation,auto,from the Task D References line,Identify appropriate equipment and personal gear.
CA.IX.D.S1,phak,explanation,auto,from the Task D References line,Identify appropriate equipment and personal gear.
CA.IX.D.S1,risk-management,explanation,auto,from the Task D References line,Identify appropriate equipment and personal gear.
CA.IX.D.S2,afh,explanation,auto,from the Task D References line,Brief passengers on proper use of on-board emergency equipment and survival gear.
CA.IX.D.S2,phak,explanation,auto,from the Task D References line,Brief passengers on proper use of on-board emergency equipment and survival gear.
CA.IX.D.S2,risk-management,explanation,auto,from the Task D References line,Brief passengers on proper use of on-board emergency equipment and survival gear.
CA.IX.D.S3,afh,explanation,auto,from the Task D References line,"Simulate ballistic parachute deployment procedures, if equipped."
CA.IX.D.S3,phak,explanation,auto,from the Task D References line,"Simulate ballistic parachute deployment procedures, if equipped."
CA.IX.D.S3,risk-management,explanation,auto,from the Task D References line,"Simulate ballistic parachute deployment procedures, if equipped."
CA.IX.E.K1,afh,explanation,auto,from the Task E References line,Factors affecting minimum controllable speed (VMC).
CA.IX.E.K1,phak,explanation,auto,from the Task E References line,Factors affecting minimum controllable speed (VMC).
CA.IX.E.K1,risk-management,explanation,auto,from the Task E References line,Factors affecting minimum controllable speed (VMC).
CA.IX.E.K2,afh,explanation,auto,from the Task E References line,VMC (red line) and best single-engine rate of climb airspeed (VYSE) (blue line).
CA.IX.E.K2,phak,explanation,auto,from the Task E References line,VMC (red line) and best single-engine rate of climb airspeed (VYSE) (blue line).
CA.IX.E.K2,risk-management,explanation,auto,from the Task E References line,VMC (red line) and best single-engine rate of climb airspeed (VYSE) (blue line).
CA.IX.E.K3,afh,explanation,auto,from the Task E References line,Accelerate/stop distance.
CA.IX.E.K3,phak,explanation,auto,from the Task E References line,Accelerate/stop distance.
CA.IX.E.K3,risk-management,explanation,auto,from the Task E References line,Accelerate/stop distance.
CA.IX.E.R1,afh,explanation,auto,from the Task E References line,Potential engine failure during takeoff.
CA.IX.E.R1,phak,explanation,auto,from the Task E References line,Potential engine failure during takeoff.
CA.IX.E.R1,risk-management,explanation,auto,from the Task E References line,Potential engine failure during takeoff.
CA.IX.E.R2,afh,explanation,auto,from the Task E References line,Configuring the airplane.
CA.IX.E.R2,phak,explanation,auto,from the Task E References line,Configuring the airplane.
CA.IX.E.R2,risk-management,explanation,auto,from the Task E References line,Configuring the airplane.
CA.IX.E.R3,afh,explanation,auto,from the Task E References line,"Distractions, task prioritization, loss of situational awareness, or disorientation."
CA.IX.E.R3,phak,explanation,auto,from the Task E References line,"Distractions, task prioritization, loss of situational awareness, or disorientation."
CA.IX.E.R3,risk-management,explanation,auto,from the Task E References line,"Distractions, task prioritization, loss of situational awareness, or disorientation."
CA.IX.E.S1,afh,explanation,auto,from the Task E References line,Close the throttles smoothly and promptly when a simulated engine failure occurs.
CA.IX.E.S1,phak,explanation,auto,from the Task E References line,Close the throttles smoothly and promptly when a simulated engine failure occurs.
CA.IX.E.S1,risk-management,explanation,auto,from the Task E References line,Close the throttles smoothly and promptly when a simulated engine failure occurs.
CA.IX.E.S2,afh,explanation,auto,from the Task E References line,"Maintain directional control and apply brakes (AMEL), or flight controls (AMES), as necessary."
CA.IX.E.S2,phak,explanation,auto,from the Task E References line,"Maintain directional control and apply brakes (AMEL), or flight controls (AMES), as necessary."
CA.IX.E.S2,risk-management,explanation,auto,from the Task E References line,"Maintain directional control and apply brakes (AMEL), or flight controls (AMES), as necessary."
CA.IX.F.K1,afh,explanation,auto,from the Task F References line,Factors affecting minimum controllable speed (VMC).
CA.IX.F.K1,phak,explanation,auto,from the Task F References line,Factors affecting minimum controllable speed (VMC).
CA.IX.F.K1,risk-management,explanation,auto,from the Task F References line,Factors affecting minimum controllable speed (VMC).
CA.IX.F.K2,afh,explanation,auto,from the Task F References line,"VMC (red line), VYSE (blue line), and safe single-engine speed (VSSE)."
CA.IX.F.K2,phak,explanation,auto,from the Task F References line,"VMC (red line), VYSE (blue line), and safe single-engine speed (VSSE)."
CA.IX.F.K2,risk-management,explanation,auto,from the Task F References line,"VMC (red line), VYSE (blue line), and safe single-engine speed (VSSE)."
CA.IX.F.K3,afh,explanation,auto,from the Task F References line,Accelerate/stop and accelerate/go distances.
CA.IX.F.K3,phak,explanation,auto,from the Task F References line,Accelerate/stop and accelerate/go distances.
CA.IX.F.K3,risk-management,explanation,auto,from the Task F References line,Accelerate/stop and accelerate/go distances.
CA.IX.F.K4,afh,explanation,auto,from the Task F References line,"How to identify, verify, feather, and secure an inoperative engine."
CA.IX.F.K4,phak,explanation,auto,from the Task F References line,"How to identify, verify, feather, and secure an inoperative engine."
CA.IX.F.K4,risk-management,explanation,auto,from the Task F References line,"How to identify, verify, feather, and secure an inoperative engine."
CA.IX.F.K5,afh,explanation,auto,from the Task F References line,"Importance of drag reduction, including propeller feathering, gear and flap retraction, the manufacturer’s recommended control input and its relation to zero sideslip."
CA.IX.F.K5,phak,explanation,auto,from the Task F References line,"Importance of drag reduction, including propeller feathering, gear and flap retraction, the manufacturer’s recommended control input and its relation to zero sideslip."
CA.IX.F.K5,risk-management,explanation,auto,from the Task F References line,"Importance of drag reduction, including propeller feathering, gear and flap retraction, the manufacturer’s recommended control input and its relation to zero sideslip."
CA.IX.F.K6,afh,explanation,auto,from the Task F References line,Simulated propeller feathering and the evaluator’s zero-thrust procedures and responsibilities.
CA.IX.F.K6,phak,explanation,auto,from the Task F References line,Simulated propeller feathering and the evaluator’s zero-thrust procedures and responsibilities.
CA.IX.F.K6,risk-management,explanation,auto,from the Task F References line,Simulated propeller feathering and the evaluator’s zero-thrust procedures and responsibilities.
CA.IX.F.R1,afh,explanation,auto,from the Task F References line,Potential engine failure after lift-off.
CA.IX.F.R1,phak,explanation,auto,from the Task F References line,Potential engine failure after lift-off.
CA.IX.F.R1,risk-management,explanation,auto,from the Task F References line,Potential engine failure after lift-off.
CA.IX.F.R2,afh,explanation,auto,from the Task F References line,Collision hazards.
CA.IX.F.R2,phak,explanation,auto,from the Task F References line,Collision hazards.
CA.IX.F.R2,risk-management,explanation,auto,from the Task F References line,Collision hazards.
CA.IX.F.R3,afh,explanation,auto,from the Task F References line,Configuring the airplane.
CA.IX.F.R3,phak,explanation,auto,from the Task F References line,Configuring the airplane.
CA.IX.F.R3,risk-management,explanation,auto,from the Task F References line,Configuring the airplane.
CA.IX.F.R4,afh,explanation,auto,from the Task F References line,"Low altitude maneuvering, including stall, spin, or controlled flight into terrain (CFIT)."
CA.IX.F.R4,phak,explanation,auto,from the Task F References line,"Low altitude maneuvering, including stall, spin, or controlled flight into terrain (CFIT)."
CA.IX.F.R4,risk-management,explanation,auto,from the Task F References line,"Low altitude maneuvering, including stall, spin, or controlled flight into terrain (CFIT)."
CA.IX.F.R5,afh,explanation,auto,from the Task F References line,"Distractions, task prioritization, loss of situational awareness, or disorientation."
CA.IX.F.R5,phak,explanation,auto,from the Task F References line,"Distractions, task prioritization, loss of situational awareness, or disorientation."
CA.IX.F.R5,risk-management,explanation,auto,from the Task F References line,"Distractions, task prioritization, loss of situational awareness, or disorientation."
CA.IX.F.S1,afh,explanation,auto,from the Task F References line,"Promptly recognize an engine failure, maintain control, and use appropriate emergency procedures."
CA.IX.F.S1,phak,explanation,auto,from the Task F References line,"Promptly recognize an engine failure, maintain control, and use appropriate emergency procedures."
CA.IX.F.S1,risk-management,explanation,auto,from the Task F References line,"Promptly recognize an engine failure, maintain control, and use appropriate emergency procedures."
CA.IX.F.S10,afh,explanation,auto,from the Task F References line,Complete the appropriate checklist(s).
CA.IX.F.S10,phak,explanation,auto,from the Task F References line,Complete the appropriate checklist(s).
CA.IX.F.S10,risk-management,explanation,auto,from the Task F References line,Complete the appropriate checklist(s).
CA.IX.F.S2,afh,explanation,auto,from the Task F References line,"Establish VYSE; if obstructions are present, establish best single-engine angle of climb speed (VXSE) or VMC +5 knots, whichever is greater, until obstructions are cleared. Then transition to VYSE."
CA.IX.F.S2,phak,explanation,auto,from the Task F References line,"Establish VYSE; if obstructions are present, establish best single-engine angle of climb speed (VXSE) or VMC +5 knots, whichever is greater, until obstructions are cleared. Then transition to VYSE."
CA.IX.F.S2,risk-management,explanation,auto,from the Task F References line,"Establish VYSE; if obstructions are present, establish best single-engine angle of climb speed (VXSE) or VMC +5 knots, whichever is greater, until obstructions are cleared. Then transition to VYSE."
CA.IX.F.S3,afh,explanation,auto,from the Task F References line,Reduce drag by retracting landing gear and flaps in accordance with the manufacturer’s guidance.
CA.IX.F.S3,phak,explanation,auto,from the Task F References line,Reduce drag by retracting landing gear and flaps in accordance with the manufacturer’s guidance.
CA.IX.F.S3,risk-management,explanation,auto,from the Task F References line,Reduce drag by retracting landing gear and flaps in accordance with the manufacturer’s guidance.
CA.IX.F.S4,afh,explanation,auto,from the Task F References line,Simulate feathering the propeller on the inoperative engine (evaluator should then establish zero thrust on the inoperative engine).
CA.IX.F.S4,phak,explanation,auto,from the Task F References line,Simulate feathering the propeller on the inoperative engine (evaluator should then establish zero thrust on the inoperative engine).
CA.IX.F.S4,risk-management,explanation,auto,from the Task F References line,Simulate feathering the propeller on the inoperative engine (evaluator should then establish zero thrust on the inoperative engine).
CA.IX.F.S5,afh,explanation,auto,from the Task F References line,"Use flight controls in the proper combination as recommended by the manufacturer, or as required to maintain best performance, and trim as required."
CA.IX.F.S5,phak,explanation,auto,from the Task F References line,"Use flight controls in the proper combination as recommended by the manufacturer, or as required to maintain best performance, and trim as required."
CA.IX.F.S5,risk-management,explanation,auto,from the Task F References line,"Use flight controls in the proper combination as recommended by the manufacturer, or as required to maintain best performance, and trim as required."
CA.IX.F.S6,afh,explanation,auto,from the Task F References line,Monitor the operating engine and aircraft systems and make adjustments as necessary.
CA.IX.F.S6,phak,explanation,auto,from the Task F References line,Monitor the operating engine and aircraft systems and make adjustments as necessary.
CA.IX.F.S6,risk-management,explanation,auto,from the Task F References line,Monitor the operating engine and aircraft systems and make adjustments as necessary.
CA.IX.F.S7,afh,explanation,auto,from the Task F References line,"Recognize the airplane’s performance capabilities. If a climb is not possible at VYSE, maintain VYSE and return to the departure airport for landing, or initiate an approach to the most suitable landing area available. 57"
CA.IX.F.S7,phak,explanation,auto,from the Task F References line,"Recognize the airplane’s performance capabilities. If a climb is not possible at VYSE, maintain VYSE and return to the departure airport for landing, or initiate an approach to the most suitable landing area available. 57"
CA.IX.F.S7,risk-management,explanation,auto,from the Task F References line,"Recognize the airplane’s performance capabilities. If a climb is not possible at VYSE, maintain VYSE and return to the departure airport for landing, or initiate an approach to the most suitable landing area available. 57"
CA.IX.F.S8,afh,explanation,auto,from the Task F References line,Simulate securing the inoperative engine.
CA.IX.F.S8,phak,explanation,auto,from the Task F References line,Simulate securing the inoperative engine.
CA.IX.F.S8,risk-management,explanation,auto,from the Task F References line,Simulate securing the inoperative engine.
CA.IX.F.S9,afh,explanation,auto,from the Task F References line,Maintain heading ±10° and airspeed ±5 knots.
CA.IX.F.S9,phak,explanation,auto,from the Task F References line,Maintain heading ±10° and airspeed ±5 knots.
CA.IX.F.S9,risk-management,explanation,auto,from the Task F References line,Maintain heading ±10° and airspeed ±5 knots.
CA.IX.G.K1,afh,explanation,auto,from the Task G References line,Factors affecting minimum controllable speed (VMC).
CA.IX.G.K1,phak,explanation,auto,from the Task G References line,Factors affecting minimum controllable speed (VMC).
CA.IX.G.K1,risk-management,explanation,auto,from the Task G References line,Factors affecting minimum controllable speed (VMC).
CA.IX.G.K2,afh,explanation,auto,from the Task G References line,VMC (red line) and best single-engine rate of climb airspeed (VYSE) (blue line).
CA.IX.G.K2,phak,explanation,auto,from the Task G References line,VMC (red line) and best single-engine rate of climb airspeed (VYSE) (blue line).
CA.IX.G.K2,risk-management,explanation,auto,from the Task G References line,VMC (red line) and best single-engine rate of climb airspeed (VYSE) (blue line).
CA.IX.G.K3,afh,explanation,auto,from the Task G References line,"How to identify, verify, feather, and secure an inoperative engine."
CA.IX.G.K3,phak,explanation,auto,from the Task G References line,"How to identify, verify, feather, and secure an inoperative engine."
CA.IX.G.K3,risk-management,explanation,auto,from the Task G References line,"How to identify, verify, feather, and secure an inoperative engine."
CA.IX.G.K4,afh,explanation,auto,from the Task G References line,"Importance of drag reduction, including propeller feathering, gear and flap retraction, the manufacturer’s recommended control input and its relation to zero sideslip."
CA.IX.G.K4,phak,explanation,auto,from the Task G References line,"Importance of drag reduction, including propeller feathering, gear and flap retraction, the manufacturer’s recommended control input and its relation to zero sideslip."
CA.IX.G.K4,risk-management,explanation,auto,from the Task G References line,"Importance of drag reduction, including propeller feathering, gear and flap retraction, the manufacturer’s recommended control input and its relation to zero sideslip."
CA.IX.G.K5,afh,explanation,auto,from the Task G References line,Applicant responsibilities during simulated feathering.
CA.IX.G.K5,phak,explanation,auto,from the Task G References line,Applicant responsibilities during simulated feathering.
CA.IX.G.K5,risk-management,explanation,auto,from the Task G References line,Applicant responsibilities during simulated feathering.
CA.IX.G.R1,afh,explanation,auto,from the Task G References line,Potential engine failure inflight or during an approach.
CA.IX.G.R1,phak,explanation,auto,from the Task G References line,Potential engine failure inflight or during an approach.
CA.IX.G.R1,risk-management,explanation,auto,from the Task G References line,Potential engine failure inflight or during an approach.
CA.IX.G.R2,afh,explanation,auto,from the Task G References line,Collision hazards.
CA.IX.G.R2,phak,explanation,auto,from the Task G References line,Collision hazards.
CA.IX.G.R2,risk-management,explanation,auto,from the Task G References line,Collision hazards.
CA.IX.G.R3,afh,explanation,auto,from the Task G References line,Configuring the airplane.
CA.IX.G.R3,phak,explanation,auto,from the Task G References line,Configuring the airplane.
CA.IX.G.R3,risk-management,explanation,auto,from the Task G References line,Configuring the airplane.
CA.IX.G.R4,afh,explanation,auto,from the Task G References line,"Low altitude maneuvering, including stall, spin, or controlled flight into terrain (CFIT)."
CA.IX.G.R4,phak,explanation,auto,from the Task G References line,"Low altitude maneuvering, including stall, spin, or controlled flight into terrain (CFIT)."
CA.IX.G.R4,risk-management,explanation,auto,from the Task G References line,"Low altitude maneuvering, including stall, spin, or controlled flight into terrain (CFIT)."
CA.IX.G.R5,afh,explanation,auto,from the Task G References line,"Distractions, task prioritization, loss of situational awareness, or disorientation."
CA.IX.G.R5,phak,explanation,auto,from the Task G References line,"Distractions, task prioritization, loss of situational awareness, or disorientation."
CA.IX.G.R5,risk-management,explanation,auto,from the Task G References line,"Distractions, task prioritization, loss of situational awareness, or disorientation."
CA.IX.G.R6,afh,explanation,auto,from the Task G References line,Possible single-engine go-around.
CA.IX.G.R6,phak,explanation,auto,from the Task G References line,Possible single-engine go-around.
CA.IX.G.R6,risk-management,explanation,auto,from the Task G References line,Possible single-engine go-around.
CA.IX.G.S1,afh,explanation,auto,from the Task G References line,Promptly recognize an engine failure and maintain positive aircraft control.
CA.IX.G.S1,phak,explanation,auto,from the Task G References line,Promptly recognize an engine failure and maintain positive aircraft control.
CA.IX.G.S1,risk-management,explanation,auto,from the Task G References line,Promptly recognize an engine failure and maintain positive aircraft control.
CA.IX.G.S10,afh,explanation,auto,from the Task G References line,Complete the appropriate checklist(s). 59
CA.IX.G.S10,phak,explanation,auto,from the Task G References line,Complete the appropriate checklist(s). 59
CA.IX.G.S10,risk-management,explanation,auto,from the Task G References line,Complete the appropriate checklist(s). 59
CA.IX.G.S2,afh,explanation,auto,from the Task G References line,"Set the engine controls, reduce drag, identify and verify the inoperative engine, and simulate feathering of the propeller on the inoperative engine (evaluator should then establish zero thrust on the inoperative engine)."
CA.IX.G.S2,phak,explanation,auto,from the Task G References line,"Set the engine controls, reduce drag, identify and verify the inoperative engine, and simulate feathering of the propeller on the inoperative engine (evaluator should then establish zero thrust on the inoperative engine)."
CA.IX.G.S2,risk-management,explanation,auto,from the Task G References line,"Set the engine controls, reduce drag, identify and verify the inoperative engine, and simulate feathering of the propeller on the inoperative engine (evaluator should then establish zero thrust on the inoperative engine)."
CA.IX.G.S3,afh,explanation,auto,from the Task G References line,"Use flight controls in the proper combination as recommended by the manufacturer, or as required to maintain best performance, and trim as required."
CA.IX.G.S3,phak,explanation,auto,from the Task G References line,"Use flight controls in the proper combination as recommended by the manufacturer, or as required to maintain best performance, and trim as required."
CA.IX.G.S3,risk-management,explanation,auto,from the Task G References line,"Use flight controls in the proper combination as recommended by the manufacturer, or as required to maintain best performance, and trim as required."
CA.IX.G.S4,afh,explanation,auto,from the Task G References line,Follow the manufacturer’s recommended emergency procedures and complete the appropriate checklist.
CA.IX.G.S4,phak,explanation,auto,from the Task G References line,Follow the manufacturer’s recommended emergency procedures and complete the appropriate checklist.
CA.IX.G.S4,risk-management,explanation,auto,from the Task G References line,Follow the manufacturer’s recommended emergency procedures and complete the appropriate checklist.
CA.IX.G.S5,afh,explanation,auto,from the Task G References line,Monitor the operating engine and aircraft systems and make adjustments as necessary. 58
CA.IX.G.S5,phak,explanation,auto,from the Task G References line,Monitor the operating engine and aircraft systems and make adjustments as necessary. 58
CA.IX.G.S5,risk-management,explanation,auto,from the Task G References line,Monitor the operating engine and aircraft systems and make adjustments as necessary. 58
CA.IX.G.S6,afh,explanation,auto,from the Task G References line,"Maintain the manufacturer's recommended approach airspeed ±5 knots in the landing configuration with a stabilized approach, until landing is assured."
CA.IX.G.S6,phak,explanation,auto,from the Task G References line,"Maintain the manufacturer's recommended approach airspeed ±5 knots in the landing configuration with a stabilized approach, until landing is assured."
CA.IX.G.S6,risk-management,explanation,auto,from the Task G References line,"Maintain the manufacturer's recommended approach airspeed ±5 knots in the landing configuration with a stabilized approach, until landing is assured."
CA.IX.G.S7,afh,explanation,auto,from the Task G References line,"Make smooth, timely, and correct control application before, during, and after touchdown."
CA.IX.G.S7,phak,explanation,auto,from the Task G References line,"Make smooth, timely, and correct control application before, during, and after touchdown."
CA.IX.G.S7,risk-management,explanation,auto,from the Task G References line,"Make smooth, timely, and correct control application before, during, and after touchdown."
CA.IX.G.S8,afh,explanation,auto,from the Task G References line,"Touch down on the first one-third of available runway/landing surface, with no drift, and the airplane’s longitudinal axis aligned with and over the runway center or landing path."
CA.IX.G.S8,phak,explanation,auto,from the Task G References line,"Touch down on the first one-third of available runway/landing surface, with no drift, and the airplane’s longitudinal axis aligned with and over the runway center or landing path."
CA.IX.G.S8,risk-management,explanation,auto,from the Task G References line,"Touch down on the first one-third of available runway/landing surface, with no drift, and the airplane’s longitudinal axis aligned with and over the runway center or landing path."
CA.IX.G.S9,afh,explanation,auto,from the Task G References line,Maintain directional control and appropriate crosswind correction throughout the approach and landing.
CA.IX.G.S9,phak,explanation,auto,from the Task G References line,Maintain directional control and appropriate crosswind correction throughout the approach and landing.
CA.IX.G.S9,risk-management,explanation,auto,from the Task G References line,Maintain directional control and appropriate crosswind correction throughout the approach and landing.
CA.V.A.K1,afh,explanation,auto,from the Task A References line,How to conduct a proper steep turn.
CA.V.A.K1,phak,explanation,auto,from the Task A References line,How to conduct a proper steep turn.
CA.V.A.K1,risk-management,explanation,auto,from the Task A References line,How to conduct a proper steep turn.
CA.V.A.K2,afh,explanation,auto,from the Task A References line,"Aerodynamics associated with steep turns, including:"
CA.V.A.K2,phak,explanation,auto,from the Task A References line,"Aerodynamics associated with steep turns, including:"
CA.V.A.K2,risk-management,explanation,auto,from the Task A References line,"Aerodynamics associated with steep turns, including:"
CA.V.A.K2a,afh,explanation,auto,from the Task A References line,a. Maintaining coordinated flight
CA.V.A.K2a,phak,explanation,auto,from the Task A References line,a. Maintaining coordinated flight
CA.V.A.K2a,risk-management,explanation,auto,from the Task A References line,a. Maintaining coordinated flight
CA.V.A.K2b,afh,explanation,auto,from the Task A References line,b. Overbanking tendencies
CA.V.A.K2b,phak,explanation,auto,from the Task A References line,b. Overbanking tendencies
CA.V.A.K2b,risk-management,explanation,auto,from the Task A References line,b. Overbanking tendencies
CA.V.A.K2c,afh,explanation,auto,from the Task A References line,"c. Maneuvering speed, including the impact of weight changes"
CA.V.A.K2c,phak,explanation,auto,from the Task A References line,"c. Maneuvering speed, including the impact of weight changes"
CA.V.A.K2c,risk-management,explanation,auto,from the Task A References line,"c. Maneuvering speed, including the impact of weight changes"
CA.V.A.K2d,afh,explanation,auto,from the Task A References line,d. Load factor and accelerated stalls
CA.V.A.K2d,phak,explanation,auto,from the Task A References line,d. Load factor and accelerated stalls
CA.V.A.K2d,risk-management,explanation,auto,from the Task A References line,d. Load factor and accelerated stalls
CA.V.A.K2e,afh,explanation,auto,from the Task A References line,e. Rate and radius of turn
CA.V.A.K2e,phak,explanation,auto,from the Task A References line,e. Rate and radius of turn
CA.V.A.K2e,risk-management,explanation,auto,from the Task A References line,e. Rate and radius of turn
CA.V.A.R1,afh,explanation,auto,from the Task A References line,Division of attention between aircraft control and orientation.
CA.V.A.R1,phak,explanation,auto,from the Task A References line,Division of attention between aircraft control and orientation.
CA.V.A.R1,risk-management,explanation,auto,from the Task A References line,Division of attention between aircraft control and orientation.
CA.V.A.R2,afh,explanation,auto,from the Task A References line,Collision hazards.
CA.V.A.R2,phak,explanation,auto,from the Task A References line,Collision hazards.
CA.V.A.R2,risk-management,explanation,auto,from the Task A References line,Collision hazards.
CA.V.A.R3,afh,explanation,auto,from the Task A References line,"Low altitude maneuvering, including stall, spin, or controlled flight into terrain (CFIT)."
CA.V.A.R3,phak,explanation,auto,from the Task A References line,"Low altitude maneuvering, including stall, spin, or controlled flight into terrain (CFIT)."
CA.V.A.R3,risk-management,explanation,auto,from the Task A References line,"Low altitude maneuvering, including stall, spin, or controlled flight into terrain (CFIT)."
CA.V.A.R4,afh,explanation,auto,from the Task A References line,"Distractions, task prioritization, loss of situational awareness, or disorientation."
CA.V.A.R4,phak,explanation,auto,from the Task A References line,"Distractions, task prioritization, loss of situational awareness, or disorientation."
CA.V.A.R4,risk-management,explanation,auto,from the Task A References line,"Distractions, task prioritization, loss of situational awareness, or disorientation."
CA.V.A.R5,afh,explanation,auto,from the Task A References line,Uncoordinated flight.
CA.V.A.R5,phak,explanation,auto,from the Task A References line,Uncoordinated flight.
CA.V.A.R5,risk-management,explanation,auto,from the Task A References line,Uncoordinated flight.
CA.V.A.S1,afh,explanation,auto,from the Task A References line,Clear the area.
CA.V.A.S1,phak,explanation,auto,from the Task A References line,Clear the area.
CA.V.A.S1,risk-management,explanation,auto,from the Task A References line,Clear the area.
CA.V.A.S2,afh,explanation,auto,from the Task A References line,"Establish the manufacturer's recommended airspeed; or if one is not available, an airspeed not to exceed maneuvering speed (VA)."
CA.V.A.S2,phak,explanation,auto,from the Task A References line,"Establish the manufacturer's recommended airspeed; or if one is not available, an airspeed not to exceed maneuvering speed (VA)."
CA.V.A.S2,risk-management,explanation,auto,from the Task A References line,"Establish the manufacturer's recommended airspeed; or if one is not available, an airspeed not to exceed maneuvering speed (VA)."
CA.V.A.S3,afh,explanation,auto,from the Task A References line,Roll into a coordinated 360° steep turn with approximately a 50° bank.
CA.V.A.S3,phak,explanation,auto,from the Task A References line,Roll into a coordinated 360° steep turn with approximately a 50° bank.
CA.V.A.S3,risk-management,explanation,auto,from the Task A References line,Roll into a coordinated 360° steep turn with approximately a 50° bank.
CA.V.A.S4,afh,explanation,auto,from the Task A References line,Perform the Task in the opposite direction.
CA.V.A.S4,phak,explanation,auto,from the Task A References line,Perform the Task in the opposite direction.
CA.V.A.S4,risk-management,explanation,auto,from the Task A References line,Perform the Task in the opposite direction.
CA.V.A.S5,afh,explanation,auto,from the Task A References line,"Maintain the entry altitude ±100 feet, airspeed ±10 knots, bank ±5°, and roll out on the entry heading ±10°."
CA.V.A.S5,phak,explanation,auto,from the Task A References line,"Maintain the entry altitude ±100 feet, airspeed ±10 knots, bank ±5°, and roll out on the entry heading ±10°."
CA.V.A.S5,risk-management,explanation,auto,from the Task A References line,"Maintain the entry altitude ±100 feet, airspeed ±10 knots, bank ±5°, and roll out on the entry heading ±10°."
CA.V.B.K1,afh,explanation,auto,from the Task B References line,Relationship to emergency landing procedures.
CA.V.B.K1,phak,explanation,auto,from the Task B References line,Relationship to emergency landing procedures.
CA.V.B.K1,risk-management,explanation,auto,from the Task B References line,Relationship to emergency landing procedures.
CA.V.B.K2,afh,explanation,auto,from the Task B References line,Maintaining a constant radius about a point.
CA.V.B.K2,phak,explanation,auto,from the Task B References line,Maintaining a constant radius about a point.
CA.V.B.K2,risk-management,explanation,auto,from the Task B References line,Maintaining a constant radius about a point.
CA.V.B.K3,afh,explanation,auto,from the Task B References line,Effects of wind on ground track and relation to a ground reference.
CA.V.B.K3,phak,explanation,auto,from the Task B References line,Effects of wind on ground track and relation to a ground reference.
CA.V.B.K3,risk-management,explanation,auto,from the Task B References line,Effects of wind on ground track and relation to a ground reference.
CA.V.B.R1,afh,explanation,auto,from the Task B References line,Division of attention between aircraft control and orientation.
CA.V.B.R1,phak,explanation,auto,from the Task B References line,Division of attention between aircraft control and orientation.
CA.V.B.R1,risk-management,explanation,auto,from the Task B References line,Division of attention between aircraft control and orientation.
CA.V.B.R2,afh,explanation,auto,from the Task B References line,Collision hazards.
CA.V.B.R2,phak,explanation,auto,from the Task B References line,Collision hazards.
CA.V.B.R2,risk-management,explanation,auto,from the Task B References line,Collision hazards.
CA.V.B.R3,afh,explanation,auto,from the Task B References line,"Low altitude maneuvering, including stall, spin, or controlled flight into terrain (CFIT)."
CA.V.B.R3,phak,explanation,auto,from the Task B References line,"Low altitude maneuvering, including stall, spin, or controlled flight into terrain (CFIT)."
CA.V.B.R3,risk-management,explanation,auto,from the Task B References line,"Low altitude maneuvering, including stall, spin, or controlled flight into terrain (CFIT)."
CA.V.B.R4,afh,explanation,auto,from the Task B References line,"Distractions, task prioritization, loss of situational awareness, or disorientation."
CA.V.B.R4,phak,explanation,auto,from the Task B References line,"Distractions, task prioritization, loss of situational awareness, or disorientation."
CA.V.B.R4,risk-management,explanation,auto,from the Task B References line,"Distractions, task prioritization, loss of situational awareness, or disorientation."
CA.V.B.R5,afh,explanation,auto,from the Task B References line,Uncoordinated flight.
CA.V.B.R5,phak,explanation,auto,from the Task B References line,Uncoordinated flight.
CA.V.B.R5,risk-management,explanation,auto,from the Task B References line,Uncoordinated flight.
CA.V.B.R6,afh,explanation,auto,from the Task B References line,Effects of wind.
CA.V.B.R6,phak,explanation,auto,from the Task B References line,Effects of wind.
CA.V.B.R6,risk-management,explanation,auto,from the Task B References line,Effects of wind.
CA.V.B.R7,afh,explanation,auto,from the Task B References line,Airframe or airspeed limitations.
CA.V.B.R7,phak,explanation,auto,from the Task B References line,Airframe or airspeed limitations.
CA.V.B.R7,risk-management,explanation,auto,from the Task B References line,Airframe or airspeed limitations.
CA.V.B.S1,afh,explanation,auto,from the Task B References line,Clear the area.
CA.V.B.S1,phak,explanation,auto,from the Task B References line,Clear the area.
CA.V.B.S1,risk-management,explanation,auto,from the Task B References line,Clear the area.
CA.V.B.S2,afh,explanation,auto,from the Task B References line,"Select an altitude sufficient to continue through a series of at least three, 360° turns."
CA.V.B.S2,phak,explanation,auto,from the Task B References line,"Select an altitude sufficient to continue through a series of at least three, 360° turns."
CA.V.B.S2,risk-management,explanation,auto,from the Task B References line,"Select an altitude sufficient to continue through a series of at least three, 360° turns."
CA.V.B.S3,afh,explanation,auto,from the Task B References line,"Establish and maintain a steep spiral, not to exceed 60° angle of bank, to maintain a constant radius about a suitable ground reference point."
CA.V.B.S3,phak,explanation,auto,from the Task B References line,"Establish and maintain a steep spiral, not to exceed 60° angle of bank, to maintain a constant radius about a suitable ground reference point."
CA.V.B.S3,risk-management,explanation,auto,from the Task B References line,"Establish and maintain a steep spiral, not to exceed 60° angle of bank, to maintain a constant radius about a suitable ground reference point."
CA.V.B.S4,afh,explanation,auto,from the Task B References line,Apply wind-drift correction to track a constant radius circle around selected reference point with bank not to exceed 60° a steepest point in turn.
CA.V.B.S4,phak,explanation,auto,from the Task B References line,Apply wind-drift correction to track a constant radius circle around selected reference point with bank not to exceed 60° a steepest point in turn.
CA.V.B.S4,risk-management,explanation,auto,from the Task B References line,Apply wind-drift correction to track a constant radius circle around selected reference point with bank not to exceed 60° a steepest point in turn.
CA.V.B.S5,afh,explanation,auto,from the Task B References line,"Divide attention between airplane control, traffic avoidance and the ground track while maintaining coordinated flight."
CA.V.B.S5,phak,explanation,auto,from the Task B References line,"Divide attention between airplane control, traffic avoidance and the ground track while maintaining coordinated flight."
CA.V.B.S5,risk-management,explanation,auto,from the Task B References line,"Divide attention between airplane control, traffic avoidance and the ground track while maintaining coordinated flight."
CA.V.B.S6,afh,explanation,auto,from the Task B References line,"Maintain the specified airspeed, ±10 knots and roll out toward an object or specified heading, ±10°, and complete the maneuver no lower than 1,500 feet above ground level (AGL)."
CA.V.B.S6,phak,explanation,auto,from the Task B References line,"Maintain the specified airspeed, ±10 knots and roll out toward an object or specified heading, ±10°, and complete the maneuver no lower than 1,500 feet above ground level (AGL)."
CA.V.B.S6,risk-management,explanation,auto,from the Task B References line,"Maintain the specified airspeed, ±10 knots and roll out toward an object or specified heading, ±10°, and complete the maneuver no lower than 1,500 feet above ground level (AGL)."
CA.V.C.K1,afh,explanation,auto,from the Task C References line,How to conduct proper chandelles. 38
CA.V.C.K1,phak,explanation,auto,from the Task C References line,How to conduct proper chandelles. 38
CA.V.C.K1,risk-management,explanation,auto,from the Task C References line,How to conduct proper chandelles. 38
CA.V.C.K2,afh,explanation,auto,from the Task C References line,"Aerodynamics associated with chandelles, including:"
CA.V.C.K2,phak,explanation,auto,from the Task C References line,"Aerodynamics associated with chandelles, including:"
CA.V.C.K2,risk-management,explanation,auto,from the Task C References line,"Aerodynamics associated with chandelles, including:"
CA.V.C.K2a,afh,explanation,auto,from the Task C References line,a. Maintaining coordinated flight
CA.V.C.K2a,phak,explanation,auto,from the Task C References line,a. Maintaining coordinated flight
CA.V.C.K2a,risk-management,explanation,auto,from the Task C References line,a. Maintaining coordinated flight
CA.V.C.K2b,afh,explanation,auto,from the Task C References line,b. Overbanking tendencies
CA.V.C.K2b,phak,explanation,auto,from the Task C References line,b. Overbanking tendencies
CA.V.C.K2b,risk-management,explanation,auto,from the Task C References line,b. Overbanking tendencies
CA.V.C.K2c,afh,explanation,auto,from the Task C References line,"c. Maneuvering speed, including the impact of weight changes"
CA.V.C.K2c,phak,explanation,auto,from the Task C References line,"c. Maneuvering speed, including the impact of weight changes"
CA.V.C.K2c,risk-management,explanation,auto,from the Task C References line,"c. Maneuvering speed, including the impact of weight changes"
CA.V.C.K2d,afh,explanation,auto,from the Task C References line,d. Accelerated stalls
CA.V.C.K2d,phak,explanation,auto,from the Task C References line,d. Accelerated stalls
CA.V.C.K2d,risk-management,explanation,auto,from the Task C References line,d. Accelerated stalls
CA.V.C.K3,afh,explanation,auto,from the Task C References line,Appropriate airplane configuration for maximum performance climb.
CA.V.C.K3,phak,explanation,auto,from the Task C References line,Appropriate airplane configuration for maximum performance climb.
CA.V.C.K3,risk-management,explanation,auto,from the Task C References line,Appropriate airplane configuration for maximum performance climb.
CA.V.C.K4,afh,explanation,auto,from the Task C References line,Proper pitch control required for continuously decreasing airspeed.
CA.V.C.K4,phak,explanation,auto,from the Task C References line,Proper pitch control required for continuously decreasing airspeed.
CA.V.C.K4,risk-management,explanation,auto,from the Task C References line,Proper pitch control required for continuously decreasing airspeed.
CA.V.C.R1,afh,explanation,auto,from the Task C References line,Division of attention between aircraft control and orientation.
CA.V.C.R1,phak,explanation,auto,from the Task C References line,Division of attention between aircraft control and orientation.
CA.V.C.R1,risk-management,explanation,auto,from the Task C References line,Division of attention between aircraft control and orientation.
CA.V.C.R2,afh,explanation,auto,from the Task C References line,Collision hazards.
CA.V.C.R2,phak,explanation,auto,from the Task C References line,Collision hazards.
CA.V.C.R2,risk-management,explanation,auto,from the Task C References line,Collision hazards.
CA.V.C.R3,afh,explanation,auto,from the Task C References line,"Low altitude maneuvering, including stall, spin, or controlled flight into terrain (CFIT)."
CA.V.C.R3,phak,explanation,auto,from the Task C References line,"Low altitude maneuvering, including stall, spin, or controlled flight into terrain (CFIT)."
CA.V.C.R3,risk-management,explanation,auto,from the Task C References line,"Low altitude maneuvering, including stall, spin, or controlled flight into terrain (CFIT)."
CA.V.C.R4,afh,explanation,auto,from the Task C References line,"Distractions, task prioritization, loss of situational awareness, or disorientation."
CA.V.C.R4,phak,explanation,auto,from the Task C References line,"Distractions, task prioritization, loss of situational awareness, or disorientation."
CA.V.C.R4,risk-management,explanation,auto,from the Task C References line,"Distractions, task prioritization, loss of situational awareness, or disorientation."
CA.V.C.R5,afh,explanation,auto,from the Task C References line,Uncoordinated flight.
CA.V.C.R5,phak,explanation,auto,from the Task C References line,Uncoordinated flight.
CA.V.C.R5,risk-management,explanation,auto,from the Task C References line,Uncoordinated flight.
CA.V.C.R6,afh,explanation,auto,from the Task C References line,Energy management.
CA.V.C.R6,phak,explanation,auto,from the Task C References line,Energy management.
CA.V.C.R6,risk-management,explanation,auto,from the Task C References line,Energy management.
CA.V.C.R7,afh,explanation,auto,from the Task C References line,Rate and radius of turn with confined area operations.
CA.V.C.R7,phak,explanation,auto,from the Task C References line,Rate and radius of turn with confined area operations.
CA.V.C.R7,risk-management,explanation,auto,from the Task C References line,Rate and radius of turn with confined area operations.
CA.V.C.S1,afh,explanation,auto,from the Task C References line,Clear the area.
CA.V.C.S1,phak,explanation,auto,from the Task C References line,Clear the area.
CA.V.C.S1,risk-management,explanation,auto,from the Task C References line,Clear the area.
CA.V.C.S2,afh,explanation,auto,from the Task C References line,"Select an altitude that allows the maneuver to be performed no lower than 1,500 feet above ground level (AGL)."
CA.V.C.S2,phak,explanation,auto,from the Task C References line,"Select an altitude that allows the maneuver to be performed no lower than 1,500 feet above ground level (AGL)."
CA.V.C.S2,risk-management,explanation,auto,from the Task C References line,"Select an altitude that allows the maneuver to be performed no lower than 1,500 feet above ground level (AGL)."
CA.V.C.S3,afh,explanation,auto,from the Task C References line,"Establish the appropriate entry configuration, power, and airspeed."
CA.V.C.S3,phak,explanation,auto,from the Task C References line,"Establish the appropriate entry configuration, power, and airspeed."
CA.V.C.S3,risk-management,explanation,auto,from the Task C References line,"Establish the appropriate entry configuration, power, and airspeed."
CA.V.C.S4,afh,explanation,auto,from the Task C References line,Establish the angle of bank at approximately 30°.
CA.V.C.S4,phak,explanation,auto,from the Task C References line,Establish the angle of bank at approximately 30°.
CA.V.C.S4,risk-management,explanation,auto,from the Task C References line,Establish the angle of bank at approximately 30°.
CA.V.C.S5,afh,explanation,auto,from the Task C References line,"Simultaneously apply power and pitch to maintain a smooth, coordinated climbing turn, in either direction, to the 90° point, with a constant bank and continuously decreasing airspeed."
CA.V.C.S5,phak,explanation,auto,from the Task C References line,"Simultaneously apply power and pitch to maintain a smooth, coordinated climbing turn, in either direction, to the 90° point, with a constant bank and continuously decreasing airspeed."
CA.V.C.S5,risk-management,explanation,auto,from the Task C References line,"Simultaneously apply power and pitch to maintain a smooth, coordinated climbing turn, in either direction, to the 90° point, with a constant bank and continuously decreasing airspeed."
CA.V.C.S6,afh,explanation,auto,from the Task C References line,Begin a coordinated constant rate rollout from the 90° point to the 180° point maintaining power and a constant pitch attitude.
CA.V.C.S6,phak,explanation,auto,from the Task C References line,Begin a coordinated constant rate rollout from the 90° point to the 180° point maintaining power and a constant pitch attitude.
CA.V.C.S6,risk-management,explanation,auto,from the Task C References line,Begin a coordinated constant rate rollout from the 90° point to the 180° point maintaining power and a constant pitch attitude.
CA.V.C.S7,afh,explanation,auto,from the Task C References line,"Complete rollout at the 180° point, ±10° just above a stall airspeed, and maintaining that airspeed momentarily avoiding a stall."
CA.V.C.S7,phak,explanation,auto,from the Task C References line,"Complete rollout at the 180° point, ±10° just above a stall airspeed, and maintaining that airspeed momentarily avoiding a stall."
CA.V.C.S7,risk-management,explanation,auto,from the Task C References line,"Complete rollout at the 180° point, ±10° just above a stall airspeed, and maintaining that airspeed momentarily avoiding a stall."
CA.V.C.S8,afh,explanation,auto,from the Task C References line,Resume a straight-and-level flight with minimum loss of altitude.
CA.V.C.S8,phak,explanation,auto,from the Task C References line,Resume a straight-and-level flight with minimum loss of altitude.
CA.V.C.S8,risk-management,explanation,auto,from the Task C References line,Resume a straight-and-level flight with minimum loss of altitude.
CA.V.D.K1,afh,explanation,auto,from the Task D References line,How to conduct proper lazy eights.
CA.V.D.K1,phak,explanation,auto,from the Task D References line,How to conduct proper lazy eights.
CA.V.D.K1,risk-management,explanation,auto,from the Task D References line,How to conduct proper lazy eights.
CA.V.D.K2,afh,explanation,auto,from the Task D References line,"Aerodynamics associated with lazy eights, including how to maintain coordinated flight."
CA.V.D.K2,phak,explanation,auto,from the Task D References line,"Aerodynamics associated with lazy eights, including how to maintain coordinated flight."
CA.V.D.K2,risk-management,explanation,auto,from the Task D References line,"Aerodynamics associated with lazy eights, including how to maintain coordinated flight."
CA.V.D.K3,afh,explanation,auto,from the Task D References line,Performance and airspeed limitations.
CA.V.D.K3,phak,explanation,auto,from the Task D References line,Performance and airspeed limitations.
CA.V.D.K3,risk-management,explanation,auto,from the Task D References line,Performance and airspeed limitations.
CA.V.D.K4,afh,explanation,auto,from the Task D References line,Phases of the lazy eight maneuver from entry to recovery.
CA.V.D.K4,phak,explanation,auto,from the Task D References line,Phases of the lazy eight maneuver from entry to recovery.
CA.V.D.K4,risk-management,explanation,auto,from the Task D References line,Phases of the lazy eight maneuver from entry to recovery.
CA.V.D.R1,afh,explanation,auto,from the Task D References line,Division of attention between aircraft control and orientation.
CA.V.D.R1,phak,explanation,auto,from the Task D References line,Division of attention between aircraft control and orientation.
CA.V.D.R1,risk-management,explanation,auto,from the Task D References line,Division of attention between aircraft control and orientation.
CA.V.D.R2,afh,explanation,auto,from the Task D References line,Collision hazards.
CA.V.D.R2,phak,explanation,auto,from the Task D References line,Collision hazards.
CA.V.D.R2,risk-management,explanation,auto,from the Task D References line,Collision hazards.
CA.V.D.R3,afh,explanation,auto,from the Task D References line,"Low altitude maneuvering, including stall, spin, or controlled flight into terrain (CFIT)."
CA.V.D.R3,phak,explanation,auto,from the Task D References line,"Low altitude maneuvering, including stall, spin, or controlled flight into terrain (CFIT)."
CA.V.D.R3,risk-management,explanation,auto,from the Task D References line,"Low altitude maneuvering, including stall, spin, or controlled flight into terrain (CFIT)."
CA.V.D.R4,afh,explanation,auto,from the Task D References line,"Distractions, task prioritization, loss of situational awareness, or disorientation."
CA.V.D.R4,phak,explanation,auto,from the Task D References line,"Distractions, task prioritization, loss of situational awareness, or disorientation."
CA.V.D.R4,risk-management,explanation,auto,from the Task D References line,"Distractions, task prioritization, loss of situational awareness, or disorientation."
CA.V.D.R5,afh,explanation,auto,from the Task D References line,Uncoordinated flight.
CA.V.D.R5,phak,explanation,auto,from the Task D References line,Uncoordinated flight.
CA.V.D.R5,risk-management,explanation,auto,from the Task D References line,Uncoordinated flight.
CA.V.D.R6,afh,explanation,auto,from the Task D References line,Energy management.
CA.V.D.R6,phak,explanation,auto,from the Task D References line,Energy management.
CA.V.D.R6,risk-management,explanation,auto,from the Task D References line,Energy management.
CA.V.D.R7,afh,explanation,auto,from the Task D References line,Accelerated stalls.
CA.V.D.R7,phak,explanation,auto,from the Task D References line,Accelerated stalls.
CA.V.D.R7,risk-management,explanation,auto,from the Task D References line,Accelerated stalls.
CA.V.D.S1,afh,explanation,auto,from the Task D References line,Clear the area.
CA.V.D.S1,phak,explanation,auto,from the Task D References line,Clear the area.
CA.V.D.S1,risk-management,explanation,auto,from the Task D References line,Clear the area.
CA.V.D.S2,afh,explanation,auto,from the Task D References line,"Select an altitude that allows the maneuver to be performed no lower than 1,500 feet above ground level (AGL)."
CA.V.D.S2,phak,explanation,auto,from the Task D References line,"Select an altitude that allows the maneuver to be performed no lower than 1,500 feet above ground level (AGL)."
CA.V.D.S2,risk-management,explanation,auto,from the Task D References line,"Select an altitude that allows the maneuver to be performed no lower than 1,500 feet above ground level (AGL)."
CA.V.D.S3,afh,explanation,auto,from the Task D References line,"Establish the recommended entry configuration, power, and airspeed."
CA.V.D.S3,phak,explanation,auto,from the Task D References line,"Establish the recommended entry configuration, power, and airspeed."
CA.V.D.S3,risk-management,explanation,auto,from the Task D References line,"Establish the recommended entry configuration, power, and airspeed."
CA.V.D.S4,afh,explanation,auto,from the Task D References line,Maintain coordinated flight throughout the maneuver.
CA.V.D.S4,phak,explanation,auto,from the Task D References line,Maintain coordinated flight throughout the maneuver.
CA.V.D.S4,risk-management,explanation,auto,from the Task D References line,Maintain coordinated flight throughout the maneuver.
CA.V.D.S5,afh,explanation,auto,from the Task D References line,Complete the maneuver in accordance with the following:
CA.V.D.S5,phak,explanation,auto,from the Task D References line,Complete the maneuver in accordance with the following:
CA.V.D.S5,risk-management,explanation,auto,from the Task D References line,Complete the maneuver in accordance with the following:
CA.V.D.S5a,afh,explanation,auto,from the Task D References line,a. Approximately 30° bank at the steepest point
CA.V.D.S5a,phak,explanation,auto,from the Task D References line,a. Approximately 30° bank at the steepest point
CA.V.D.S5a,risk-management,explanation,auto,from the Task D References line,a. Approximately 30° bank at the steepest point
CA.V.D.S5b,afh,explanation,auto,from the Task D References line,b. Constant change of pitch and roll rate and airspeed
CA.V.D.S5b,phak,explanation,auto,from the Task D References line,b. Constant change of pitch and roll rate and airspeed
CA.V.D.S5b,risk-management,explanation,auto,from the Task D References line,b. Constant change of pitch and roll rate and airspeed
CA.V.D.S5c,afh,explanation,auto,from the Task D References line,"c. Altitude at 180° point, ±100 feet from entry altitude"
CA.V.D.S5c,phak,explanation,auto,from the Task D References line,"c. Altitude at 180° point, ±100 feet from entry altitude"
CA.V.D.S5c,risk-management,explanation,auto,from the Task D References line,"c. Altitude at 180° point, ±100 feet from entry altitude"
CA.V.D.S5d,afh,explanation,auto,from the Task D References line,"d. Airspeed at the 180° point, ±10 knots from entry airspeed"
CA.V.D.S5d,phak,explanation,auto,from the Task D References line,"d. Airspeed at the 180° point, ±10 knots from entry airspeed"
CA.V.D.S5d,risk-management,explanation,auto,from the Task D References line,"d. Airspeed at the 180° point, ±10 knots from entry airspeed"
CA.V.D.S5e,afh,explanation,auto,from the Task D References line,"e. Heading at the 180° point, ±10°"
CA.V.D.S5e,phak,explanation,auto,from the Task D References line,"e. Heading at the 180° point, ±10°"
CA.V.D.S5e,risk-management,explanation,auto,from the Task D References line,"e. Heading at the 180° point, ±10°"
CA.V.D.S6,afh,explanation,auto,from the Task D References line,"Continue the maneuver through the number of symmetrical loops specified, then resume straight-and- level flight."
CA.V.D.S6,phak,explanation,auto,from the Task D References line,"Continue the maneuver through the number of symmetrical loops specified, then resume straight-and- level flight."
CA.V.D.S6,risk-management,explanation,auto,from the Task D References line,"Continue the maneuver through the number of symmetrical loops specified, then resume straight-and- level flight."
CA.V.E.K1,afh,explanation,auto,from the Task E References line,Purpose of eights on pylons.
CA.V.E.K1,phak,explanation,auto,from the Task E References line,Purpose of eights on pylons.
CA.V.E.K1,risk-management,explanation,auto,from the Task E References line,Purpose of eights on pylons.
CA.V.E.K2,afh,explanation,auto,from the Task E References line,"Aerodynamics associated with the eights on pylons, including coordinated and uncoordinated flight."
CA.V.E.K2,phak,explanation,auto,from the Task E References line,"Aerodynamics associated with the eights on pylons, including coordinated and uncoordinated flight."
CA.V.E.K2,risk-management,explanation,auto,from the Task E References line,"Aerodynamics associated with the eights on pylons, including coordinated and uncoordinated flight."
CA.V.E.K3,afh,explanation,auto,from the Task E References line,Pivotal altitude and factors that affect it.
CA.V.E.K3,phak,explanation,auto,from the Task E References line,Pivotal altitude and factors that affect it.
CA.V.E.K3,risk-management,explanation,auto,from the Task E References line,Pivotal altitude and factors that affect it.
CA.V.E.K4,afh,explanation,auto,from the Task E References line,Effect of wind on ground track.
CA.V.E.K4,phak,explanation,auto,from the Task E References line,Effect of wind on ground track.
CA.V.E.K4,risk-management,explanation,auto,from the Task E References line,Effect of wind on ground track.
CA.V.E.K5,afh,explanation,auto,from the Task E References line,Phases of the eights on pylons maneuver from entry to recovery.
CA.V.E.K5,phak,explanation,auto,from the Task E References line,Phases of the eights on pylons maneuver from entry to recovery.
CA.V.E.K5,risk-management,explanation,auto,from the Task E References line,Phases of the eights on pylons maneuver from entry to recovery.
CA.V.E.R1,afh,explanation,auto,from the Task E References line,Division of attention between aircraft control and orientation.
CA.V.E.R1,phak,explanation,auto,from the Task E References line,Division of attention between aircraft control and orientation.
CA.V.E.R1,risk-management,explanation,auto,from the Task E References line,Division of attention between aircraft control and orientation.
CA.V.E.R2,afh,explanation,auto,from the Task E References line,Collision hazards.
CA.V.E.R2,phak,explanation,auto,from the Task E References line,Collision hazards.
CA.V.E.R2,risk-management,explanation,auto,from the Task E References line,Collision hazards.
CA.V.E.R3,afh,explanation,auto,from the Task E References line,"Low altitude maneuvering, including stall, spin, or controlled flight into terrain (CFIT)."
CA.V.E.R3,phak,explanation,auto,from the Task E References line,"Low altitude maneuvering, including stall, spin, or controlled flight into terrain (CFIT)."
CA.V.E.R3,risk-management,explanation,auto,from the Task E References line,"Low altitude maneuvering, including stall, spin, or controlled flight into terrain (CFIT)."
CA.V.E.R4,afh,explanation,auto,from the Task E References line,"Distractions, task prioritization, loss of situational awareness, or disorientation."
CA.V.E.R4,phak,explanation,auto,from the Task E References line,"Distractions, task prioritization, loss of situational awareness, or disorientation."
CA.V.E.R4,risk-management,explanation,auto,from the Task E References line,"Distractions, task prioritization, loss of situational awareness, or disorientation."
CA.V.E.R5,afh,explanation,auto,from the Task E References line,Uncoordinated flight.
CA.V.E.R5,phak,explanation,auto,from the Task E References line,Uncoordinated flight.
CA.V.E.R5,risk-management,explanation,auto,from the Task E References line,Uncoordinated flight.
CA.V.E.R6,afh,explanation,auto,from the Task E References line,Energy management.
CA.V.E.R6,phak,explanation,auto,from the Task E References line,Energy management.
CA.V.E.R6,risk-management,explanation,auto,from the Task E References line,Energy management.
CA.V.E.R7,afh,explanation,auto,from the Task E References line,Emergency landing considerations.
CA.V.E.R7,phak,explanation,auto,from the Task E References line,Emergency landing considerations.
CA.V.E.R7,risk-management,explanation,auto,from the Task E References line,Emergency landing considerations.
CA.V.E.S1,afh,explanation,auto,from the Task E References line,Clear the area.
CA.V.E.S1,phak,explanation,auto,from the Task E References line,Clear the area.
CA.V.E.S1,risk-management,explanation,auto,from the Task E References line,Clear the area.
CA.V.E.S2,afh,explanation,auto,from the Task E References line,Determine the approximate pivotal altitude.
CA.V.E.S2,phak,explanation,auto,from the Task E References line,Determine the approximate pivotal altitude.
CA.V.E.S2,risk-management,explanation,auto,from the Task E References line,Determine the approximate pivotal altitude.
CA.V.E.S3,afh,explanation,auto,from the Task E References line,Select suitable pylons that permits straight-and-level flight between the pylons.
CA.V.E.S3,phak,explanation,auto,from the Task E References line,Select suitable pylons that permits straight-and-level flight between the pylons.
CA.V.E.S3,risk-management,explanation,auto,from the Task E References line,Select suitable pylons that permits straight-and-level flight between the pylons.
CA.V.E.S4,afh,explanation,auto,from the Task E References line,Enter the maneuver in the correct direction and position using an appropriate altitude and airspeed.
CA.V.E.S4,phak,explanation,auto,from the Task E References line,Enter the maneuver in the correct direction and position using an appropriate altitude and airspeed.
CA.V.E.S4,risk-management,explanation,auto,from the Task E References line,Enter the maneuver in the correct direction and position using an appropriate altitude and airspeed.
CA.V.E.S5,afh,explanation,auto,from the Task E References line,"Establish the correct bank angle for the conditions, not to exceed 40°."
CA.V.E.S5,phak,explanation,auto,from the Task E References line,"Establish the correct bank angle for the conditions, not to exceed 40°."
CA.V.E.S5,risk-management,explanation,auto,from the Task E References line,"Establish the correct bank angle for the conditions, not to exceed 40°."
CA.V.E.S6,afh,explanation,auto,from the Task E References line,Apply smooth and continuous corrections so that the line-of-sight reference line remains on the pylon.
CA.V.E.S6,phak,explanation,auto,from the Task E References line,Apply smooth and continuous corrections so that the line-of-sight reference line remains on the pylon.
CA.V.E.S6,risk-management,explanation,auto,from the Task E References line,Apply smooth and continuous corrections so that the line-of-sight reference line remains on the pylon.
CA.V.E.S7,afh,explanation,auto,from the Task E References line,"Divide attention between accurate, coordinated airplane control and outside visual references."
CA.V.E.S7,phak,explanation,auto,from the Task E References line,"Divide attention between accurate, coordinated airplane control and outside visual references."
CA.V.E.S7,risk-management,explanation,auto,from the Task E References line,"Divide attention between accurate, coordinated airplane control and outside visual references."
CA.V.E.S8,afh,explanation,auto,from the Task E References line,"Maintain pylon position using appropriate pivotal altitude, avoiding slips and skids. 41"
CA.V.E.S8,phak,explanation,auto,from the Task E References line,"Maintain pylon position using appropriate pivotal altitude, avoiding slips and skids. 41"
CA.V.E.S8,risk-management,explanation,auto,from the Task E References line,"Maintain pylon position using appropriate pivotal altitude, avoiding slips and skids. 41"
CA.VI.A.K1,afh,explanation,auto,from the Task A References line,Pilotage and dead reckoning.
CA.VI.A.K1,phak,explanation,auto,from the Task A References line,Pilotage and dead reckoning.
CA.VI.A.K1,risk-management,explanation,auto,from the Task A References line,Pilotage and dead reckoning.
CA.VI.A.K2,afh,explanation,auto,from the Task A References line,Magnetic compass errors.
CA.VI.A.K2,phak,explanation,auto,from the Task A References line,Magnetic compass errors.
CA.VI.A.K2,risk-management,explanation,auto,from the Task A References line,Magnetic compass errors.
CA.VI.A.K3,afh,explanation,auto,from the Task A References line,Topography.
CA.VI.A.K3,phak,explanation,auto,from the Task A References line,Topography.
CA.VI.A.K3,risk-management,explanation,auto,from the Task A References line,Topography.
CA.VI.A.K4,afh,explanation,auto,from the Task A References line,Selection of appropriate:
CA.VI.A.K4,phak,explanation,auto,from the Task A References line,Selection of appropriate:
CA.VI.A.K4,risk-management,explanation,auto,from the Task A References line,Selection of appropriate:
CA.VI.A.K4a,afh,explanation,auto,from the Task A References line,a. Route
CA.VI.A.K4a,phak,explanation,auto,from the Task A References line,a. Route
CA.VI.A.K4a,risk-management,explanation,auto,from the Task A References line,a. Route
CA.VI.A.K4b,afh,explanation,auto,from the Task A References line,b. Altitude(s)
CA.VI.A.K4b,phak,explanation,auto,from the Task A References line,b. Altitude(s)
CA.VI.A.K4b,risk-management,explanation,auto,from the Task A References line,b. Altitude(s)
CA.VI.A.K4c,afh,explanation,auto,from the Task A References line,c. Checkpoints
CA.VI.A.K4c,phak,explanation,auto,from the Task A References line,c. Checkpoints
CA.VI.A.K4c,risk-management,explanation,auto,from the Task A References line,c. Checkpoints
CA.VI.A.K5,afh,explanation,auto,from the Task A References line,"Plotting a course, including:"
CA.VI.A.K5,phak,explanation,auto,from the Task A References line,"Plotting a course, including:"
CA.VI.A.K5,risk-management,explanation,auto,from the Task A References line,"Plotting a course, including:"
CA.VI.A.K5a,afh,explanation,auto,from the Task A References line,"a. Determining heading, speed, and course"
CA.VI.A.K5a,phak,explanation,auto,from the Task A References line,"a. Determining heading, speed, and course"
CA.VI.A.K5a,risk-management,explanation,auto,from the Task A References line,"a. Determining heading, speed, and course"
CA.VI.A.K5b,afh,explanation,auto,from the Task A References line,b. Wind correction angle
CA.VI.A.K5b,phak,explanation,auto,from the Task A References line,b. Wind correction angle
CA.VI.A.K5b,risk-management,explanation,auto,from the Task A References line,b. Wind correction angle
CA.VI.A.K5c,afh,explanation,auto,from the Task A References line,"c. Estimating time, speed, and distance"
CA.VI.A.K5c,phak,explanation,auto,from the Task A References line,"c. Estimating time, speed, and distance"
CA.VI.A.K5c,risk-management,explanation,auto,from the Task A References line,"c. Estimating time, speed, and distance"
CA.VI.A.K5d,afh,explanation,auto,from the Task A References line,d. True airspeed and density altitude
CA.VI.A.K5d,phak,explanation,auto,from the Task A References line,d. True airspeed and density altitude
CA.VI.A.K5d,risk-management,explanation,auto,from the Task A References line,d. True airspeed and density altitude
CA.VI.A.K6,afh,explanation,auto,from the Task A References line,Power setting selection.
CA.VI.A.K6,phak,explanation,auto,from the Task A References line,Power setting selection.
CA.VI.A.K6,risk-management,explanation,auto,from the Task A References line,Power setting selection.
CA.VI.A.K7,afh,explanation,auto,from the Task A References line,Planned calculations versus actual results and required corrections.
CA.VI.A.K7,phak,explanation,auto,from the Task A References line,Planned calculations versus actual results and required corrections.
CA.VI.A.K7,risk-management,explanation,auto,from the Task A References line,Planned calculations versus actual results and required corrections.
CA.VI.A.R1,afh,explanation,auto,from the Task A References line,Collision hazards.
CA.VI.A.R1,phak,explanation,auto,from the Task A References line,Collision hazards.
CA.VI.A.R1,risk-management,explanation,auto,from the Task A References line,Collision hazards.
CA.VI.A.R2,afh,explanation,auto,from the Task A References line,"Distractions, task prioritization, loss of situational awareness, or disorientation."
CA.VI.A.R2,phak,explanation,auto,from the Task A References line,"Distractions, task prioritization, loss of situational awareness, or disorientation."
CA.VI.A.R2,risk-management,explanation,auto,from the Task A References line,"Distractions, task prioritization, loss of situational awareness, or disorientation."
CA.VI.A.R3,afh,explanation,auto,from the Task A References line,"Unplanned fuel/power consumption, if applicable."
CA.VI.A.R3,phak,explanation,auto,from the Task A References line,"Unplanned fuel/power consumption, if applicable."
CA.VI.A.R3,risk-management,explanation,auto,from the Task A References line,"Unplanned fuel/power consumption, if applicable."
CA.VI.A.S1,afh,explanation,auto,from the Task A References line,Prepare and use a flight log.
CA.VI.A.S1,phak,explanation,auto,from the Task A References line,Prepare and use a flight log.
CA.VI.A.S1,risk-management,explanation,auto,from the Task A References line,Prepare and use a flight log.
CA.VI.A.S2,afh,explanation,auto,from the Task A References line,Navigate by pilotage.
CA.VI.A.S2,phak,explanation,auto,from the Task A References line,Navigate by pilotage.
CA.VI.A.S2,risk-management,explanation,auto,from the Task A References line,Navigate by pilotage.
CA.VI.A.S3,afh,explanation,auto,from the Task A References line,"Navigate by means of pre-computed headings, groundspeeds, elapsed time, and reference to landmarks or checkpoints."
CA.VI.A.S3,phak,explanation,auto,from the Task A References line,"Navigate by means of pre-computed headings, groundspeeds, elapsed time, and reference to landmarks or checkpoints."
CA.VI.A.S3,risk-management,explanation,auto,from the Task A References line,"Navigate by means of pre-computed headings, groundspeeds, elapsed time, and reference to landmarks or checkpoints."
CA.VI.A.S4,afh,explanation,auto,from the Task A References line,"Use the magnetic direction indicator in navigation, including turns to headings."
CA.VI.A.S4,phak,explanation,auto,from the Task A References line,"Use the magnetic direction indicator in navigation, including turns to headings."
CA.VI.A.S4,risk-management,explanation,auto,from the Task A References line,"Use the magnetic direction indicator in navigation, including turns to headings."
CA.VI.A.S5,afh,explanation,auto,from the Task A References line,Verify position within two nautical miles of the flight-planned route. 42
CA.VI.A.S5,phak,explanation,auto,from the Task A References line,Verify position within two nautical miles of the flight-planned route. 42
CA.VI.A.S5,risk-management,explanation,auto,from the Task A References line,Verify position within two nautical miles of the flight-planned route. 42
CA.VI.A.S6,afh,explanation,auto,from the Task A References line,Arrive at the en route checkpoints within three minutes of the initial or revised estimated time of arrival (ETA) and provide a destination estimate.
CA.VI.A.S6,phak,explanation,auto,from the Task A References line,Arrive at the en route checkpoints within three minutes of the initial or revised estimated time of arrival (ETA) and provide a destination estimate.
CA.VI.A.S6,risk-management,explanation,auto,from the Task A References line,Arrive at the en route checkpoints within three minutes of the initial or revised estimated time of arrival (ETA) and provide a destination estimate.
CA.VI.A.S7,afh,explanation,auto,from the Task A References line,"Maintain the selected altitude, ±100 feet and heading, ±10°."
CA.VI.A.S7,phak,explanation,auto,from the Task A References line,"Maintain the selected altitude, ±100 feet and heading, ±10°."
CA.VI.A.S7,risk-management,explanation,auto,from the Task A References line,"Maintain the selected altitude, ±100 feet and heading, ±10°."
CA.VI.B.K1,ac-91-78a,guidance,auto,from the Task B References line,"Ground-based navigation (identification, orientation, course determination, equipment, tests, regulations, interference, appropriate use of navigation data, and signal integrity)."
CA.VI.B.K1,afh,explanation,auto,from the Task B References line,"Ground-based navigation (identification, orientation, course determination, equipment, tests, regulations, interference, appropriate use of navigation data, and signal integrity)."
CA.VI.B.K1,aim,guidance,auto,from the Task B References line,"Ground-based navigation (identification, orientation, course determination, equipment, tests, regulations, interference, appropriate use of navigation data, and signal integrity)."
CA.VI.B.K1,phak,explanation,auto,from the Task B References line,"Ground-based navigation (identification, orientation, course determination, equipment, tests, regulations, interference, appropriate use of navigation data, and signal integrity)."
CA.VI.B.K1,risk-management,explanation,auto,from the Task B References line,"Ground-based navigation (identification, orientation, course determination, equipment, tests, regulations, interference, appropriate use of navigation data, and signal integrity)."
CA.VI.B.K2,ac-91-78a,guidance,auto,from the Task B References line,"Satellite-based navigation (e.g., equipment, regulations, authorized use of databases, and Receiver Autonomous Integrity Monitoring (RAIM))."
CA.VI.B.K2,afh,explanation,auto,from the Task B References line,"Satellite-based navigation (e.g., equipment, regulations, authorized use of databases, and Receiver Autonomous Integrity Monitoring (RAIM))."
CA.VI.B.K2,aim,guidance,auto,from the Task B References line,"Satellite-based navigation (e.g., equipment, regulations, authorized use of databases, and Receiver Autonomous Integrity Monitoring (RAIM))."
CA.VI.B.K2,phak,explanation,auto,from the Task B References line,"Satellite-based navigation (e.g., equipment, regulations, authorized use of databases, and Receiver Autonomous Integrity Monitoring (RAIM))."
CA.VI.B.K2,risk-management,explanation,auto,from the Task B References line,"Satellite-based navigation (e.g., equipment, regulations, authorized use of databases, and Receiver Autonomous Integrity Monitoring (RAIM))."
CA.VI.B.K3,ac-91-78a,guidance,auto,from the Task B References line,"Radar assistance to visual flight rules (VFR) aircraft (e.g., operations, equipment, available services, traffic advisories)."
CA.VI.B.K3,afh,explanation,auto,from the Task B References line,"Radar assistance to visual flight rules (VFR) aircraft (e.g., operations, equipment, available services, traffic advisories)."
CA.VI.B.K3,aim,guidance,auto,from the Task B References line,"Radar assistance to visual flight rules (VFR) aircraft (e.g., operations, equipment, available services, traffic advisories)."
CA.VI.B.K3,phak,explanation,auto,from the Task B References line,"Radar assistance to visual flight rules (VFR) aircraft (e.g., operations, equipment, available services, traffic advisories)."
CA.VI.B.K3,risk-management,explanation,auto,from the Task B References line,"Radar assistance to visual flight rules (VFR) aircraft (e.g., operations, equipment, available services, traffic advisories)."
CA.VI.B.K4,ac-91-78a,guidance,auto,from the Task B References line,"Transponder (Mode(s) A, C, and S) and Automatic Dependent Surveillance-Broadcast (ADS-B)."
CA.VI.B.K4,afh,explanation,auto,from the Task B References line,"Transponder (Mode(s) A, C, and S) and Automatic Dependent Surveillance-Broadcast (ADS-B)."
CA.VI.B.K4,aim,guidance,auto,from the Task B References line,"Transponder (Mode(s) A, C, and S) and Automatic Dependent Surveillance-Broadcast (ADS-B)."
CA.VI.B.K4,phak,explanation,auto,from the Task B References line,"Transponder (Mode(s) A, C, and S) and Automatic Dependent Surveillance-Broadcast (ADS-B)."
CA.VI.B.K4,risk-management,explanation,auto,from the Task B References line,"Transponder (Mode(s) A, C, and S) and Automatic Dependent Surveillance-Broadcast (ADS-B)."
CA.VI.B.R1,ac-91-78a,guidance,auto,from the Task B References line,Management of automated navigation and autoflight systems.
CA.VI.B.R1,afh,explanation,auto,from the Task B References line,Management of automated navigation and autoflight systems.
CA.VI.B.R1,aim,guidance,auto,from the Task B References line,Management of automated navigation and autoflight systems.
CA.VI.B.R1,phak,explanation,auto,from the Task B References line,Management of automated navigation and autoflight systems.
CA.VI.B.R1,risk-management,explanation,auto,from the Task B References line,Management of automated navigation and autoflight systems.
CA.VI.B.R2,ac-91-78a,guidance,auto,from the Task B References line,"Distractions, task prioritization, loss of situational awareness, or disorientation."
CA.VI.B.R2,afh,explanation,auto,from the Task B References line,"Distractions, task prioritization, loss of situational awareness, or disorientation."
CA.VI.B.R2,aim,guidance,auto,from the Task B References line,"Distractions, task prioritization, loss of situational awareness, or disorientation."
CA.VI.B.R2,phak,explanation,auto,from the Task B References line,"Distractions, task prioritization, loss of situational awareness, or disorientation."
CA.VI.B.R2,risk-management,explanation,auto,from the Task B References line,"Distractions, task prioritization, loss of situational awareness, or disorientation."
CA.VI.B.R3,ac-91-78a,guidance,auto,from the Task B References line,Limitations of the navigation system in use.
CA.VI.B.R3,afh,explanation,auto,from the Task B References line,Limitations of the navigation system in use.
CA.VI.B.R3,aim,guidance,auto,from the Task B References line,Limitations of the navigation system in use.
CA.VI.B.R3,phak,explanation,auto,from the Task B References line,Limitations of the navigation system in use.
CA.VI.B.R3,risk-management,explanation,auto,from the Task B References line,Limitations of the navigation system in use.
CA.VI.B.R4,ac-91-78a,guidance,auto,from the Task B References line,Loss of a navigation signal.
CA.VI.B.R4,afh,explanation,auto,from the Task B References line,Loss of a navigation signal.
CA.VI.B.R4,aim,guidance,auto,from the Task B References line,Loss of a navigation signal.
CA.VI.B.R4,phak,explanation,auto,from the Task B References line,Loss of a navigation signal.
CA.VI.B.R4,risk-management,explanation,auto,from the Task B References line,Loss of a navigation signal.
CA.VI.B.R5,ac-91-78a,guidance,auto,from the Task B References line,"Use of an electronic flight bag (EFB), if used."
CA.VI.B.R5,afh,explanation,auto,from the Task B References line,"Use of an electronic flight bag (EFB), if used."
CA.VI.B.R5,aim,guidance,auto,from the Task B References line,"Use of an electronic flight bag (EFB), if used."
CA.VI.B.R5,phak,explanation,auto,from the Task B References line,"Use of an electronic flight bag (EFB), if used."
CA.VI.B.R5,risk-management,explanation,auto,from the Task B References line,"Use of an electronic flight bag (EFB), if used."
CA.VI.B.S1,ac-91-78a,guidance,auto,from the Task B References line,Use an airborne electronic navigation system.
CA.VI.B.S1,afh,explanation,auto,from the Task B References line,Use an airborne electronic navigation system.
CA.VI.B.S1,aim,guidance,auto,from the Task B References line,Use an airborne electronic navigation system.
CA.VI.B.S1,phak,explanation,auto,from the Task B References line,Use an airborne electronic navigation system.
CA.VI.B.S1,risk-management,explanation,auto,from the Task B References line,Use an airborne electronic navigation system.
CA.VI.B.S2,ac-91-78a,guidance,auto,from the Task B References line,Determine the airplane’s position using the navigation system.
CA.VI.B.S2,afh,explanation,auto,from the Task B References line,Determine the airplane’s position using the navigation system.
CA.VI.B.S2,aim,guidance,auto,from the Task B References line,Determine the airplane’s position using the navigation system.
CA.VI.B.S2,phak,explanation,auto,from the Task B References line,Determine the airplane’s position using the navigation system.
CA.VI.B.S2,risk-management,explanation,auto,from the Task B References line,Determine the airplane’s position using the navigation system.
CA.VI.B.S3,ac-91-78a,guidance,auto,from the Task B References line,"Intercept and track a given course, radial, or bearing."
CA.VI.B.S3,afh,explanation,auto,from the Task B References line,"Intercept and track a given course, radial, or bearing."
CA.VI.B.S3,aim,guidance,auto,from the Task B References line,"Intercept and track a given course, radial, or bearing."
CA.VI.B.S3,phak,explanation,auto,from the Task B References line,"Intercept and track a given course, radial, or bearing."
CA.VI.B.S3,risk-management,explanation,auto,from the Task B References line,"Intercept and track a given course, radial, or bearing."
CA.VI.B.S4,ac-91-78a,guidance,auto,from the Task B References line,Recognize and describe the indication of station or waypoint passage.
CA.VI.B.S4,afh,explanation,auto,from the Task B References line,Recognize and describe the indication of station or waypoint passage.
CA.VI.B.S4,aim,guidance,auto,from the Task B References line,Recognize and describe the indication of station or waypoint passage.
CA.VI.B.S4,phak,explanation,auto,from the Task B References line,Recognize and describe the indication of station or waypoint passage.
CA.VI.B.S4,risk-management,explanation,auto,from the Task B References line,Recognize and describe the indication of station or waypoint passage.
CA.VI.B.S5,ac-91-78a,guidance,auto,from the Task B References line,"Recognize signal loss or interference and take appropriate action, if applicable."
CA.VI.B.S5,afh,explanation,auto,from the Task B References line,"Recognize signal loss or interference and take appropriate action, if applicable."
CA.VI.B.S5,aim,guidance,auto,from the Task B References line,"Recognize signal loss or interference and take appropriate action, if applicable."
CA.VI.B.S5,phak,explanation,auto,from the Task B References line,"Recognize signal loss or interference and take appropriate action, if applicable."
CA.VI.B.S5,risk-management,explanation,auto,from the Task B References line,"Recognize signal loss or interference and take appropriate action, if applicable."
CA.VI.B.S6,ac-91-78a,guidance,auto,from the Task B References line,Use proper communication procedures when utilizing radar services.
CA.VI.B.S6,afh,explanation,auto,from the Task B References line,Use proper communication procedures when utilizing radar services.
CA.VI.B.S6,aim,guidance,auto,from the Task B References line,Use proper communication procedures when utilizing radar services.
CA.VI.B.S6,phak,explanation,auto,from the Task B References line,Use proper communication procedures when utilizing radar services.
CA.VI.B.S6,risk-management,explanation,auto,from the Task B References line,Use proper communication procedures when utilizing radar services.
CA.VI.B.S7,ac-91-78a,guidance,auto,from the Task B References line,"Maintain the appropriate altitude, ±100 feet and heading, ±10°."
CA.VI.B.S7,afh,explanation,auto,from the Task B References line,"Maintain the appropriate altitude, ±100 feet and heading, ±10°."
CA.VI.B.S7,aim,guidance,auto,from the Task B References line,"Maintain the appropriate altitude, ±100 feet and heading, ±10°."
CA.VI.B.S7,phak,explanation,auto,from the Task B References line,"Maintain the appropriate altitude, ±100 feet and heading, ±10°."
CA.VI.B.S7,risk-management,explanation,auto,from the Task B References line,"Maintain the appropriate altitude, ±100 feet and heading, ±10°."
CA.VI.C.K1,afh,explanation,auto,from the Task C References line,Selecting an alternate destination.
CA.VI.C.K1,aim,guidance,auto,from the Task C References line,Selecting an alternate destination.
CA.VI.C.K1,phak,explanation,auto,from the Task C References line,Selecting an alternate destination.
CA.VI.C.K1,risk-management,explanation,auto,from the Task C References line,Selecting an alternate destination.
CA.VI.C.K2,afh,explanation,auto,from the Task C References line,Situations that require deviations from flight plan or air traffic control (ATC) instructions.
CA.VI.C.K2,aim,guidance,auto,from the Task C References line,Situations that require deviations from flight plan or air traffic control (ATC) instructions.
CA.VI.C.K2,phak,explanation,auto,from the Task C References line,Situations that require deviations from flight plan or air traffic control (ATC) instructions.
CA.VI.C.K2,risk-management,explanation,auto,from the Task C References line,Situations that require deviations from flight plan or air traffic control (ATC) instructions.
CA.VI.C.R1,afh,explanation,auto,from the Task C References line,Collision hazards.
CA.VI.C.R1,aim,guidance,auto,from the Task C References line,Collision hazards.
CA.VI.C.R1,phak,explanation,auto,from the Task C References line,Collision hazards.
CA.VI.C.R1,risk-management,explanation,auto,from the Task C References line,Collision hazards.
CA.VI.C.R2,afh,explanation,auto,from the Task C References line,"Distractions, task prioritization, loss of situational awareness, or disorientation."
CA.VI.C.R2,aim,guidance,auto,from the Task C References line,"Distractions, task prioritization, loss of situational awareness, or disorientation."
CA.VI.C.R2,phak,explanation,auto,from the Task C References line,"Distractions, task prioritization, loss of situational awareness, or disorientation."
CA.VI.C.R2,risk-management,explanation,auto,from the Task C References line,"Distractions, task prioritization, loss of situational awareness, or disorientation."
CA.VI.C.R3,afh,explanation,auto,from the Task C References line,Circumstances that would make diversion prudent.
CA.VI.C.R3,aim,guidance,auto,from the Task C References line,Circumstances that would make diversion prudent.
CA.VI.C.R3,phak,explanation,auto,from the Task C References line,Circumstances that would make diversion prudent.
CA.VI.C.R3,risk-management,explanation,auto,from the Task C References line,Circumstances that would make diversion prudent.
CA.VI.C.R4,afh,explanation,auto,from the Task C References line,Selecting an appropriate airport or seaplane base.
CA.VI.C.R4,aim,guidance,auto,from the Task C References line,Selecting an appropriate airport or seaplane base.
CA.VI.C.R4,phak,explanation,auto,from the Task C References line,Selecting an appropriate airport or seaplane base.
CA.VI.C.R4,risk-management,explanation,auto,from the Task C References line,Selecting an appropriate airport or seaplane base.
CA.VI.C.R5,afh,explanation,auto,from the Task C References line,"Using available resources (e.g., automation, ATC, and flight deck planning aids)."
CA.VI.C.R5,aim,guidance,auto,from the Task C References line,"Using available resources (e.g., automation, ATC, and flight deck planning aids)."
CA.VI.C.R5,phak,explanation,auto,from the Task C References line,"Using available resources (e.g., automation, ATC, and flight deck planning aids)."
CA.VI.C.R5,risk-management,explanation,auto,from the Task C References line,"Using available resources (e.g., automation, ATC, and flight deck planning aids)."
CA.VI.C.S1,afh,explanation,auto,from the Task C References line,Select a suitable destination and route for diversion.
CA.VI.C.S1,aim,guidance,auto,from the Task C References line,Select a suitable destination and route for diversion.
CA.VI.C.S1,phak,explanation,auto,from the Task C References line,Select a suitable destination and route for diversion.
CA.VI.C.S1,risk-management,explanation,auto,from the Task C References line,Select a suitable destination and route for diversion.
CA.VI.C.S2,afh,explanation,auto,from the Task C References line,"Make a reasonable estimate of heading, groundspeed, arrival time, and fuel required to the “divert to” destination."
CA.VI.C.S2,aim,guidance,auto,from the Task C References line,"Make a reasonable estimate of heading, groundspeed, arrival time, and fuel required to the “divert to” destination."
CA.VI.C.S2,phak,explanation,auto,from the Task C References line,"Make a reasonable estimate of heading, groundspeed, arrival time, and fuel required to the “divert to” destination."
CA.VI.C.S2,risk-management,explanation,auto,from the Task C References line,"Make a reasonable estimate of heading, groundspeed, arrival time, and fuel required to the “divert to” destination."
CA.VI.C.S3,afh,explanation,auto,from the Task C References line,"Maintain the appropriate altitude, ±100 feet and heading, ±10°."
CA.VI.C.S3,aim,guidance,auto,from the Task C References line,"Maintain the appropriate altitude, ±100 feet and heading, ±10°."
CA.VI.C.S3,phak,explanation,auto,from the Task C References line,"Maintain the appropriate altitude, ±100 feet and heading, ±10°."
CA.VI.C.S3,risk-management,explanation,auto,from the Task C References line,"Maintain the appropriate altitude, ±100 feet and heading, ±10°."
CA.VI.C.S4,afh,explanation,auto,from the Task C References line,Update/interpret weather in flight.
CA.VI.C.S4,aim,guidance,auto,from the Task C References line,Update/interpret weather in flight.
CA.VI.C.S4,phak,explanation,auto,from the Task C References line,Update/interpret weather in flight.
CA.VI.C.S4,risk-management,explanation,auto,from the Task C References line,Update/interpret weather in flight.
CA.VI.C.S5,afh,explanation,auto,from the Task C References line,"Use displays of digital weather and aeronautical information, as applicable to maintain situational awareness."
CA.VI.C.S5,aim,guidance,auto,from the Task C References line,"Use displays of digital weather and aeronautical information, as applicable to maintain situational awareness."
CA.VI.C.S5,phak,explanation,auto,from the Task C References line,"Use displays of digital weather and aeronautical information, as applicable to maintain situational awareness."
CA.VI.C.S5,risk-management,explanation,auto,from the Task C References line,"Use displays of digital weather and aeronautical information, as applicable to maintain situational awareness."
CA.VI.C.S6,afh,explanation,auto,from the Task C References line,Promptly divert toward the destination.
CA.VI.C.S6,aim,guidance,auto,from the Task C References line,Promptly divert toward the destination.
CA.VI.C.S6,phak,explanation,auto,from the Task C References line,Promptly divert toward the destination.
CA.VI.C.S6,risk-management,explanation,auto,from the Task C References line,Promptly divert toward the destination.
CA.VI.D.K1,afh,explanation,auto,from the Task D References line,Methods to determine position.
CA.VI.D.K1,aim,guidance,auto,from the Task D References line,Methods to determine position.
CA.VI.D.K1,phak,explanation,auto,from the Task D References line,Methods to determine position.
CA.VI.D.K1,risk-management,explanation,auto,from the Task D References line,Methods to determine position.
CA.VI.D.K2,afh,explanation,auto,from the Task D References line,"Assistance available if lost (e.g., radar services, communication procedures)."
CA.VI.D.K2,aim,guidance,auto,from the Task D References line,"Assistance available if lost (e.g., radar services, communication procedures)."
CA.VI.D.K2,phak,explanation,auto,from the Task D References line,"Assistance available if lost (e.g., radar services, communication procedures)."
CA.VI.D.K2,risk-management,explanation,auto,from the Task D References line,"Assistance available if lost (e.g., radar services, communication procedures)."
CA.VI.D.R1,afh,explanation,auto,from the Task D References line,Collision hazards.
CA.VI.D.R1,aim,guidance,auto,from the Task D References line,Collision hazards.
CA.VI.D.R1,phak,explanation,auto,from the Task D References line,Collision hazards.
CA.VI.D.R1,risk-management,explanation,auto,from the Task D References line,Collision hazards.
CA.VI.D.R2,afh,explanation,auto,from the Task D References line,"Distractions, task prioritization, loss of situational awareness, or disorientation."
CA.VI.D.R2,aim,guidance,auto,from the Task D References line,"Distractions, task prioritization, loss of situational awareness, or disorientation."
CA.VI.D.R2,phak,explanation,auto,from the Task D References line,"Distractions, task prioritization, loss of situational awareness, or disorientation."
CA.VI.D.R2,risk-management,explanation,auto,from the Task D References line,"Distractions, task prioritization, loss of situational awareness, or disorientation."
CA.VI.D.R3,afh,explanation,auto,from the Task D References line,Recording times over waypoints. 44
CA.VI.D.R3,aim,guidance,auto,from the Task D References line,Recording times over waypoints. 44
CA.VI.D.R3,phak,explanation,auto,from the Task D References line,Recording times over waypoints. 44
CA.VI.D.R3,risk-management,explanation,auto,from the Task D References line,Recording times over waypoints. 44
CA.VI.D.R4,afh,explanation,auto,from the Task D References line,When to seek assistance or declare an emergency in a deteriorating situation.
CA.VI.D.R4,aim,guidance,auto,from the Task D References line,When to seek assistance or declare an emergency in a deteriorating situation.
CA.VI.D.R4,phak,explanation,auto,from the Task D References line,When to seek assistance or declare an emergency in a deteriorating situation.
CA.VI.D.R4,risk-management,explanation,auto,from the Task D References line,When to seek assistance or declare an emergency in a deteriorating situation.
CA.VI.D.S1,afh,explanation,auto,from the Task D References line,Use an appropriate method to determine position.
CA.VI.D.S1,aim,guidance,auto,from the Task D References line,Use an appropriate method to determine position.
CA.VI.D.S1,phak,explanation,auto,from the Task D References line,Use an appropriate method to determine position.
CA.VI.D.S1,risk-management,explanation,auto,from the Task D References line,Use an appropriate method to determine position.
CA.VI.D.S2,afh,explanation,auto,from the Task D References line,Maintain an appropriate heading and climb as necessary.
CA.VI.D.S2,aim,guidance,auto,from the Task D References line,Maintain an appropriate heading and climb as necessary.
CA.VI.D.S2,phak,explanation,auto,from the Task D References line,Maintain an appropriate heading and climb as necessary.
CA.VI.D.S2,risk-management,explanation,auto,from the Task D References line,Maintain an appropriate heading and climb as necessary.
CA.VI.D.S3,afh,explanation,auto,from the Task D References line,Identify prominent landmarks.
CA.VI.D.S3,aim,guidance,auto,from the Task D References line,Identify prominent landmarks.
CA.VI.D.S3,phak,explanation,auto,from the Task D References line,Identify prominent landmarks.
CA.VI.D.S3,risk-management,explanation,auto,from the Task D References line,Identify prominent landmarks.
CA.VI.D.S4,afh,explanation,auto,from the Task D References line,Use navigation systems/facilities or contact an ATC facility for assistance.
CA.VI.D.S4,aim,guidance,auto,from the Task D References line,Use navigation systems/facilities or contact an ATC facility for assistance.
CA.VI.D.S4,phak,explanation,auto,from the Task D References line,Use navigation systems/facilities or contact an ATC facility for assistance.
CA.VI.D.S4,risk-management,explanation,auto,from the Task D References line,Use navigation systems/facilities or contact an ATC facility for assistance.
CA.VI.D.S5,afh,explanation,auto,from the Task D References line,Select an appropriate course of action. 45
CA.VI.D.S5,aim,guidance,auto,from the Task D References line,Select an appropriate course of action. 45
CA.VI.D.S5,phak,explanation,auto,from the Task D References line,Select an appropriate course of action. 45
CA.VI.D.S5,risk-management,explanation,auto,from the Task D References line,Select an appropriate course of action. 45
CA.VII.A.K1,afh,explanation,auto,from the Task A References line,"Aerodynamics associated with slow flight in various airplane configurations, including the relationship between angle of attack, airspeed, load factor, power setting, airplane weight and center of gravity, airplane attitude, and yaw effects."
CA.VII.A.K1,phak,explanation,auto,from the Task A References line,"Aerodynamics associated with slow flight in various airplane configurations, including the relationship between angle of attack, airspeed, load factor, power setting, airplane weight and center of gravity, airplane attitude, and yaw effects."
CA.VII.A.K1,risk-management,explanation,auto,from the Task A References line,"Aerodynamics associated with slow flight in various airplane configurations, including the relationship between angle of attack, airspeed, load factor, power setting, airplane weight and center of gravity, airplane attitude, and yaw effects."
CA.VII.A.R1,afh,explanation,auto,from the Task A References line,"Inadvertent slow flight and flight with a stall warning, which could lead to loss of control."
CA.VII.A.R1,phak,explanation,auto,from the Task A References line,"Inadvertent slow flight and flight with a stall warning, which could lead to loss of control."
CA.VII.A.R1,risk-management,explanation,auto,from the Task A References line,"Inadvertent slow flight and flight with a stall warning, which could lead to loss of control."
CA.VII.A.R2,afh,explanation,auto,from the Task A References line,"Range and limitations of stall warning indicators (e.g., aircraft buffet, stall horn, etc.)."
CA.VII.A.R2,phak,explanation,auto,from the Task A References line,"Range and limitations of stall warning indicators (e.g., aircraft buffet, stall horn, etc.)."
CA.VII.A.R2,risk-management,explanation,auto,from the Task A References line,"Range and limitations of stall warning indicators (e.g., aircraft buffet, stall horn, etc.)."
CA.VII.A.R3,afh,explanation,auto,from the Task A References line,Uncoordinated flight.
CA.VII.A.R3,phak,explanation,auto,from the Task A References line,Uncoordinated flight.
CA.VII.A.R3,risk-management,explanation,auto,from the Task A References line,Uncoordinated flight.
CA.VII.A.R4,afh,explanation,auto,from the Task A References line,"Effect of environmental elements on airplane performance (e.g., turbulence, microbursts, and high- density altitude)."
CA.VII.A.R4,phak,explanation,auto,from the Task A References line,"Effect of environmental elements on airplane performance (e.g., turbulence, microbursts, and high- density altitude)."
CA.VII.A.R4,risk-management,explanation,auto,from the Task A References line,"Effect of environmental elements on airplane performance (e.g., turbulence, microbursts, and high- density altitude)."
CA.VII.A.R5,afh,explanation,auto,from the Task A References line,Collision hazards.
CA.VII.A.R5,phak,explanation,auto,from the Task A References line,Collision hazards.
CA.VII.A.R5,risk-management,explanation,auto,from the Task A References line,Collision hazards.
CA.VII.A.R6,afh,explanation,auto,from the Task A References line,"Distractions, task prioritization, loss of situational awareness, or disorientation."
CA.VII.A.R6,phak,explanation,auto,from the Task A References line,"Distractions, task prioritization, loss of situational awareness, or disorientation."
CA.VII.A.R6,risk-management,explanation,auto,from the Task A References line,"Distractions, task prioritization, loss of situational awareness, or disorientation."
CA.VII.A.S1,afh,explanation,auto,from the Task A References line,Clear the area.
CA.VII.A.S1,phak,explanation,auto,from the Task A References line,Clear the area.
CA.VII.A.S1,risk-management,explanation,auto,from the Task A References line,Clear the area.
CA.VII.A.S2,afh,explanation,auto,from the Task A References line,"Select an entry altitude that allows the Task to be completed no lower than 1,500 feet above ground level (AGL) (ASEL, ASES) or 3,000 feet AGL (AMEL, AMES)."
CA.VII.A.S2,phak,explanation,auto,from the Task A References line,"Select an entry altitude that allows the Task to be completed no lower than 1,500 feet above ground level (AGL) (ASEL, ASES) or 3,000 feet AGL (AMEL, AMES)."
CA.VII.A.S2,risk-management,explanation,auto,from the Task A References line,"Select an entry altitude that allows the Task to be completed no lower than 1,500 feet above ground level (AGL) (ASEL, ASES) or 3,000 feet AGL (AMEL, AMES)."
CA.VII.A.S3,afh,explanation,auto,from the Task A References line,"Establish and maintain an airspeed at which any further increase in angle of attack, increase in load factor, or reduction in power, would result in a stall warning (e.g., aircraft buffet, stall horn, etc.)."
CA.VII.A.S3,phak,explanation,auto,from the Task A References line,"Establish and maintain an airspeed at which any further increase in angle of attack, increase in load factor, or reduction in power, would result in a stall warning (e.g., aircraft buffet, stall horn, etc.)."
CA.VII.A.S3,risk-management,explanation,auto,from the Task A References line,"Establish and maintain an airspeed at which any further increase in angle of attack, increase in load factor, or reduction in power, would result in a stall warning (e.g., aircraft buffet, stall horn, etc.)."
CA.VII.A.S4,afh,explanation,auto,from the Task A References line,"Accomplish coordinated straight-and-level flight, turns, climbs, and descents with the aircraft configured as specified by the evaluator without a stall warning (e.g., aircraft buffet, stall horn, etc.)."
CA.VII.A.S4,phak,explanation,auto,from the Task A References line,"Accomplish coordinated straight-and-level flight, turns, climbs, and descents with the aircraft configured as specified by the evaluator without a stall warning (e.g., aircraft buffet, stall horn, etc.)."
CA.VII.A.S4,risk-management,explanation,auto,from the Task A References line,"Accomplish coordinated straight-and-level flight, turns, climbs, and descents with the aircraft configured as specified by the evaluator without a stall warning (e.g., aircraft buffet, stall horn, etc.)."
CA.VII.A.S5,afh,explanation,auto,from the Task A References line,"Maintain the specified altitude, ±50 feet; specified heading, ±10°; airspeed, +5/-0 knots; and specified angle of bank, ±5°."
CA.VII.A.S5,phak,explanation,auto,from the Task A References line,"Maintain the specified altitude, ±50 feet; specified heading, ±10°; airspeed, +5/-0 knots; and specified angle of bank, ±5°."
CA.VII.A.S5,risk-management,explanation,auto,from the Task A References line,"Maintain the specified altitude, ±50 feet; specified heading, ±10°; airspeed, +5/-0 knots; and specified angle of bank, ±5°."
CA.VII.B.K1,ac-61-67c,guidance,auto,from the Task B References line,"Aerodynamics associated with stalls in various airplane configurations, including the relationship between angle of attack, airspeed, load factor, power setting, airplane weight and center of gravity, airplane attitude, and yaw effects."
CA.VII.B.K1,afh,explanation,auto,from the Task B References line,"Aerodynamics associated with stalls in various airplane configurations, including the relationship between angle of attack, airspeed, load factor, power setting, airplane weight and center of gravity, airplane attitude, and yaw effects."
CA.VII.B.K1,phak,explanation,auto,from the Task B References line,"Aerodynamics associated with stalls in various airplane configurations, including the relationship between angle of attack, airspeed, load factor, power setting, airplane weight and center of gravity, airplane attitude, and yaw effects."
CA.VII.B.K1,risk-management,explanation,auto,from the Task B References line,"Aerodynamics associated with stalls in various airplane configurations, including the relationship between angle of attack, airspeed, load factor, power setting, airplane weight and center of gravity, airplane attitude, and yaw effects."
CA.VII.B.K2,ac-61-67c,guidance,auto,from the Task B References line,"Stall characteristics as they relate to airplane design, and recognition impending stall and full stall indications using sight, sound, or feel."
CA.VII.B.K2,afh,explanation,auto,from the Task B References line,"Stall characteristics as they relate to airplane design, and recognition impending stall and full stall indications using sight, sound, or feel."
CA.VII.B.K2,phak,explanation,auto,from the Task B References line,"Stall characteristics as they relate to airplane design, and recognition impending stall and full stall indications using sight, sound, or feel."
CA.VII.B.K2,risk-management,explanation,auto,from the Task B References line,"Stall characteristics as they relate to airplane design, and recognition impending stall and full stall indications using sight, sound, or feel."
CA.VII.B.K3,ac-61-67c,guidance,auto,from the Task B References line,Factors and situations that can lead to a power-off stall and actions that can be taken to prevent it.
CA.VII.B.K3,afh,explanation,auto,from the Task B References line,Factors and situations that can lead to a power-off stall and actions that can be taken to prevent it.
CA.VII.B.K3,phak,explanation,auto,from the Task B References line,Factors and situations that can lead to a power-off stall and actions that can be taken to prevent it.
CA.VII.B.K3,risk-management,explanation,auto,from the Task B References line,Factors and situations that can lead to a power-off stall and actions that can be taken to prevent it.
CA.VII.B.K4,ac-61-67c,guidance,auto,from the Task B References line,Fundamentals of stall recovery.
CA.VII.B.K4,afh,explanation,auto,from the Task B References line,Fundamentals of stall recovery.
CA.VII.B.K4,phak,explanation,auto,from the Task B References line,Fundamentals of stall recovery.
CA.VII.B.K4,risk-management,explanation,auto,from the Task B References line,Fundamentals of stall recovery.
CA.VII.B.R1,ac-61-67c,guidance,auto,from the Task B References line,"Factors and situations that could lead to an inadvertent power-off stall, spin, and loss of control."
CA.VII.B.R1,afh,explanation,auto,from the Task B References line,"Factors and situations that could lead to an inadvertent power-off stall, spin, and loss of control."
CA.VII.B.R1,phak,explanation,auto,from the Task B References line,"Factors and situations that could lead to an inadvertent power-off stall, spin, and loss of control."
CA.VII.B.R1,risk-management,explanation,auto,from the Task B References line,"Factors and situations that could lead to an inadvertent power-off stall, spin, and loss of control."
CA.VII.B.R2,ac-61-67c,guidance,auto,from the Task B References line,"Range and limitations of stall warning indicators (e.g., aircraft buffet, stall horn, etc.)."
CA.VII.B.R2,afh,explanation,auto,from the Task B References line,"Range and limitations of stall warning indicators (e.g., aircraft buffet, stall horn, etc.)."
CA.VII.B.R2,phak,explanation,auto,from the Task B References line,"Range and limitations of stall warning indicators (e.g., aircraft buffet, stall horn, etc.)."
CA.VII.B.R2,risk-management,explanation,auto,from the Task B References line,"Range and limitations of stall warning indicators (e.g., aircraft buffet, stall horn, etc.)."
CA.VII.B.R3,ac-61-67c,guidance,auto,from the Task B References line,Stall warning(s) during normal operations.
CA.VII.B.R3,afh,explanation,auto,from the Task B References line,Stall warning(s) during normal operations.
CA.VII.B.R3,phak,explanation,auto,from the Task B References line,Stall warning(s) during normal operations.
CA.VII.B.R3,risk-management,explanation,auto,from the Task B References line,Stall warning(s) during normal operations.
CA.VII.B.R4,ac-61-67c,guidance,auto,from the Task B References line,Stall recovery procedure.
CA.VII.B.R4,afh,explanation,auto,from the Task B References line,Stall recovery procedure.
CA.VII.B.R4,phak,explanation,auto,from the Task B References line,Stall recovery procedure.
CA.VII.B.R4,risk-management,explanation,auto,from the Task B References line,Stall recovery procedure.
CA.VII.B.R5,ac-61-67c,guidance,auto,from the Task B References line,"Secondary stalls, accelerated stalls, and cross-control stalls."
CA.VII.B.R5,afh,explanation,auto,from the Task B References line,"Secondary stalls, accelerated stalls, and cross-control stalls."
CA.VII.B.R5,phak,explanation,auto,from the Task B References line,"Secondary stalls, accelerated stalls, and cross-control stalls."
CA.VII.B.R5,risk-management,explanation,auto,from the Task B References line,"Secondary stalls, accelerated stalls, and cross-control stalls."
CA.VII.B.R6,ac-61-67c,guidance,auto,from the Task B References line,"Effect of environmental elements on airplane performance related to power-off stalls (e.g., turbulence, microbursts, and high-density altitude)."
CA.VII.B.R6,afh,explanation,auto,from the Task B References line,"Effect of environmental elements on airplane performance related to power-off stalls (e.g., turbulence, microbursts, and high-density altitude)."
CA.VII.B.R6,phak,explanation,auto,from the Task B References line,"Effect of environmental elements on airplane performance related to power-off stalls (e.g., turbulence, microbursts, and high-density altitude)."
CA.VII.B.R6,risk-management,explanation,auto,from the Task B References line,"Effect of environmental elements on airplane performance related to power-off stalls (e.g., turbulence, microbursts, and high-density altitude)."
CA.VII.B.R7,ac-61-67c,guidance,auto,from the Task B References line,Collision hazards.
CA.VII.B.R7,afh,explanation,auto,from the Task B References line,Collision hazards.
CA.VII.B.R7,phak,explanation,auto,from the Task B References line,Collision hazards.
CA.VII.B.R7,risk-management,explanation,auto,from the Task B References line,Collision hazards.
CA.VII.B.R8,ac-61-67c,guidance,auto,from the Task B References line,"Distractions, task prioritization, loss of situational awareness, or disorientation."
CA.VII.B.R8,afh,explanation,auto,from the Task B References line,"Distractions, task prioritization, loss of situational awareness, or disorientation."
CA.VII.B.R8,phak,explanation,auto,from the Task B References line,"Distractions, task prioritization, loss of situational awareness, or disorientation."
CA.VII.B.R8,risk-management,explanation,auto,from the Task B References line,"Distractions, task prioritization, loss of situational awareness, or disorientation."
CA.VII.B.S1,ac-61-67c,guidance,auto,from the Task B References line,Clear the area.
CA.VII.B.S1,afh,explanation,auto,from the Task B References line,Clear the area.
CA.VII.B.S1,phak,explanation,auto,from the Task B References line,Clear the area.
CA.VII.B.S1,risk-management,explanation,auto,from the Task B References line,Clear the area.
CA.VII.B.S10,ac-61-67c,guidance,auto,from the Task B References line,"Return to the altitude, heading, and airspeed specified by the evaluator. 47"
CA.VII.B.S10,afh,explanation,auto,from the Task B References line,"Return to the altitude, heading, and airspeed specified by the evaluator. 47"
CA.VII.B.S10,phak,explanation,auto,from the Task B References line,"Return to the altitude, heading, and airspeed specified by the evaluator. 47"
CA.VII.B.S10,risk-management,explanation,auto,from the Task B References line,"Return to the altitude, heading, and airspeed specified by the evaluator. 47"
CA.VII.B.S2,ac-61-67c,guidance,auto,from the Task B References line,"Select an entry altitude that allows the Task to be completed no lower than 1,500 feet above ground level (AGL) (ASEL, ASES) or 3,000 feet AGL (AMEL, AMES)."
CA.VII.B.S2,afh,explanation,auto,from the Task B References line,"Select an entry altitude that allows the Task to be completed no lower than 1,500 feet above ground level (AGL) (ASEL, ASES) or 3,000 feet AGL (AMEL, AMES)."
CA.VII.B.S2,phak,explanation,auto,from the Task B References line,"Select an entry altitude that allows the Task to be completed no lower than 1,500 feet above ground level (AGL) (ASEL, ASES) or 3,000 feet AGL (AMEL, AMES)."
CA.VII.B.S2,risk-management,explanation,auto,from the Task B References line,"Select an entry altitude that allows the Task to be completed no lower than 1,500 feet above ground level (AGL) (ASEL, ASES) or 3,000 feet AGL (AMEL, AMES)."
CA.VII.B.S3,ac-61-67c,guidance,auto,from the Task B References line,"Configure the airplane in the approach or landing configuration, as specified by the evaluator, and maintain coordinated flight throughout the maneuver."
CA.VII.B.S3,afh,explanation,auto,from the Task B References line,"Configure the airplane in the approach or landing configuration, as specified by the evaluator, and maintain coordinated flight throughout the maneuver."
CA.VII.B.S3,phak,explanation,auto,from the Task B References line,"Configure the airplane in the approach or landing configuration, as specified by the evaluator, and maintain coordinated flight throughout the maneuver."
CA.VII.B.S3,risk-management,explanation,auto,from the Task B References line,"Configure the airplane in the approach or landing configuration, as specified by the evaluator, and maintain coordinated flight throughout the maneuver."
CA.VII.B.S4,ac-61-67c,guidance,auto,from the Task B References line,Establish a stabilized descent.
CA.VII.B.S4,afh,explanation,auto,from the Task B References line,Establish a stabilized descent.
CA.VII.B.S4,phak,explanation,auto,from the Task B References line,Establish a stabilized descent.
CA.VII.B.S4,risk-management,explanation,auto,from the Task B References line,Establish a stabilized descent.
CA.VII.B.S5,ac-61-67c,guidance,auto,from the Task B References line,Transition smoothly from the approach or landing attitude to a pitch attitude that induces a stall.
CA.VII.B.S5,afh,explanation,auto,from the Task B References line,Transition smoothly from the approach or landing attitude to a pitch attitude that induces a stall.
CA.VII.B.S5,phak,explanation,auto,from the Task B References line,Transition smoothly from the approach or landing attitude to a pitch attitude that induces a stall.
CA.VII.B.S5,risk-management,explanation,auto,from the Task B References line,Transition smoothly from the approach or landing attitude to a pitch attitude that induces a stall.
CA.VII.B.S6,ac-61-67c,guidance,auto,from the Task B References line,"Maintain a specified heading, ±10° if in straight flight; maintain a specified angle of bank not to exceed 20°, ±5° if in turning flight, until an impending or full stall occurs, as specified by the evaluator."
CA.VII.B.S6,afh,explanation,auto,from the Task B References line,"Maintain a specified heading, ±10° if in straight flight; maintain a specified angle of bank not to exceed 20°, ±5° if in turning flight, until an impending or full stall occurs, as specified by the evaluator."
CA.VII.B.S6,phak,explanation,auto,from the Task B References line,"Maintain a specified heading, ±10° if in straight flight; maintain a specified angle of bank not to exceed 20°, ±5° if in turning flight, until an impending or full stall occurs, as specified by the evaluator."
CA.VII.B.S6,risk-management,explanation,auto,from the Task B References line,"Maintain a specified heading, ±10° if in straight flight; maintain a specified angle of bank not to exceed 20°, ±5° if in turning flight, until an impending or full stall occurs, as specified by the evaluator."
CA.VII.B.S7,ac-61-67c,guidance,auto,from the Task B References line,"Acknowledge the cues at the first indication of a stall (e.g., aircraft buffet, stall horn, etc.)."
CA.VII.B.S7,afh,explanation,auto,from the Task B References line,"Acknowledge the cues at the first indication of a stall (e.g., aircraft buffet, stall horn, etc.)."
CA.VII.B.S7,phak,explanation,auto,from the Task B References line,"Acknowledge the cues at the first indication of a stall (e.g., aircraft buffet, stall horn, etc.)."
CA.VII.B.S7,risk-management,explanation,auto,from the Task B References line,"Acknowledge the cues at the first indication of a stall (e.g., aircraft buffet, stall horn, etc.)."
CA.VII.B.S8,ac-61-67c,guidance,auto,from the Task B References line,"Recover at the first indication of a stall or after a full stall has occurred, as specified by the evaluator."
CA.VII.B.S8,afh,explanation,auto,from the Task B References line,"Recover at the first indication of a stall or after a full stall has occurred, as specified by the evaluator."
CA.VII.B.S8,phak,explanation,auto,from the Task B References line,"Recover at the first indication of a stall or after a full stall has occurred, as specified by the evaluator."
CA.VII.B.S8,risk-management,explanation,auto,from the Task B References line,"Recover at the first indication of a stall or after a full stall has occurred, as specified by the evaluator."
CA.VII.B.S9,ac-61-67c,guidance,auto,from the Task B References line,"Configure the airplane as recommended by the manufacturer, and accelerate to best angle of climb speed (VX) or best rate of climb speed (VY)."
CA.VII.B.S9,afh,explanation,auto,from the Task B References line,"Configure the airplane as recommended by the manufacturer, and accelerate to best angle of climb speed (VX) or best rate of climb speed (VY)."
CA.VII.B.S9,phak,explanation,auto,from the Task B References line,"Configure the airplane as recommended by the manufacturer, and accelerate to best angle of climb speed (VX) or best rate of climb speed (VY)."
CA.VII.B.S9,risk-management,explanation,auto,from the Task B References line,"Configure the airplane as recommended by the manufacturer, and accelerate to best angle of climb speed (VX) or best rate of climb speed (VY)."
CA.VII.C.K1,ac-61-67c,guidance,auto,from the Task C References line,"Aerodynamics associated with stalls in various airplane configurations, including the relationship between angle of attack, airspeed, load factor, power setting, airplane weight and center of gravity, airplane attitude, and yaw effects."
CA.VII.C.K1,afh,explanation,auto,from the Task C References line,"Aerodynamics associated with stalls in various airplane configurations, including the relationship between angle of attack, airspeed, load factor, power setting, airplane weight and center of gravity, airplane attitude, and yaw effects."
CA.VII.C.K1,phak,explanation,auto,from the Task C References line,"Aerodynamics associated with stalls in various airplane configurations, including the relationship between angle of attack, airspeed, load factor, power setting, airplane weight and center of gravity, airplane attitude, and yaw effects."
CA.VII.C.K1,risk-management,explanation,auto,from the Task C References line,"Aerodynamics associated with stalls in various airplane configurations, including the relationship between angle of attack, airspeed, load factor, power setting, airplane weight and center of gravity, airplane attitude, and yaw effects."
CA.VII.C.K2,ac-61-67c,guidance,auto,from the Task C References line,"Stall characteristics as they relate to airplane design, and recognition impending stall and full stall indications using sight, sound, or feel."
CA.VII.C.K2,afh,explanation,auto,from the Task C References line,"Stall characteristics as they relate to airplane design, and recognition impending stall and full stall indications using sight, sound, or feel."
CA.VII.C.K2,phak,explanation,auto,from the Task C References line,"Stall characteristics as they relate to airplane design, and recognition impending stall and full stall indications using sight, sound, or feel."
CA.VII.C.K2,risk-management,explanation,auto,from the Task C References line,"Stall characteristics as they relate to airplane design, and recognition impending stall and full stall indications using sight, sound, or feel."
CA.VII.C.K3,ac-61-67c,guidance,auto,from the Task C References line,Factors and situations that can lead to a power-on stall and actions that can be taken to prevent it.
CA.VII.C.K3,afh,explanation,auto,from the Task C References line,Factors and situations that can lead to a power-on stall and actions that can be taken to prevent it.
CA.VII.C.K3,phak,explanation,auto,from the Task C References line,Factors and situations that can lead to a power-on stall and actions that can be taken to prevent it.
CA.VII.C.K3,risk-management,explanation,auto,from the Task C References line,Factors and situations that can lead to a power-on stall and actions that can be taken to prevent it.
CA.VII.C.K4,ac-61-67c,guidance,auto,from the Task C References line,Fundamentals of stall recovery.
CA.VII.C.K4,afh,explanation,auto,from the Task C References line,Fundamentals of stall recovery.
CA.VII.C.K4,phak,explanation,auto,from the Task C References line,Fundamentals of stall recovery.
CA.VII.C.K4,risk-management,explanation,auto,from the Task C References line,Fundamentals of stall recovery.
CA.VII.C.R1,ac-61-67c,guidance,auto,from the Task C References line,"Factors and situations that could lead to an inadvertent power-on stall, spin, and loss of control."
CA.VII.C.R1,afh,explanation,auto,from the Task C References line,"Factors and situations that could lead to an inadvertent power-on stall, spin, and loss of control."
CA.VII.C.R1,phak,explanation,auto,from the Task C References line,"Factors and situations that could lead to an inadvertent power-on stall, spin, and loss of control."
CA.VII.C.R1,risk-management,explanation,auto,from the Task C References line,"Factors and situations that could lead to an inadvertent power-on stall, spin, and loss of control."
CA.VII.C.R2,ac-61-67c,guidance,auto,from the Task C References line,"Range and limitations of stall warning indicators (e.g., aircraft buffet, stall horn, etc.)."
CA.VII.C.R2,afh,explanation,auto,from the Task C References line,"Range and limitations of stall warning indicators (e.g., aircraft buffet, stall horn, etc.)."
CA.VII.C.R2,phak,explanation,auto,from the Task C References line,"Range and limitations of stall warning indicators (e.g., aircraft buffet, stall horn, etc.)."
CA.VII.C.R2,risk-management,explanation,auto,from the Task C References line,"Range and limitations of stall warning indicators (e.g., aircraft buffet, stall horn, etc.)."
CA.VII.C.R3,ac-61-67c,guidance,auto,from the Task C References line,Stall warning(s) during normal operations.
CA.VII.C.R3,afh,explanation,auto,from the Task C References line,Stall warning(s) during normal operations.
CA.VII.C.R3,phak,explanation,auto,from the Task C References line,Stall warning(s) during normal operations.
CA.VII.C.R3,risk-management,explanation,auto,from the Task C References line,Stall warning(s) during normal operations.
CA.VII.C.R4,ac-61-67c,guidance,auto,from the Task C References line,Stall recovery procedure.
CA.VII.C.R4,afh,explanation,auto,from the Task C References line,Stall recovery procedure.
CA.VII.C.R4,phak,explanation,auto,from the Task C References line,Stall recovery procedure.
CA.VII.C.R4,risk-management,explanation,auto,from the Task C References line,Stall recovery procedure.
CA.VII.C.R5,ac-61-67c,guidance,auto,from the Task C References line,"Secondary stalls, accelerated stalls, elevator trim stalls, and cross-control stalls."
CA.VII.C.R5,afh,explanation,auto,from the Task C References line,"Secondary stalls, accelerated stalls, elevator trim stalls, and cross-control stalls."
CA.VII.C.R5,phak,explanation,auto,from the Task C References line,"Secondary stalls, accelerated stalls, elevator trim stalls, and cross-control stalls."
CA.VII.C.R5,risk-management,explanation,auto,from the Task C References line,"Secondary stalls, accelerated stalls, elevator trim stalls, and cross-control stalls."
CA.VII.C.R6,ac-61-67c,guidance,auto,from the Task C References line,"Effect of environmental elements on airplane performance related to power-on stalls (e.g., turbulence, microbursts, and high-density altitude)."
CA.VII.C.R6,afh,explanation,auto,from the Task C References line,"Effect of environmental elements on airplane performance related to power-on stalls (e.g., turbulence, microbursts, and high-density altitude)."
CA.VII.C.R6,phak,explanation,auto,from the Task C References line,"Effect of environmental elements on airplane performance related to power-on stalls (e.g., turbulence, microbursts, and high-density altitude)."
CA.VII.C.R6,risk-management,explanation,auto,from the Task C References line,"Effect of environmental elements on airplane performance related to power-on stalls (e.g., turbulence, microbursts, and high-density altitude)."
CA.VII.C.R7,ac-61-67c,guidance,auto,from the Task C References line,Collision hazards.
CA.VII.C.R7,afh,explanation,auto,from the Task C References line,Collision hazards.
CA.VII.C.R7,phak,explanation,auto,from the Task C References line,Collision hazards.
CA.VII.C.R7,risk-management,explanation,auto,from the Task C References line,Collision hazards.
CA.VII.C.R8,ac-61-67c,guidance,auto,from the Task C References line,"Distractions, task prioritization, loss of situational awareness, or disorientation."
CA.VII.C.R8,afh,explanation,auto,from the Task C References line,"Distractions, task prioritization, loss of situational awareness, or disorientation."
CA.VII.C.R8,phak,explanation,auto,from the Task C References line,"Distractions, task prioritization, loss of situational awareness, or disorientation."
CA.VII.C.R8,risk-management,explanation,auto,from the Task C References line,"Distractions, task prioritization, loss of situational awareness, or disorientation."
CA.VII.C.S1,ac-61-67c,guidance,auto,from the Task C References line,Clear the area.
CA.VII.C.S1,afh,explanation,auto,from the Task C References line,Clear the area.
CA.VII.C.S1,phak,explanation,auto,from the Task C References line,Clear the area.
CA.VII.C.S1,risk-management,explanation,auto,from the Task C References line,Clear the area.
CA.VII.C.S10,ac-61-67c,guidance,auto,from the Task C References line,"Return to the altitude, heading, and airspeed specified by the evaluator."
CA.VII.C.S10,afh,explanation,auto,from the Task C References line,"Return to the altitude, heading, and airspeed specified by the evaluator."
CA.VII.C.S10,phak,explanation,auto,from the Task C References line,"Return to the altitude, heading, and airspeed specified by the evaluator."
CA.VII.C.S10,risk-management,explanation,auto,from the Task C References line,"Return to the altitude, heading, and airspeed specified by the evaluator."
CA.VII.C.S2,ac-61-67c,guidance,auto,from the Task C References line,"Select an entry altitude that allows the Task to be completed no lower than 1,500 feet above ground level (AGL) (ASEL, ASES) or 3,000 feet AGL (AMEL, AMES)."
CA.VII.C.S2,afh,explanation,auto,from the Task C References line,"Select an entry altitude that allows the Task to be completed no lower than 1,500 feet above ground level (AGL) (ASEL, ASES) or 3,000 feet AGL (AMEL, AMES)."
CA.VII.C.S2,phak,explanation,auto,from the Task C References line,"Select an entry altitude that allows the Task to be completed no lower than 1,500 feet above ground level (AGL) (ASEL, ASES) or 3,000 feet AGL (AMEL, AMES)."
CA.VII.C.S2,risk-management,explanation,auto,from the Task C References line,"Select an entry altitude that allows the Task to be completed no lower than 1,500 feet above ground level (AGL) (ASEL, ASES) or 3,000 feet AGL (AMEL, AMES)."
CA.VII.C.S3,ac-61-67c,guidance,auto,from the Task C References line,"Establish the takeoff, departure, or cruise configuration, as specified by the evaluator, and maintain coordinated flight throughout the maneuver."
CA.VII.C.S3,afh,explanation,auto,from the Task C References line,"Establish the takeoff, departure, or cruise configuration, as specified by the evaluator, and maintain coordinated flight throughout the maneuver."
CA.VII.C.S3,phak,explanation,auto,from the Task C References line,"Establish the takeoff, departure, or cruise configuration, as specified by the evaluator, and maintain coordinated flight throughout the maneuver."
CA.VII.C.S3,risk-management,explanation,auto,from the Task C References line,"Establish the takeoff, departure, or cruise configuration, as specified by the evaluator, and maintain coordinated flight throughout the maneuver."
CA.VII.C.S4,ac-61-67c,guidance,auto,from the Task C References line,Set power to no less than 65 percent power.
CA.VII.C.S4,afh,explanation,auto,from the Task C References line,Set power to no less than 65 percent power.
CA.VII.C.S4,phak,explanation,auto,from the Task C References line,Set power to no less than 65 percent power.
CA.VII.C.S4,risk-management,explanation,auto,from the Task C References line,Set power to no less than 65 percent power.
CA.VII.C.S5,ac-61-67c,guidance,auto,from the Task C References line,Transition smoothly from the takeoff or departure attitude to the pitch attitude that induces a stall.
CA.VII.C.S5,afh,explanation,auto,from the Task C References line,Transition smoothly from the takeoff or departure attitude to the pitch attitude that induces a stall.
CA.VII.C.S5,phak,explanation,auto,from the Task C References line,Transition smoothly from the takeoff or departure attitude to the pitch attitude that induces a stall.
CA.VII.C.S5,risk-management,explanation,auto,from the Task C References line,Transition smoothly from the takeoff or departure attitude to the pitch attitude that induces a stall.
CA.VII.C.S6,ac-61-67c,guidance,auto,from the Task C References line,"Maintain a specified heading ±10° if in straight flight; maintain a specified angle of bank not to exceed 20°, ±10° if in turning flight, until an impending or full stall is reached, as specified by the evaluator."
CA.VII.C.S6,afh,explanation,auto,from the Task C References line,"Maintain a specified heading ±10° if in straight flight; maintain a specified angle of bank not to exceed 20°, ±10° if in turning flight, until an impending or full stall is reached, as specified by the evaluator."
CA.VII.C.S6,phak,explanation,auto,from the Task C References line,"Maintain a specified heading ±10° if in straight flight; maintain a specified angle of bank not to exceed 20°, ±10° if in turning flight, until an impending or full stall is reached, as specified by the evaluator."
CA.VII.C.S6,risk-management,explanation,auto,from the Task C References line,"Maintain a specified heading ±10° if in straight flight; maintain a specified angle of bank not to exceed 20°, ±10° if in turning flight, until an impending or full stall is reached, as specified by the evaluator."
CA.VII.C.S7,ac-61-67c,guidance,auto,from the Task C References line,"Acknowledge the cues at the first indication of a stall (e.g., aircraft buffet, stall horn, etc.). 48"
CA.VII.C.S7,afh,explanation,auto,from the Task C References line,"Acknowledge the cues at the first indication of a stall (e.g., aircraft buffet, stall horn, etc.). 48"
CA.VII.C.S7,phak,explanation,auto,from the Task C References line,"Acknowledge the cues at the first indication of a stall (e.g., aircraft buffet, stall horn, etc.). 48"
CA.VII.C.S7,risk-management,explanation,auto,from the Task C References line,"Acknowledge the cues at the first indication of a stall (e.g., aircraft buffet, stall horn, etc.). 48"
CA.VII.C.S8,ac-61-67c,guidance,auto,from the Task C References line,"Recover at the first indication of a stall or after a full stall has occurred, as specified by the evaluator."
CA.VII.C.S8,afh,explanation,auto,from the Task C References line,"Recover at the first indication of a stall or after a full stall has occurred, as specified by the evaluator."
CA.VII.C.S8,phak,explanation,auto,from the Task C References line,"Recover at the first indication of a stall or after a full stall has occurred, as specified by the evaluator."
CA.VII.C.S8,risk-management,explanation,auto,from the Task C References line,"Recover at the first indication of a stall or after a full stall has occurred, as specified by the evaluator."
CA.VII.C.S9,ac-61-67c,guidance,auto,from the Task C References line,"Configure the airplane as recommended by the manufacturer, and accelerate to best angle of climb speed (VX) or best rate of climb speed (VY)."
CA.VII.C.S9,afh,explanation,auto,from the Task C References line,"Configure the airplane as recommended by the manufacturer, and accelerate to best angle of climb speed (VX) or best rate of climb speed (VY)."
CA.VII.C.S9,phak,explanation,auto,from the Task C References line,"Configure the airplane as recommended by the manufacturer, and accelerate to best angle of climb speed (VX) or best rate of climb speed (VY)."
CA.VII.C.S9,risk-management,explanation,auto,from the Task C References line,"Configure the airplane as recommended by the manufacturer, and accelerate to best angle of climb speed (VX) or best rate of climb speed (VY)."
CA.VII.D.K1,ac-61-67c,guidance,auto,from the Task D References line,"Aerodynamics associated with accelerated stalls in various airplane configurations, including the relationship between angle of attack, airspeed, load factor, power setting, airplane weight and center of gravity, airplane attitude, and yaw effects."
CA.VII.D.K1,afh,explanation,auto,from the Task D References line,"Aerodynamics associated with accelerated stalls in various airplane configurations, including the relationship between angle of attack, airspeed, load factor, power setting, airplane weight and center of gravity, airplane attitude, and yaw effects."
CA.VII.D.K1,phak,explanation,auto,from the Task D References line,"Aerodynamics associated with accelerated stalls in various airplane configurations, including the relationship between angle of attack, airspeed, load factor, power setting, airplane weight and center of gravity, airplane attitude, and yaw effects."
CA.VII.D.K1,risk-management,explanation,auto,from the Task D References line,"Aerodynamics associated with accelerated stalls in various airplane configurations, including the relationship between angle of attack, airspeed, load factor, power setting, airplane weight and center of gravity, airplane attitude, and yaw effects."
CA.VII.D.K2,ac-61-67c,guidance,auto,from the Task D References line,"Stall characteristics as they relate to airplane design, and recognition impending stall and full stall indications using sight, sound, or feel."
CA.VII.D.K2,afh,explanation,auto,from the Task D References line,"Stall characteristics as they relate to airplane design, and recognition impending stall and full stall indications using sight, sound, or feel."
CA.VII.D.K2,phak,explanation,auto,from the Task D References line,"Stall characteristics as they relate to airplane design, and recognition impending stall and full stall indications using sight, sound, or feel."
CA.VII.D.K2,risk-management,explanation,auto,from the Task D References line,"Stall characteristics as they relate to airplane design, and recognition impending stall and full stall indications using sight, sound, or feel."
CA.VII.D.K3,ac-61-67c,guidance,auto,from the Task D References line,Factors leading to an accelerated stall and preventive actions.
CA.VII.D.K3,afh,explanation,auto,from the Task D References line,Factors leading to an accelerated stall and preventive actions.
CA.VII.D.K3,phak,explanation,auto,from the Task D References line,Factors leading to an accelerated stall and preventive actions.
CA.VII.D.K3,risk-management,explanation,auto,from the Task D References line,Factors leading to an accelerated stall and preventive actions.
CA.VII.D.K4,ac-61-67c,guidance,auto,from the Task D References line,Fundamentals of stall recovery.
CA.VII.D.K4,afh,explanation,auto,from the Task D References line,Fundamentals of stall recovery.
CA.VII.D.K4,phak,explanation,auto,from the Task D References line,Fundamentals of stall recovery.
CA.VII.D.K4,risk-management,explanation,auto,from the Task D References line,Fundamentals of stall recovery.
CA.VII.D.R1,ac-61-67c,guidance,auto,from the Task D References line,"Factors and situations that could lead to an inadvertent accelerated stall, spin, and loss of control."
CA.VII.D.R1,afh,explanation,auto,from the Task D References line,"Factors and situations that could lead to an inadvertent accelerated stall, spin, and loss of control."
CA.VII.D.R1,phak,explanation,auto,from the Task D References line,"Factors and situations that could lead to an inadvertent accelerated stall, spin, and loss of control."
CA.VII.D.R1,risk-management,explanation,auto,from the Task D References line,"Factors and situations that could lead to an inadvertent accelerated stall, spin, and loss of control."
CA.VII.D.R2,ac-61-67c,guidance,auto,from the Task D References line,"Range and limitations of stall warning indicators (e.g., aircraft buffet, stall horn, etc.)."
CA.VII.D.R2,afh,explanation,auto,from the Task D References line,"Range and limitations of stall warning indicators (e.g., aircraft buffet, stall horn, etc.)."
CA.VII.D.R2,phak,explanation,auto,from the Task D References line,"Range and limitations of stall warning indicators (e.g., aircraft buffet, stall horn, etc.)."
CA.VII.D.R2,risk-management,explanation,auto,from the Task D References line,"Range and limitations of stall warning indicators (e.g., aircraft buffet, stall horn, etc.)."
CA.VII.D.R3,ac-61-67c,guidance,auto,from the Task D References line,Stall warning(s) during normal operations.
CA.VII.D.R3,afh,explanation,auto,from the Task D References line,Stall warning(s) during normal operations.
CA.VII.D.R3,phak,explanation,auto,from the Task D References line,Stall warning(s) during normal operations.
CA.VII.D.R3,risk-management,explanation,auto,from the Task D References line,Stall warning(s) during normal operations.
CA.VII.D.R4,ac-61-67c,guidance,auto,from the Task D References line,Stall recovery procedure.
CA.VII.D.R4,afh,explanation,auto,from the Task D References line,Stall recovery procedure.
CA.VII.D.R4,phak,explanation,auto,from the Task D References line,Stall recovery procedure.
CA.VII.D.R4,risk-management,explanation,auto,from the Task D References line,Stall recovery procedure.
CA.VII.D.R5,ac-61-67c,guidance,auto,from the Task D References line,"Secondary stalls, cross-control stalls, and spins."
CA.VII.D.R5,afh,explanation,auto,from the Task D References line,"Secondary stalls, cross-control stalls, and spins."
CA.VII.D.R5,phak,explanation,auto,from the Task D References line,"Secondary stalls, cross-control stalls, and spins."
CA.VII.D.R5,risk-management,explanation,auto,from the Task D References line,"Secondary stalls, cross-control stalls, and spins."
CA.VII.D.R6,ac-61-67c,guidance,auto,from the Task D References line,"Effect of environmental elements on airplane performance related to accelerated stalls (e.g., turbulence, microbursts, and high-density altitude)."
CA.VII.D.R6,afh,explanation,auto,from the Task D References line,"Effect of environmental elements on airplane performance related to accelerated stalls (e.g., turbulence, microbursts, and high-density altitude)."
CA.VII.D.R6,phak,explanation,auto,from the Task D References line,"Effect of environmental elements on airplane performance related to accelerated stalls (e.g., turbulence, microbursts, and high-density altitude)."
CA.VII.D.R6,risk-management,explanation,auto,from the Task D References line,"Effect of environmental elements on airplane performance related to accelerated stalls (e.g., turbulence, microbursts, and high-density altitude)."
CA.VII.D.R7,ac-61-67c,guidance,auto,from the Task D References line,Collision hazards.
CA.VII.D.R7,afh,explanation,auto,from the Task D References line,Collision hazards.
CA.VII.D.R7,phak,explanation,auto,from the Task D References line,Collision hazards.
CA.VII.D.R7,risk-management,explanation,auto,from the Task D References line,Collision hazards.
CA.VII.D.R8,ac-61-67c,guidance,auto,from the Task D References line,"Distractions, task prioritization, loss of situational awareness, or disorientation."
CA.VII.D.R8,afh,explanation,auto,from the Task D References line,"Distractions, task prioritization, loss of situational awareness, or disorientation."
CA.VII.D.R8,phak,explanation,auto,from the Task D References line,"Distractions, task prioritization, loss of situational awareness, or disorientation."
CA.VII.D.R8,risk-management,explanation,auto,from the Task D References line,"Distractions, task prioritization, loss of situational awareness, or disorientation."
CA.VII.D.S1,ac-61-67c,guidance,auto,from the Task D References line,Clear the area.
CA.VII.D.S1,afh,explanation,auto,from the Task D References line,Clear the area.
CA.VII.D.S1,phak,explanation,auto,from the Task D References line,Clear the area.
CA.VII.D.S1,risk-management,explanation,auto,from the Task D References line,Clear the area.
CA.VII.D.S2,ac-61-67c,guidance,auto,from the Task D References line,"Select an entry altitude that allows the Task to be completed no lower than 3,000 feet above ground level (AGL)."
CA.VII.D.S2,afh,explanation,auto,from the Task D References line,"Select an entry altitude that allows the Task to be completed no lower than 3,000 feet above ground level (AGL)."
CA.VII.D.S2,phak,explanation,auto,from the Task D References line,"Select an entry altitude that allows the Task to be completed no lower than 3,000 feet above ground level (AGL)."
CA.VII.D.S2,risk-management,explanation,auto,from the Task D References line,"Select an entry altitude that allows the Task to be completed no lower than 3,000 feet above ground level (AGL)."
CA.VII.D.S3,ac-61-67c,guidance,auto,from the Task D References line,Establish the configuration as specified by the evaluator. 49
CA.VII.D.S3,afh,explanation,auto,from the Task D References line,Establish the configuration as specified by the evaluator. 49
CA.VII.D.S3,phak,explanation,auto,from the Task D References line,Establish the configuration as specified by the evaluator. 49
CA.VII.D.S3,risk-management,explanation,auto,from the Task D References line,Establish the configuration as specified by the evaluator. 49
CA.VII.D.S4,ac-61-67c,guidance,auto,from the Task D References line,"Set power appropriate for the configuration, such that the airspeed does not exceed the maneuvering speed (VA) or any other applicable Pilot's Operating Handbook (POH)/Airplane Flight Manual (AFM) limitation."
CA.VII.D.S4,afh,explanation,auto,from the Task D References line,"Set power appropriate for the configuration, such that the airspeed does not exceed the maneuvering speed (VA) or any other applicable Pilot's Operating Handbook (POH)/Airplane Flight Manual (AFM) limitation."
CA.VII.D.S4,phak,explanation,auto,from the Task D References line,"Set power appropriate for the configuration, such that the airspeed does not exceed the maneuvering speed (VA) or any other applicable Pilot's Operating Handbook (POH)/Airplane Flight Manual (AFM) limitation."
CA.VII.D.S4,risk-management,explanation,auto,from the Task D References line,"Set power appropriate for the configuration, such that the airspeed does not exceed the maneuvering speed (VA) or any other applicable Pilot's Operating Handbook (POH)/Airplane Flight Manual (AFM) limitation."
CA.VII.D.S5,ac-61-67c,guidance,auto,from the Task D References line,"Establish and maintain a coordinated turn in a 45° bank, increasing elevator back pressure smoothly and firmly until an impending stall is reached."
CA.VII.D.S5,afh,explanation,auto,from the Task D References line,"Establish and maintain a coordinated turn in a 45° bank, increasing elevator back pressure smoothly and firmly until an impending stall is reached."
CA.VII.D.S5,phak,explanation,auto,from the Task D References line,"Establish and maintain a coordinated turn in a 45° bank, increasing elevator back pressure smoothly and firmly until an impending stall is reached."
CA.VII.D.S5,risk-management,explanation,auto,from the Task D References line,"Establish and maintain a coordinated turn in a 45° bank, increasing elevator back pressure smoothly and firmly until an impending stall is reached."
CA.VII.D.S6,ac-61-67c,guidance,auto,from the Task D References line,"Acknowledge the cues at the first indication of a stall (e.g., aircraft buffet, stall horn, etc.)."
CA.VII.D.S6,afh,explanation,auto,from the Task D References line,"Acknowledge the cues at the first indication of a stall (e.g., aircraft buffet, stall horn, etc.)."
CA.VII.D.S6,phak,explanation,auto,from the Task D References line,"Acknowledge the cues at the first indication of a stall (e.g., aircraft buffet, stall horn, etc.)."
CA.VII.D.S6,risk-management,explanation,auto,from the Task D References line,"Acknowledge the cues at the first indication of a stall (e.g., aircraft buffet, stall horn, etc.)."
CA.VII.D.S7,ac-61-67c,guidance,auto,from the Task D References line,Execute a stall recovery in accordance with procedures set forth in the Pilot's Operating Handbook (POH)/Flight Manual (FM).
CA.VII.D.S7,afh,explanation,auto,from the Task D References line,Execute a stall recovery in accordance with procedures set forth in the Pilot's Operating Handbook (POH)/Flight Manual (FM).
CA.VII.D.S7,phak,explanation,auto,from the Task D References line,Execute a stall recovery in accordance with procedures set forth in the Pilot's Operating Handbook (POH)/Flight Manual (FM).
CA.VII.D.S7,risk-management,explanation,auto,from the Task D References line,Execute a stall recovery in accordance with procedures set forth in the Pilot's Operating Handbook (POH)/Flight Manual (FM).
CA.VII.D.S8,ac-61-67c,guidance,auto,from the Task D References line,"Configure the airplane as recommended by the manufacturer, and accelerate to best angle of climb speed (VX) or best rate of climb speed (VY)."
CA.VII.D.S8,afh,explanation,auto,from the Task D References line,"Configure the airplane as recommended by the manufacturer, and accelerate to best angle of climb speed (VX) or best rate of climb speed (VY)."
CA.VII.D.S8,phak,explanation,auto,from the Task D References line,"Configure the airplane as recommended by the manufacturer, and accelerate to best angle of climb speed (VX) or best rate of climb speed (VY)."
CA.VII.D.S8,risk-management,explanation,auto,from the Task D References line,"Configure the airplane as recommended by the manufacturer, and accelerate to best angle of climb speed (VX) or best rate of climb speed (VY)."
CA.VII.D.S9,ac-61-67c,guidance,auto,from the Task D References line,"Return to the altitude, heading, and airspeed specified by the evaluator."
CA.VII.D.S9,afh,explanation,auto,from the Task D References line,"Return to the altitude, heading, and airspeed specified by the evaluator."
CA.VII.D.S9,phak,explanation,auto,from the Task D References line,"Return to the altitude, heading, and airspeed specified by the evaluator."
CA.VII.D.S9,risk-management,explanation,auto,from the Task D References line,"Return to the altitude, heading, and airspeed specified by the evaluator."
CA.VII.E.K1,ac-61-67c,guidance,auto,from the Task E References line,"Aerodynamics associated with spins in various airplane configurations, including the relationship between angle of attack, airspeed, load factor, power setting, airplane weight and center of gravity, airplane attitude, and yaw effects."
CA.VII.E.K1,afh,explanation,auto,from the Task E References line,"Aerodynamics associated with spins in various airplane configurations, including the relationship between angle of attack, airspeed, load factor, power setting, airplane weight and center of gravity, airplane attitude, and yaw effects."
CA.VII.E.K1,phak,explanation,auto,from the Task E References line,"Aerodynamics associated with spins in various airplane configurations, including the relationship between angle of attack, airspeed, load factor, power setting, airplane weight and center of gravity, airplane attitude, and yaw effects."
CA.VII.E.K1,risk-management,explanation,auto,from the Task E References line,"Aerodynamics associated with spins in various airplane configurations, including the relationship between angle of attack, airspeed, load factor, power setting, airplane weight and center of gravity, airplane attitude, and yaw effects."
CA.VII.E.K2,ac-61-67c,guidance,auto,from the Task E References line,"What causes a spin and how to identify the entry, incipient, and developed phases of a spin."
CA.VII.E.K2,afh,explanation,auto,from the Task E References line,"What causes a spin and how to identify the entry, incipient, and developed phases of a spin."
CA.VII.E.K2,phak,explanation,auto,from the Task E References line,"What causes a spin and how to identify the entry, incipient, and developed phases of a spin."
CA.VII.E.K2,risk-management,explanation,auto,from the Task E References line,"What causes a spin and how to identify the entry, incipient, and developed phases of a spin."
CA.VII.E.K3,ac-61-67c,guidance,auto,from the Task E References line,Spin recovery procedure.
CA.VII.E.K3,afh,explanation,auto,from the Task E References line,Spin recovery procedure.
CA.VII.E.K3,phak,explanation,auto,from the Task E References line,Spin recovery procedure.
CA.VII.E.K3,risk-management,explanation,auto,from the Task E References line,Spin recovery procedure.
CA.VII.E.R1,ac-61-67c,guidance,auto,from the Task E References line,Factors and situations that could lead to inadvertent spin and loss of control.
CA.VII.E.R1,afh,explanation,auto,from the Task E References line,Factors and situations that could lead to inadvertent spin and loss of control.
CA.VII.E.R1,phak,explanation,auto,from the Task E References line,Factors and situations that could lead to inadvertent spin and loss of control.
CA.VII.E.R1,risk-management,explanation,auto,from the Task E References line,Factors and situations that could lead to inadvertent spin and loss of control.
CA.VII.E.R2,ac-61-67c,guidance,auto,from the Task E References line,"Range and limitations of stall warning indicators (e.g., aircraft buffet, stall horn, etc.)."
CA.VII.E.R2,afh,explanation,auto,from the Task E References line,"Range and limitations of stall warning indicators (e.g., aircraft buffet, stall horn, etc.)."
CA.VII.E.R2,phak,explanation,auto,from the Task E References line,"Range and limitations of stall warning indicators (e.g., aircraft buffet, stall horn, etc.)."
CA.VII.E.R2,risk-management,explanation,auto,from the Task E References line,"Range and limitations of stall warning indicators (e.g., aircraft buffet, stall horn, etc.)."
CA.VII.E.R3,ac-61-67c,guidance,auto,from the Task E References line,Spin recovery procedure.
CA.VII.E.R3,afh,explanation,auto,from the Task E References line,Spin recovery procedure.
CA.VII.E.R3,phak,explanation,auto,from the Task E References line,Spin recovery procedure.
CA.VII.E.R3,risk-management,explanation,auto,from the Task E References line,Spin recovery procedure.
CA.VII.E.R4,ac-61-67c,guidance,auto,from the Task E References line,"Effect of environmental elements on airplane performance related to spins (e.g., turbulence, microbursts, and high-density altitude)."
CA.VII.E.R4,afh,explanation,auto,from the Task E References line,"Effect of environmental elements on airplane performance related to spins (e.g., turbulence, microbursts, and high-density altitude)."
CA.VII.E.R4,phak,explanation,auto,from the Task E References line,"Effect of environmental elements on airplane performance related to spins (e.g., turbulence, microbursts, and high-density altitude)."
CA.VII.E.R4,risk-management,explanation,auto,from the Task E References line,"Effect of environmental elements on airplane performance related to spins (e.g., turbulence, microbursts, and high-density altitude)."
CA.VII.E.R5,ac-61-67c,guidance,auto,from the Task E References line,Collision hazards.
CA.VII.E.R5,afh,explanation,auto,from the Task E References line,Collision hazards.
CA.VII.E.R5,phak,explanation,auto,from the Task E References line,Collision hazards.
CA.VII.E.R5,risk-management,explanation,auto,from the Task E References line,Collision hazards.
CA.VII.E.R6,ac-61-67c,guidance,auto,from the Task E References line,"Distractions, task prioritization, loss of situational awareness, or disorientation."
CA.VII.E.R6,afh,explanation,auto,from the Task E References line,"Distractions, task prioritization, loss of situational awareness, or disorientation."
CA.VII.E.R6,phak,explanation,auto,from the Task E References line,"Distractions, task prioritization, loss of situational awareness, or disorientation."
CA.VII.E.R6,risk-management,explanation,auto,from the Task E References line,"Distractions, task prioritization, loss of situational awareness, or disorientation."
CA.VIII.A.K1,14cfr:part-91,regulation,auto,from the Task A References line,Regulatory requirements for supplemental oxygen use by flight crew and passengers.
CA.VIII.A.K1,ac-61-107b,guidance,auto,from the Task A References line,Regulatory requirements for supplemental oxygen use by flight crew and passengers.
CA.VIII.A.K1,afh,explanation,auto,from the Task A References line,Regulatory requirements for supplemental oxygen use by flight crew and passengers.
CA.VIII.A.K1,aim,guidance,auto,from the Task A References line,Regulatory requirements for supplemental oxygen use by flight crew and passengers.
CA.VIII.A.K1,phak,explanation,auto,from the Task A References line,Regulatory requirements for supplemental oxygen use by flight crew and passengers.
CA.VIII.A.K1,risk-management,explanation,auto,from the Task A References line,Regulatory requirements for supplemental oxygen use by flight crew and passengers.
CA.VIII.A.K2,14cfr:part-91,regulation,auto,from the Task A References line,"Physiological factors, including:"
CA.VIII.A.K2,ac-61-107b,guidance,auto,from the Task A References line,"Physiological factors, including:"
CA.VIII.A.K2,afh,explanation,auto,from the Task A References line,"Physiological factors, including:"
CA.VIII.A.K2,aim,guidance,auto,from the Task A References line,"Physiological factors, including:"
CA.VIII.A.K2,phak,explanation,auto,from the Task A References line,"Physiological factors, including:"
CA.VIII.A.K2,risk-management,explanation,auto,from the Task A References line,"Physiological factors, including:"
CA.VIII.A.K2a,14cfr:part-91,regulation,auto,from the Task A References line,a. Impairment
CA.VIII.A.K2a,ac-61-107b,guidance,auto,from the Task A References line,a. Impairment
CA.VIII.A.K2a,afh,explanation,auto,from the Task A References line,a. Impairment
CA.VIII.A.K2a,aim,guidance,auto,from the Task A References line,a. Impairment
CA.VIII.A.K2a,phak,explanation,auto,from the Task A References line,a. Impairment
CA.VIII.A.K2a,risk-management,explanation,auto,from the Task A References line,a. Impairment
CA.VIII.A.K2b,14cfr:part-91,regulation,auto,from the Task A References line,b. Symptoms of hypoxia
CA.VIII.A.K2b,ac-61-107b,guidance,auto,from the Task A References line,b. Symptoms of hypoxia
CA.VIII.A.K2b,afh,explanation,auto,from the Task A References line,b. Symptoms of hypoxia
CA.VIII.A.K2b,aim,guidance,auto,from the Task A References line,b. Symptoms of hypoxia
CA.VIII.A.K2b,phak,explanation,auto,from the Task A References line,b. Symptoms of hypoxia
CA.VIII.A.K2b,risk-management,explanation,auto,from the Task A References line,b. Symptoms of hypoxia
CA.VIII.A.K2c,14cfr:part-91,regulation,auto,from the Task A References line,c. Time of useful consciousness (TUC)
CA.VIII.A.K2c,ac-61-107b,guidance,auto,from the Task A References line,c. Time of useful consciousness (TUC)
CA.VIII.A.K2c,afh,explanation,auto,from the Task A References line,c. Time of useful consciousness (TUC)
CA.VIII.A.K2c,aim,guidance,auto,from the Task A References line,c. Time of useful consciousness (TUC)
CA.VIII.A.K2c,phak,explanation,auto,from the Task A References line,c. Time of useful consciousness (TUC)
CA.VIII.A.K2c,risk-management,explanation,auto,from the Task A References line,c. Time of useful consciousness (TUC)
CA.VIII.A.K3,14cfr:part-91,regulation,auto,from the Task A References line,"Operational factors, including:"
CA.VIII.A.K3,ac-61-107b,guidance,auto,from the Task A References line,"Operational factors, including:"
CA.VIII.A.K3,afh,explanation,auto,from the Task A References line,"Operational factors, including:"
CA.VIII.A.K3,aim,guidance,auto,from the Task A References line,"Operational factors, including:"
CA.VIII.A.K3,phak,explanation,auto,from the Task A References line,"Operational factors, including:"
CA.VIII.A.K3,risk-management,explanation,auto,from the Task A References line,"Operational factors, including:"
CA.VIII.A.K3a,14cfr:part-91,regulation,auto,from the Task A References line,"a. Characteristics, limitations, and applicability of continuous flow, demand, and pressure- demand oxygen systems"
CA.VIII.A.K3a,ac-61-107b,guidance,auto,from the Task A References line,"a. Characteristics, limitations, and applicability of continuous flow, demand, and pressure- demand oxygen systems"
CA.VIII.A.K3a,afh,explanation,auto,from the Task A References line,"a. Characteristics, limitations, and applicability of continuous flow, demand, and pressure- demand oxygen systems"
CA.VIII.A.K3a,aim,guidance,auto,from the Task A References line,"a. Characteristics, limitations, and applicability of continuous flow, demand, and pressure- demand oxygen systems"
CA.VIII.A.K3a,phak,explanation,auto,from the Task A References line,"a. Characteristics, limitations, and applicability of continuous flow, demand, and pressure- demand oxygen systems"
CA.VIII.A.K3a,risk-management,explanation,auto,from the Task A References line,"a. Characteristics, limitations, and applicability of continuous flow, demand, and pressure- demand oxygen systems"
CA.VIII.A.K3b,14cfr:part-91,regulation,auto,from the Task A References line,b. Differences between and identification of “aviator’s breathing oxygen” and other types of oxygen
CA.VIII.A.K3b,ac-61-107b,guidance,auto,from the Task A References line,b. Differences between and identification of “aviator’s breathing oxygen” and other types of oxygen
CA.VIII.A.K3b,afh,explanation,auto,from the Task A References line,b. Differences between and identification of “aviator’s breathing oxygen” and other types of oxygen
CA.VIII.A.K3b,aim,guidance,auto,from the Task A References line,b. Differences between and identification of “aviator’s breathing oxygen” and other types of oxygen
CA.VIII.A.K3b,phak,explanation,auto,from the Task A References line,b. Differences between and identification of “aviator’s breathing oxygen” and other types of oxygen
CA.VIII.A.K3b,risk-management,explanation,auto,from the Task A References line,b. Differences between and identification of “aviator’s breathing oxygen” and other types of oxygen
CA.VIII.A.K3c,14cfr:part-91,regulation,auto,from the Task A References line,c. Precautions when using supplemental oxygen systems
CA.VIII.A.K3c,ac-61-107b,guidance,auto,from the Task A References line,c. Precautions when using supplemental oxygen systems
CA.VIII.A.K3c,afh,explanation,auto,from the Task A References line,c. Precautions when using supplemental oxygen systems
CA.VIII.A.K3c,aim,guidance,auto,from the Task A References line,c. Precautions when using supplemental oxygen systems
CA.VIII.A.K3c,phak,explanation,auto,from the Task A References line,c. Precautions when using supplemental oxygen systems
CA.VIII.A.K3c,risk-management,explanation,auto,from the Task A References line,c. Precautions when using supplemental oxygen systems
CA.VIII.A.R1,14cfr:part-91,regulation,auto,from the Task A References line,High altitude flight.
CA.VIII.A.R1,ac-61-107b,guidance,auto,from the Task A References line,High altitude flight.
CA.VIII.A.R1,afh,explanation,auto,from the Task A References line,High altitude flight.
CA.VIII.A.R1,aim,guidance,auto,from the Task A References line,High altitude flight.
CA.VIII.A.R1,phak,explanation,auto,from the Task A References line,High altitude flight.
CA.VIII.A.R1,risk-management,explanation,auto,from the Task A References line,High altitude flight.
CA.VIII.A.R2,14cfr:part-91,regulation,auto,from the Task A References line,Use of supplemental oxygen.
CA.VIII.A.R2,ac-61-107b,guidance,auto,from the Task A References line,Use of supplemental oxygen.
CA.VIII.A.R2,afh,explanation,auto,from the Task A References line,Use of supplemental oxygen.
CA.VIII.A.R2,aim,guidance,auto,from the Task A References line,Use of supplemental oxygen.
CA.VIII.A.R2,phak,explanation,auto,from the Task A References line,Use of supplemental oxygen.
CA.VIII.A.R2,risk-management,explanation,auto,from the Task A References line,Use of supplemental oxygen.
CA.VIII.A.R3,14cfr:part-91,regulation,auto,from the Task A References line,Management of compressed gas containers.
CA.VIII.A.R3,ac-61-107b,guidance,auto,from the Task A References line,Management of compressed gas containers.
CA.VIII.A.R3,afh,explanation,auto,from the Task A References line,Management of compressed gas containers.
CA.VIII.A.R3,aim,guidance,auto,from the Task A References line,Management of compressed gas containers.
CA.VIII.A.R3,phak,explanation,auto,from the Task A References line,Management of compressed gas containers.
CA.VIII.A.R3,risk-management,explanation,auto,from the Task A References line,Management of compressed gas containers.
CA.VIII.A.R4,14cfr:part-91,regulation,auto,from the Task A References line,Combustion hazards in an oxygen-rich environment.
CA.VIII.A.R4,ac-61-107b,guidance,auto,from the Task A References line,Combustion hazards in an oxygen-rich environment.
CA.VIII.A.R4,afh,explanation,auto,from the Task A References line,Combustion hazards in an oxygen-rich environment.
CA.VIII.A.R4,aim,guidance,auto,from the Task A References line,Combustion hazards in an oxygen-rich environment.
CA.VIII.A.R4,phak,explanation,auto,from the Task A References line,Combustion hazards in an oxygen-rich environment.
CA.VIII.A.R4,risk-management,explanation,auto,from the Task A References line,Combustion hazards in an oxygen-rich environment.
CA.VIII.A.S1,14cfr:part-91,regulation,auto,from the Task A References line,Determine the quantity of supplemental oxygen required in a scenario given by the evaluator.
CA.VIII.A.S1,ac-61-107b,guidance,auto,from the Task A References line,Determine the quantity of supplemental oxygen required in a scenario given by the evaluator.
CA.VIII.A.S1,afh,explanation,auto,from the Task A References line,Determine the quantity of supplemental oxygen required in a scenario given by the evaluator.
CA.VIII.A.S1,aim,guidance,auto,from the Task A References line,Determine the quantity of supplemental oxygen required in a scenario given by the evaluator.
CA.VIII.A.S1,phak,explanation,auto,from the Task A References line,Determine the quantity of supplemental oxygen required in a scenario given by the evaluator.
CA.VIII.A.S1,risk-management,explanation,auto,from the Task A References line,Determine the quantity of supplemental oxygen required in a scenario given by the evaluator.
CA.VIII.A.S2,14cfr:part-91,regulation,auto,from the Task A References line,"Operate or simulate operation of the installed or portable oxygen equipment in the airplane, if installed or available."
CA.VIII.A.S2,ac-61-107b,guidance,auto,from the Task A References line,"Operate or simulate operation of the installed or portable oxygen equipment in the airplane, if installed or available."
CA.VIII.A.S2,afh,explanation,auto,from the Task A References line,"Operate or simulate operation of the installed or portable oxygen equipment in the airplane, if installed or available."
CA.VIII.A.S2,aim,guidance,auto,from the Task A References line,"Operate or simulate operation of the installed or portable oxygen equipment in the airplane, if installed or available."
CA.VIII.A.S2,phak,explanation,auto,from the Task A References line,"Operate or simulate operation of the installed or portable oxygen equipment in the airplane, if installed or available."
CA.VIII.A.S2,risk-management,explanation,auto,from the Task A References line,"Operate or simulate operation of the installed or portable oxygen equipment in the airplane, if installed or available."
CA.VIII.A.S3,14cfr:part-91,regulation,auto,from the Task A References line,Brief passengers on use of supplemental oxygen equipment in a scenario given by the evaluator.
CA.VIII.A.S3,ac-61-107b,guidance,auto,from the Task A References line,Brief passengers on use of supplemental oxygen equipment in a scenario given by the evaluator.
CA.VIII.A.S3,afh,explanation,auto,from the Task A References line,Brief passengers on use of supplemental oxygen equipment in a scenario given by the evaluator.
CA.VIII.A.S3,aim,guidance,auto,from the Task A References line,Brief passengers on use of supplemental oxygen equipment in a scenario given by the evaluator.
CA.VIII.A.S3,phak,explanation,auto,from the Task A References line,Brief passengers on use of supplemental oxygen equipment in a scenario given by the evaluator.
CA.VIII.A.S3,risk-management,explanation,auto,from the Task A References line,Brief passengers on use of supplemental oxygen equipment in a scenario given by the evaluator.
CA.VIII.A.S4,14cfr:part-91,regulation,auto,from the Task A References line,"Use single-pilot resource management (SRM) or crew resource management (CRM), as appropriate."
CA.VIII.A.S4,ac-61-107b,guidance,auto,from the Task A References line,"Use single-pilot resource management (SRM) or crew resource management (CRM), as appropriate."
CA.VIII.A.S4,afh,explanation,auto,from the Task A References line,"Use single-pilot resource management (SRM) or crew resource management (CRM), as appropriate."
CA.VIII.A.S4,aim,guidance,auto,from the Task A References line,"Use single-pilot resource management (SRM) or crew resource management (CRM), as appropriate."
CA.VIII.A.S4,phak,explanation,auto,from the Task A References line,"Use single-pilot resource management (SRM) or crew resource management (CRM), as appropriate."
CA.VIII.A.S4,risk-management,explanation,auto,from the Task A References line,"Use single-pilot resource management (SRM) or crew resource management (CRM), as appropriate."
CA.VIII.B.K1,ac-61-107b,guidance,auto,from the Task B References line,"Fundamental concepts of aircraft pressurization system, including failure modes."
CA.VIII.B.K1,afh,explanation,auto,from the Task B References line,"Fundamental concepts of aircraft pressurization system, including failure modes."
CA.VIII.B.K1,aim,guidance,auto,from the Task B References line,"Fundamental concepts of aircraft pressurization system, including failure modes."
CA.VIII.B.K1,phak,explanation,auto,from the Task B References line,"Fundamental concepts of aircraft pressurization system, including failure modes."
CA.VIII.B.K1,risk-management,explanation,auto,from the Task B References line,"Fundamental concepts of aircraft pressurization system, including failure modes."
CA.VIII.B.K2,ac-61-107b,guidance,auto,from the Task B References line,"Physiological factors, including:"
CA.VIII.B.K2,afh,explanation,auto,from the Task B References line,"Physiological factors, including:"
CA.VIII.B.K2,aim,guidance,auto,from the Task B References line,"Physiological factors, including:"
CA.VIII.B.K2,phak,explanation,auto,from the Task B References line,"Physiological factors, including:"
CA.VIII.B.K2,risk-management,explanation,auto,from the Task B References line,"Physiological factors, including:"
CA.VIII.B.K2a,ac-61-107b,guidance,auto,from the Task B References line,a. Impairment
CA.VIII.B.K2a,afh,explanation,auto,from the Task B References line,a. Impairment
CA.VIII.B.K2a,aim,guidance,auto,from the Task B References line,a. Impairment
CA.VIII.B.K2a,phak,explanation,auto,from the Task B References line,a. Impairment
CA.VIII.B.K2a,risk-management,explanation,auto,from the Task B References line,a. Impairment
CA.VIII.B.K2b,ac-61-107b,guidance,auto,from the Task B References line,b. Symptoms of hypoxia
CA.VIII.B.K2b,afh,explanation,auto,from the Task B References line,b. Symptoms of hypoxia
CA.VIII.B.K2b,aim,guidance,auto,from the Task B References line,b. Symptoms of hypoxia
CA.VIII.B.K2b,phak,explanation,auto,from the Task B References line,b. Symptoms of hypoxia
CA.VIII.B.K2b,risk-management,explanation,auto,from the Task B References line,b. Symptoms of hypoxia
CA.VIII.B.K2c,ac-61-107b,guidance,auto,from the Task B References line,c. Time of useful consciousness (TUC)
CA.VIII.B.K2c,afh,explanation,auto,from the Task B References line,c. Time of useful consciousness (TUC)
CA.VIII.B.K2c,aim,guidance,auto,from the Task B References line,c. Time of useful consciousness (TUC)
CA.VIII.B.K2c,phak,explanation,auto,from the Task B References line,c. Time of useful consciousness (TUC)
CA.VIII.B.K2c,risk-management,explanation,auto,from the Task B References line,c. Time of useful consciousness (TUC)
CA.VIII.B.K2d,ac-61-107b,guidance,auto,from the Task B References line,d. Effects of rapid decompression on crew and passengers
CA.VIII.B.K2d,afh,explanation,auto,from the Task B References line,d. Effects of rapid decompression on crew and passengers
CA.VIII.B.K2d,aim,guidance,auto,from the Task B References line,d. Effects of rapid decompression on crew and passengers
CA.VIII.B.K2d,phak,explanation,auto,from the Task B References line,d. Effects of rapid decompression on crew and passengers
CA.VIII.B.K2d,risk-management,explanation,auto,from the Task B References line,d. Effects of rapid decompression on crew and passengers
CA.VIII.B.R1,ac-61-107b,guidance,auto,from the Task B References line,High altitude flight.
CA.VIII.B.R1,afh,explanation,auto,from the Task B References line,High altitude flight.
CA.VIII.B.R1,aim,guidance,auto,from the Task B References line,High altitude flight.
CA.VIII.B.R1,phak,explanation,auto,from the Task B References line,High altitude flight.
CA.VIII.B.R1,risk-management,explanation,auto,from the Task B References line,High altitude flight.
CA.VIII.B.R2,ac-61-107b,guidance,auto,from the Task B References line,"Malfunction of pressurization system, if equipment is installed."
CA.VIII.B.R2,afh,explanation,auto,from the Task B References line,"Malfunction of pressurization system, if equipment is installed."
CA.VIII.B.R2,aim,guidance,auto,from the Task B References line,"Malfunction of pressurization system, if equipment is installed."
CA.VIII.B.R2,phak,explanation,auto,from the Task B References line,"Malfunction of pressurization system, if equipment is installed."
CA.VIII.B.R2,risk-management,explanation,auto,from the Task B References line,"Malfunction of pressurization system, if equipment is installed."
CA.VIII.B.S1,ac-61-107b,guidance,auto,from the Task B References line,"Operate the pressurization system, if equipment is installed."
CA.VIII.B.S1,afh,explanation,auto,from the Task B References line,"Operate the pressurization system, if equipment is installed."
CA.VIII.B.S1,aim,guidance,auto,from the Task B References line,"Operate the pressurization system, if equipment is installed."
CA.VIII.B.S1,phak,explanation,auto,from the Task B References line,"Operate the pressurization system, if equipment is installed."
CA.VIII.B.S1,risk-management,explanation,auto,from the Task B References line,"Operate the pressurization system, if equipment is installed."
CA.VIII.B.S2,ac-61-107b,guidance,auto,from the Task B References line,"Respond appropriately to simulated pressurization malfunctions, if equipment is installed."
CA.VIII.B.S2,afh,explanation,auto,from the Task B References line,"Respond appropriately to simulated pressurization malfunctions, if equipment is installed."
CA.VIII.B.S2,aim,guidance,auto,from the Task B References line,"Respond appropriately to simulated pressurization malfunctions, if equipment is installed."
CA.VIII.B.S2,phak,explanation,auto,from the Task B References line,"Respond appropriately to simulated pressurization malfunctions, if equipment is installed."
CA.VIII.B.S2,risk-management,explanation,auto,from the Task B References line,"Respond appropriately to simulated pressurization malfunctions, if equipment is installed."
CA.VIII.B.S3,ac-61-107b,guidance,auto,from the Task B References line,"Brief passengers on use of supplemental oxygen in the case of pressurization malfunction, if equipment is installed."
CA.VIII.B.S3,afh,explanation,auto,from the Task B References line,"Brief passengers on use of supplemental oxygen in the case of pressurization malfunction, if equipment is installed."
CA.VIII.B.S3,aim,guidance,auto,from the Task B References line,"Brief passengers on use of supplemental oxygen in the case of pressurization malfunction, if equipment is installed."
CA.VIII.B.S3,phak,explanation,auto,from the Task B References line,"Brief passengers on use of supplemental oxygen in the case of pressurization malfunction, if equipment is installed."
CA.VIII.B.S3,risk-management,explanation,auto,from the Task B References line,"Brief passengers on use of supplemental oxygen in the case of pressurization malfunction, if equipment is installed."
CA.VIII.B.S4,ac-61-107b,guidance,auto,from the Task B References line,"Use single-pilot resource management (SRM) or crew resource management (CRM), as appropriate. 52"
CA.VIII.B.S4,afh,explanation,auto,from the Task B References line,"Use single-pilot resource management (SRM) or crew resource management (CRM), as appropriate. 52"
CA.VIII.B.S4,aim,guidance,auto,from the Task B References line,"Use single-pilot resource management (SRM) or crew resource management (CRM), as appropriate. 52"
CA.VIII.B.S4,phak,explanation,auto,from the Task B References line,"Use single-pilot resource management (SRM) or crew resource management (CRM), as appropriate. 52"
CA.VIII.B.S4,risk-management,explanation,auto,from the Task B References line,"Use single-pilot resource management (SRM) or crew resource management (CRM), as appropriate. 52"
CA.X.A.K1,afh,explanation,auto,from the Task A References line,Factors affecting minimum controllable speed (VMC).
CA.X.A.K1,phak,explanation,auto,from the Task A References line,Factors affecting minimum controllable speed (VMC).
CA.X.A.K1,risk-management,explanation,auto,from the Task A References line,Factors affecting minimum controllable speed (VMC).
CA.X.A.K2,afh,explanation,auto,from the Task A References line,VMC (red line) and best single-engine rate of climb airspeed (VYSE) (blue line).
CA.X.A.K2,phak,explanation,auto,from the Task A References line,VMC (red line) and best single-engine rate of climb airspeed (VYSE) (blue line).
CA.X.A.K2,risk-management,explanation,auto,from the Task A References line,VMC (red line) and best single-engine rate of climb airspeed (VYSE) (blue line).
CA.X.A.K3,afh,explanation,auto,from the Task A References line,"How to identify, verify, feather, and secure an inoperative engine."
CA.X.A.K3,phak,explanation,auto,from the Task A References line,"How to identify, verify, feather, and secure an inoperative engine."
CA.X.A.K3,risk-management,explanation,auto,from the Task A References line,"How to identify, verify, feather, and secure an inoperative engine."
CA.X.A.K4,afh,explanation,auto,from the Task A References line,"Importance of drag reduction, including propeller feathering, gear and flap retraction, the manufacturer's recommended control input and its relation to zero sideslip."
CA.X.A.K4,phak,explanation,auto,from the Task A References line,"Importance of drag reduction, including propeller feathering, gear and flap retraction, the manufacturer's recommended control input and its relation to zero sideslip."
CA.X.A.K4,risk-management,explanation,auto,from the Task A References line,"Importance of drag reduction, including propeller feathering, gear and flap retraction, the manufacturer's recommended control input and its relation to zero sideslip."
CA.X.A.K5,afh,explanation,auto,from the Task A References line,"Feathering, securing, unfeathering, and restarting."
CA.X.A.K5,phak,explanation,auto,from the Task A References line,"Feathering, securing, unfeathering, and restarting."
CA.X.A.K5,risk-management,explanation,auto,from the Task A References line,"Feathering, securing, unfeathering, and restarting."
CA.X.A.R1,afh,explanation,auto,from the Task A References line,Potential engine failure during flight.
CA.X.A.R1,phak,explanation,auto,from the Task A References line,Potential engine failure during flight.
CA.X.A.R1,risk-management,explanation,auto,from the Task A References line,Potential engine failure during flight.
CA.X.A.R2,afh,explanation,auto,from the Task A References line,Collision hazards.
CA.X.A.R2,phak,explanation,auto,from the Task A References line,Collision hazards.
CA.X.A.R2,risk-management,explanation,auto,from the Task A References line,Collision hazards.
CA.X.A.R3,afh,explanation,auto,from the Task A References line,Configuring the airplane.
CA.X.A.R3,phak,explanation,auto,from the Task A References line,Configuring the airplane.
CA.X.A.R3,risk-management,explanation,auto,from the Task A References line,Configuring the airplane.
CA.X.A.R4,afh,explanation,auto,from the Task A References line,"Low altitude maneuvering, including stall, spin, or controlled flight into terrain (CFIT)."
CA.X.A.R4,phak,explanation,auto,from the Task A References line,"Low altitude maneuvering, including stall, spin, or controlled flight into terrain (CFIT)."
CA.X.A.R4,risk-management,explanation,auto,from the Task A References line,"Low altitude maneuvering, including stall, spin, or controlled flight into terrain (CFIT)."
CA.X.A.R5,afh,explanation,auto,from the Task A References line,"Distractions, task prioritization, loss of situational awareness, or disorientation."
CA.X.A.R5,phak,explanation,auto,from the Task A References line,"Distractions, task prioritization, loss of situational awareness, or disorientation."
CA.X.A.R5,risk-management,explanation,auto,from the Task A References line,"Distractions, task prioritization, loss of situational awareness, or disorientation."
CA.X.A.S1,afh,explanation,auto,from the Task A References line,"Recognize an engine failure, maintain control, use manufacturer’s memory item procedures, and use appropriate emergency procedures."
CA.X.A.S1,phak,explanation,auto,from the Task A References line,"Recognize an engine failure, maintain control, use manufacturer’s memory item procedures, and use appropriate emergency procedures."
CA.X.A.S1,risk-management,explanation,auto,from the Task A References line,"Recognize an engine failure, maintain control, use manufacturer’s memory item procedures, and use appropriate emergency procedures."
CA.X.A.S2,afh,explanation,auto,from the Task A References line,"Set the engine controls, identify and verify the inoperative engine, and feather the appropriate propeller."
CA.X.A.S2,phak,explanation,auto,from the Task A References line,"Set the engine controls, identify and verify the inoperative engine, and feather the appropriate propeller."
CA.X.A.S2,risk-management,explanation,auto,from the Task A References line,"Set the engine controls, identify and verify the inoperative engine, and feather the appropriate propeller."
CA.X.A.S3,afh,explanation,auto,from the Task A References line,"Use flight controls in the proper combination as recommended by the manufacturer, or as required to maintain best performance, and trim as required."
CA.X.A.S3,phak,explanation,auto,from the Task A References line,"Use flight controls in the proper combination as recommended by the manufacturer, or as required to maintain best performance, and trim as required."
CA.X.A.S3,risk-management,explanation,auto,from the Task A References line,"Use flight controls in the proper combination as recommended by the manufacturer, or as required to maintain best performance, and trim as required."
CA.X.A.S4,afh,explanation,auto,from the Task A References line,Attempt to determine and resolve the reason for the engine failure.
CA.X.A.S4,phak,explanation,auto,from the Task A References line,Attempt to determine and resolve the reason for the engine failure.
CA.X.A.S4,risk-management,explanation,auto,from the Task A References line,Attempt to determine and resolve the reason for the engine failure.
CA.X.A.S5,afh,explanation,auto,from the Task A References line,Secure the inoperative engine and monitor the operating engine and make necessary adjustments.
CA.X.A.S5,phak,explanation,auto,from the Task A References line,Secure the inoperative engine and monitor the operating engine and make necessary adjustments.
CA.X.A.S5,risk-management,explanation,auto,from the Task A References line,Secure the inoperative engine and monitor the operating engine and make necessary adjustments.
CA.X.A.S6,afh,explanation,auto,from the Task A References line,Restart the inoperative engine using manufacturer’s restart procedures.
CA.X.A.S6,phak,explanation,auto,from the Task A References line,Restart the inoperative engine using manufacturer’s restart procedures.
CA.X.A.S6,risk-management,explanation,auto,from the Task A References line,Restart the inoperative engine using manufacturer’s restart procedures.
CA.X.A.S7,afh,explanation,auto,from the Task A References line,"Maintain altitude ±100 feet or minimum sink rate if applicable, airspeed ±10 knots, and selected headings ±10°."
CA.X.A.S7,phak,explanation,auto,from the Task A References line,"Maintain altitude ±100 feet or minimum sink rate if applicable, airspeed ±10 knots, and selected headings ±10°."
CA.X.A.S7,risk-management,explanation,auto,from the Task A References line,"Maintain altitude ±100 feet or minimum sink rate if applicable, airspeed ±10 knots, and selected headings ±10°."
CA.X.A.S8,afh,explanation,auto,from the Task A References line,Complete the appropriate checklist(s). 60
CA.X.A.S8,phak,explanation,auto,from the Task A References line,Complete the appropriate checklist(s). 60
CA.X.A.S8,risk-management,explanation,auto,from the Task A References line,Complete the appropriate checklist(s). 60
CA.X.B.K1,afh,explanation,auto,from the Task B References line,Factors affecting VMC and how VMC differs from stall speed (VS).
CA.X.B.K1,phak,explanation,auto,from the Task B References line,Factors affecting VMC and how VMC differs from stall speed (VS).
CA.X.B.K1,risk-management,explanation,auto,from the Task B References line,Factors affecting VMC and how VMC differs from stall speed (VS).
CA.X.B.K2,afh,explanation,auto,from the Task B References line,"VMC (red line), VYSE (blue line), and safe single-engine speed (VSSE)."
CA.X.B.K2,phak,explanation,auto,from the Task B References line,"VMC (red line), VYSE (blue line), and safe single-engine speed (VSSE)."
CA.X.B.K2,risk-management,explanation,auto,from the Task B References line,"VMC (red line), VYSE (blue line), and safe single-engine speed (VSSE)."
CA.X.B.K3,afh,explanation,auto,from the Task B References line,Cause of loss of directional control at airspeeds below VMC.
CA.X.B.K3,phak,explanation,auto,from the Task B References line,Cause of loss of directional control at airspeeds below VMC.
CA.X.B.K3,risk-management,explanation,auto,from the Task B References line,Cause of loss of directional control at airspeeds below VMC.
CA.X.B.K4,afh,explanation,auto,from the Task B References line,Proper procedures for maneuver entry and safe recovery.
CA.X.B.K4,phak,explanation,auto,from the Task B References line,Proper procedures for maneuver entry and safe recovery.
CA.X.B.K4,risk-management,explanation,auto,from the Task B References line,Proper procedures for maneuver entry and safe recovery.
CA.X.B.R1,afh,explanation,auto,from the Task B References line,Configuring the airplane.
CA.X.B.R1,phak,explanation,auto,from the Task B References line,Configuring the airplane.
CA.X.B.R1,risk-management,explanation,auto,from the Task B References line,Configuring the airplane.
CA.X.B.R2,afh,explanation,auto,from the Task B References line,Maneuvering with one engine inoperative.
CA.X.B.R2,phak,explanation,auto,from the Task B References line,Maneuvering with one engine inoperative.
CA.X.B.R2,risk-management,explanation,auto,from the Task B References line,Maneuvering with one engine inoperative.
CA.X.B.R3,afh,explanation,auto,from the Task B References line,"Distractions, task prioritization, loss of situational awareness, or disorientation."
CA.X.B.R3,phak,explanation,auto,from the Task B References line,"Distractions, task prioritization, loss of situational awareness, or disorientation."
CA.X.B.R3,risk-management,explanation,auto,from the Task B References line,"Distractions, task prioritization, loss of situational awareness, or disorientation."
CA.X.B.S1,afh,explanation,auto,from the Task B References line,"Configure the airplane in accordance with the manufacturer’s recommendations, in the absence of the manufacturer’s recommendations, then at safe single-engine speed (VSSE/VYSE), as appropriate, and:"
CA.X.B.S1,phak,explanation,auto,from the Task B References line,"Configure the airplane in accordance with the manufacturer’s recommendations, in the absence of the manufacturer’s recommendations, then at safe single-engine speed (VSSE/VYSE), as appropriate, and:"
CA.X.B.S1,risk-management,explanation,auto,from the Task B References line,"Configure the airplane in accordance with the manufacturer’s recommendations, in the absence of the manufacturer’s recommendations, then at safe single-engine speed (VSSE/VYSE), as appropriate, and:"
CA.X.B.S1a,afh,explanation,auto,from the Task B References line,a. Landing gear retracted
CA.X.B.S1a,phak,explanation,auto,from the Task B References line,a. Landing gear retracted
CA.X.B.S1a,risk-management,explanation,auto,from the Task B References line,a. Landing gear retracted
CA.X.B.S1b,afh,explanation,auto,from the Task B References line,b. Flaps set for takeoff
CA.X.B.S1b,phak,explanation,auto,from the Task B References line,b. Flaps set for takeoff
CA.X.B.S1b,risk-management,explanation,auto,from the Task B References line,b. Flaps set for takeoff
CA.X.B.S1c,afh,explanation,auto,from the Task B References line,c. Cowl flaps set for takeoff
CA.X.B.S1c,phak,explanation,auto,from the Task B References line,c. Cowl flaps set for takeoff
CA.X.B.S1c,risk-management,explanation,auto,from the Task B References line,c. Cowl flaps set for takeoff
CA.X.B.S1d,afh,explanation,auto,from the Task B References line,d. Trim set for takeoff
CA.X.B.S1d,phak,explanation,auto,from the Task B References line,d. Trim set for takeoff
CA.X.B.S1d,risk-management,explanation,auto,from the Task B References line,d. Trim set for takeoff
CA.X.B.S1e,afh,explanation,auto,from the Task B References line,e. Propellers set for high revolutions per minute (rpm)
CA.X.B.S1e,phak,explanation,auto,from the Task B References line,e. Propellers set for high revolutions per minute (rpm)
CA.X.B.S1e,risk-management,explanation,auto,from the Task B References line,e. Propellers set for high revolutions per minute (rpm)
CA.X.B.S1f,afh,explanation,auto,from the Task B References line,f. Power on critical engine reduced to idle and propeller windmilling
CA.X.B.S1f,phak,explanation,auto,from the Task B References line,f. Power on critical engine reduced to idle and propeller windmilling
CA.X.B.S1f,risk-management,explanation,auto,from the Task B References line,f. Power on critical engine reduced to idle and propeller windmilling
CA.X.B.S1g,afh,explanation,auto,from the Task B References line,g. Power on operating engine set to takeoff or maximum available power
CA.X.B.S1g,phak,explanation,auto,from the Task B References line,g. Power on operating engine set to takeoff or maximum available power
CA.X.B.S1g,risk-management,explanation,auto,from the Task B References line,g. Power on operating engine set to takeoff or maximum available power
CA.X.B.S2,afh,explanation,auto,from the Task B References line,Establish a single-engine climb attitude with the airspeed at approximately 10 knots above VSSE.
CA.X.B.S2,phak,explanation,auto,from the Task B References line,Establish a single-engine climb attitude with the airspeed at approximately 10 knots above VSSE.
CA.X.B.S2,risk-management,explanation,auto,from the Task B References line,Establish a single-engine climb attitude with the airspeed at approximately 10 knots above VSSE.
CA.X.B.S3,afh,explanation,auto,from the Task B References line,"Establish a bank angle not to exceed 5° toward the operating engine, as required for best performance and controllability."
CA.X.B.S3,phak,explanation,auto,from the Task B References line,"Establish a bank angle not to exceed 5° toward the operating engine, as required for best performance and controllability."
CA.X.B.S3,risk-management,explanation,auto,from the Task B References line,"Establish a bank angle not to exceed 5° toward the operating engine, as required for best performance and controllability."
CA.X.B.S4,afh,explanation,auto,from the Task B References line,Increase the pitch attitude slowly to reduce the airspeed at approximately 1 knot per second while applying increased rudder pressure as needed to maintain directional control.
CA.X.B.S4,phak,explanation,auto,from the Task B References line,Increase the pitch attitude slowly to reduce the airspeed at approximately 1 knot per second while applying increased rudder pressure as needed to maintain directional control.
CA.X.B.S4,risk-management,explanation,auto,from the Task B References line,Increase the pitch attitude slowly to reduce the airspeed at approximately 1 knot per second while applying increased rudder pressure as needed to maintain directional control.
CA.X.B.S5,afh,explanation,auto,from the Task B References line,"Recognize and recover at the first indication of loss of directional control, stall warning, or buffet."
CA.X.B.S5,phak,explanation,auto,from the Task B References line,"Recognize and recover at the first indication of loss of directional control, stall warning, or buffet."
CA.X.B.S5,risk-management,explanation,auto,from the Task B References line,"Recognize and recover at the first indication of loss of directional control, stall warning, or buffet."
CA.X.B.S6,afh,explanation,auto,from the Task B References line,"Recover promptly by simultaneously reducing power sufficiently on the operating engine, decreasing the angle of attack as necessary to regain airspeed and directional control, and without adding power on the simulated failed engine."
CA.X.B.S6,phak,explanation,auto,from the Task B References line,"Recover promptly by simultaneously reducing power sufficiently on the operating engine, decreasing the angle of attack as necessary to regain airspeed and directional control, and without adding power on the simulated failed engine."
CA.X.B.S6,risk-management,explanation,auto,from the Task B References line,"Recover promptly by simultaneously reducing power sufficiently on the operating engine, decreasing the angle of attack as necessary to regain airspeed and directional control, and without adding power on the simulated failed engine."
CA.X.B.S7,afh,explanation,auto,from the Task B References line,Recover within 20° of entry heading. 61
CA.X.B.S7,phak,explanation,auto,from the Task B References line,Recover within 20° of entry heading. 61
CA.X.B.S7,risk-management,explanation,auto,from the Task B References line,Recover within 20° of entry heading. 61
CA.X.B.S8,afh,explanation,auto,from the Task B References line,"Advance power smoothly on the operating engine and accelerate to VSSE/VYSE, as appropriate, ±5 knots during recovery."
CA.X.B.S8,phak,explanation,auto,from the Task B References line,"Advance power smoothly on the operating engine and accelerate to VSSE/VYSE, as appropriate, ±5 knots during recovery."
CA.X.B.S8,risk-management,explanation,auto,from the Task B References line,"Advance power smoothly on the operating engine and accelerate to VSSE/VYSE, as appropriate, ±5 knots during recovery."
CA.X.C.K1,afh,explanation,auto,from the Task C References line,Procedures used if engine failure occurs during straight-and-level flight and turns while on instruments.
CA.X.C.K1,ifh,explanation,auto,from the Task C References line,Procedures used if engine failure occurs during straight-and-level flight and turns while on instruments.
CA.X.C.K1,phak,explanation,auto,from the Task C References line,Procedures used if engine failure occurs during straight-and-level flight and turns while on instruments.
CA.X.C.K1,risk-management,explanation,auto,from the Task C References line,Procedures used if engine failure occurs during straight-and-level flight and turns while on instruments.
CA.X.C.R1,afh,explanation,auto,from the Task C References line,Identification of the inoperative engine.
CA.X.C.R1,ifh,explanation,auto,from the Task C References line,Identification of the inoperative engine.
CA.X.C.R1,phak,explanation,auto,from the Task C References line,Identification of the inoperative engine.
CA.X.C.R1,risk-management,explanation,auto,from the Task C References line,Identification of the inoperative engine.
CA.X.C.R2,afh,explanation,auto,from the Task C References line,Inability to climb or maintain altitude with an inoperative engine.
CA.X.C.R2,ifh,explanation,auto,from the Task C References line,Inability to climb or maintain altitude with an inoperative engine.
CA.X.C.R2,phak,explanation,auto,from the Task C References line,Inability to climb or maintain altitude with an inoperative engine.
CA.X.C.R2,risk-management,explanation,auto,from the Task C References line,Inability to climb or maintain altitude with an inoperative engine.
CA.X.C.R3,afh,explanation,auto,from the Task C References line,"Low altitude maneuvering, including stall, spin, or controlled flight into terrain (CFIT)."
CA.X.C.R3,ifh,explanation,auto,from the Task C References line,"Low altitude maneuvering, including stall, spin, or controlled flight into terrain (CFIT)."
CA.X.C.R3,phak,explanation,auto,from the Task C References line,"Low altitude maneuvering, including stall, spin, or controlled flight into terrain (CFIT)."
CA.X.C.R3,risk-management,explanation,auto,from the Task C References line,"Low altitude maneuvering, including stall, spin, or controlled flight into terrain (CFIT)."
CA.X.C.R4,afh,explanation,auto,from the Task C References line,"Distractions, task prioritization, loss of situational awareness, or disorientation."
CA.X.C.R4,ifh,explanation,auto,from the Task C References line,"Distractions, task prioritization, loss of situational awareness, or disorientation."
CA.X.C.R4,phak,explanation,auto,from the Task C References line,"Distractions, task prioritization, loss of situational awareness, or disorientation."
CA.X.C.R4,risk-management,explanation,auto,from the Task C References line,"Distractions, task prioritization, loss of situational awareness, or disorientation."
CA.X.C.R5,afh,explanation,auto,from the Task C References line,Fuel management during single-engine operation.
CA.X.C.R5,ifh,explanation,auto,from the Task C References line,Fuel management during single-engine operation.
CA.X.C.R5,phak,explanation,auto,from the Task C References line,Fuel management during single-engine operation.
CA.X.C.R5,risk-management,explanation,auto,from the Task C References line,Fuel management during single-engine operation.
CA.X.C.S1,afh,explanation,auto,from the Task C References line,Promptly recognize an engine failure and maintain positive aircraft control.
CA.X.C.S1,ifh,explanation,auto,from the Task C References line,Promptly recognize an engine failure and maintain positive aircraft control.
CA.X.C.S1,phak,explanation,auto,from the Task C References line,Promptly recognize an engine failure and maintain positive aircraft control.
CA.X.C.S1,risk-management,explanation,auto,from the Task C References line,Promptly recognize an engine failure and maintain positive aircraft control.
CA.X.C.S10,afh,explanation,auto,from the Task C References line,Avoid loss of airplane control or attempted flight contrary to the engine-inoperative operating limitations of the airplane.
CA.X.C.S10,ifh,explanation,auto,from the Task C References line,Avoid loss of airplane control or attempted flight contrary to the engine-inoperative operating limitations of the airplane.
CA.X.C.S10,phak,explanation,auto,from the Task C References line,Avoid loss of airplane control or attempted flight contrary to the engine-inoperative operating limitations of the airplane.
CA.X.C.S10,risk-management,explanation,auto,from the Task C References line,Avoid loss of airplane control or attempted flight contrary to the engine-inoperative operating limitations of the airplane.
CA.X.C.S11,afh,explanation,auto,from the Task C References line,"Use single-pilot resource management (SRM) or crew resource management (CRM), as appropriate. 62"
CA.X.C.S11,ifh,explanation,auto,from the Task C References line,"Use single-pilot resource management (SRM) or crew resource management (CRM), as appropriate. 62"
CA.X.C.S11,phak,explanation,auto,from the Task C References line,"Use single-pilot resource management (SRM) or crew resource management (CRM), as appropriate. 62"
CA.X.C.S11,risk-management,explanation,auto,from the Task C References line,"Use single-pilot resource management (SRM) or crew resource management (CRM), as appropriate. 62"
CA.X.C.S2,afh,explanation,auto,from the Task C References line,"Set the engine controls, reduce drag, identify and verify the inoperative engine, and simulate feathering of the propeller on the inoperative engine (evaluator should then establish zero thrust on the inoperative engine)."
CA.X.C.S2,ifh,explanation,auto,from the Task C References line,"Set the engine controls, reduce drag, identify and verify the inoperative engine, and simulate feathering of the propeller on the inoperative engine (evaluator should then establish zero thrust on the inoperative engine)."
CA.X.C.S2,phak,explanation,auto,from the Task C References line,"Set the engine controls, reduce drag, identify and verify the inoperative engine, and simulate feathering of the propeller on the inoperative engine (evaluator should then establish zero thrust on the inoperative engine)."
CA.X.C.S2,risk-management,explanation,auto,from the Task C References line,"Set the engine controls, reduce drag, identify and verify the inoperative engine, and simulate feathering of the propeller on the inoperative engine (evaluator should then establish zero thrust on the inoperative engine)."
CA.X.C.S3,afh,explanation,auto,from the Task C References line,Establish the best engine-inoperative airspeed and trim the airplane.
CA.X.C.S3,ifh,explanation,auto,from the Task C References line,Establish the best engine-inoperative airspeed and trim the airplane.
CA.X.C.S3,phak,explanation,auto,from the Task C References line,Establish the best engine-inoperative airspeed and trim the airplane.
CA.X.C.S3,risk-management,explanation,auto,from the Task C References line,Establish the best engine-inoperative airspeed and trim the airplane.
CA.X.C.S4,afh,explanation,auto,from the Task C References line,"Use flight controls in the proper combination as recommended by the manufacturer, or as required to maintain best performance, and trim as required."
CA.X.C.S4,ifh,explanation,auto,from the Task C References line,"Use flight controls in the proper combination as recommended by the manufacturer, or as required to maintain best performance, and trim as required."
CA.X.C.S4,phak,explanation,auto,from the Task C References line,"Use flight controls in the proper combination as recommended by the manufacturer, or as required to maintain best performance, and trim as required."
CA.X.C.S4,risk-management,explanation,auto,from the Task C References line,"Use flight controls in the proper combination as recommended by the manufacturer, or as required to maintain best performance, and trim as required."
CA.X.C.S5,afh,explanation,auto,from the Task C References line,Verify the prescribed checklist procedures used for securing the inoperative engine.
CA.X.C.S5,ifh,explanation,auto,from the Task C References line,Verify the prescribed checklist procedures used for securing the inoperative engine.
CA.X.C.S5,phak,explanation,auto,from the Task C References line,Verify the prescribed checklist procedures used for securing the inoperative engine.
CA.X.C.S5,risk-management,explanation,auto,from the Task C References line,Verify the prescribed checklist procedures used for securing the inoperative engine.
CA.X.C.S6,afh,explanation,auto,from the Task C References line,Attempt to determine and resolve the reason for the engine failure.
CA.X.C.S6,ifh,explanation,auto,from the Task C References line,Attempt to determine and resolve the reason for the engine failure.
CA.X.C.S6,phak,explanation,auto,from the Task C References line,Attempt to determine and resolve the reason for the engine failure.
CA.X.C.S6,risk-management,explanation,auto,from the Task C References line,Attempt to determine and resolve the reason for the engine failure.
CA.X.C.S7,afh,explanation,auto,from the Task C References line,Monitor engine functions and make necessary adjustments.
CA.X.C.S7,ifh,explanation,auto,from the Task C References line,Monitor engine functions and make necessary adjustments.
CA.X.C.S7,phak,explanation,auto,from the Task C References line,Monitor engine functions and make necessary adjustments.
CA.X.C.S7,risk-management,explanation,auto,from the Task C References line,Monitor engine functions and make necessary adjustments.
CA.X.C.S8,afh,explanation,auto,from the Task C References line,"Maintain the specified altitude ±100 feet or minimum sink rate if applicable, airspeed ±10 knots, and the specified heading ±10°."
CA.X.C.S8,ifh,explanation,auto,from the Task C References line,"Maintain the specified altitude ±100 feet or minimum sink rate if applicable, airspeed ±10 knots, and the specified heading ±10°."
CA.X.C.S8,phak,explanation,auto,from the Task C References line,"Maintain the specified altitude ±100 feet or minimum sink rate if applicable, airspeed ±10 knots, and the specified heading ±10°."
CA.X.C.S8,risk-management,explanation,auto,from the Task C References line,"Maintain the specified altitude ±100 feet or minimum sink rate if applicable, airspeed ±10 knots, and the specified heading ±10°."
CA.X.C.S9,afh,explanation,auto,from the Task C References line,Assess the aircraft’s performance capability and decide an appropriate action to ensure a safe landing.
CA.X.C.S9,ifh,explanation,auto,from the Task C References line,Assess the aircraft’s performance capability and decide an appropriate action to ensure a safe landing.
CA.X.C.S9,phak,explanation,auto,from the Task C References line,Assess the aircraft’s performance capability and decide an appropriate action to ensure a safe landing.
CA.X.C.S9,risk-management,explanation,auto,from the Task C References line,Assess the aircraft’s performance capability and decide an appropriate action to ensure a safe landing.
CA.X.D.K1,afh,explanation,auto,from the Task D References line,Instrument approach procedures with one engine inoperative.
CA.X.D.K1,ifh,explanation,auto,from the Task D References line,Instrument approach procedures with one engine inoperative.
CA.X.D.K1,phak,explanation,auto,from the Task D References line,Instrument approach procedures with one engine inoperative.
CA.X.D.K1,risk-management,explanation,auto,from the Task D References line,Instrument approach procedures with one engine inoperative.
CA.X.D.R1,afh,explanation,auto,from the Task D References line,Potential engine failure during approach and landing.
CA.X.D.R1,ifh,explanation,auto,from the Task D References line,Potential engine failure during approach and landing.
CA.X.D.R1,phak,explanation,auto,from the Task D References line,Potential engine failure during approach and landing.
CA.X.D.R1,risk-management,explanation,auto,from the Task D References line,Potential engine failure during approach and landing.
CA.X.D.R2,afh,explanation,auto,from the Task D References line,Collision hazards.
CA.X.D.R2,ifh,explanation,auto,from the Task D References line,Collision hazards.
CA.X.D.R2,phak,explanation,auto,from the Task D References line,Collision hazards.
CA.X.D.R2,risk-management,explanation,auto,from the Task D References line,Collision hazards.
CA.X.D.R3,afh,explanation,auto,from the Task D References line,Configuring the airplane.
CA.X.D.R3,ifh,explanation,auto,from the Task D References line,Configuring the airplane.
CA.X.D.R3,phak,explanation,auto,from the Task D References line,Configuring the airplane.
CA.X.D.R3,risk-management,explanation,auto,from the Task D References line,Configuring the airplane.
CA.X.D.R4,afh,explanation,auto,from the Task D References line,"Low altitude maneuvering, including stall, spin, or controlled flight into terrain (CFIT)."
CA.X.D.R4,ifh,explanation,auto,from the Task D References line,"Low altitude maneuvering, including stall, spin, or controlled flight into terrain (CFIT)."
CA.X.D.R4,phak,explanation,auto,from the Task D References line,"Low altitude maneuvering, including stall, spin, or controlled flight into terrain (CFIT)."
CA.X.D.R4,risk-management,explanation,auto,from the Task D References line,"Low altitude maneuvering, including stall, spin, or controlled flight into terrain (CFIT)."
CA.X.D.R5,afh,explanation,auto,from the Task D References line,"Distractions, task prioritization, loss of situational awareness, or disorientation."
CA.X.D.R5,ifh,explanation,auto,from the Task D References line,"Distractions, task prioritization, loss of situational awareness, or disorientation."
CA.X.D.R5,phak,explanation,auto,from the Task D References line,"Distractions, task prioritization, loss of situational awareness, or disorientation."
CA.X.D.R5,risk-management,explanation,auto,from the Task D References line,"Distractions, task prioritization, loss of situational awareness, or disorientation."
CA.X.D.R6,afh,explanation,auto,from the Task D References line,Performing a go-around/rejected landing with an engine failure.
CA.X.D.R6,ifh,explanation,auto,from the Task D References line,Performing a go-around/rejected landing with an engine failure.
CA.X.D.R6,phak,explanation,auto,from the Task D References line,Performing a go-around/rejected landing with an engine failure.
CA.X.D.R6,risk-management,explanation,auto,from the Task D References line,Performing a go-around/rejected landing with an engine failure.
CA.X.D.S1,afh,explanation,auto,from the Task D References line,Promptly recognize an engine failure and maintain positive aircraft control.
CA.X.D.S1,ifh,explanation,auto,from the Task D References line,Promptly recognize an engine failure and maintain positive aircraft control.
CA.X.D.S1,phak,explanation,auto,from the Task D References line,Promptly recognize an engine failure and maintain positive aircraft control.
CA.X.D.S1,risk-management,explanation,auto,from the Task D References line,Promptly recognize an engine failure and maintain positive aircraft control.
CA.X.D.S10,afh,explanation,auto,from the Task D References line,Avoid loss of airplane control or attempted flight contrary to the operating limitations of the airplane.
CA.X.D.S10,ifh,explanation,auto,from the Task D References line,Avoid loss of airplane control or attempted flight contrary to the operating limitations of the airplane.
CA.X.D.S10,phak,explanation,auto,from the Task D References line,Avoid loss of airplane control or attempted flight contrary to the operating limitations of the airplane.
CA.X.D.S10,risk-management,explanation,auto,from the Task D References line,Avoid loss of airplane control or attempted flight contrary to the operating limitations of the airplane.
CA.X.D.S11,afh,explanation,auto,from the Task D References line,Comply with the published criteria for the aircraft approach category if circling.
CA.X.D.S11,ifh,explanation,auto,from the Task D References line,Comply with the published criteria for the aircraft approach category if circling.
CA.X.D.S11,phak,explanation,auto,from the Task D References line,Comply with the published criteria for the aircraft approach category if circling.
CA.X.D.S11,risk-management,explanation,auto,from the Task D References line,Comply with the published criteria for the aircraft approach category if circling.
CA.X.D.S12,afh,explanation,auto,from the Task D References line,Execute a landing.
CA.X.D.S12,ifh,explanation,auto,from the Task D References line,Execute a landing.
CA.X.D.S12,phak,explanation,auto,from the Task D References line,Execute a landing.
CA.X.D.S12,risk-management,explanation,auto,from the Task D References line,Execute a landing.
CA.X.D.S13,afh,explanation,auto,from the Task D References line,Complete the appropriate checklist(s). 64
CA.X.D.S13,ifh,explanation,auto,from the Task D References line,Complete the appropriate checklist(s). 64
CA.X.D.S13,phak,explanation,auto,from the Task D References line,Complete the appropriate checklist(s). 64
CA.X.D.S13,risk-management,explanation,auto,from the Task D References line,Complete the appropriate checklist(s). 64
CA.X.D.S2,afh,explanation,auto,from the Task D References line,"Set the engine controls, reduce drag, identify and verify the inoperative engine, and simulate feathering of the propeller on the inoperative engine (evaluator should then establish zero thrust on the inoperative engine)."
CA.X.D.S2,ifh,explanation,auto,from the Task D References line,"Set the engine controls, reduce drag, identify and verify the inoperative engine, and simulate feathering of the propeller on the inoperative engine (evaluator should then establish zero thrust on the inoperative engine)."
CA.X.D.S2,phak,explanation,auto,from the Task D References line,"Set the engine controls, reduce drag, identify and verify the inoperative engine, and simulate feathering of the propeller on the inoperative engine (evaluator should then establish zero thrust on the inoperative engine)."
CA.X.D.S2,risk-management,explanation,auto,from the Task D References line,"Set the engine controls, reduce drag, identify and verify the inoperative engine, and simulate feathering of the propeller on the inoperative engine (evaluator should then establish zero thrust on the inoperative engine)."
CA.X.D.S3,afh,explanation,auto,from the Task D References line,"Use flight controls in the proper combination as recommended by the manufacturer, or as required to maintain best performance, and trim as required."
CA.X.D.S3,ifh,explanation,auto,from the Task D References line,"Use flight controls in the proper combination as recommended by the manufacturer, or as required to maintain best performance, and trim as required."
CA.X.D.S3,phak,explanation,auto,from the Task D References line,"Use flight controls in the proper combination as recommended by the manufacturer, or as required to maintain best performance, and trim as required."
CA.X.D.S3,risk-management,explanation,auto,from the Task D References line,"Use flight controls in the proper combination as recommended by the manufacturer, or as required to maintain best performance, and trim as required."
CA.X.D.S4,afh,explanation,auto,from the Task D References line,Follow the manufacturer’s recommended emergency procedures and complete the appropriate checklist.
CA.X.D.S4,ifh,explanation,auto,from the Task D References line,Follow the manufacturer’s recommended emergency procedures and complete the appropriate checklist.
CA.X.D.S4,phak,explanation,auto,from the Task D References line,Follow the manufacturer’s recommended emergency procedures and complete the appropriate checklist.
CA.X.D.S4,risk-management,explanation,auto,from the Task D References line,Follow the manufacturer’s recommended emergency procedures and complete the appropriate checklist.
CA.X.D.S5,afh,explanation,auto,from the Task D References line,Monitor the operating engine and aircraft systems and make adjustments as necessary.
CA.X.D.S5,ifh,explanation,auto,from the Task D References line,Monitor the operating engine and aircraft systems and make adjustments as necessary.
CA.X.D.S5,phak,explanation,auto,from the Task D References line,Monitor the operating engine and aircraft systems and make adjustments as necessary.
CA.X.D.S5,risk-management,explanation,auto,from the Task D References line,Monitor the operating engine and aircraft systems and make adjustments as necessary.
CA.X.D.S6,afh,explanation,auto,from the Task D References line,Request and follow an actual or a simulated air traffic control (ATC) clearance for an instrument approach.
CA.X.D.S6,ifh,explanation,auto,from the Task D References line,Request and follow an actual or a simulated air traffic control (ATC) clearance for an instrument approach.
CA.X.D.S6,phak,explanation,auto,from the Task D References line,Request and follow an actual or a simulated air traffic control (ATC) clearance for an instrument approach.
CA.X.D.S6,risk-management,explanation,auto,from the Task D References line,Request and follow an actual or a simulated air traffic control (ATC) clearance for an instrument approach.
CA.X.D.S7,afh,explanation,auto,from the Task D References line,"Maintain altitude ±100 feet or minimum sink rate if applicable, airspeed ±10 knots, and selected heading ±10°."
CA.X.D.S7,ifh,explanation,auto,from the Task D References line,"Maintain altitude ±100 feet or minimum sink rate if applicable, airspeed ±10 knots, and selected heading ±10°."
CA.X.D.S7,phak,explanation,auto,from the Task D References line,"Maintain altitude ±100 feet or minimum sink rate if applicable, airspeed ±10 knots, and selected heading ±10°."
CA.X.D.S7,risk-management,explanation,auto,from the Task D References line,"Maintain altitude ±100 feet or minimum sink rate if applicable, airspeed ±10 knots, and selected heading ±10°."
CA.X.D.S8,afh,explanation,auto,from the Task D References line,"Establish a rate of descent that ensures arrival at the minimum descent altitude (MDA) or decision altitude (DA)/decision height (DH) with the airplane in a position from which a descent to a landing on the intended runway can be made, either straight in or circling as appropriate."
CA.X.D.S8,ifh,explanation,auto,from the Task D References line,"Establish a rate of descent that ensures arrival at the minimum descent altitude (MDA) or decision altitude (DA)/decision height (DH) with the airplane in a position from which a descent to a landing on the intended runway can be made, either straight in or circling as appropriate."
CA.X.D.S8,phak,explanation,auto,from the Task D References line,"Establish a rate of descent that ensures arrival at the minimum descent altitude (MDA) or decision altitude (DA)/decision height (DH) with the airplane in a position from which a descent to a landing on the intended runway can be made, either straight in or circling as appropriate."
CA.X.D.S8,risk-management,explanation,auto,from the Task D References line,"Establish a rate of descent that ensures arrival at the minimum descent altitude (MDA) or decision altitude (DA)/decision height (DH) with the airplane in a position from which a descent to a landing on the intended runway can be made, either straight in or circling as appropriate."
CA.X.D.S9,afh,explanation,auto,from the Task D References line,"On final approach segment, maintain vertical (as applicable) and lateral guidance within ¾-scale deflection. 63"
CA.X.D.S9,ifh,explanation,auto,from the Task D References line,"On final approach segment, maintain vertical (as applicable) and lateral guidance within ¾-scale deflection. 63"
CA.X.D.S9,phak,explanation,auto,from the Task D References line,"On final approach segment, maintain vertical (as applicable) and lateral guidance within ¾-scale deflection. 63"
CA.X.D.S9,risk-management,explanation,auto,from the Task D References line,"On final approach segment, maintain vertical (as applicable) and lateral guidance within ¾-scale deflection. 63"
CA.XI.A.K1,afh,explanation,auto,from the Task A References line,"Airplane shutdown, securing, and postflight inspection."
CA.XI.A.K1,phak,explanation,auto,from the Task A References line,"Airplane shutdown, securing, and postflight inspection."
CA.XI.A.K1,risk-management,explanation,auto,from the Task A References line,"Airplane shutdown, securing, and postflight inspection."
CA.XI.A.K2,afh,explanation,auto,from the Task A References line,Documenting in-flight/postflight discrepancies.
CA.XI.A.K2,phak,explanation,auto,from the Task A References line,Documenting in-flight/postflight discrepancies.
CA.XI.A.K2,risk-management,explanation,auto,from the Task A References line,Documenting in-flight/postflight discrepancies.
CA.XI.A.R1,afh,explanation,auto,from the Task A References line,Activities and distractions.
CA.XI.A.R1,phak,explanation,auto,from the Task A References line,Activities and distractions.
CA.XI.A.R1,risk-management,explanation,auto,from the Task A References line,Activities and distractions.
CA.XI.A.R2,afh,explanation,auto,from the Task A References line,[Archived]
CA.XI.A.R2,phak,explanation,auto,from the Task A References line,[Archived]
CA.XI.A.R2,risk-management,explanation,auto,from the Task A References line,[Archived]
CA.XI.A.R3,afh,explanation,auto,from the Task A References line,Airport specific security procedures.
CA.XI.A.R3,phak,explanation,auto,from the Task A References line,Airport specific security procedures.
CA.XI.A.R3,risk-management,explanation,auto,from the Task A References line,Airport specific security procedures.
CA.XI.A.R4,afh,explanation,auto,from the Task A References line,Disembarking passengers safely on the ramp and monitoring passenger movement while on the ramp.
CA.XI.A.R4,phak,explanation,auto,from the Task A References line,Disembarking passengers safely on the ramp and monitoring passenger movement while on the ramp.
CA.XI.A.R4,risk-management,explanation,auto,from the Task A References line,Disembarking passengers safely on the ramp and monitoring passenger movement while on the ramp.
CA.XI.A.S1,afh,explanation,auto,from the Task A References line,[Archived]
CA.XI.A.S1,phak,explanation,auto,from the Task A References line,[Archived]
CA.XI.A.S1,risk-management,explanation,auto,from the Task A References line,[Archived]
CA.XI.A.S2,afh,explanation,auto,from the Task A References line,"Park in an appropriate area, considering the safety of nearby persons and property."
CA.XI.A.S2,phak,explanation,auto,from the Task A References line,"Park in an appropriate area, considering the safety of nearby persons and property."
CA.XI.A.S2,risk-management,explanation,auto,from the Task A References line,"Park in an appropriate area, considering the safety of nearby persons and property."
CA.XI.A.S3,afh,explanation,auto,from the Task A References line,Complete the appropriate checklist(s).
CA.XI.A.S3,phak,explanation,auto,from the Task A References line,Complete the appropriate checklist(s).
CA.XI.A.S3,risk-management,explanation,auto,from the Task A References line,Complete the appropriate checklist(s).
CA.XI.A.S4,afh,explanation,auto,from the Task A References line,"Conduct a postflight inspection and document discrepancies and servicing requirements, if any."
CA.XI.A.S4,phak,explanation,auto,from the Task A References line,"Conduct a postflight inspection and document discrepancies and servicing requirements, if any."
CA.XI.A.S4,risk-management,explanation,auto,from the Task A References line,"Conduct a postflight inspection and document discrepancies and servicing requirements, if any."
CA.XI.A.S5,afh,explanation,auto,from the Task A References line,Secure the airplane.
CA.XI.A.S5,phak,explanation,auto,from the Task A References line,Secure the airplane.
CA.XI.A.S5,risk-management,explanation,auto,from the Task A References line,Secure the airplane.
CA.XI.B.K1,afh,explanation,auto,from the Task B References line,Mooring.
CA.XI.B.K1,phak,explanation,auto,from the Task B References line,Mooring.
CA.XI.B.K1,risk-management,explanation,auto,from the Task B References line,Mooring.
CA.XI.B.K1,seaplane,explanation,auto,from the Task B References line,Mooring.
CA.XI.B.K2,afh,explanation,auto,from the Task B References line,Docking.
CA.XI.B.K2,phak,explanation,auto,from the Task B References line,Docking.
CA.XI.B.K2,risk-management,explanation,auto,from the Task B References line,Docking.
CA.XI.B.K2,seaplane,explanation,auto,from the Task B References line,Docking.
CA.XI.B.K3,afh,explanation,auto,from the Task B References line,Anchoring.
CA.XI.B.K3,phak,explanation,auto,from the Task B References line,Anchoring.
CA.XI.B.K3,risk-management,explanation,auto,from the Task B References line,Anchoring.
CA.XI.B.K3,seaplane,explanation,auto,from the Task B References line,Anchoring.
CA.XI.B.K4,afh,explanation,auto,from the Task B References line,Beaching/ramping.
CA.XI.B.K4,phak,explanation,auto,from the Task B References line,Beaching/ramping.
CA.XI.B.K4,risk-management,explanation,auto,from the Task B References line,Beaching/ramping.
CA.XI.B.K4,seaplane,explanation,auto,from the Task B References line,Beaching/ramping.
CA.XI.B.K5,afh,explanation,auto,from the Task B References line,"Postflight inspection, recording of in-flight/postflight discrepancies. 65"
CA.XI.B.K5,phak,explanation,auto,from the Task B References line,"Postflight inspection, recording of in-flight/postflight discrepancies. 65"
CA.XI.B.K5,risk-management,explanation,auto,from the Task B References line,"Postflight inspection, recording of in-flight/postflight discrepancies. 65"
CA.XI.B.K5,seaplane,explanation,auto,from the Task B References line,"Postflight inspection, recording of in-flight/postflight discrepancies. 65"
CA.XI.B.R1,afh,explanation,auto,from the Task B References line,Activities and distractions.
CA.XI.B.R1,phak,explanation,auto,from the Task B References line,Activities and distractions.
CA.XI.B.R1,risk-management,explanation,auto,from the Task B References line,Activities and distractions.
CA.XI.B.R1,seaplane,explanation,auto,from the Task B References line,Activities and distractions.
CA.XI.B.R2,afh,explanation,auto,from the Task B References line,[Archived]
CA.XI.B.R2,phak,explanation,auto,from the Task B References line,[Archived]
CA.XI.B.R2,risk-management,explanation,auto,from the Task B References line,[Archived]
CA.XI.B.R2,seaplane,explanation,auto,from the Task B References line,[Archived]
CA.XI.B.R3,afh,explanation,auto,from the Task B References line,"Seaplane base specific security procedures, if applicable."
CA.XI.B.R3,phak,explanation,auto,from the Task B References line,"Seaplane base specific security procedures, if applicable."
CA.XI.B.R3,risk-management,explanation,auto,from the Task B References line,"Seaplane base specific security procedures, if applicable."
CA.XI.B.R3,seaplane,explanation,auto,from the Task B References line,"Seaplane base specific security procedures, if applicable."
CA.XI.B.R4,afh,explanation,auto,from the Task B References line,Disembarking passengers safely on the ramp and monitoring passenger movement while on the ramp.
CA.XI.B.R4,phak,explanation,auto,from the Task B References line,Disembarking passengers safely on the ramp and monitoring passenger movement while on the ramp.
CA.XI.B.R4,risk-management,explanation,auto,from the Task B References line,Disembarking passengers safely on the ramp and monitoring passenger movement while on the ramp.
CA.XI.B.R4,seaplane,explanation,auto,from the Task B References line,Disembarking passengers safely on the ramp and monitoring passenger movement while on the ramp.
CA.XI.B.S1,afh,explanation,auto,from the Task B References line,"If anchoring, select a suitable area considering seaplane movement, water depth, tide, wind, and weather changes. Use an adequate number of anchors and lines of sufficient strength and length to ensure the seaplane’s security."
CA.XI.B.S1,phak,explanation,auto,from the Task B References line,"If anchoring, select a suitable area considering seaplane movement, water depth, tide, wind, and weather changes. Use an adequate number of anchors and lines of sufficient strength and length to ensure the seaplane’s security."
CA.XI.B.S1,risk-management,explanation,auto,from the Task B References line,"If anchoring, select a suitable area considering seaplane movement, water depth, tide, wind, and weather changes. Use an adequate number of anchors and lines of sufficient strength and length to ensure the seaplane’s security."
CA.XI.B.S1,seaplane,explanation,auto,from the Task B References line,"If anchoring, select a suitable area considering seaplane movement, water depth, tide, wind, and weather changes. Use an adequate number of anchors and lines of sufficient strength and length to ensure the seaplane’s security."
CA.XI.B.S2,afh,explanation,auto,from the Task B References line,"If not anchoring, approach the dock/mooring buoy or beach/ramp in the proper direction and at a safe speed, considering water depth, tide, current, and wind."
CA.XI.B.S2,phak,explanation,auto,from the Task B References line,"If not anchoring, approach the dock/mooring buoy or beach/ramp in the proper direction and at a safe speed, considering water depth, tide, current, and wind."
CA.XI.B.S2,risk-management,explanation,auto,from the Task B References line,"If not anchoring, approach the dock/mooring buoy or beach/ramp in the proper direction and at a safe speed, considering water depth, tide, current, and wind."
CA.XI.B.S2,seaplane,explanation,auto,from the Task B References line,"If not anchoring, approach the dock/mooring buoy or beach/ramp in the proper direction and at a safe speed, considering water depth, tide, current, and wind."
CA.XI.B.S3,afh,explanation,auto,from the Task B References line,Complete the appropriate checklist(s).
CA.XI.B.S3,phak,explanation,auto,from the Task B References line,Complete the appropriate checklist(s).
CA.XI.B.S3,risk-management,explanation,auto,from the Task B References line,Complete the appropriate checklist(s).
CA.XI.B.S3,seaplane,explanation,auto,from the Task B References line,Complete the appropriate checklist(s).
CA.XI.B.S4,afh,explanation,auto,from the Task B References line,"Conduct a postflight inspection and document discrepancies and servicing requirements, if any."
CA.XI.B.S4,phak,explanation,auto,from the Task B References line,"Conduct a postflight inspection and document discrepancies and servicing requirements, if any."
CA.XI.B.S4,risk-management,explanation,auto,from the Task B References line,"Conduct a postflight inspection and document discrepancies and servicing requirements, if any."
CA.XI.B.S4,seaplane,explanation,auto,from the Task B References line,"Conduct a postflight inspection and document discrepancies and servicing requirements, if any."
CA.XI.B.S5,afh,explanation,auto,from the Task B References line,"Secure the seaplane considering the effect of wind, waves, and changes in water level, or comply with applicable after landing, parking, and securing procedures if operating an amphibious airplane on land. 66 Appendix 1: Practical Test Roles, Responsibilities, and Outcomes Commercial Pilot for Airpl"
CA.XI.B.S5,phak,explanation,auto,from the Task B References line,"Secure the seaplane considering the effect of wind, waves, and changes in water level, or comply with applicable after landing, parking, and securing procedures if operating an amphibious airplane on land. 66 Appendix 1: Practical Test Roles, Responsibilities, and Outcomes Commercial Pilot for Airpl"
CA.XI.B.S5,risk-management,explanation,auto,from the Task B References line,"Secure the seaplane considering the effect of wind, waves, and changes in water level, or comply with applicable after landing, parking, and securing procedures if operating an amphibious airplane on land. 66 Appendix 1: Practical Test Roles, Responsibilities, and Outcomes Commercial Pilot for Airpl"
CA.XI.B.S5,seaplane,explanation,auto,from the Task B References line,"Secure the seaplane considering the effect of wind, waves, and changes in water level, or comply with applicable after landing, parking, and securing procedures if operating an amphibious airplane on land. 66 Appendix 1: Practical Test Roles, Responsibilities, and Outcomes Commercial Pilot for Airpl"
