source_ref,target_ref,relation,confidence,note,element_text
IR.I.A.K1,14cfr:part-61,regulation,auto,from the Task A References line,"Certification requirements, recency of experience, and recordkeeping."
IR.I.A.K1,afh,explanation,auto,from the Task A References line,"Certification requirements, recency of experience, and recordkeeping."
IR.I.A.K1,ifh,explanation,auto,from the Task A References line,"Certification requirements, recency of experience, and recordkeeping."
IR.I.A.K1,phak,explanation,auto,from the Task A References line,"Certification requirements, recency of experience, and recordkeeping."
IR.I.A.K1,risk-management,explanation,auto,from the Task A References line,"Certification requirements, recency of experience, and recordkeeping."
IR.I.A.K2,14cfr:part-61,regulation,auto,from the Task A References line,Privileges and limitations.
IR.I.A.K2,afh,explanation,auto,from the Task A References line,Privileges and limitations.
IR.I.A.K2,ifh,explanation,auto,from the Task A References line,Privileges and limitations.
IR.I.A.K2,phak,explanation,auto,from the Task A References line,Privileges and limitations.
IR.I.A.K2,risk-management,explanation,auto,from the Task A References line,Privileges and limitations.
IR.I.A.K3,14cfr:part-61,regulation,auto,from the Task A References line,Part 68 BasicMed privileges and limitations.
IR.I.A.K3,afh,explanation,auto,from the Task A References line,Part 68 BasicMed privileges and limitations.
IR.I.A.K3,ifh,explanation,auto,from the Task A References line,Part 68 BasicMed privileges and limitations.
IR.I.A.K3,phak,explanation,auto,from the Task A References line,Part 68 BasicMed privileges and limitations.
IR.I.A.K3,risk-management,explanation,auto,from the Task A References line,Part 68 BasicMed privileges and limitations.
IR.I.A.R1,14cfr:part-61,regulation,auto,from the Task A References line,Proficiency versus currency.
IR.I.A.R1,afh,explanation,auto,from the Task A References line,Proficiency versus currency.
IR.I.A.R1,ifh,explanation,auto,from the Task A References line,Proficiency versus currency.
IR.I.A.R1,phak,explanation,auto,from the Task A References line,Proficiency versus currency.
IR.I.A.R1,risk-management,explanation,auto,from the Task A References line,Proficiency versus currency.
IR.I.A.R2,14cfr:part-61,regulation,auto,from the Task A References line,Personal minimums.
IR.I.A.R2,afh,explanation,auto,from the Task A References line,Personal minimums.
IR.I.A.R2,ifh,explanation,auto,from the Task A References line,Personal minimums.
IR.I.A.R2,phak,explanation,auto,from the Task A References line,Personal minimums.
IR.I.A.R2,risk-management,explanation,auto,from the Task A References line,Personal minimums.
IR.I.A.R3,14cfr:part-61,regulation,auto,from the Task A References line,Fitness for flight and physiological factors that might affect the pilot’s ability to fly under instrument conditions.
IR.I.A.R3,afh,explanation,auto,from the Task A References line,Fitness for flight and physiological factors that might affect the pilot’s ability to fly under instrument conditions.
IR.I.A.R3,ifh,explanation,auto,from the Task A References line,Fitness for flight and physiological factors that might affect the pilot’s ability to fly under instrument conditions.
IR.I.A.R3,phak,explanation,auto,from the Task A References line,Fitness for flight and physiological factors that might affect the pilot’s ability to fly under instrument conditions.
IR.I.A.R3,risk-management,explanation,auto,from the Task A References line,Fitness for flight and physiological factors that might affect the pilot’s ability to fly under instrument conditions.
IR.I.A.R4,14cfr:part-61,regulation,auto,from the Task A References line,Flying unfamiliar aircraft or operating with unfamiliar flight display systems and avionics.
IR.I.A.R4,afh,explanation,auto,from the Task A References line,Flying unfamiliar aircraft or operating with unfamiliar flight display systems and avionics.
IR.I.A.R4,ifh,explanation,auto,from the Task A References line,Flying unfamiliar aircraft or operating with unfamiliar flight display systems and avionics.
IR.I.A.R4,phak,explanation,auto,from the Task A References line,Flying unfamiliar aircraft or operating with unfamiliar flight display systems and avionics.
IR.I.A.R4,risk-management,explanation,auto,from the Task A References line,Flying unfamiliar aircraft or operating with unfamiliar flight display systems and avionics.
IR.I.A.S1,14cfr:part-61,regulation,auto,from the Task A References line,Apply requirements to act as pilot-in-command (PIC) under Instrument Flight Rules (IFR) in a scenario given by the evaluator.
IR.I.A.S1,afh,explanation,auto,from the Task A References line,Apply requirements to act as pilot-in-command (PIC) under Instrument Flight Rules (IFR) in a scenario given by the evaluator.
IR.I.A.S1,ifh,explanation,auto,from the Task A References line,Apply requirements to act as pilot-in-command (PIC) under Instrument Flight Rules (IFR) in a scenario given by the evaluator.
IR.I.A.S1,phak,explanation,auto,from the Task A References line,Apply requirements to act as pilot-in-command (PIC) under Instrument Flight Rules (IFR) in a scenario given by the evaluator.
IR.I.A.S1,risk-management,explanation,auto,from the Task A References line,Apply requirements to act as pilot-in-command (PIC) under Instrument Flight Rules (IFR) in a scenario given by the evaluator.
IR.I.B.K1,14cfr:part-91,regulation,auto,from the Task B References line,"Sources of weather data (e.g., National Weather Service, Flight Service) for flight planning purposes."
IR.I.B.K1,ac-91-92,guidance,auto,from the Task B References line,"Sources of weather data (e.g., National Weather Service, Flight Service) for flight planning purposes."
IR.I.B.K1,afh,explanation,auto,from the Task B References line,"Sources of weather data (e.g., National Weather Service, Flight Service) for flight planning purposes."
IR.I.B.K1,aim,guidance,auto,from the Task B References line,"Sources of weather data (e.g., National Weather Service, Flight Service) for flight planning purposes."
IR.I.B.K1,aviation-weather,explanation,auto,from the Task B References line,"Sources of weather data (e.g., National Weather Service, Flight Service) for flight planning purposes."
IR.I.B.K1,phak,explanation,auto,from the Task B References line,"Sources of weather data (e.g., National Weather Service, Flight Service) for flight planning purposes."
IR.I.B.K1,risk-management,explanation,auto,from the Task B References line,"Sources of weather data (e.g., National Weather Service, Flight Service) for flight planning purposes."
IR.I.B.K2,14cfr:part-91,regulation,auto,from the Task B References line,"Acceptable weather products and resources required for preflight planning, current and forecast weather for departure, en route, and arrival phases of flight such as:"
IR.I.B.K2,ac-91-92,guidance,auto,from the Task B References line,"Acceptable weather products and resources required for preflight planning, current and forecast weather for departure, en route, and arrival phases of flight such as:"
IR.I.B.K2,afh,explanation,auto,from the Task B References line,"Acceptable weather products and resources required for preflight planning, current and forecast weather for departure, en route, and arrival phases of flight such as:"
IR.I.B.K2,aim,guidance,auto,from the Task B References line,"Acceptable weather products and resources required for preflight planning, current and forecast weather for departure, en route, and arrival phases of flight such as:"
IR.I.B.K2,aviation-weather,explanation,auto,from the Task B References line,"Acceptable weather products and resources required for preflight planning, current and forecast weather for departure, en route, and arrival phases of flight such as:"
IR.I.B.K2,phak,explanation,auto,from the Task B References line,"Acceptable weather products and resources required for preflight planning, current and forecast weather for departure, en route, and arrival phases of flight such as:"
IR.I.B.K2,risk-management,explanation,auto,from the Task B References line,"Acceptable weather products and resources required for preflight planning, current and forecast weather for departure, en route, and arrival phases of flight such as:"
IR.I.B.K2a,14cfr:part-91,regulation,auto,from the Task B References line,a. Airport Observations (METAR and SPECI) and Pilot Observations (PIREP)
IR.I.B.K2a,ac-91-92,guidance,auto,from the Task B References line,a. Airport Observations (METAR and SPECI) and Pilot Observations (PIREP)
IR.I.B.K2a,afh,explanation,auto,from the Task B References line,a. Airport Observations (METAR and SPECI) and Pilot Observations (PIREP)
IR.I.B.K2a,aim,guidance,auto,from the Task B References line,a. Airport Observations (METAR and SPECI) and Pilot Observations (PIREP)
IR.I.B.K2a,aviation-weather,explanation,auto,from the Task B References line,a. Airport Observations (METAR and SPECI) and Pilot Observations (PIREP)
IR.I.B.K2a,phak,explanation,auto,from the Task B References line,a. Airport Observations (METAR and SPECI) and Pilot Observations (PIREP)
IR.I.B.K2a,risk-management,explanation,auto,from the Task B References line,a. Airport Observations (METAR and SPECI) and Pilot Observations (PIREP)
IR.I.B.K2b,14cfr:part-91,regulation,auto,from the Task B References line,"b. Surface Analysis Chart, Ceiling and Visibility Chart (CVA)"
IR.I.B.K2b,ac-91-92,guidance,auto,from the Task B References line,"b. Surface Analysis Chart, Ceiling and Visibility Chart (CVA)"
IR.I.B.K2b,afh,explanation,auto,from the Task B References line,"b. Surface Analysis Chart, Ceiling and Visibility Chart (CVA)"
IR.I.B.K2b,aim,guidance,auto,from the Task B References line,"b. Surface Analysis Chart, Ceiling and Visibility Chart (CVA)"
IR.I.B.K2b,aviation-weather,explanation,auto,from the Task B References line,"b. Surface Analysis Chart, Ceiling and Visibility Chart (CVA)"
IR.I.B.K2b,phak,explanation,auto,from the Task B References line,"b. Surface Analysis Chart, Ceiling and Visibility Chart (CVA)"
IR.I.B.K2b,risk-management,explanation,auto,from the Task B References line,"b. Surface Analysis Chart, Ceiling and Visibility Chart (CVA)"
IR.I.B.K2c,14cfr:part-91,regulation,auto,from the Task B References line,c. Terminal Aerodrome Forecasts (TAF)
IR.I.B.K2c,ac-91-92,guidance,auto,from the Task B References line,c. Terminal Aerodrome Forecasts (TAF)
IR.I.B.K2c,afh,explanation,auto,from the Task B References line,c. Terminal Aerodrome Forecasts (TAF)
IR.I.B.K2c,aim,guidance,auto,from the Task B References line,c. Terminal Aerodrome Forecasts (TAF)
IR.I.B.K2c,aviation-weather,explanation,auto,from the Task B References line,c. Terminal Aerodrome Forecasts (TAF)
IR.I.B.K2c,phak,explanation,auto,from the Task B References line,c. Terminal Aerodrome Forecasts (TAF)
IR.I.B.K2c,risk-management,explanation,auto,from the Task B References line,c. Terminal Aerodrome Forecasts (TAF)
IR.I.B.K2d,14cfr:part-91,regulation,auto,from the Task B References line,d. Graphical Forecasts for Aviation (GFA) 3
IR.I.B.K2d,ac-91-92,guidance,auto,from the Task B References line,d. Graphical Forecasts for Aviation (GFA) 3
IR.I.B.K2d,afh,explanation,auto,from the Task B References line,d. Graphical Forecasts for Aviation (GFA) 3
IR.I.B.K2d,aim,guidance,auto,from the Task B References line,d. Graphical Forecasts for Aviation (GFA) 3
IR.I.B.K2d,aviation-weather,explanation,auto,from the Task B References line,d. Graphical Forecasts for Aviation (GFA) 3
IR.I.B.K2d,phak,explanation,auto,from the Task B References line,d. Graphical Forecasts for Aviation (GFA) 3
IR.I.B.K2d,risk-management,explanation,auto,from the Task B References line,d. Graphical Forecasts for Aviation (GFA) 3
IR.I.B.K2e,14cfr:part-91,regulation,auto,from the Task B References line,e. Wind and Temperature Aloft Forecast (FB)
IR.I.B.K2e,ac-91-92,guidance,auto,from the Task B References line,e. Wind and Temperature Aloft Forecast (FB)
IR.I.B.K2e,afh,explanation,auto,from the Task B References line,e. Wind and Temperature Aloft Forecast (FB)
IR.I.B.K2e,aim,guidance,auto,from the Task B References line,e. Wind and Temperature Aloft Forecast (FB)
IR.I.B.K2e,aviation-weather,explanation,auto,from the Task B References line,e. Wind and Temperature Aloft Forecast (FB)
IR.I.B.K2e,phak,explanation,auto,from the Task B References line,e. Wind and Temperature Aloft Forecast (FB)
IR.I.B.K2e,risk-management,explanation,auto,from the Task B References line,e. Wind and Temperature Aloft Forecast (FB)
IR.I.B.K2f,14cfr:part-91,regulation,auto,from the Task B References line,f. Convective Outlook (AC)
IR.I.B.K2f,ac-91-92,guidance,auto,from the Task B References line,f. Convective Outlook (AC)
IR.I.B.K2f,afh,explanation,auto,from the Task B References line,f. Convective Outlook (AC)
IR.I.B.K2f,aim,guidance,auto,from the Task B References line,f. Convective Outlook (AC)
IR.I.B.K2f,aviation-weather,explanation,auto,from the Task B References line,f. Convective Outlook (AC)
IR.I.B.K2f,phak,explanation,auto,from the Task B References line,f. Convective Outlook (AC)
IR.I.B.K2f,risk-management,explanation,auto,from the Task B References line,f. Convective Outlook (AC)
IR.I.B.K2g,14cfr:part-91,regulation,auto,from the Task B References line,"g. Inflight Aviation Weather Advisories including Airmen's Meteorological Information (AIRMET), Significant Meteorological Information (SIGMET), and Convective SIGMET"
IR.I.B.K2g,ac-91-92,guidance,auto,from the Task B References line,"g. Inflight Aviation Weather Advisories including Airmen's Meteorological Information (AIRMET), Significant Meteorological Information (SIGMET), and Convective SIGMET"
IR.I.B.K2g,afh,explanation,auto,from the Task B References line,"g. Inflight Aviation Weather Advisories including Airmen's Meteorological Information (AIRMET), Significant Meteorological Information (SIGMET), and Convective SIGMET"
IR.I.B.K2g,aim,guidance,auto,from the Task B References line,"g. Inflight Aviation Weather Advisories including Airmen's Meteorological Information (AIRMET), Significant Meteorological Information (SIGMET), and Convective SIGMET"
IR.I.B.K2g,aviation-weather,explanation,auto,from the Task B References line,"g. Inflight Aviation Weather Advisories including Airmen's Meteorological Information (AIRMET), Significant Meteorological Information (SIGMET), and Convective SIGMET"
IR.I.B.K2g,phak,explanation,auto,from the Task B References line,"g. Inflight Aviation Weather Advisories including Airmen's Meteorological Information (AIRMET), Significant Meteorological Information (SIGMET), and Convective SIGMET"
IR.I.B.K2g,risk-management,explanation,auto,from the Task B References line,"g. Inflight Aviation Weather Advisories including Airmen's Meteorological Information (AIRMET), Significant Meteorological Information (SIGMET), and Convective SIGMET"
IR.I.B.K3,14cfr:part-91,regulation,auto,from the Task B References line,"Meteorology applicable to the departure, en route, alternate, and destination for flights conducted under Instrument Flight Rules (IFR) to include expected climate and hazardous conditions such as:"
IR.I.B.K3,ac-91-92,guidance,auto,from the Task B References line,"Meteorology applicable to the departure, en route, alternate, and destination for flights conducted under Instrument Flight Rules (IFR) to include expected climate and hazardous conditions such as:"
IR.I.B.K3,afh,explanation,auto,from the Task B References line,"Meteorology applicable to the departure, en route, alternate, and destination for flights conducted under Instrument Flight Rules (IFR) to include expected climate and hazardous conditions such as:"
IR.I.B.K3,aim,guidance,auto,from the Task B References line,"Meteorology applicable to the departure, en route, alternate, and destination for flights conducted under Instrument Flight Rules (IFR) to include expected climate and hazardous conditions such as:"
IR.I.B.K3,aviation-weather,explanation,auto,from the Task B References line,"Meteorology applicable to the departure, en route, alternate, and destination for flights conducted under Instrument Flight Rules (IFR) to include expected climate and hazardous conditions such as:"
IR.I.B.K3,phak,explanation,auto,from the Task B References line,"Meteorology applicable to the departure, en route, alternate, and destination for flights conducted under Instrument Flight Rules (IFR) to include expected climate and hazardous conditions such as:"
IR.I.B.K3,risk-management,explanation,auto,from the Task B References line,"Meteorology applicable to the departure, en route, alternate, and destination for flights conducted under Instrument Flight Rules (IFR) to include expected climate and hazardous conditions such as:"
IR.I.B.K3a,14cfr:part-91,regulation,auto,from the Task B References line,a. Atmospheric composition and stability
IR.I.B.K3a,ac-91-92,guidance,auto,from the Task B References line,a. Atmospheric composition and stability
IR.I.B.K3a,afh,explanation,auto,from the Task B References line,a. Atmospheric composition and stability
IR.I.B.K3a,aim,guidance,auto,from the Task B References line,a. Atmospheric composition and stability
IR.I.B.K3a,aviation-weather,explanation,auto,from the Task B References line,a. Atmospheric composition and stability
IR.I.B.K3a,phak,explanation,auto,from the Task B References line,a. Atmospheric composition and stability
IR.I.B.K3a,risk-management,explanation,auto,from the Task B References line,a. Atmospheric composition and stability
IR.I.B.K3b,14cfr:part-91,regulation,auto,from the Task B References line,"b. Wind (e.g., windshear, mountain wave, factors affecting wind, etc.)"
IR.I.B.K3b,ac-91-92,guidance,auto,from the Task B References line,"b. Wind (e.g., windshear, mountain wave, factors affecting wind, etc.)"
IR.I.B.K3b,afh,explanation,auto,from the Task B References line,"b. Wind (e.g., windshear, mountain wave, factors affecting wind, etc.)"
IR.I.B.K3b,aim,guidance,auto,from the Task B References line,"b. Wind (e.g., windshear, mountain wave, factors affecting wind, etc.)"
IR.I.B.K3b,aviation-weather,explanation,auto,from the Task B References line,"b. Wind (e.g., windshear, mountain wave, factors affecting wind, etc.)"
IR.I.B.K3b,phak,explanation,auto,from the Task B References line,"b. Wind (e.g., windshear, mountain wave, factors affecting wind, etc.)"
IR.I.B.K3b,risk-management,explanation,auto,from the Task B References line,"b. Wind (e.g., windshear, mountain wave, factors affecting wind, etc.)"
IR.I.B.K3c,14cfr:part-91,regulation,auto,from the Task B References line,c. Temperature and heat exchange
IR.I.B.K3c,ac-91-92,guidance,auto,from the Task B References line,c. Temperature and heat exchange
IR.I.B.K3c,afh,explanation,auto,from the Task B References line,c. Temperature and heat exchange
IR.I.B.K3c,aim,guidance,auto,from the Task B References line,c. Temperature and heat exchange
IR.I.B.K3c,aviation-weather,explanation,auto,from the Task B References line,c. Temperature and heat exchange
IR.I.B.K3c,phak,explanation,auto,from the Task B References line,c. Temperature and heat exchange
IR.I.B.K3c,risk-management,explanation,auto,from the Task B References line,c. Temperature and heat exchange
IR.I.B.K3d,14cfr:part-91,regulation,auto,from the Task B References line,d. Moisture/precipitation
IR.I.B.K3d,ac-91-92,guidance,auto,from the Task B References line,d. Moisture/precipitation
IR.I.B.K3d,afh,explanation,auto,from the Task B References line,d. Moisture/precipitation
IR.I.B.K3d,aim,guidance,auto,from the Task B References line,d. Moisture/precipitation
IR.I.B.K3d,aviation-weather,explanation,auto,from the Task B References line,d. Moisture/precipitation
IR.I.B.K3d,phak,explanation,auto,from the Task B References line,d. Moisture/precipitation
IR.I.B.K3d,risk-management,explanation,auto,from the Task B References line,d. Moisture/precipitation
IR.I.B.K3e,14cfr:part-91,regulation,auto,from the Task B References line,"e. Weather system formation, including air masses and fronts"
IR.I.B.K3e,ac-91-92,guidance,auto,from the Task B References line,"e. Weather system formation, including air masses and fronts"
IR.I.B.K3e,afh,explanation,auto,from the Task B References line,"e. Weather system formation, including air masses and fronts"
IR.I.B.K3e,aim,guidance,auto,from the Task B References line,"e. Weather system formation, including air masses and fronts"
IR.I.B.K3e,aviation-weather,explanation,auto,from the Task B References line,"e. Weather system formation, including air masses and fronts"
IR.I.B.K3e,phak,explanation,auto,from the Task B References line,"e. Weather system formation, including air masses and fronts"
IR.I.B.K3e,risk-management,explanation,auto,from the Task B References line,"e. Weather system formation, including air masses and fronts"
IR.I.B.K3f,14cfr:part-91,regulation,auto,from the Task B References line,f. Clouds
IR.I.B.K3f,ac-91-92,guidance,auto,from the Task B References line,f. Clouds
IR.I.B.K3f,afh,explanation,auto,from the Task B References line,f. Clouds
IR.I.B.K3f,aim,guidance,auto,from the Task B References line,f. Clouds
IR.I.B.K3f,aviation-weather,explanation,auto,from the Task B References line,f. Clouds
IR.I.B.K3f,phak,explanation,auto,from the Task B References line,f. Clouds
IR.I.B.K3f,risk-management,explanation,auto,from the Task B References line,f. Clouds
IR.I.B.K3g,14cfr:part-91,regulation,auto,from the Task B References line,g. Turbulence
IR.I.B.K3g,ac-91-92,guidance,auto,from the Task B References line,g. Turbulence
IR.I.B.K3g,afh,explanation,auto,from the Task B References line,g. Turbulence
IR.I.B.K3g,aim,guidance,auto,from the Task B References line,g. Turbulence
IR.I.B.K3g,aviation-weather,explanation,auto,from the Task B References line,g. Turbulence
IR.I.B.K3g,phak,explanation,auto,from the Task B References line,g. Turbulence
IR.I.B.K3g,risk-management,explanation,auto,from the Task B References line,g. Turbulence
IR.I.B.K3h,14cfr:part-91,regulation,auto,from the Task B References line,h. Thunderstorms and microbursts
IR.I.B.K3h,ac-91-92,guidance,auto,from the Task B References line,h. Thunderstorms and microbursts
IR.I.B.K3h,afh,explanation,auto,from the Task B References line,h. Thunderstorms and microbursts
IR.I.B.K3h,aim,guidance,auto,from the Task B References line,h. Thunderstorms and microbursts
IR.I.B.K3h,aviation-weather,explanation,auto,from the Task B References line,h. Thunderstorms and microbursts
IR.I.B.K3h,phak,explanation,auto,from the Task B References line,h. Thunderstorms and microbursts
IR.I.B.K3h,risk-management,explanation,auto,from the Task B References line,h. Thunderstorms and microbursts
IR.I.B.K3i,14cfr:part-91,regulation,auto,from the Task B References line,i. Icing and freezing level information
IR.I.B.K3i,ac-91-92,guidance,auto,from the Task B References line,i. Icing and freezing level information
IR.I.B.K3i,afh,explanation,auto,from the Task B References line,i. Icing and freezing level information
IR.I.B.K3i,aim,guidance,auto,from the Task B References line,i. Icing and freezing level information
IR.I.B.K3i,aviation-weather,explanation,auto,from the Task B References line,i. Icing and freezing level information
IR.I.B.K3i,phak,explanation,auto,from the Task B References line,i. Icing and freezing level information
IR.I.B.K3i,risk-management,explanation,auto,from the Task B References line,i. Icing and freezing level information
IR.I.B.K3j,14cfr:part-91,regulation,auto,from the Task B References line,j. Fog/mist
IR.I.B.K3j,ac-91-92,guidance,auto,from the Task B References line,j. Fog/mist
IR.I.B.K3j,afh,explanation,auto,from the Task B References line,j. Fog/mist
IR.I.B.K3j,aim,guidance,auto,from the Task B References line,j. Fog/mist
IR.I.B.K3j,aviation-weather,explanation,auto,from the Task B References line,j. Fog/mist
IR.I.B.K3j,phak,explanation,auto,from the Task B References line,j. Fog/mist
IR.I.B.K3j,risk-management,explanation,auto,from the Task B References line,j. Fog/mist
IR.I.B.K3k,14cfr:part-91,regulation,auto,from the Task B References line,k. Frost
IR.I.B.K3k,ac-91-92,guidance,auto,from the Task B References line,k. Frost
IR.I.B.K3k,afh,explanation,auto,from the Task B References line,k. Frost
IR.I.B.K3k,aim,guidance,auto,from the Task B References line,k. Frost
IR.I.B.K3k,aviation-weather,explanation,auto,from the Task B References line,k. Frost
IR.I.B.K3k,phak,explanation,auto,from the Task B References line,k. Frost
IR.I.B.K3k,risk-management,explanation,auto,from the Task B References line,k. Frost
IR.I.B.K3l,14cfr:part-91,regulation,auto,from the Task B References line,"l. Obstructions to visibility (e.g., smoke, haze, volcanic ash, etc.)"
IR.I.B.K3l,ac-91-92,guidance,auto,from the Task B References line,"l. Obstructions to visibility (e.g., smoke, haze, volcanic ash, etc.)"
IR.I.B.K3l,afh,explanation,auto,from the Task B References line,"l. Obstructions to visibility (e.g., smoke, haze, volcanic ash, etc.)"
IR.I.B.K3l,aim,guidance,auto,from the Task B References line,"l. Obstructions to visibility (e.g., smoke, haze, volcanic ash, etc.)"
IR.I.B.K3l,aviation-weather,explanation,auto,from the Task B References line,"l. Obstructions to visibility (e.g., smoke, haze, volcanic ash, etc.)"
IR.I.B.K3l,phak,explanation,auto,from the Task B References line,"l. Obstructions to visibility (e.g., smoke, haze, volcanic ash, etc.)"
IR.I.B.K3l,risk-management,explanation,auto,from the Task B References line,"l. Obstructions to visibility (e.g., smoke, haze, volcanic ash, etc.)"
IR.I.B.K4,14cfr:part-91,regulation,auto,from the Task B References line,Flight deck instrument displays of digital weather and aeronautical information.
IR.I.B.K4,ac-91-92,guidance,auto,from the Task B References line,Flight deck instrument displays of digital weather and aeronautical information.
IR.I.B.K4,afh,explanation,auto,from the Task B References line,Flight deck instrument displays of digital weather and aeronautical information.
IR.I.B.K4,aim,guidance,auto,from the Task B References line,Flight deck instrument displays of digital weather and aeronautical information.
IR.I.B.K4,aviation-weather,explanation,auto,from the Task B References line,Flight deck instrument displays of digital weather and aeronautical information.
IR.I.B.K4,phak,explanation,auto,from the Task B References line,Flight deck instrument displays of digital weather and aeronautical information.
IR.I.B.K4,risk-management,explanation,auto,from the Task B References line,Flight deck instrument displays of digital weather and aeronautical information.
IR.I.B.R1,14cfr:part-91,regulation,auto,from the Task B References line,"Making the go/no-go and continue/divert decisions, including:"
IR.I.B.R1,ac-91-92,guidance,auto,from the Task B References line,"Making the go/no-go and continue/divert decisions, including:"
IR.I.B.R1,afh,explanation,auto,from the Task B References line,"Making the go/no-go and continue/divert decisions, including:"
IR.I.B.R1,aim,guidance,auto,from the Task B References line,"Making the go/no-go and continue/divert decisions, including:"
IR.I.B.R1,aviation-weather,explanation,auto,from the Task B References line,"Making the go/no-go and continue/divert decisions, including:"
IR.I.B.R1,phak,explanation,auto,from the Task B References line,"Making the go/no-go and continue/divert decisions, including:"
IR.I.B.R1,risk-management,explanation,auto,from the Task B References line,"Making the go/no-go and continue/divert decisions, including:"
IR.I.B.R1a,14cfr:part-91,regulation,auto,from the Task B References line,a. Circumstances that would make diversion prudent
IR.I.B.R1a,ac-91-92,guidance,auto,from the Task B References line,a. Circumstances that would make diversion prudent
IR.I.B.R1a,afh,explanation,auto,from the Task B References line,a. Circumstances that would make diversion prudent
IR.I.B.R1a,aim,guidance,auto,from the Task B References line,a. Circumstances that would make diversion prudent
IR.I.B.R1a,aviation-weather,explanation,auto,from the Task B References line,a. Circumstances that would make diversion prudent
IR.I.B.R1a,phak,explanation,auto,from the Task B References line,a. Circumstances that would make diversion prudent
IR.I.B.R1a,risk-management,explanation,auto,from the Task B References line,a. Circumstances that would make diversion prudent
IR.I.B.R1b,14cfr:part-91,regulation,auto,from the Task B References line,b. Personal weather minimums
IR.I.B.R1b,ac-91-92,guidance,auto,from the Task B References line,b. Personal weather minimums
IR.I.B.R1b,afh,explanation,auto,from the Task B References line,b. Personal weather minimums
IR.I.B.R1b,aim,guidance,auto,from the Task B References line,b. Personal weather minimums
IR.I.B.R1b,aviation-weather,explanation,auto,from the Task B References line,b. Personal weather minimums
IR.I.B.R1b,phak,explanation,auto,from the Task B References line,b. Personal weather minimums
IR.I.B.R1b,risk-management,explanation,auto,from the Task B References line,b. Personal weather minimums
IR.I.B.R1c,14cfr:part-91,regulation,auto,from the Task B References line,"c. Hazardous weather conditions, including known or forecast icing or turbulence aloft"
IR.I.B.R1c,ac-91-92,guidance,auto,from the Task B References line,"c. Hazardous weather conditions, including known or forecast icing or turbulence aloft"
IR.I.B.R1c,afh,explanation,auto,from the Task B References line,"c. Hazardous weather conditions, including known or forecast icing or turbulence aloft"
IR.I.B.R1c,aim,guidance,auto,from the Task B References line,"c. Hazardous weather conditions, including known or forecast icing or turbulence aloft"
IR.I.B.R1c,aviation-weather,explanation,auto,from the Task B References line,"c. Hazardous weather conditions, including known or forecast icing or turbulence aloft"
IR.I.B.R1c,phak,explanation,auto,from the Task B References line,"c. Hazardous weather conditions, including known or forecast icing or turbulence aloft"
IR.I.B.R1c,risk-management,explanation,auto,from the Task B References line,"c. Hazardous weather conditions, including known or forecast icing or turbulence aloft"
IR.I.B.R2,14cfr:part-91,regulation,auto,from the Task B References line,Use and limitations of:
IR.I.B.R2,ac-91-92,guidance,auto,from the Task B References line,Use and limitations of:
IR.I.B.R2,afh,explanation,auto,from the Task B References line,Use and limitations of:
IR.I.B.R2,aim,guidance,auto,from the Task B References line,Use and limitations of:
IR.I.B.R2,aviation-weather,explanation,auto,from the Task B References line,Use and limitations of:
IR.I.B.R2,phak,explanation,auto,from the Task B References line,Use and limitations of:
IR.I.B.R2,risk-management,explanation,auto,from the Task B References line,Use and limitations of:
IR.I.B.R2a,14cfr:part-91,regulation,auto,from the Task B References line,a. Installed onboard weather equipment
IR.I.B.R2a,ac-91-92,guidance,auto,from the Task B References line,a. Installed onboard weather equipment
IR.I.B.R2a,afh,explanation,auto,from the Task B References line,a. Installed onboard weather equipment
IR.I.B.R2a,aim,guidance,auto,from the Task B References line,a. Installed onboard weather equipment
IR.I.B.R2a,aviation-weather,explanation,auto,from the Task B References line,a. Installed onboard weather equipment
IR.I.B.R2a,phak,explanation,auto,from the Task B References line,a. Installed onboard weather equipment
IR.I.B.R2a,risk-management,explanation,auto,from the Task B References line,a. Installed onboard weather equipment
IR.I.B.R2b,14cfr:part-91,regulation,auto,from the Task B References line,b. Aviation weather reports and forecasts
IR.I.B.R2b,ac-91-92,guidance,auto,from the Task B References line,b. Aviation weather reports and forecasts
IR.I.B.R2b,afh,explanation,auto,from the Task B References line,b. Aviation weather reports and forecasts
IR.I.B.R2b,aim,guidance,auto,from the Task B References line,b. Aviation weather reports and forecasts
IR.I.B.R2b,aviation-weather,explanation,auto,from the Task B References line,b. Aviation weather reports and forecasts
IR.I.B.R2b,phak,explanation,auto,from the Task B References line,b. Aviation weather reports and forecasts
IR.I.B.R2b,risk-management,explanation,auto,from the Task B References line,b. Aviation weather reports and forecasts
IR.I.B.R2c,14cfr:part-91,regulation,auto,from the Task B References line,c. Inflight weather resources
IR.I.B.R2c,ac-91-92,guidance,auto,from the Task B References line,c. Inflight weather resources
IR.I.B.R2c,afh,explanation,auto,from the Task B References line,c. Inflight weather resources
IR.I.B.R2c,aim,guidance,auto,from the Task B References line,c. Inflight weather resources
IR.I.B.R2c,aviation-weather,explanation,auto,from the Task B References line,c. Inflight weather resources
IR.I.B.R2c,phak,explanation,auto,from the Task B References line,c. Inflight weather resources
IR.I.B.R2c,risk-management,explanation,auto,from the Task B References line,c. Inflight weather resources
IR.I.B.S1,14cfr:part-91,regulation,auto,from the Task B References line,Use available aviation weather resources to obtain an adequate weather briefing.
IR.I.B.S1,ac-91-92,guidance,auto,from the Task B References line,Use available aviation weather resources to obtain an adequate weather briefing.
IR.I.B.S1,afh,explanation,auto,from the Task B References line,Use available aviation weather resources to obtain an adequate weather briefing.
IR.I.B.S1,aim,guidance,auto,from the Task B References line,Use available aviation weather resources to obtain an adequate weather briefing.
IR.I.B.S1,aviation-weather,explanation,auto,from the Task B References line,Use available aviation weather resources to obtain an adequate weather briefing.
IR.I.B.S1,phak,explanation,auto,from the Task B References line,Use available aviation weather resources to obtain an adequate weather briefing.
IR.I.B.S1,risk-management,explanation,auto,from the Task B References line,Use available aviation weather resources to obtain an adequate weather briefing.
IR.I.B.S2,14cfr:part-91,regulation,auto,from the Task B References line,"Analyze the implications of at least three of the conditions listed in K3a through K3l, using actual weather or weather conditions provided by the evaluator."
IR.I.B.S2,ac-91-92,guidance,auto,from the Task B References line,"Analyze the implications of at least three of the conditions listed in K3a through K3l, using actual weather or weather conditions provided by the evaluator."
IR.I.B.S2,afh,explanation,auto,from the Task B References line,"Analyze the implications of at least three of the conditions listed in K3a through K3l, using actual weather or weather conditions provided by the evaluator."
IR.I.B.S2,aim,guidance,auto,from the Task B References line,"Analyze the implications of at least three of the conditions listed in K3a through K3l, using actual weather or weather conditions provided by the evaluator."
IR.I.B.S2,aviation-weather,explanation,auto,from the Task B References line,"Analyze the implications of at least three of the conditions listed in K3a through K3l, using actual weather or weather conditions provided by the evaluator."
IR.I.B.S2,phak,explanation,auto,from the Task B References line,"Analyze the implications of at least three of the conditions listed in K3a through K3l, using actual weather or weather conditions provided by the evaluator."
IR.I.B.S2,risk-management,explanation,auto,from the Task B References line,"Analyze the implications of at least three of the conditions listed in K3a through K3l, using actual weather or weather conditions provided by the evaluator."
IR.I.B.S3,14cfr:part-91,regulation,auto,from the Task B References line,Correlate weather information to make a go/no-go decision. 4
IR.I.B.S3,ac-91-92,guidance,auto,from the Task B References line,Correlate weather information to make a go/no-go decision. 4
IR.I.B.S3,afh,explanation,auto,from the Task B References line,Correlate weather information to make a go/no-go decision. 4
IR.I.B.S3,aim,guidance,auto,from the Task B References line,Correlate weather information to make a go/no-go decision. 4
IR.I.B.S3,aviation-weather,explanation,auto,from the Task B References line,Correlate weather information to make a go/no-go decision. 4
IR.I.B.S3,phak,explanation,auto,from the Task B References line,Correlate weather information to make a go/no-go decision. 4
IR.I.B.S3,risk-management,explanation,auto,from the Task B References line,Correlate weather information to make a go/no-go decision. 4
IR.I.B.S4,14cfr:part-91,regulation,auto,from the Task B References line,"Determine whether an alternate airport is required, and, if required, whether the selected alternate airport meets regulatory requirements."
IR.I.B.S4,ac-91-92,guidance,auto,from the Task B References line,"Determine whether an alternate airport is required, and, if required, whether the selected alternate airport meets regulatory requirements."
IR.I.B.S4,afh,explanation,auto,from the Task B References line,"Determine whether an alternate airport is required, and, if required, whether the selected alternate airport meets regulatory requirements."
IR.I.B.S4,aim,guidance,auto,from the Task B References line,"Determine whether an alternate airport is required, and, if required, whether the selected alternate airport meets regulatory requirements."
IR.I.B.S4,aviation-weather,explanation,auto,from the Task B References line,"Determine whether an alternate airport is required, and, if required, whether the selected alternate airport meets regulatory requirements."
IR.I.B.S4,phak,explanation,auto,from the Task B References line,"Determine whether an alternate airport is required, and, if required, whether the selected alternate airport meets regulatory requirements."
IR.I.B.S4,risk-management,explanation,auto,from the Task B References line,"Determine whether an alternate airport is required, and, if required, whether the selected alternate airport meets regulatory requirements."
IR.I.C.K1,14cfr:part-91,regulation,auto,from the Task C References line,"Route planning, including consideration of:"
IR.I.C.K1,afh,explanation,auto,from the Task C References line,"Route planning, including consideration of:"
IR.I.C.K1,aim,guidance,auto,from the Task C References line,"Route planning, including consideration of:"
IR.I.C.K1,ifh,explanation,auto,from the Task C References line,"Route planning, including consideration of:"
IR.I.C.K1,risk-management,explanation,auto,from the Task C References line,"Route planning, including consideration of:"
IR.I.C.K1a,14cfr:part-91,regulation,auto,from the Task C References line,a. Available navigational facilities
IR.I.C.K1a,afh,explanation,auto,from the Task C References line,a. Available navigational facilities
IR.I.C.K1a,aim,guidance,auto,from the Task C References line,a. Available navigational facilities
IR.I.C.K1a,ifh,explanation,auto,from the Task C References line,a. Available navigational facilities
IR.I.C.K1a,risk-management,explanation,auto,from the Task C References line,a. Available navigational facilities
IR.I.C.K1b,14cfr:part-91,regulation,auto,from the Task C References line,b. Special use airspace
IR.I.C.K1b,afh,explanation,auto,from the Task C References line,b. Special use airspace
IR.I.C.K1b,aim,guidance,auto,from the Task C References line,b. Special use airspace
IR.I.C.K1b,ifh,explanation,auto,from the Task C References line,b. Special use airspace
IR.I.C.K1b,risk-management,explanation,auto,from the Task C References line,b. Special use airspace
IR.I.C.K1c,14cfr:part-91,regulation,auto,from the Task C References line,c. Preferred routes
IR.I.C.K1c,afh,explanation,auto,from the Task C References line,c. Preferred routes
IR.I.C.K1c,aim,guidance,auto,from the Task C References line,c. Preferred routes
IR.I.C.K1c,ifh,explanation,auto,from the Task C References line,c. Preferred routes
IR.I.C.K1c,risk-management,explanation,auto,from the Task C References line,c. Preferred routes
IR.I.C.K1d,14cfr:part-91,regulation,auto,from the Task C References line,d. Primary and alternate airports
IR.I.C.K1d,afh,explanation,auto,from the Task C References line,d. Primary and alternate airports
IR.I.C.K1d,aim,guidance,auto,from the Task C References line,d. Primary and alternate airports
IR.I.C.K1d,ifh,explanation,auto,from the Task C References line,d. Primary and alternate airports
IR.I.C.K1d,risk-management,explanation,auto,from the Task C References line,d. Primary and alternate airports
IR.I.C.K1e,14cfr:part-91,regulation,auto,from the Task C References line,e. Enroute charts
IR.I.C.K1e,afh,explanation,auto,from the Task C References line,e. Enroute charts
IR.I.C.K1e,aim,guidance,auto,from the Task C References line,e. Enroute charts
IR.I.C.K1e,ifh,explanation,auto,from the Task C References line,e. Enroute charts
IR.I.C.K1e,risk-management,explanation,auto,from the Task C References line,e. Enroute charts
IR.I.C.K1f,14cfr:part-91,regulation,auto,from the Task C References line,f. Chart Supplements
IR.I.C.K1f,afh,explanation,auto,from the Task C References line,f. Chart Supplements
IR.I.C.K1f,aim,guidance,auto,from the Task C References line,f. Chart Supplements
IR.I.C.K1f,ifh,explanation,auto,from the Task C References line,f. Chart Supplements
IR.I.C.K1f,risk-management,explanation,auto,from the Task C References line,f. Chart Supplements
IR.I.C.K1g,14cfr:part-91,regulation,auto,from the Task C References line,g. NOTAMS
IR.I.C.K1g,afh,explanation,auto,from the Task C References line,g. NOTAMS
IR.I.C.K1g,aim,guidance,auto,from the Task C References line,g. NOTAMS
IR.I.C.K1g,ifh,explanation,auto,from the Task C References line,g. NOTAMS
IR.I.C.K1g,risk-management,explanation,auto,from the Task C References line,g. NOTAMS
IR.I.C.K1h,14cfr:part-91,regulation,auto,from the Task C References line,h. Terminal Procedures Publications (TPP)
IR.I.C.K1h,afh,explanation,auto,from the Task C References line,h. Terminal Procedures Publications (TPP)
IR.I.C.K1h,aim,guidance,auto,from the Task C References line,h. Terminal Procedures Publications (TPP)
IR.I.C.K1h,ifh,explanation,auto,from the Task C References line,h. Terminal Procedures Publications (TPP)
IR.I.C.K1h,risk-management,explanation,auto,from the Task C References line,h. Terminal Procedures Publications (TPP)
IR.I.C.K2,14cfr:part-91,regulation,auto,from the Task C References line,"Altitude selection accounting for terrain and obstacles, glide distance of airplane, IFR cruising altitudes, effect of wind, and oxygen requirements."
IR.I.C.K2,afh,explanation,auto,from the Task C References line,"Altitude selection accounting for terrain and obstacles, glide distance of airplane, IFR cruising altitudes, effect of wind, and oxygen requirements."
IR.I.C.K2,aim,guidance,auto,from the Task C References line,"Altitude selection accounting for terrain and obstacles, glide distance of airplane, IFR cruising altitudes, effect of wind, and oxygen requirements."
IR.I.C.K2,ifh,explanation,auto,from the Task C References line,"Altitude selection accounting for terrain and obstacles, glide distance of airplane, IFR cruising altitudes, effect of wind, and oxygen requirements."
IR.I.C.K2,risk-management,explanation,auto,from the Task C References line,"Altitude selection accounting for terrain and obstacles, glide distance of airplane, IFR cruising altitudes, effect of wind, and oxygen requirements."
IR.I.C.K3,14cfr:part-91,regulation,auto,from the Task C References line,Calculating:
IR.I.C.K3,afh,explanation,auto,from the Task C References line,Calculating:
IR.I.C.K3,aim,guidance,auto,from the Task C References line,Calculating:
IR.I.C.K3,ifh,explanation,auto,from the Task C References line,Calculating:
IR.I.C.K3,risk-management,explanation,auto,from the Task C References line,Calculating:
IR.I.C.K3a,14cfr:part-91,regulation,auto,from the Task C References line,"a. Time, climb and descent rates, course, distance, heading, true airspeed, and groundspeed"
IR.I.C.K3a,afh,explanation,auto,from the Task C References line,"a. Time, climb and descent rates, course, distance, heading, true airspeed, and groundspeed"
IR.I.C.K3a,aim,guidance,auto,from the Task C References line,"a. Time, climb and descent rates, course, distance, heading, true airspeed, and groundspeed"
IR.I.C.K3a,ifh,explanation,auto,from the Task C References line,"a. Time, climb and descent rates, course, distance, heading, true airspeed, and groundspeed"
IR.I.C.K3a,risk-management,explanation,auto,from the Task C References line,"a. Time, climb and descent rates, course, distance, heading, true airspeed, and groundspeed"
IR.I.C.K3b,14cfr:part-91,regulation,auto,from the Task C References line,"b. Estimated time of arrival, including conversion to universal coordinated time (UTC)"
IR.I.C.K3b,afh,explanation,auto,from the Task C References line,"b. Estimated time of arrival, including conversion to universal coordinated time (UTC)"
IR.I.C.K3b,aim,guidance,auto,from the Task C References line,"b. Estimated time of arrival, including conversion to universal coordinated time (UTC)"
IR.I.C.K3b,ifh,explanation,auto,from the Task C References line,"b. Estimated time of arrival, including conversion to universal coordinated time (UTC)"
IR.I.C.K3b,risk-management,explanation,auto,from the Task C References line,"b. Estimated time of arrival, including conversion to universal coordinated time (UTC)"
IR.I.C.K3c,14cfr:part-91,regulation,auto,from the Task C References line,"c. Fuel requirements, including reserve"
IR.I.C.K3c,afh,explanation,auto,from the Task C References line,"c. Fuel requirements, including reserve"
IR.I.C.K3c,aim,guidance,auto,from the Task C References line,"c. Fuel requirements, including reserve"
IR.I.C.K3c,ifh,explanation,auto,from the Task C References line,"c. Fuel requirements, including reserve"
IR.I.C.K3c,risk-management,explanation,auto,from the Task C References line,"c. Fuel requirements, including reserve"
IR.I.C.K4,14cfr:part-91,regulation,auto,from the Task C References line,Elements of an IFR flight plan.
IR.I.C.K4,afh,explanation,auto,from the Task C References line,Elements of an IFR flight plan.
IR.I.C.K4,aim,guidance,auto,from the Task C References line,Elements of an IFR flight plan.
IR.I.C.K4,ifh,explanation,auto,from the Task C References line,Elements of an IFR flight plan.
IR.I.C.K4,risk-management,explanation,auto,from the Task C References line,Elements of an IFR flight plan.
IR.I.C.K5,14cfr:part-91,regulation,auto,from the Task C References line,Procedures for activating and closing an IFR flight plan in controlled and uncontrolled airspace.
IR.I.C.K5,afh,explanation,auto,from the Task C References line,Procedures for activating and closing an IFR flight plan in controlled and uncontrolled airspace.
IR.I.C.K5,aim,guidance,auto,from the Task C References line,Procedures for activating and closing an IFR flight plan in controlled and uncontrolled airspace.
IR.I.C.K5,ifh,explanation,auto,from the Task C References line,Procedures for activating and closing an IFR flight plan in controlled and uncontrolled airspace.
IR.I.C.K5,risk-management,explanation,auto,from the Task C References line,Procedures for activating and closing an IFR flight plan in controlled and uncontrolled airspace.
IR.I.C.R1,14cfr:part-91,regulation,auto,from the Task C References line,Pilot.
IR.I.C.R1,afh,explanation,auto,from the Task C References line,Pilot.
IR.I.C.R1,aim,guidance,auto,from the Task C References line,Pilot.
IR.I.C.R1,ifh,explanation,auto,from the Task C References line,Pilot.
IR.I.C.R1,risk-management,explanation,auto,from the Task C References line,Pilot.
IR.I.C.R2,14cfr:part-91,regulation,auto,from the Task C References line,Aircraft.
IR.I.C.R2,afh,explanation,auto,from the Task C References line,Aircraft.
IR.I.C.R2,aim,guidance,auto,from the Task C References line,Aircraft.
IR.I.C.R2,ifh,explanation,auto,from the Task C References line,Aircraft.
IR.I.C.R2,risk-management,explanation,auto,from the Task C References line,Aircraft.
IR.I.C.R3,14cfr:part-91,regulation,auto,from the Task C References line,"Environment (e.g., weather, airports, airspace, terrain, obstacles)."
IR.I.C.R3,afh,explanation,auto,from the Task C References line,"Environment (e.g., weather, airports, airspace, terrain, obstacles)."
IR.I.C.R3,aim,guidance,auto,from the Task C References line,"Environment (e.g., weather, airports, airspace, terrain, obstacles)."
IR.I.C.R3,ifh,explanation,auto,from the Task C References line,"Environment (e.g., weather, airports, airspace, terrain, obstacles)."
IR.I.C.R3,risk-management,explanation,auto,from the Task C References line,"Environment (e.g., weather, airports, airspace, terrain, obstacles)."
IR.I.C.R4,14cfr:part-91,regulation,auto,from the Task C References line,External pressures.
IR.I.C.R4,afh,explanation,auto,from the Task C References line,External pressures.
IR.I.C.R4,aim,guidance,auto,from the Task C References line,External pressures.
IR.I.C.R4,ifh,explanation,auto,from the Task C References line,External pressures.
IR.I.C.R4,risk-management,explanation,auto,from the Task C References line,External pressures.
IR.I.C.R5,14cfr:part-91,regulation,auto,from the Task C References line,Limitations of air traffic control (ATC) services.
IR.I.C.R5,afh,explanation,auto,from the Task C References line,Limitations of air traffic control (ATC) services.
IR.I.C.R5,aim,guidance,auto,from the Task C References line,Limitations of air traffic control (ATC) services.
IR.I.C.R5,ifh,explanation,auto,from the Task C References line,Limitations of air traffic control (ATC) services.
IR.I.C.R5,risk-management,explanation,auto,from the Task C References line,Limitations of air traffic control (ATC) services.
IR.I.C.R6,14cfr:part-91,regulation,auto,from the Task C References line,Limitations of electronic planning applications and programs. 5
IR.I.C.R6,afh,explanation,auto,from the Task C References line,Limitations of electronic planning applications and programs. 5
IR.I.C.R6,aim,guidance,auto,from the Task C References line,Limitations of electronic planning applications and programs. 5
IR.I.C.R6,ifh,explanation,auto,from the Task C References line,Limitations of electronic planning applications and programs. 5
IR.I.C.R6,risk-management,explanation,auto,from the Task C References line,Limitations of electronic planning applications and programs. 5
IR.I.C.R7,14cfr:part-91,regulation,auto,from the Task C References line,Fuel planning.
IR.I.C.R7,afh,explanation,auto,from the Task C References line,Fuel planning.
IR.I.C.R7,aim,guidance,auto,from the Task C References line,Fuel planning.
IR.I.C.R7,ifh,explanation,auto,from the Task C References line,Fuel planning.
IR.I.C.R7,risk-management,explanation,auto,from the Task C References line,Fuel planning.
IR.I.C.S1,14cfr:part-91,regulation,auto,from the Task C References line,"Prepare, present, and explain a cross-country flight plan assigned by the evaluator including a risk analysis based on real time weather, which includes calculating time en route and fuel considering factors such as power settings, operating altitude, wind, fuel reserve requirements, and weight and "
IR.I.C.S1,afh,explanation,auto,from the Task C References line,"Prepare, present, and explain a cross-country flight plan assigned by the evaluator including a risk analysis based on real time weather, which includes calculating time en route and fuel considering factors such as power settings, operating altitude, wind, fuel reserve requirements, and weight and "
IR.I.C.S1,aim,guidance,auto,from the Task C References line,"Prepare, present, and explain a cross-country flight plan assigned by the evaluator including a risk analysis based on real time weather, which includes calculating time en route and fuel considering factors such as power settings, operating altitude, wind, fuel reserve requirements, and weight and "
IR.I.C.S1,ifh,explanation,auto,from the Task C References line,"Prepare, present, and explain a cross-country flight plan assigned by the evaluator including a risk analysis based on real time weather, which includes calculating time en route and fuel considering factors such as power settings, operating altitude, wind, fuel reserve requirements, and weight and "
IR.I.C.S1,risk-management,explanation,auto,from the Task C References line,"Prepare, present, and explain a cross-country flight plan assigned by the evaluator including a risk analysis based on real time weather, which includes calculating time en route and fuel considering factors such as power settings, operating altitude, wind, fuel reserve requirements, and weight and "
IR.I.C.S2,14cfr:part-91,regulation,auto,from the Task C References line,Recalculate fuel reserves based on a scenario provided by the evaluator.
IR.I.C.S2,afh,explanation,auto,from the Task C References line,Recalculate fuel reserves based on a scenario provided by the evaluator.
IR.I.C.S2,aim,guidance,auto,from the Task C References line,Recalculate fuel reserves based on a scenario provided by the evaluator.
IR.I.C.S2,ifh,explanation,auto,from the Task C References line,Recalculate fuel reserves based on a scenario provided by the evaluator.
IR.I.C.S2,risk-management,explanation,auto,from the Task C References line,Recalculate fuel reserves based on a scenario provided by the evaluator.
IR.I.C.S3,14cfr:part-91,regulation,auto,from the Task C References line,Create a navigation plan and simulate filing an IFR flight plan.
IR.I.C.S3,afh,explanation,auto,from the Task C References line,Create a navigation plan and simulate filing an IFR flight plan.
IR.I.C.S3,aim,guidance,auto,from the Task C References line,Create a navigation plan and simulate filing an IFR flight plan.
IR.I.C.S3,ifh,explanation,auto,from the Task C References line,Create a navigation plan and simulate filing an IFR flight plan.
IR.I.C.S3,risk-management,explanation,auto,from the Task C References line,Create a navigation plan and simulate filing an IFR flight plan.
IR.I.C.S4,14cfr:part-91,regulation,auto,from the Task C References line,"Interpret departure, arrival, en route, and approach procedures with reference to appropriate and current charts."
IR.I.C.S4,afh,explanation,auto,from the Task C References line,"Interpret departure, arrival, en route, and approach procedures with reference to appropriate and current charts."
IR.I.C.S4,aim,guidance,auto,from the Task C References line,"Interpret departure, arrival, en route, and approach procedures with reference to appropriate and current charts."
IR.I.C.S4,ifh,explanation,auto,from the Task C References line,"Interpret departure, arrival, en route, and approach procedures with reference to appropriate and current charts."
IR.I.C.S4,risk-management,explanation,auto,from the Task C References line,"Interpret departure, arrival, en route, and approach procedures with reference to appropriate and current charts."
IR.I.C.S5,14cfr:part-91,regulation,auto,from the Task C References line,"Recognize simulated wing contamination due to airframe icing and demonstrate knowledge of the adverse effects of airframe icing during pre-takeoff, takeoff, cruise, and landing phases of flight as well as the corrective actions."
IR.I.C.S5,afh,explanation,auto,from the Task C References line,"Recognize simulated wing contamination due to airframe icing and demonstrate knowledge of the adverse effects of airframe icing during pre-takeoff, takeoff, cruise, and landing phases of flight as well as the corrective actions."
IR.I.C.S5,aim,guidance,auto,from the Task C References line,"Recognize simulated wing contamination due to airframe icing and demonstrate knowledge of the adverse effects of airframe icing during pre-takeoff, takeoff, cruise, and landing phases of flight as well as the corrective actions."
IR.I.C.S5,ifh,explanation,auto,from the Task C References line,"Recognize simulated wing contamination due to airframe icing and demonstrate knowledge of the adverse effects of airframe icing during pre-takeoff, takeoff, cruise, and landing phases of flight as well as the corrective actions."
IR.I.C.S5,risk-management,explanation,auto,from the Task C References line,"Recognize simulated wing contamination due to airframe icing and demonstrate knowledge of the adverse effects of airframe icing during pre-takeoff, takeoff, cruise, and landing phases of flight as well as the corrective actions."
IR.I.C.S6,14cfr:part-91,regulation,auto,from the Task C References line,"Apply pertinent information from appropriate and current aeronautical charts, Chart Supplements; Notices to Air Missions (NOTAMs) relative to airport, runway and taxiway closures; and other flight publications. 6"
IR.I.C.S6,afh,explanation,auto,from the Task C References line,"Apply pertinent information from appropriate and current aeronautical charts, Chart Supplements; Notices to Air Missions (NOTAMs) relative to airport, runway and taxiway closures; and other flight publications. 6"
IR.I.C.S6,aim,guidance,auto,from the Task C References line,"Apply pertinent information from appropriate and current aeronautical charts, Chart Supplements; Notices to Air Missions (NOTAMs) relative to airport, runway and taxiway closures; and other flight publications. 6"
IR.I.C.S6,ifh,explanation,auto,from the Task C References line,"Apply pertinent information from appropriate and current aeronautical charts, Chart Supplements; Notices to Air Missions (NOTAMs) relative to airport, runway and taxiway closures; and other flight publications. 6"
IR.I.C.S6,risk-management,explanation,auto,from the Task C References line,"Apply pertinent information from appropriate and current aeronautical charts, Chart Supplements; Notices to Air Missions (NOTAMs) relative to airport, runway and taxiway closures; and other flight publications. 6"
IR.II.A.K1,14cfr:part-91,regulation,auto,from the Task A References line,"The general operational characteristics and limitations of applicable anti-icing and deicing systems, including airframe, propeller, intake, fuel, and pitot-static systems."
IR.II.A.K1,ac-91-74b,guidance,auto,from the Task A References line,"The general operational characteristics and limitations of applicable anti-icing and deicing systems, including airframe, propeller, intake, fuel, and pitot-static systems."
IR.II.A.K1,afh,explanation,auto,from the Task A References line,"The general operational characteristics and limitations of applicable anti-icing and deicing systems, including airframe, propeller, intake, fuel, and pitot-static systems."
IR.II.A.K1,ifh,explanation,auto,from the Task A References line,"The general operational characteristics and limitations of applicable anti-icing and deicing systems, including airframe, propeller, intake, fuel, and pitot-static systems."
IR.II.A.K1,phak,explanation,auto,from the Task A References line,"The general operational characteristics and limitations of applicable anti-icing and deicing systems, including airframe, propeller, intake, fuel, and pitot-static systems."
IR.II.A.K1,risk-management,explanation,auto,from the Task A References line,"The general operational characteristics and limitations of applicable anti-icing and deicing systems, including airframe, propeller, intake, fuel, and pitot-static systems."
IR.II.A.K2,14cfr:part-91,regulation,auto,from the Task A References line,Flight control systems.
IR.II.A.K2,ac-91-74b,guidance,auto,from the Task A References line,Flight control systems.
IR.II.A.K2,afh,explanation,auto,from the Task A References line,Flight control systems.
IR.II.A.K2,ifh,explanation,auto,from the Task A References line,Flight control systems.
IR.II.A.K2,phak,explanation,auto,from the Task A References line,Flight control systems.
IR.II.A.K2,risk-management,explanation,auto,from the Task A References line,Flight control systems.
IR.II.A.R1,14cfr:part-91,regulation,auto,from the Task A References line,Operations in icing conditions.
IR.II.A.R1,ac-91-74b,guidance,auto,from the Task A References line,Operations in icing conditions.
IR.II.A.R1,afh,explanation,auto,from the Task A References line,Operations in icing conditions.
IR.II.A.R1,ifh,explanation,auto,from the Task A References line,Operations in icing conditions.
IR.II.A.R1,phak,explanation,auto,from the Task A References line,Operations in icing conditions.
IR.II.A.R1,risk-management,explanation,auto,from the Task A References line,Operations in icing conditions.
IR.II.A.R2,14cfr:part-91,regulation,auto,from the Task A References line,Limitations of anti-icing and deicing systems.
IR.II.A.R2,ac-91-74b,guidance,auto,from the Task A References line,Limitations of anti-icing and deicing systems.
IR.II.A.R2,afh,explanation,auto,from the Task A References line,Limitations of anti-icing and deicing systems.
IR.II.A.R2,ifh,explanation,auto,from the Task A References line,Limitations of anti-icing and deicing systems.
IR.II.A.R2,phak,explanation,auto,from the Task A References line,Limitations of anti-icing and deicing systems.
IR.II.A.R2,risk-management,explanation,auto,from the Task A References line,Limitations of anti-icing and deicing systems.
IR.II.A.R3,14cfr:part-91,regulation,auto,from the Task A References line,Use of automated systems in instrument conditions.
IR.II.A.R3,ac-91-74b,guidance,auto,from the Task A References line,Use of automated systems in instrument conditions.
IR.II.A.R3,afh,explanation,auto,from the Task A References line,Use of automated systems in instrument conditions.
IR.II.A.R3,ifh,explanation,auto,from the Task A References line,Use of automated systems in instrument conditions.
IR.II.A.R3,phak,explanation,auto,from the Task A References line,Use of automated systems in instrument conditions.
IR.II.A.R3,risk-management,explanation,auto,from the Task A References line,Use of automated systems in instrument conditions.
IR.II.A.S1,14cfr:part-91,regulation,auto,from the Task A References line,Demonstrate familiarity with anti- or de-icing procedures or information published by the manufacturer specific to the aircraft used on the practical test.
IR.II.A.S1,ac-91-74b,guidance,auto,from the Task A References line,Demonstrate familiarity with anti- or de-icing procedures or information published by the manufacturer specific to the aircraft used on the practical test.
IR.II.A.S1,afh,explanation,auto,from the Task A References line,Demonstrate familiarity with anti- or de-icing procedures or information published by the manufacturer specific to the aircraft used on the practical test.
IR.II.A.S1,ifh,explanation,auto,from the Task A References line,Demonstrate familiarity with anti- or de-icing procedures or information published by the manufacturer specific to the aircraft used on the practical test.
IR.II.A.S1,phak,explanation,auto,from the Task A References line,Demonstrate familiarity with anti- or de-icing procedures or information published by the manufacturer specific to the aircraft used on the practical test.
IR.II.A.S1,risk-management,explanation,auto,from the Task A References line,Demonstrate familiarity with anti- or de-icing procedures or information published by the manufacturer specific to the aircraft used on the practical test.
IR.II.A.S2,14cfr:part-91,regulation,auto,from the Task A References line,"Demonstrate familiarity with the automatic flight control system (AFCS) procedures or information published by the manufacturer specific to the aircraft used on the practical test, if applicable."
IR.II.A.S2,ac-91-74b,guidance,auto,from the Task A References line,"Demonstrate familiarity with the automatic flight control system (AFCS) procedures or information published by the manufacturer specific to the aircraft used on the practical test, if applicable."
IR.II.A.S2,afh,explanation,auto,from the Task A References line,"Demonstrate familiarity with the automatic flight control system (AFCS) procedures or information published by the manufacturer specific to the aircraft used on the practical test, if applicable."
IR.II.A.S2,ifh,explanation,auto,from the Task A References line,"Demonstrate familiarity with the automatic flight control system (AFCS) procedures or information published by the manufacturer specific to the aircraft used on the practical test, if applicable."
IR.II.A.S2,phak,explanation,auto,from the Task A References line,"Demonstrate familiarity with the automatic flight control system (AFCS) procedures or information published by the manufacturer specific to the aircraft used on the practical test, if applicable."
IR.II.A.S2,risk-management,explanation,auto,from the Task A References line,"Demonstrate familiarity with the automatic flight control system (AFCS) procedures or information published by the manufacturer specific to the aircraft used on the practical test, if applicable."
IR.II.B.K1,14cfr:part-91,regulation,auto,from the Task B References line,"Operation of the aircraft’s applicable flight instrument system(s), including:"
IR.II.B.K1,ac-91-78a,guidance,auto,from the Task B References line,"Operation of the aircraft’s applicable flight instrument system(s), including:"
IR.II.B.K1,aim,guidance,auto,from the Task B References line,"Operation of the aircraft’s applicable flight instrument system(s), including:"
IR.II.B.K1,risk-management,explanation,auto,from the Task B References line,"Operation of the aircraft’s applicable flight instrument system(s), including:"
IR.II.B.K1a,14cfr:part-91,regulation,auto,from the Task B References line,a. Pitot-static instrument system and associated instruments
IR.II.B.K1a,ac-91-78a,guidance,auto,from the Task B References line,a. Pitot-static instrument system and associated instruments
IR.II.B.K1a,aim,guidance,auto,from the Task B References line,a. Pitot-static instrument system and associated instruments
IR.II.B.K1a,risk-management,explanation,auto,from the Task B References line,a. Pitot-static instrument system and associated instruments
IR.II.B.K1b,14cfr:part-91,regulation,auto,from the Task B References line,b. Gyroscopic/electric/vacuum instrument system and associated instruments
IR.II.B.K1b,ac-91-78a,guidance,auto,from the Task B References line,b. Gyroscopic/electric/vacuum instrument system and associated instruments
IR.II.B.K1b,aim,guidance,auto,from the Task B References line,b. Gyroscopic/electric/vacuum instrument system and associated instruments
IR.II.B.K1b,risk-management,explanation,auto,from the Task B References line,b. Gyroscopic/electric/vacuum instrument system and associated instruments
IR.II.B.K1c,14cfr:part-91,regulation,auto,from the Task B References line,"c. Electrical systems, electronic flight instrument displays [primary flight display (PFD), multi- function display (MFD)], transponder and automatic dependent surveillance - broadcast (ADS-B)"
IR.II.B.K1c,ac-91-78a,guidance,auto,from the Task B References line,"c. Electrical systems, electronic flight instrument displays [primary flight display (PFD), multi- function display (MFD)], transponder and automatic dependent surveillance - broadcast (ADS-B)"
IR.II.B.K1c,aim,guidance,auto,from the Task B References line,"c. Electrical systems, electronic flight instrument displays [primary flight display (PFD), multi- function display (MFD)], transponder and automatic dependent surveillance - broadcast (ADS-B)"
IR.II.B.K1c,risk-management,explanation,auto,from the Task B References line,"c. Electrical systems, electronic flight instrument displays [primary flight display (PFD), multi- function display (MFD)], transponder and automatic dependent surveillance - broadcast (ADS-B)"
IR.II.B.K1d,14cfr:part-91,regulation,auto,from the Task B References line,d. Magnetic compass
IR.II.B.K1d,ac-91-78a,guidance,auto,from the Task B References line,d. Magnetic compass
IR.II.B.K1d,aim,guidance,auto,from the Task B References line,d. Magnetic compass
IR.II.B.K1d,risk-management,explanation,auto,from the Task B References line,d. Magnetic compass
IR.II.B.K2,14cfr:part-91,regulation,auto,from the Task B References line,"Operation of the aircraft’s applicable navigation system(s), including:"
IR.II.B.K2,ac-91-78a,guidance,auto,from the Task B References line,"Operation of the aircraft’s applicable navigation system(s), including:"
IR.II.B.K2,aim,guidance,auto,from the Task B References line,"Operation of the aircraft’s applicable navigation system(s), including:"
IR.II.B.K2,risk-management,explanation,auto,from the Task B References line,"Operation of the aircraft’s applicable navigation system(s), including:"
IR.II.B.K2a,14cfr:part-91,regulation,auto,from the Task B References line,"a. Very high frequency (VHF) Omnidirectional Range (VOR), distance measuring equipment (DME), instrument landing system (ILS), marker beacon receiver/indicators 7"
IR.II.B.K2a,ac-91-78a,guidance,auto,from the Task B References line,"a. Very high frequency (VHF) Omnidirectional Range (VOR), distance measuring equipment (DME), instrument landing system (ILS), marker beacon receiver/indicators 7"
IR.II.B.K2a,aim,guidance,auto,from the Task B References line,"a. Very high frequency (VHF) Omnidirectional Range (VOR), distance measuring equipment (DME), instrument landing system (ILS), marker beacon receiver/indicators 7"
IR.II.B.K2a,risk-management,explanation,auto,from the Task B References line,"a. Very high frequency (VHF) Omnidirectional Range (VOR), distance measuring equipment (DME), instrument landing system (ILS), marker beacon receiver/indicators 7"
IR.II.B.K2b,14cfr:part-91,regulation,auto,from the Task B References line,"b. Area navigation (RNAV), global positioning system (GPS), Wide Area Augmentation System (WAAS), flight management system (FMS), autopilot"
IR.II.B.K2b,ac-91-78a,guidance,auto,from the Task B References line,"b. Area navigation (RNAV), global positioning system (GPS), Wide Area Augmentation System (WAAS), flight management system (FMS), autopilot"
IR.II.B.K2b,aim,guidance,auto,from the Task B References line,"b. Area navigation (RNAV), global positioning system (GPS), Wide Area Augmentation System (WAAS), flight management system (FMS), autopilot"
IR.II.B.K2b,risk-management,explanation,auto,from the Task B References line,"b. Area navigation (RNAV), global positioning system (GPS), Wide Area Augmentation System (WAAS), flight management system (FMS), autopilot"
IR.II.B.K3,14cfr:part-91,regulation,auto,from the Task B References line,"Use of an electronic flight bag (EFB), if used."
IR.II.B.K3,ac-91-78a,guidance,auto,from the Task B References line,"Use of an electronic flight bag (EFB), if used."
IR.II.B.K3,aim,guidance,auto,from the Task B References line,"Use of an electronic flight bag (EFB), if used."
IR.II.B.K3,risk-management,explanation,auto,from the Task B References line,"Use of an electronic flight bag (EFB), if used."
IR.II.B.R1,14cfr:part-91,regulation,auto,from the Task B References line,Monitoring and management of automated systems.
IR.II.B.R1,ac-91-78a,guidance,auto,from the Task B References line,Monitoring and management of automated systems.
IR.II.B.R1,aim,guidance,auto,from the Task B References line,Monitoring and management of automated systems.
IR.II.B.R1,risk-management,explanation,auto,from the Task B References line,Monitoring and management of automated systems.
IR.II.B.R2,14cfr:part-91,regulation,auto,from the Task B References line,Difference between approved and non-approved navigation devices.
IR.II.B.R2,ac-91-78a,guidance,auto,from the Task B References line,Difference between approved and non-approved navigation devices.
IR.II.B.R2,aim,guidance,auto,from the Task B References line,Difference between approved and non-approved navigation devices.
IR.II.B.R2,risk-management,explanation,auto,from the Task B References line,Difference between approved and non-approved navigation devices.
IR.II.B.R3,14cfr:part-91,regulation,auto,from the Task B References line,"Modes of flight and navigation instruments, including failure conditions."
IR.II.B.R3,ac-91-78a,guidance,auto,from the Task B References line,"Modes of flight and navigation instruments, including failure conditions."
IR.II.B.R3,aim,guidance,auto,from the Task B References line,"Modes of flight and navigation instruments, including failure conditions."
IR.II.B.R3,risk-management,explanation,auto,from the Task B References line,"Modes of flight and navigation instruments, including failure conditions."
IR.II.B.R4,14cfr:part-91,regulation,auto,from the Task B References line,Use of an electronic flight bag.
IR.II.B.R4,ac-91-78a,guidance,auto,from the Task B References line,Use of an electronic flight bag.
IR.II.B.R4,aim,guidance,auto,from the Task B References line,Use of an electronic flight bag.
IR.II.B.R4,risk-management,explanation,auto,from the Task B References line,Use of an electronic flight bag.
IR.II.B.R5,14cfr:part-91,regulation,auto,from the Task B References line,Use of navigation databases.
IR.II.B.R5,ac-91-78a,guidance,auto,from the Task B References line,Use of navigation databases.
IR.II.B.R5,aim,guidance,auto,from the Task B References line,Use of navigation databases.
IR.II.B.R5,risk-management,explanation,auto,from the Task B References line,Use of navigation databases.
IR.II.B.S1,14cfr:part-91,regulation,auto,from the Task B References line,Operate and manage installed instruments and navigation equipment.
IR.II.B.S1,ac-91-78a,guidance,auto,from the Task B References line,Operate and manage installed instruments and navigation equipment.
IR.II.B.S1,aim,guidance,auto,from the Task B References line,Operate and manage installed instruments and navigation equipment.
IR.II.B.S1,risk-management,explanation,auto,from the Task B References line,Operate and manage installed instruments and navigation equipment.
IR.II.B.S2,14cfr:part-91,regulation,auto,from the Task B References line,"Operate and manage an applicant supplied electronic flight bag (EFB), if used."
IR.II.B.S2,ac-91-78a,guidance,auto,from the Task B References line,"Operate and manage an applicant supplied electronic flight bag (EFB), if used."
IR.II.B.S2,aim,guidance,auto,from the Task B References line,"Operate and manage an applicant supplied electronic flight bag (EFB), if used."
IR.II.B.S2,risk-management,explanation,auto,from the Task B References line,"Operate and manage an applicant supplied electronic flight bag (EFB), if used."
IR.II.C.K1,14cfr:part-91,regulation,auto,from the Task C References line,Purpose of performing an instrument flight deck check and how to detect possible defects.
IR.II.C.K1,afh,explanation,auto,from the Task C References line,Purpose of performing an instrument flight deck check and how to detect possible defects.
IR.II.C.K1,ifh,explanation,auto,from the Task C References line,Purpose of performing an instrument flight deck check and how to detect possible defects.
IR.II.C.K1,phak,explanation,auto,from the Task C References line,Purpose of performing an instrument flight deck check and how to detect possible defects.
IR.II.C.K1,risk-management,explanation,auto,from the Task C References line,Purpose of performing an instrument flight deck check and how to detect possible defects.
IR.II.C.K2,14cfr:part-91,regulation,auto,from the Task C References line,"IFR airworthiness, including aircraft inspection requirements and required equipment for IFR flight."
IR.II.C.K2,afh,explanation,auto,from the Task C References line,"IFR airworthiness, including aircraft inspection requirements and required equipment for IFR flight."
IR.II.C.K2,ifh,explanation,auto,from the Task C References line,"IFR airworthiness, including aircraft inspection requirements and required equipment for IFR flight."
IR.II.C.K2,phak,explanation,auto,from the Task C References line,"IFR airworthiness, including aircraft inspection requirements and required equipment for IFR flight."
IR.II.C.K2,risk-management,explanation,auto,from the Task C References line,"IFR airworthiness, including aircraft inspection requirements and required equipment for IFR flight."
IR.II.C.K3,14cfr:part-91,regulation,auto,from the Task C References line,"Required procedures, documentation, and limitations of flying with inoperative equipment."
IR.II.C.K3,afh,explanation,auto,from the Task C References line,"Required procedures, documentation, and limitations of flying with inoperative equipment."
IR.II.C.K3,ifh,explanation,auto,from the Task C References line,"Required procedures, documentation, and limitations of flying with inoperative equipment."
IR.II.C.K3,phak,explanation,auto,from the Task C References line,"Required procedures, documentation, and limitations of flying with inoperative equipment."
IR.II.C.K3,risk-management,explanation,auto,from the Task C References line,"Required procedures, documentation, and limitations of flying with inoperative equipment."
IR.II.C.R1,14cfr:part-91,regulation,auto,from the Task C References line,Operating with inoperative equipment.
IR.II.C.R1,afh,explanation,auto,from the Task C References line,Operating with inoperative equipment.
IR.II.C.R1,ifh,explanation,auto,from the Task C References line,Operating with inoperative equipment.
IR.II.C.R1,phak,explanation,auto,from the Task C References line,Operating with inoperative equipment.
IR.II.C.R1,risk-management,explanation,auto,from the Task C References line,Operating with inoperative equipment.
IR.II.C.R2,14cfr:part-91,regulation,auto,from the Task C References line,Operating with outdated navigation publications or databases.
IR.II.C.R2,afh,explanation,auto,from the Task C References line,Operating with outdated navigation publications or databases.
IR.II.C.R2,ifh,explanation,auto,from the Task C References line,Operating with outdated navigation publications or databases.
IR.II.C.R2,phak,explanation,auto,from the Task C References line,Operating with outdated navigation publications or databases.
IR.II.C.R2,risk-management,explanation,auto,from the Task C References line,Operating with outdated navigation publications or databases.
IR.II.C.S1,14cfr:part-91,regulation,auto,from the Task C References line,Perform preflight inspection by following the checklist appropriate to the aircraft and determine if the aircraft is in a condition for safe instrument flight. 8
IR.II.C.S1,afh,explanation,auto,from the Task C References line,Perform preflight inspection by following the checklist appropriate to the aircraft and determine if the aircraft is in a condition for safe instrument flight. 8
IR.II.C.S1,ifh,explanation,auto,from the Task C References line,Perform preflight inspection by following the checklist appropriate to the aircraft and determine if the aircraft is in a condition for safe instrument flight. 8
IR.II.C.S1,phak,explanation,auto,from the Task C References line,Perform preflight inspection by following the checklist appropriate to the aircraft and determine if the aircraft is in a condition for safe instrument flight. 8
IR.II.C.S1,risk-management,explanation,auto,from the Task C References line,Perform preflight inspection by following the checklist appropriate to the aircraft and determine if the aircraft is in a condition for safe instrument flight. 8
IR.III.A.K1,14cfr:part-91,regulation,auto,from the Task A References line,"Elements and procedures related to ATC clearances and pilot/controller responsibilities for departure, en route, and arrival phases of flight, including clearance void times."
IR.III.A.K1,afh,explanation,auto,from the Task A References line,"Elements and procedures related to ATC clearances and pilot/controller responsibilities for departure, en route, and arrival phases of flight, including clearance void times."
IR.III.A.K1,aim,guidance,auto,from the Task A References line,"Elements and procedures related to ATC clearances and pilot/controller responsibilities for departure, en route, and arrival phases of flight, including clearance void times."
IR.III.A.K1,ifh,explanation,auto,from the Task A References line,"Elements and procedures related to ATC clearances and pilot/controller responsibilities for departure, en route, and arrival phases of flight, including clearance void times."
IR.III.A.K1,iph,explanation,auto,from the Task A References line,"Elements and procedures related to ATC clearances and pilot/controller responsibilities for departure, en route, and arrival phases of flight, including clearance void times."
IR.III.A.K1,phak,explanation,auto,from the Task A References line,"Elements and procedures related to ATC clearances and pilot/controller responsibilities for departure, en route, and arrival phases of flight, including clearance void times."
IR.III.A.K1,risk-management,explanation,auto,from the Task A References line,"Elements and procedures related to ATC clearances and pilot/controller responsibilities for departure, en route, and arrival phases of flight, including clearance void times."
IR.III.A.K2,14cfr:part-91,regulation,auto,from the Task A References line,Pilot-in-Command (PIC) emergency authority.
IR.III.A.K2,afh,explanation,auto,from the Task A References line,Pilot-in-Command (PIC) emergency authority.
IR.III.A.K2,aim,guidance,auto,from the Task A References line,Pilot-in-Command (PIC) emergency authority.
IR.III.A.K2,ifh,explanation,auto,from the Task A References line,Pilot-in-Command (PIC) emergency authority.
IR.III.A.K2,iph,explanation,auto,from the Task A References line,Pilot-in-Command (PIC) emergency authority.
IR.III.A.K2,phak,explanation,auto,from the Task A References line,Pilot-in-Command (PIC) emergency authority.
IR.III.A.K2,risk-management,explanation,auto,from the Task A References line,Pilot-in-Command (PIC) emergency authority.
IR.III.A.K3,14cfr:part-91,regulation,auto,from the Task A References line,Lost communication procedures and procedures for flights outside of radar environments.
IR.III.A.K3,afh,explanation,auto,from the Task A References line,Lost communication procedures and procedures for flights outside of radar environments.
IR.III.A.K3,aim,guidance,auto,from the Task A References line,Lost communication procedures and procedures for flights outside of radar environments.
IR.III.A.K3,ifh,explanation,auto,from the Task A References line,Lost communication procedures and procedures for flights outside of radar environments.
IR.III.A.K3,iph,explanation,auto,from the Task A References line,Lost communication procedures and procedures for flights outside of radar environments.
IR.III.A.K3,phak,explanation,auto,from the Task A References line,Lost communication procedures and procedures for flights outside of radar environments.
IR.III.A.K3,risk-management,explanation,auto,from the Task A References line,Lost communication procedures and procedures for flights outside of radar environments.
IR.III.A.R1,14cfr:part-91,regulation,auto,from the Task A References line,Less than full understanding of an ATC clearance.
IR.III.A.R1,afh,explanation,auto,from the Task A References line,Less than full understanding of an ATC clearance.
IR.III.A.R1,aim,guidance,auto,from the Task A References line,Less than full understanding of an ATC clearance.
IR.III.A.R1,ifh,explanation,auto,from the Task A References line,Less than full understanding of an ATC clearance.
IR.III.A.R1,iph,explanation,auto,from the Task A References line,Less than full understanding of an ATC clearance.
IR.III.A.R1,phak,explanation,auto,from the Task A References line,Less than full understanding of an ATC clearance.
IR.III.A.R1,risk-management,explanation,auto,from the Task A References line,Less than full understanding of an ATC clearance.
IR.III.A.R2,14cfr:part-91,regulation,auto,from the Task A References line,"Inappropriate, incomplete, or incorrect ATC clearances."
IR.III.A.R2,afh,explanation,auto,from the Task A References line,"Inappropriate, incomplete, or incorrect ATC clearances."
IR.III.A.R2,aim,guidance,auto,from the Task A References line,"Inappropriate, incomplete, or incorrect ATC clearances."
IR.III.A.R2,ifh,explanation,auto,from the Task A References line,"Inappropriate, incomplete, or incorrect ATC clearances."
IR.III.A.R2,iph,explanation,auto,from the Task A References line,"Inappropriate, incomplete, or incorrect ATC clearances."
IR.III.A.R2,phak,explanation,auto,from the Task A References line,"Inappropriate, incomplete, or incorrect ATC clearances."
IR.III.A.R2,risk-management,explanation,auto,from the Task A References line,"Inappropriate, incomplete, or incorrect ATC clearances."
IR.III.A.R3,14cfr:part-91,regulation,auto,from the Task A References line,ATC clearance inconsistent with aircraft performance or navigation capability.
IR.III.A.R3,afh,explanation,auto,from the Task A References line,ATC clearance inconsistent with aircraft performance or navigation capability.
IR.III.A.R3,aim,guidance,auto,from the Task A References line,ATC clearance inconsistent with aircraft performance or navigation capability.
IR.III.A.R3,ifh,explanation,auto,from the Task A References line,ATC clearance inconsistent with aircraft performance or navigation capability.
IR.III.A.R3,iph,explanation,auto,from the Task A References line,ATC clearance inconsistent with aircraft performance or navigation capability.
IR.III.A.R3,phak,explanation,auto,from the Task A References line,ATC clearance inconsistent with aircraft performance or navigation capability.
IR.III.A.R3,risk-management,explanation,auto,from the Task A References line,ATC clearance inconsistent with aircraft performance or navigation capability.
IR.III.A.R4,14cfr:part-91,regulation,auto,from the Task A References line,ATC clearance intended for other aircraft with similar call signs.
IR.III.A.R4,afh,explanation,auto,from the Task A References line,ATC clearance intended for other aircraft with similar call signs.
IR.III.A.R4,aim,guidance,auto,from the Task A References line,ATC clearance intended for other aircraft with similar call signs.
IR.III.A.R4,ifh,explanation,auto,from the Task A References line,ATC clearance intended for other aircraft with similar call signs.
IR.III.A.R4,iph,explanation,auto,from the Task A References line,ATC clearance intended for other aircraft with similar call signs.
IR.III.A.R4,phak,explanation,auto,from the Task A References line,ATC clearance intended for other aircraft with similar call signs.
IR.III.A.R4,risk-management,explanation,auto,from the Task A References line,ATC clearance intended for other aircraft with similar call signs.
IR.III.A.S1,14cfr:part-91,regulation,auto,from the Task A References line,"Correctly copy, read back, interpret, and comply with simulated or actual ATC clearances in a timely manner using standard phraseology as provided in the Aeronautical Information Manual (AIM)."
IR.III.A.S1,afh,explanation,auto,from the Task A References line,"Correctly copy, read back, interpret, and comply with simulated or actual ATC clearances in a timely manner using standard phraseology as provided in the Aeronautical Information Manual (AIM)."
IR.III.A.S1,aim,guidance,auto,from the Task A References line,"Correctly copy, read back, interpret, and comply with simulated or actual ATC clearances in a timely manner using standard phraseology as provided in the Aeronautical Information Manual (AIM)."
IR.III.A.S1,ifh,explanation,auto,from the Task A References line,"Correctly copy, read back, interpret, and comply with simulated or actual ATC clearances in a timely manner using standard phraseology as provided in the Aeronautical Information Manual (AIM)."
IR.III.A.S1,iph,explanation,auto,from the Task A References line,"Correctly copy, read back, interpret, and comply with simulated or actual ATC clearances in a timely manner using standard phraseology as provided in the Aeronautical Information Manual (AIM)."
IR.III.A.S1,phak,explanation,auto,from the Task A References line,"Correctly copy, read back, interpret, and comply with simulated or actual ATC clearances in a timely manner using standard phraseology as provided in the Aeronautical Information Manual (AIM)."
IR.III.A.S1,risk-management,explanation,auto,from the Task A References line,"Correctly copy, read back, interpret, and comply with simulated or actual ATC clearances in a timely manner using standard phraseology as provided in the Aeronautical Information Manual (AIM)."
IR.III.A.S2,14cfr:part-91,regulation,auto,from the Task A References line,"Correctly set communication frequencies, navigation systems (identifying when appropriate), and transponder codes in compliance with the ATC clearance."
IR.III.A.S2,afh,explanation,auto,from the Task A References line,"Correctly set communication frequencies, navigation systems (identifying when appropriate), and transponder codes in compliance with the ATC clearance."
IR.III.A.S2,aim,guidance,auto,from the Task A References line,"Correctly set communication frequencies, navigation systems (identifying when appropriate), and transponder codes in compliance with the ATC clearance."
IR.III.A.S2,ifh,explanation,auto,from the Task A References line,"Correctly set communication frequencies, navigation systems (identifying when appropriate), and transponder codes in compliance with the ATC clearance."
IR.III.A.S2,iph,explanation,auto,from the Task A References line,"Correctly set communication frequencies, navigation systems (identifying when appropriate), and transponder codes in compliance with the ATC clearance."
IR.III.A.S2,phak,explanation,auto,from the Task A References line,"Correctly set communication frequencies, navigation systems (identifying when appropriate), and transponder codes in compliance with the ATC clearance."
IR.III.A.S2,risk-management,explanation,auto,from the Task A References line,"Correctly set communication frequencies, navigation systems (identifying when appropriate), and transponder codes in compliance with the ATC clearance."
IR.III.A.S3,14cfr:part-91,regulation,auto,from the Task A References line,Use the current and appropriate paper or electronic navigation publications.
IR.III.A.S3,afh,explanation,auto,from the Task A References line,Use the current and appropriate paper or electronic navigation publications.
IR.III.A.S3,aim,guidance,auto,from the Task A References line,Use the current and appropriate paper or electronic navigation publications.
IR.III.A.S3,ifh,explanation,auto,from the Task A References line,Use the current and appropriate paper or electronic navigation publications.
IR.III.A.S3,iph,explanation,auto,from the Task A References line,Use the current and appropriate paper or electronic navigation publications.
IR.III.A.S3,phak,explanation,auto,from the Task A References line,Use the current and appropriate paper or electronic navigation publications.
IR.III.A.S3,risk-management,explanation,auto,from the Task A References line,Use the current and appropriate paper or electronic navigation publications.
IR.III.A.S4,14cfr:part-91,regulation,auto,from the Task A References line,"Intercept all courses, radials, and bearings appropriate to the procedure, route, or clearance in a timely manner."
IR.III.A.S4,afh,explanation,auto,from the Task A References line,"Intercept all courses, radials, and bearings appropriate to the procedure, route, or clearance in a timely manner."
IR.III.A.S4,aim,guidance,auto,from the Task A References line,"Intercept all courses, radials, and bearings appropriate to the procedure, route, or clearance in a timely manner."
IR.III.A.S4,ifh,explanation,auto,from the Task A References line,"Intercept all courses, radials, and bearings appropriate to the procedure, route, or clearance in a timely manner."
IR.III.A.S4,iph,explanation,auto,from the Task A References line,"Intercept all courses, radials, and bearings appropriate to the procedure, route, or clearance in a timely manner."
IR.III.A.S4,phak,explanation,auto,from the Task A References line,"Intercept all courses, radials, and bearings appropriate to the procedure, route, or clearance in a timely manner."
IR.III.A.S4,risk-management,explanation,auto,from the Task A References line,"Intercept all courses, radials, and bearings appropriate to the procedure, route, or clearance in a timely manner."
IR.III.A.S5,14cfr:part-91,regulation,auto,from the Task A References line,"Maintain the applicable airspeed ±10 knots, headings ±10°, altitude ±100 feet; track a course, radial, or bearing within ¾-scale deflection of the course deviation indicator (CDI)."
IR.III.A.S5,afh,explanation,auto,from the Task A References line,"Maintain the applicable airspeed ±10 knots, headings ±10°, altitude ±100 feet; track a course, radial, or bearing within ¾-scale deflection of the course deviation indicator (CDI)."
IR.III.A.S5,aim,guidance,auto,from the Task A References line,"Maintain the applicable airspeed ±10 knots, headings ±10°, altitude ±100 feet; track a course, radial, or bearing within ¾-scale deflection of the course deviation indicator (CDI)."
IR.III.A.S5,ifh,explanation,auto,from the Task A References line,"Maintain the applicable airspeed ±10 knots, headings ±10°, altitude ±100 feet; track a course, radial, or bearing within ¾-scale deflection of the course deviation indicator (CDI)."
IR.III.A.S5,iph,explanation,auto,from the Task A References line,"Maintain the applicable airspeed ±10 knots, headings ±10°, altitude ±100 feet; track a course, radial, or bearing within ¾-scale deflection of the course deviation indicator (CDI)."
IR.III.A.S5,phak,explanation,auto,from the Task A References line,"Maintain the applicable airspeed ±10 knots, headings ±10°, altitude ±100 feet; track a course, radial, or bearing within ¾-scale deflection of the course deviation indicator (CDI)."
IR.III.A.S5,risk-management,explanation,auto,from the Task A References line,"Maintain the applicable airspeed ±10 knots, headings ±10°, altitude ±100 feet; track a course, radial, or bearing within ¾-scale deflection of the course deviation indicator (CDI)."
IR.III.A.S6,14cfr:part-91,regulation,auto,from the Task A References line,"Use single-pilot resource management (SRM) or crew resource management (CRM), as appropriate."
IR.III.A.S6,afh,explanation,auto,from the Task A References line,"Use single-pilot resource management (SRM) or crew resource management (CRM), as appropriate."
IR.III.A.S6,aim,guidance,auto,from the Task A References line,"Use single-pilot resource management (SRM) or crew resource management (CRM), as appropriate."
IR.III.A.S6,ifh,explanation,auto,from the Task A References line,"Use single-pilot resource management (SRM) or crew resource management (CRM), as appropriate."
IR.III.A.S6,iph,explanation,auto,from the Task A References line,"Use single-pilot resource management (SRM) or crew resource management (CRM), as appropriate."
IR.III.A.S6,phak,explanation,auto,from the Task A References line,"Use single-pilot resource management (SRM) or crew resource management (CRM), as appropriate."
IR.III.A.S6,risk-management,explanation,auto,from the Task A References line,"Use single-pilot resource management (SRM) or crew resource management (CRM), as appropriate."
IR.III.A.S7,14cfr:part-91,regulation,auto,from the Task A References line,Perform the appropriate checklist items relative to the phase of flight.
IR.III.A.S7,afh,explanation,auto,from the Task A References line,Perform the appropriate checklist items relative to the phase of flight.
IR.III.A.S7,aim,guidance,auto,from the Task A References line,Perform the appropriate checklist items relative to the phase of flight.
IR.III.A.S7,ifh,explanation,auto,from the Task A References line,Perform the appropriate checklist items relative to the phase of flight.
IR.III.A.S7,iph,explanation,auto,from the Task A References line,Perform the appropriate checklist items relative to the phase of flight.
IR.III.A.S7,phak,explanation,auto,from the Task A References line,Perform the appropriate checklist items relative to the phase of flight.
IR.III.A.S7,risk-management,explanation,auto,from the Task A References line,Perform the appropriate checklist items relative to the phase of flight.
IR.III.B.K1,14cfr:part-91,regulation,auto,from the Task B References line,"Elements related to holding procedures, including reporting criteria, appropriate speeds, and recommended entry procedures for standard, nonstandard, published, and non-published holding patterns."
IR.III.B.K1,afh,explanation,auto,from the Task B References line,"Elements related to holding procedures, including reporting criteria, appropriate speeds, and recommended entry procedures for standard, nonstandard, published, and non-published holding patterns."
IR.III.B.K1,aim,guidance,auto,from the Task B References line,"Elements related to holding procedures, including reporting criteria, appropriate speeds, and recommended entry procedures for standard, nonstandard, published, and non-published holding patterns."
IR.III.B.K1,ifh,explanation,auto,from the Task B References line,"Elements related to holding procedures, including reporting criteria, appropriate speeds, and recommended entry procedures for standard, nonstandard, published, and non-published holding patterns."
IR.III.B.K1,iph,explanation,auto,from the Task B References line,"Elements related to holding procedures, including reporting criteria, appropriate speeds, and recommended entry procedures for standard, nonstandard, published, and non-published holding patterns."
IR.III.B.K1,phak,explanation,auto,from the Task B References line,"Elements related to holding procedures, including reporting criteria, appropriate speeds, and recommended entry procedures for standard, nonstandard, published, and non-published holding patterns."
IR.III.B.K1,risk-management,explanation,auto,from the Task B References line,"Elements related to holding procedures, including reporting criteria, appropriate speeds, and recommended entry procedures for standard, nonstandard, published, and non-published holding patterns."
IR.III.B.R1,14cfr:part-91,regulation,auto,from the Task B References line,Recalculating fuel reserves if assigned an unanticipated expect further clearance (EFC) time.
IR.III.B.R1,afh,explanation,auto,from the Task B References line,Recalculating fuel reserves if assigned an unanticipated expect further clearance (EFC) time.
IR.III.B.R1,aim,guidance,auto,from the Task B References line,Recalculating fuel reserves if assigned an unanticipated expect further clearance (EFC) time.
IR.III.B.R1,ifh,explanation,auto,from the Task B References line,Recalculating fuel reserves if assigned an unanticipated expect further clearance (EFC) time.
IR.III.B.R1,iph,explanation,auto,from the Task B References line,Recalculating fuel reserves if assigned an unanticipated expect further clearance (EFC) time.
IR.III.B.R1,phak,explanation,auto,from the Task B References line,Recalculating fuel reserves if assigned an unanticipated expect further clearance (EFC) time.
IR.III.B.R1,risk-management,explanation,auto,from the Task B References line,Recalculating fuel reserves if assigned an unanticipated expect further clearance (EFC) time.
IR.III.B.R2,14cfr:part-91,regulation,auto,from the Task B References line,Scenarios and circumstances that could result in minimum fuel or the need to declare an emergency.
IR.III.B.R2,afh,explanation,auto,from the Task B References line,Scenarios and circumstances that could result in minimum fuel or the need to declare an emergency.
IR.III.B.R2,aim,guidance,auto,from the Task B References line,Scenarios and circumstances that could result in minimum fuel or the need to declare an emergency.
IR.III.B.R2,ifh,explanation,auto,from the Task B References line,Scenarios and circumstances that could result in minimum fuel or the need to declare an emergency.
IR.III.B.R2,iph,explanation,auto,from the Task B References line,Scenarios and circumstances that could result in minimum fuel or the need to declare an emergency.
IR.III.B.R2,phak,explanation,auto,from the Task B References line,Scenarios and circumstances that could result in minimum fuel or the need to declare an emergency.
IR.III.B.R2,risk-management,explanation,auto,from the Task B References line,Scenarios and circumstances that could result in minimum fuel or the need to declare an emergency.
IR.III.B.R3,14cfr:part-91,regulation,auto,from the Task B References line,"Scenarios that could lead to holding, including deteriorating weather at the planned destination."
IR.III.B.R3,afh,explanation,auto,from the Task B References line,"Scenarios that could lead to holding, including deteriorating weather at the planned destination."
IR.III.B.R3,aim,guidance,auto,from the Task B References line,"Scenarios that could lead to holding, including deteriorating weather at the planned destination."
IR.III.B.R3,ifh,explanation,auto,from the Task B References line,"Scenarios that could lead to holding, including deteriorating weather at the planned destination."
IR.III.B.R3,iph,explanation,auto,from the Task B References line,"Scenarios that could lead to holding, including deteriorating weather at the planned destination."
IR.III.B.R3,phak,explanation,auto,from the Task B References line,"Scenarios that could lead to holding, including deteriorating weather at the planned destination."
IR.III.B.R3,risk-management,explanation,auto,from the Task B References line,"Scenarios that could lead to holding, including deteriorating weather at the planned destination."
IR.III.B.R4,14cfr:part-91,regulation,auto,from the Task B References line,Holding entry and wind correction while holding.
IR.III.B.R4,afh,explanation,auto,from the Task B References line,Holding entry and wind correction while holding.
IR.III.B.R4,aim,guidance,auto,from the Task B References line,Holding entry and wind correction while holding.
IR.III.B.R4,ifh,explanation,auto,from the Task B References line,Holding entry and wind correction while holding.
IR.III.B.R4,iph,explanation,auto,from the Task B References line,Holding entry and wind correction while holding.
IR.III.B.R4,phak,explanation,auto,from the Task B References line,Holding entry and wind correction while holding.
IR.III.B.R4,risk-management,explanation,auto,from the Task B References line,Holding entry and wind correction while holding.
IR.III.B.S1,14cfr:part-91,regulation,auto,from the Task B References line,"Use an entry procedure appropriate for a standard, nonstandard, published, or non-published holding pattern."
IR.III.B.S1,afh,explanation,auto,from the Task B References line,"Use an entry procedure appropriate for a standard, nonstandard, published, or non-published holding pattern."
IR.III.B.S1,aim,guidance,auto,from the Task B References line,"Use an entry procedure appropriate for a standard, nonstandard, published, or non-published holding pattern."
IR.III.B.S1,ifh,explanation,auto,from the Task B References line,"Use an entry procedure appropriate for a standard, nonstandard, published, or non-published holding pattern."
IR.III.B.S1,iph,explanation,auto,from the Task B References line,"Use an entry procedure appropriate for a standard, nonstandard, published, or non-published holding pattern."
IR.III.B.S1,phak,explanation,auto,from the Task B References line,"Use an entry procedure appropriate for a standard, nonstandard, published, or non-published holding pattern."
IR.III.B.S1,risk-management,explanation,auto,from the Task B References line,"Use an entry procedure appropriate for a standard, nonstandard, published, or non-published holding pattern."
IR.III.B.S2,14cfr:part-91,regulation,auto,from the Task B References line,"Change to the holding airspeed appropriate for the altitude when 3 minutes or less from, but prior to arriving at, the holding fix and set appropriate power as needed for fuel conservation."
IR.III.B.S2,afh,explanation,auto,from the Task B References line,"Change to the holding airspeed appropriate for the altitude when 3 minutes or less from, but prior to arriving at, the holding fix and set appropriate power as needed for fuel conservation."
IR.III.B.S2,aim,guidance,auto,from the Task B References line,"Change to the holding airspeed appropriate for the altitude when 3 minutes or less from, but prior to arriving at, the holding fix and set appropriate power as needed for fuel conservation."
IR.III.B.S2,ifh,explanation,auto,from the Task B References line,"Change to the holding airspeed appropriate for the altitude when 3 minutes or less from, but prior to arriving at, the holding fix and set appropriate power as needed for fuel conservation."
IR.III.B.S2,iph,explanation,auto,from the Task B References line,"Change to the holding airspeed appropriate for the altitude when 3 minutes or less from, but prior to arriving at, the holding fix and set appropriate power as needed for fuel conservation."
IR.III.B.S2,phak,explanation,auto,from the Task B References line,"Change to the holding airspeed appropriate for the altitude when 3 minutes or less from, but prior to arriving at, the holding fix and set appropriate power as needed for fuel conservation."
IR.III.B.S2,risk-management,explanation,auto,from the Task B References line,"Change to the holding airspeed appropriate for the altitude when 3 minutes or less from, but prior to arriving at, the holding fix and set appropriate power as needed for fuel conservation."
IR.III.B.S3,14cfr:part-91,regulation,auto,from the Task B References line,Recognize arrival at the holding fix and promptly initiate entry into the holding pattern.
IR.III.B.S3,afh,explanation,auto,from the Task B References line,Recognize arrival at the holding fix and promptly initiate entry into the holding pattern.
IR.III.B.S3,aim,guidance,auto,from the Task B References line,Recognize arrival at the holding fix and promptly initiate entry into the holding pattern.
IR.III.B.S3,ifh,explanation,auto,from the Task B References line,Recognize arrival at the holding fix and promptly initiate entry into the holding pattern.
IR.III.B.S3,iph,explanation,auto,from the Task B References line,Recognize arrival at the holding fix and promptly initiate entry into the holding pattern.
IR.III.B.S3,phak,explanation,auto,from the Task B References line,Recognize arrival at the holding fix and promptly initiate entry into the holding pattern.
IR.III.B.S3,risk-management,explanation,auto,from the Task B References line,Recognize arrival at the holding fix and promptly initiate entry into the holding pattern.
IR.III.B.S3a,14cfr:part-91,regulation,auto,from the Task B References line,"a. Comply with the holding pattern leg length and other restrictions, if applicable, associated with the holding pattern"
IR.III.B.S3a,afh,explanation,auto,from the Task B References line,"a. Comply with the holding pattern leg length and other restrictions, if applicable, associated with the holding pattern"
IR.III.B.S3a,aim,guidance,auto,from the Task B References line,"a. Comply with the holding pattern leg length and other restrictions, if applicable, associated with the holding pattern"
IR.III.B.S3a,ifh,explanation,auto,from the Task B References line,"a. Comply with the holding pattern leg length and other restrictions, if applicable, associated with the holding pattern"
IR.III.B.S3a,iph,explanation,auto,from the Task B References line,"a. Comply with the holding pattern leg length and other restrictions, if applicable, associated with the holding pattern"
IR.III.B.S3a,phak,explanation,auto,from the Task B References line,"a. Comply with the holding pattern leg length and other restrictions, if applicable, associated with the holding pattern"
IR.III.B.S3a,risk-management,explanation,auto,from the Task B References line,"a. Comply with the holding pattern leg length and other restrictions, if applicable, associated with the holding pattern"
IR.III.B.S4,14cfr:part-91,regulation,auto,from the Task B References line,"Maintain airspeed ±10 knots, altitude ±100 feet, selected headings within ±10°, and track a selected course, radial, or bearing within ¾-scale deflection of the course deviation indicator (CDI)."
IR.III.B.S4,afh,explanation,auto,from the Task B References line,"Maintain airspeed ±10 knots, altitude ±100 feet, selected headings within ±10°, and track a selected course, radial, or bearing within ¾-scale deflection of the course deviation indicator (CDI)."
IR.III.B.S4,aim,guidance,auto,from the Task B References line,"Maintain airspeed ±10 knots, altitude ±100 feet, selected headings within ±10°, and track a selected course, radial, or bearing within ¾-scale deflection of the course deviation indicator (CDI)."
IR.III.B.S4,ifh,explanation,auto,from the Task B References line,"Maintain airspeed ±10 knots, altitude ±100 feet, selected headings within ±10°, and track a selected course, radial, or bearing within ¾-scale deflection of the course deviation indicator (CDI)."
IR.III.B.S4,iph,explanation,auto,from the Task B References line,"Maintain airspeed ±10 knots, altitude ±100 feet, selected headings within ±10°, and track a selected course, radial, or bearing within ¾-scale deflection of the course deviation indicator (CDI)."
IR.III.B.S4,phak,explanation,auto,from the Task B References line,"Maintain airspeed ±10 knots, altitude ±100 feet, selected headings within ±10°, and track a selected course, radial, or bearing within ¾-scale deflection of the course deviation indicator (CDI)."
IR.III.B.S4,risk-management,explanation,auto,from the Task B References line,"Maintain airspeed ±10 knots, altitude ±100 feet, selected headings within ±10°, and track a selected course, radial, or bearing within ¾-scale deflection of the course deviation indicator (CDI)."
IR.III.B.S5,14cfr:part-91,regulation,auto,from the Task B References line,Use proper wind correction procedures to maintain the desired pattern and to arrive over the fix as close as possible to a specified time.
IR.III.B.S5,afh,explanation,auto,from the Task B References line,Use proper wind correction procedures to maintain the desired pattern and to arrive over the fix as close as possible to a specified time.
IR.III.B.S5,aim,guidance,auto,from the Task B References line,Use proper wind correction procedures to maintain the desired pattern and to arrive over the fix as close as possible to a specified time.
IR.III.B.S5,ifh,explanation,auto,from the Task B References line,Use proper wind correction procedures to maintain the desired pattern and to arrive over the fix as close as possible to a specified time.
IR.III.B.S5,iph,explanation,auto,from the Task B References line,Use proper wind correction procedures to maintain the desired pattern and to arrive over the fix as close as possible to a specified time.
IR.III.B.S5,phak,explanation,auto,from the Task B References line,Use proper wind correction procedures to maintain the desired pattern and to arrive over the fix as close as possible to a specified time.
IR.III.B.S5,risk-management,explanation,auto,from the Task B References line,Use proper wind correction procedures to maintain the desired pattern and to arrive over the fix as close as possible to a specified time.
IR.III.B.S6,14cfr:part-91,regulation,auto,from the Task B References line,"Use a multi-function display (MFD) and other graphical navigation displays, if installed, to monitor position in relation to the desired flightpath during holding."
IR.III.B.S6,afh,explanation,auto,from the Task B References line,"Use a multi-function display (MFD) and other graphical navigation displays, if installed, to monitor position in relation to the desired flightpath during holding."
IR.III.B.S6,aim,guidance,auto,from the Task B References line,"Use a multi-function display (MFD) and other graphical navigation displays, if installed, to monitor position in relation to the desired flightpath during holding."
IR.III.B.S6,ifh,explanation,auto,from the Task B References line,"Use a multi-function display (MFD) and other graphical navigation displays, if installed, to monitor position in relation to the desired flightpath during holding."
IR.III.B.S6,iph,explanation,auto,from the Task B References line,"Use a multi-function display (MFD) and other graphical navigation displays, if installed, to monitor position in relation to the desired flightpath during holding."
IR.III.B.S6,phak,explanation,auto,from the Task B References line,"Use a multi-function display (MFD) and other graphical navigation displays, if installed, to monitor position in relation to the desired flightpath during holding."
IR.III.B.S6,risk-management,explanation,auto,from the Task B References line,"Use a multi-function display (MFD) and other graphical navigation displays, if installed, to monitor position in relation to the desired flightpath during holding."
IR.III.B.S7,14cfr:part-91,regulation,auto,from the Task B References line,Comply with ATC reporting requirements and restrictions associated with the holding pattern.
IR.III.B.S7,afh,explanation,auto,from the Task B References line,Comply with ATC reporting requirements and restrictions associated with the holding pattern.
IR.III.B.S7,aim,guidance,auto,from the Task B References line,Comply with ATC reporting requirements and restrictions associated with the holding pattern.
IR.III.B.S7,ifh,explanation,auto,from the Task B References line,Comply with ATC reporting requirements and restrictions associated with the holding pattern.
IR.III.B.S7,iph,explanation,auto,from the Task B References line,Comply with ATC reporting requirements and restrictions associated with the holding pattern.
IR.III.B.S7,phak,explanation,auto,from the Task B References line,Comply with ATC reporting requirements and restrictions associated with the holding pattern.
IR.III.B.S7,risk-management,explanation,auto,from the Task B References line,Comply with ATC reporting requirements and restrictions associated with the holding pattern.
IR.III.B.S8,14cfr:part-91,regulation,auto,from the Task B References line,"Use single-pilot resource management (SRM) or crew resource management (CRM), as appropriate. 10"
IR.III.B.S8,afh,explanation,auto,from the Task B References line,"Use single-pilot resource management (SRM) or crew resource management (CRM), as appropriate. 10"
IR.III.B.S8,aim,guidance,auto,from the Task B References line,"Use single-pilot resource management (SRM) or crew resource management (CRM), as appropriate. 10"
IR.III.B.S8,ifh,explanation,auto,from the Task B References line,"Use single-pilot resource management (SRM) or crew resource management (CRM), as appropriate. 10"
IR.III.B.S8,iph,explanation,auto,from the Task B References line,"Use single-pilot resource management (SRM) or crew resource management (CRM), as appropriate. 10"
IR.III.B.S8,phak,explanation,auto,from the Task B References line,"Use single-pilot resource management (SRM) or crew resource management (CRM), as appropriate. 10"
IR.III.B.S8,risk-management,explanation,auto,from the Task B References line,"Use single-pilot resource management (SRM) or crew resource management (CRM), as appropriate. 10"
IR.IV.A.K1,afh,explanation,auto,from the Task A References line,"Elements related to attitude instrument flying during straight-and-level flight, climbs, turns, and descents while conducting various instrument flight procedures."
IR.IV.A.K1,ifh,explanation,auto,from the Task A References line,"Elements related to attitude instrument flying during straight-and-level flight, climbs, turns, and descents while conducting various instrument flight procedures."
IR.IV.A.K1,iph,explanation,auto,from the Task A References line,"Elements related to attitude instrument flying during straight-and-level flight, climbs, turns, and descents while conducting various instrument flight procedures."
IR.IV.A.K1,phak,explanation,auto,from the Task A References line,"Elements related to attitude instrument flying during straight-and-level flight, climbs, turns, and descents while conducting various instrument flight procedures."
IR.IV.A.K1,risk-management,explanation,auto,from the Task A References line,"Elements related to attitude instrument flying during straight-and-level flight, climbs, turns, and descents while conducting various instrument flight procedures."
IR.IV.A.K2,afh,explanation,auto,from the Task A References line,"Interpretation, operation, and limitations of pitch, bank, and power instruments."
IR.IV.A.K2,ifh,explanation,auto,from the Task A References line,"Interpretation, operation, and limitations of pitch, bank, and power instruments."
IR.IV.A.K2,iph,explanation,auto,from the Task A References line,"Interpretation, operation, and limitations of pitch, bank, and power instruments."
IR.IV.A.K2,phak,explanation,auto,from the Task A References line,"Interpretation, operation, and limitations of pitch, bank, and power instruments."
IR.IV.A.K2,risk-management,explanation,auto,from the Task A References line,"Interpretation, operation, and limitations of pitch, bank, and power instruments."
IR.IV.A.K3,afh,explanation,auto,from the Task A References line,Normal and abnormal instrument indications and operations.
IR.IV.A.K3,ifh,explanation,auto,from the Task A References line,Normal and abnormal instrument indications and operations.
IR.IV.A.K3,iph,explanation,auto,from the Task A References line,Normal and abnormal instrument indications and operations.
IR.IV.A.K3,phak,explanation,auto,from the Task A References line,Normal and abnormal instrument indications and operations.
IR.IV.A.K3,risk-management,explanation,auto,from the Task A References line,Normal and abnormal instrument indications and operations.
IR.IV.A.R1,afh,explanation,auto,from the Task A References line,Situations that can affect physiology and degrade instrument cross-check.
IR.IV.A.R1,ifh,explanation,auto,from the Task A References line,Situations that can affect physiology and degrade instrument cross-check.
IR.IV.A.R1,iph,explanation,auto,from the Task A References line,Situations that can affect physiology and degrade instrument cross-check.
IR.IV.A.R1,phak,explanation,auto,from the Task A References line,Situations that can affect physiology and degrade instrument cross-check.
IR.IV.A.R1,risk-management,explanation,auto,from the Task A References line,Situations that can affect physiology and degrade instrument cross-check.
IR.IV.A.R2,afh,explanation,auto,from the Task A References line,Spatial disorientation and optical illusions.
IR.IV.A.R2,ifh,explanation,auto,from the Task A References line,Spatial disorientation and optical illusions.
IR.IV.A.R2,iph,explanation,auto,from the Task A References line,Spatial disorientation and optical illusions.
IR.IV.A.R2,phak,explanation,auto,from the Task A References line,Spatial disorientation and optical illusions.
IR.IV.A.R2,risk-management,explanation,auto,from the Task A References line,Spatial disorientation and optical illusions.
IR.IV.A.R3,afh,explanation,auto,from the Task A References line,Flying unfamiliar aircraft or operating with unfamiliar flight display systems and avionics.
IR.IV.A.R3,ifh,explanation,auto,from the Task A References line,Flying unfamiliar aircraft or operating with unfamiliar flight display systems and avionics.
IR.IV.A.R3,iph,explanation,auto,from the Task A References line,Flying unfamiliar aircraft or operating with unfamiliar flight display systems and avionics.
IR.IV.A.R3,phak,explanation,auto,from the Task A References line,Flying unfamiliar aircraft or operating with unfamiliar flight display systems and avionics.
IR.IV.A.R3,risk-management,explanation,auto,from the Task A References line,Flying unfamiliar aircraft or operating with unfamiliar flight display systems and avionics.
IR.IV.A.S1,afh,explanation,auto,from the Task A References line,"Maintain altitude ±100 feet during level flight, selected headings ±10°, airspeed ±10 knots, and bank angles ±5° during turns."
IR.IV.A.S1,ifh,explanation,auto,from the Task A References line,"Maintain altitude ±100 feet during level flight, selected headings ±10°, airspeed ±10 knots, and bank angles ±5° during turns."
IR.IV.A.S1,iph,explanation,auto,from the Task A References line,"Maintain altitude ±100 feet during level flight, selected headings ±10°, airspeed ±10 knots, and bank angles ±5° during turns."
IR.IV.A.S1,phak,explanation,auto,from the Task A References line,"Maintain altitude ±100 feet during level flight, selected headings ±10°, airspeed ±10 knots, and bank angles ±5° during turns."
IR.IV.A.S1,risk-management,explanation,auto,from the Task A References line,"Maintain altitude ±100 feet during level flight, selected headings ±10°, airspeed ±10 knots, and bank angles ±5° during turns."
IR.IV.A.S2,afh,explanation,auto,from the Task A References line,"Use proper instrument cross-check and interpretation, and apply the appropriate pitch, bank, power, and trim corrections when applicable."
IR.IV.A.S2,ifh,explanation,auto,from the Task A References line,"Use proper instrument cross-check and interpretation, and apply the appropriate pitch, bank, power, and trim corrections when applicable."
IR.IV.A.S2,iph,explanation,auto,from the Task A References line,"Use proper instrument cross-check and interpretation, and apply the appropriate pitch, bank, power, and trim corrections when applicable."
IR.IV.A.S2,phak,explanation,auto,from the Task A References line,"Use proper instrument cross-check and interpretation, and apply the appropriate pitch, bank, power, and trim corrections when applicable."
IR.IV.A.S2,risk-management,explanation,auto,from the Task A References line,"Use proper instrument cross-check and interpretation, and apply the appropriate pitch, bank, power, and trim corrections when applicable."
IR.IV.B.K1,afh,explanation,auto,from the Task B References line,Procedures for recovery from unusual attitudes in flight.
IR.IV.B.K1,ifh,explanation,auto,from the Task B References line,Procedures for recovery from unusual attitudes in flight.
IR.IV.B.K1,phak,explanation,auto,from the Task B References line,Procedures for recovery from unusual attitudes in flight.
IR.IV.B.K1,risk-management,explanation,auto,from the Task B References line,Procedures for recovery from unusual attitudes in flight.
IR.IV.B.K2,afh,explanation,auto,from the Task B References line,"Prevention of unusual attitudes, including flight causal, physiological, and environmental factors, and system and equipment failures."
IR.IV.B.K2,ifh,explanation,auto,from the Task B References line,"Prevention of unusual attitudes, including flight causal, physiological, and environmental factors, and system and equipment failures."
IR.IV.B.K2,phak,explanation,auto,from the Task B References line,"Prevention of unusual attitudes, including flight causal, physiological, and environmental factors, and system and equipment failures."
IR.IV.B.K2,risk-management,explanation,auto,from the Task B References line,"Prevention of unusual attitudes, including flight causal, physiological, and environmental factors, and system and equipment failures."
IR.IV.B.K3,afh,explanation,auto,from the Task B References line,Procedures available to safely regain visual meteorological conditions (VMC) after flight into inadvertent instrument meteorological conditions or unintended instrument meteorological conditions (IIMC)/(UIMC).
IR.IV.B.K3,ifh,explanation,auto,from the Task B References line,Procedures available to safely regain visual meteorological conditions (VMC) after flight into inadvertent instrument meteorological conditions or unintended instrument meteorological conditions (IIMC)/(UIMC).
IR.IV.B.K3,phak,explanation,auto,from the Task B References line,Procedures available to safely regain visual meteorological conditions (VMC) after flight into inadvertent instrument meteorological conditions or unintended instrument meteorological conditions (IIMC)/(UIMC).
IR.IV.B.K3,risk-management,explanation,auto,from the Task B References line,Procedures available to safely regain visual meteorological conditions (VMC) after flight into inadvertent instrument meteorological conditions or unintended instrument meteorological conditions (IIMC)/(UIMC).
IR.IV.B.K4,afh,explanation,auto,from the Task B References line,"Appropriate use of automation, if applicable."
IR.IV.B.K4,ifh,explanation,auto,from the Task B References line,"Appropriate use of automation, if applicable."
IR.IV.B.K4,phak,explanation,auto,from the Task B References line,"Appropriate use of automation, if applicable."
IR.IV.B.K4,risk-management,explanation,auto,from the Task B References line,"Appropriate use of automation, if applicable."
IR.IV.B.R1,afh,explanation,auto,from the Task B References line,"Situations that could lead to loss of control in-flight (LOC-I) or unusual attitudes in-flight (e.g., stress, task saturation, inadequate instrument scan distractions, and spatial disorientation)."
IR.IV.B.R1,ifh,explanation,auto,from the Task B References line,"Situations that could lead to loss of control in-flight (LOC-I) or unusual attitudes in-flight (e.g., stress, task saturation, inadequate instrument scan distractions, and spatial disorientation)."
IR.IV.B.R1,phak,explanation,auto,from the Task B References line,"Situations that could lead to loss of control in-flight (LOC-I) or unusual attitudes in-flight (e.g., stress, task saturation, inadequate instrument scan distractions, and spatial disorientation)."
IR.IV.B.R1,risk-management,explanation,auto,from the Task B References line,"Situations that could lead to loss of control in-flight (LOC-I) or unusual attitudes in-flight (e.g., stress, task saturation, inadequate instrument scan distractions, and spatial disorientation)."
IR.IV.B.R2,afh,explanation,auto,from the Task B References line,[Archived]
IR.IV.B.R2,ifh,explanation,auto,from the Task B References line,[Archived]
IR.IV.B.R2,phak,explanation,auto,from the Task B References line,[Archived]
IR.IV.B.R2,risk-management,explanation,auto,from the Task B References line,[Archived]
IR.IV.B.R3,afh,explanation,auto,from the Task B References line,Operating envelope considerations.
IR.IV.B.R3,ifh,explanation,auto,from the Task B References line,Operating envelope considerations.
IR.IV.B.R3,phak,explanation,auto,from the Task B References line,Operating envelope considerations.
IR.IV.B.R3,risk-management,explanation,auto,from the Task B References line,Operating envelope considerations.
IR.IV.B.R4,afh,explanation,auto,from the Task B References line,Interpreting flight instruments.
IR.IV.B.R4,ifh,explanation,auto,from the Task B References line,Interpreting flight instruments.
IR.IV.B.R4,phak,explanation,auto,from the Task B References line,Interpreting flight instruments.
IR.IV.B.R4,risk-management,explanation,auto,from the Task B References line,Interpreting flight instruments.
IR.IV.B.R5,afh,explanation,auto,from the Task B References line,Assessment of the unusual attitude.
IR.IV.B.R5,ifh,explanation,auto,from the Task B References line,Assessment of the unusual attitude.
IR.IV.B.R5,phak,explanation,auto,from the Task B References line,Assessment of the unusual attitude.
IR.IV.B.R5,risk-management,explanation,auto,from the Task B References line,Assessment of the unusual attitude.
IR.IV.B.R6,afh,explanation,auto,from the Task B References line,"Control input errors, inducing undesired aircraft attitudes."
IR.IV.B.R6,ifh,explanation,auto,from the Task B References line,"Control input errors, inducing undesired aircraft attitudes."
IR.IV.B.R6,phak,explanation,auto,from the Task B References line,"Control input errors, inducing undesired aircraft attitudes."
IR.IV.B.R6,risk-management,explanation,auto,from the Task B References line,"Control input errors, inducing undesired aircraft attitudes."
IR.IV.B.R7,afh,explanation,auto,from the Task B References line,Control application solely by reference to instruments.
IR.IV.B.R7,ifh,explanation,auto,from the Task B References line,Control application solely by reference to instruments.
IR.IV.B.R7,phak,explanation,auto,from the Task B References line,Control application solely by reference to instruments.
IR.IV.B.R7,risk-management,explanation,auto,from the Task B References line,Control application solely by reference to instruments.
IR.IV.B.R8,afh,explanation,auto,from the Task B References line,Collision hazards.
IR.IV.B.R8,ifh,explanation,auto,from the Task B References line,Collision hazards.
IR.IV.B.R8,phak,explanation,auto,from the Task B References line,Collision hazards.
IR.IV.B.R8,risk-management,explanation,auto,from the Task B References line,Collision hazards.
IR.IV.B.R9,afh,explanation,auto,from the Task B References line,"Distractions, task prioritization, loss of situational awareness, or disorientation."
IR.IV.B.R9,ifh,explanation,auto,from the Task B References line,"Distractions, task prioritization, loss of situational awareness, or disorientation."
IR.IV.B.R9,phak,explanation,auto,from the Task B References line,"Distractions, task prioritization, loss of situational awareness, or disorientation."
IR.IV.B.R9,risk-management,explanation,auto,from the Task B References line,"Distractions, task prioritization, loss of situational awareness, or disorientation."
IR.IV.B.S1,afh,explanation,auto,from the Task B References line,"Use proper instrument cross-check and interpretation to identify an unusual attitude (including both nose-high and nose-low) in flight, and apply the appropriate flight control, power input, and aircraft configuration in the correct sequence, to return to a stabilized level flight attitude."
IR.IV.B.S1,ifh,explanation,auto,from the Task B References line,"Use proper instrument cross-check and interpretation to identify an unusual attitude (including both nose-high and nose-low) in flight, and apply the appropriate flight control, power input, and aircraft configuration in the correct sequence, to return to a stabilized level flight attitude."
IR.IV.B.S1,phak,explanation,auto,from the Task B References line,"Use proper instrument cross-check and interpretation to identify an unusual attitude (including both nose-high and nose-low) in flight, and apply the appropriate flight control, power input, and aircraft configuration in the correct sequence, to return to a stabilized level flight attitude."
IR.IV.B.S1,risk-management,explanation,auto,from the Task B References line,"Use proper instrument cross-check and interpretation to identify an unusual attitude (including both nose-high and nose-low) in flight, and apply the appropriate flight control, power input, and aircraft configuration in the correct sequence, to return to a stabilized level flight attitude."
IR.IV.B.S2,afh,explanation,auto,from the Task B References line,"Use single-pilot resource management (SRM) or crew resource management (CRM), as appropriate. 12"
IR.IV.B.S2,ifh,explanation,auto,from the Task B References line,"Use single-pilot resource management (SRM) or crew resource management (CRM), as appropriate. 12"
IR.IV.B.S2,phak,explanation,auto,from the Task B References line,"Use single-pilot resource management (SRM) or crew resource management (CRM), as appropriate. 12"
IR.IV.B.S2,risk-management,explanation,auto,from the Task B References line,"Use single-pilot resource management (SRM) or crew resource management (CRM), as appropriate. 12"
IR.V.A.K1,14cfr:part-91,regulation,auto,from the Task A References line,"Ground-based navigation (orientation, course determination, equipment, tests, and regulations), including procedures for intercepting and tracking courses and arcs."
IR.V.A.K1,afh,explanation,auto,from the Task A References line,"Ground-based navigation (orientation, course determination, equipment, tests, and regulations), including procedures for intercepting and tracking courses and arcs."
IR.V.A.K1,aim,guidance,auto,from the Task A References line,"Ground-based navigation (orientation, course determination, equipment, tests, and regulations), including procedures for intercepting and tracking courses and arcs."
IR.V.A.K1,ifh,explanation,auto,from the Task A References line,"Ground-based navigation (orientation, course determination, equipment, tests, and regulations), including procedures for intercepting and tracking courses and arcs."
IR.V.A.K1,iph,explanation,auto,from the Task A References line,"Ground-based navigation (orientation, course determination, equipment, tests, and regulations), including procedures for intercepting and tracking courses and arcs."
IR.V.A.K1,phak,explanation,auto,from the Task A References line,"Ground-based navigation (orientation, course determination, equipment, tests, and regulations), including procedures for intercepting and tracking courses and arcs."
IR.V.A.K1,risk-management,explanation,auto,from the Task A References line,"Ground-based navigation (orientation, course determination, equipment, tests, and regulations), including procedures for intercepting and tracking courses and arcs."
IR.V.A.K2,14cfr:part-91,regulation,auto,from the Task A References line,"Satellite-based navigation (orientation, course determination, equipment, tests, regulations, interference, appropriate use of databases, Receiver Autonomous Integrity Monitoring (RAIM), and Wide Area Augmentation System (WAAS)), including procedures for intercepting and tracking courses and arcs."
IR.V.A.K2,afh,explanation,auto,from the Task A References line,"Satellite-based navigation (orientation, course determination, equipment, tests, regulations, interference, appropriate use of databases, Receiver Autonomous Integrity Monitoring (RAIM), and Wide Area Augmentation System (WAAS)), including procedures for intercepting and tracking courses and arcs."
IR.V.A.K2,aim,guidance,auto,from the Task A References line,"Satellite-based navigation (orientation, course determination, equipment, tests, regulations, interference, appropriate use of databases, Receiver Autonomous Integrity Monitoring (RAIM), and Wide Area Augmentation System (WAAS)), including procedures for intercepting and tracking courses and arcs."
IR.V.A.K2,ifh,explanation,auto,from the Task A References line,"Satellite-based navigation (orientation, course determination, equipment, tests, regulations, interference, appropriate use of databases, Receiver Autonomous Integrity Monitoring (RAIM), and Wide Area Augmentation System (WAAS)), including procedures for intercepting and tracking courses and arcs."
IR.V.A.K2,iph,explanation,auto,from the Task A References line,"Satellite-based navigation (orientation, course determination, equipment, tests, regulations, interference, appropriate use of databases, Receiver Autonomous Integrity Monitoring (RAIM), and Wide Area Augmentation System (WAAS)), including procedures for intercepting and tracking courses and arcs."
IR.V.A.K2,phak,explanation,auto,from the Task A References line,"Satellite-based navigation (orientation, course determination, equipment, tests, regulations, interference, appropriate use of databases, Receiver Autonomous Integrity Monitoring (RAIM), and Wide Area Augmentation System (WAAS)), including procedures for intercepting and tracking courses and arcs."
IR.V.A.K2,risk-management,explanation,auto,from the Task A References line,"Satellite-based navigation (orientation, course determination, equipment, tests, regulations, interference, appropriate use of databases, Receiver Autonomous Integrity Monitoring (RAIM), and Wide Area Augmentation System (WAAS)), including procedures for intercepting and tracking courses and arcs."
IR.V.A.R1,14cfr:part-91,regulation,auto,from the Task A References line,Management of automated navigation and autoflight systems.
IR.V.A.R1,afh,explanation,auto,from the Task A References line,Management of automated navigation and autoflight systems.
IR.V.A.R1,aim,guidance,auto,from the Task A References line,Management of automated navigation and autoflight systems.
IR.V.A.R1,ifh,explanation,auto,from the Task A References line,Management of automated navigation and autoflight systems.
IR.V.A.R1,iph,explanation,auto,from the Task A References line,Management of automated navigation and autoflight systems.
IR.V.A.R1,phak,explanation,auto,from the Task A References line,Management of automated navigation and autoflight systems.
IR.V.A.R1,risk-management,explanation,auto,from the Task A References line,Management of automated navigation and autoflight systems.
IR.V.A.R2,14cfr:part-91,regulation,auto,from the Task A References line,"Distractions, task prioritization, loss of situational awareness, or disorientation."
IR.V.A.R2,afh,explanation,auto,from the Task A References line,"Distractions, task prioritization, loss of situational awareness, or disorientation."
IR.V.A.R2,aim,guidance,auto,from the Task A References line,"Distractions, task prioritization, loss of situational awareness, or disorientation."
IR.V.A.R2,ifh,explanation,auto,from the Task A References line,"Distractions, task prioritization, loss of situational awareness, or disorientation."
IR.V.A.R2,iph,explanation,auto,from the Task A References line,"Distractions, task prioritization, loss of situational awareness, or disorientation."
IR.V.A.R2,phak,explanation,auto,from the Task A References line,"Distractions, task prioritization, loss of situational awareness, or disorientation."
IR.V.A.R2,risk-management,explanation,auto,from the Task A References line,"Distractions, task prioritization, loss of situational awareness, or disorientation."
IR.V.A.R3,14cfr:part-91,regulation,auto,from the Task A References line,Limitations of the navigation system in use.
IR.V.A.R3,afh,explanation,auto,from the Task A References line,Limitations of the navigation system in use.
IR.V.A.R3,aim,guidance,auto,from the Task A References line,Limitations of the navigation system in use.
IR.V.A.R3,ifh,explanation,auto,from the Task A References line,Limitations of the navigation system in use.
IR.V.A.R3,iph,explanation,auto,from the Task A References line,Limitations of the navigation system in use.
IR.V.A.R3,phak,explanation,auto,from the Task A References line,Limitations of the navigation system in use.
IR.V.A.R3,risk-management,explanation,auto,from the Task A References line,Limitations of the navigation system in use.
IR.V.A.S1,14cfr:part-91,regulation,auto,from the Task A References line,Tune and identify the navigation facility/program the navigation system and verify system accuracy as appropriate for the equipment installed in the aircraft.
IR.V.A.S1,afh,explanation,auto,from the Task A References line,Tune and identify the navigation facility/program the navigation system and verify system accuracy as appropriate for the equipment installed in the aircraft.
IR.V.A.S1,aim,guidance,auto,from the Task A References line,Tune and identify the navigation facility/program the navigation system and verify system accuracy as appropriate for the equipment installed in the aircraft.
IR.V.A.S1,ifh,explanation,auto,from the Task A References line,Tune and identify the navigation facility/program the navigation system and verify system accuracy as appropriate for the equipment installed in the aircraft.
IR.V.A.S1,iph,explanation,auto,from the Task A References line,Tune and identify the navigation facility/program the navigation system and verify system accuracy as appropriate for the equipment installed in the aircraft.
IR.V.A.S1,phak,explanation,auto,from the Task A References line,Tune and identify the navigation facility/program the navigation system and verify system accuracy as appropriate for the equipment installed in the aircraft.
IR.V.A.S1,risk-management,explanation,auto,from the Task A References line,Tune and identify the navigation facility/program the navigation system and verify system accuracy as appropriate for the equipment installed in the aircraft.
IR.V.A.S10,14cfr:part-91,regulation,auto,from the Task A References line,"Use single-pilot resource management (SRM) or crew resource management (CRM), as appropriate. 13"
IR.V.A.S10,afh,explanation,auto,from the Task A References line,"Use single-pilot resource management (SRM) or crew resource management (CRM), as appropriate. 13"
IR.V.A.S10,aim,guidance,auto,from the Task A References line,"Use single-pilot resource management (SRM) or crew resource management (CRM), as appropriate. 13"
IR.V.A.S10,ifh,explanation,auto,from the Task A References line,"Use single-pilot resource management (SRM) or crew resource management (CRM), as appropriate. 13"
IR.V.A.S10,iph,explanation,auto,from the Task A References line,"Use single-pilot resource management (SRM) or crew resource management (CRM), as appropriate. 13"
IR.V.A.S10,phak,explanation,auto,from the Task A References line,"Use single-pilot resource management (SRM) or crew resource management (CRM), as appropriate. 13"
IR.V.A.S10,risk-management,explanation,auto,from the Task A References line,"Use single-pilot resource management (SRM) or crew resource management (CRM), as appropriate. 13"
IR.V.A.S2,14cfr:part-91,regulation,auto,from the Task A References line,Determine aircraft position relative to the navigational facility or waypoint.
IR.V.A.S2,afh,explanation,auto,from the Task A References line,Determine aircraft position relative to the navigational facility or waypoint.
IR.V.A.S2,aim,guidance,auto,from the Task A References line,Determine aircraft position relative to the navigational facility or waypoint.
IR.V.A.S2,ifh,explanation,auto,from the Task A References line,Determine aircraft position relative to the navigational facility or waypoint.
IR.V.A.S2,iph,explanation,auto,from the Task A References line,Determine aircraft position relative to the navigational facility or waypoint.
IR.V.A.S2,phak,explanation,auto,from the Task A References line,Determine aircraft position relative to the navigational facility or waypoint.
IR.V.A.S2,risk-management,explanation,auto,from the Task A References line,Determine aircraft position relative to the navigational facility or waypoint.
IR.V.A.S3,14cfr:part-91,regulation,auto,from the Task A References line,Set and orient to the course to be intercepted.
IR.V.A.S3,afh,explanation,auto,from the Task A References line,Set and orient to the course to be intercepted.
IR.V.A.S3,aim,guidance,auto,from the Task A References line,Set and orient to the course to be intercepted.
IR.V.A.S3,ifh,explanation,auto,from the Task A References line,Set and orient to the course to be intercepted.
IR.V.A.S3,iph,explanation,auto,from the Task A References line,Set and orient to the course to be intercepted.
IR.V.A.S3,phak,explanation,auto,from the Task A References line,Set and orient to the course to be intercepted.
IR.V.A.S3,risk-management,explanation,auto,from the Task A References line,Set and orient to the course to be intercepted.
IR.V.A.S4,14cfr:part-91,regulation,auto,from the Task A References line,"Intercept the specified course at appropriate angle, inbound to or outbound from a navigational facility or waypoint."
IR.V.A.S4,afh,explanation,auto,from the Task A References line,"Intercept the specified course at appropriate angle, inbound to or outbound from a navigational facility or waypoint."
IR.V.A.S4,aim,guidance,auto,from the Task A References line,"Intercept the specified course at appropriate angle, inbound to or outbound from a navigational facility or waypoint."
IR.V.A.S4,ifh,explanation,auto,from the Task A References line,"Intercept the specified course at appropriate angle, inbound to or outbound from a navigational facility or waypoint."
IR.V.A.S4,iph,explanation,auto,from the Task A References line,"Intercept the specified course at appropriate angle, inbound to or outbound from a navigational facility or waypoint."
IR.V.A.S4,phak,explanation,auto,from the Task A References line,"Intercept the specified course at appropriate angle, inbound to or outbound from a navigational facility or waypoint."
IR.V.A.S4,risk-management,explanation,auto,from the Task A References line,"Intercept the specified course at appropriate angle, inbound to or outbound from a navigational facility or waypoint."
IR.V.A.S5,14cfr:part-91,regulation,auto,from the Task A References line,"Maintain airspeed ±10 knots, altitude ±100 feet, and selected headings ±5°."
IR.V.A.S5,afh,explanation,auto,from the Task A References line,"Maintain airspeed ±10 knots, altitude ±100 feet, and selected headings ±5°."
IR.V.A.S5,aim,guidance,auto,from the Task A References line,"Maintain airspeed ±10 knots, altitude ±100 feet, and selected headings ±5°."
IR.V.A.S5,ifh,explanation,auto,from the Task A References line,"Maintain airspeed ±10 knots, altitude ±100 feet, and selected headings ±5°."
IR.V.A.S5,iph,explanation,auto,from the Task A References line,"Maintain airspeed ±10 knots, altitude ±100 feet, and selected headings ±5°."
IR.V.A.S5,phak,explanation,auto,from the Task A References line,"Maintain airspeed ±10 knots, altitude ±100 feet, and selected headings ±5°."
IR.V.A.S5,risk-management,explanation,auto,from the Task A References line,"Maintain airspeed ±10 knots, altitude ±100 feet, and selected headings ±5°."
IR.V.A.S6,14cfr:part-91,regulation,auto,from the Task A References line,"Apply proper correction to maintain a course, allowing no more than ¾-scale deflection of the course deviation indicator (CDI). If a distance measuring equipment (DME) arc is selected, maintain that arc ±1 nautical mile."
IR.V.A.S6,afh,explanation,auto,from the Task A References line,"Apply proper correction to maintain a course, allowing no more than ¾-scale deflection of the course deviation indicator (CDI). If a distance measuring equipment (DME) arc is selected, maintain that arc ±1 nautical mile."
IR.V.A.S6,aim,guidance,auto,from the Task A References line,"Apply proper correction to maintain a course, allowing no more than ¾-scale deflection of the course deviation indicator (CDI). If a distance measuring equipment (DME) arc is selected, maintain that arc ±1 nautical mile."
IR.V.A.S6,ifh,explanation,auto,from the Task A References line,"Apply proper correction to maintain a course, allowing no more than ¾-scale deflection of the course deviation indicator (CDI). If a distance measuring equipment (DME) arc is selected, maintain that arc ±1 nautical mile."
IR.V.A.S6,iph,explanation,auto,from the Task A References line,"Apply proper correction to maintain a course, allowing no more than ¾-scale deflection of the course deviation indicator (CDI). If a distance measuring equipment (DME) arc is selected, maintain that arc ±1 nautical mile."
IR.V.A.S6,phak,explanation,auto,from the Task A References line,"Apply proper correction to maintain a course, allowing no more than ¾-scale deflection of the course deviation indicator (CDI). If a distance measuring equipment (DME) arc is selected, maintain that arc ±1 nautical mile."
IR.V.A.S6,risk-management,explanation,auto,from the Task A References line,"Apply proper correction to maintain a course, allowing no more than ¾-scale deflection of the course deviation indicator (CDI). If a distance measuring equipment (DME) arc is selected, maintain that arc ±1 nautical mile."
IR.V.A.S7,14cfr:part-91,regulation,auto,from the Task A References line,"Recognize navigational system or facility failure, and when required, report the failure to air traffic control (ATC)."
IR.V.A.S7,afh,explanation,auto,from the Task A References line,"Recognize navigational system or facility failure, and when required, report the failure to air traffic control (ATC)."
IR.V.A.S7,aim,guidance,auto,from the Task A References line,"Recognize navigational system or facility failure, and when required, report the failure to air traffic control (ATC)."
IR.V.A.S7,ifh,explanation,auto,from the Task A References line,"Recognize navigational system or facility failure, and when required, report the failure to air traffic control (ATC)."
IR.V.A.S7,iph,explanation,auto,from the Task A References line,"Recognize navigational system or facility failure, and when required, report the failure to air traffic control (ATC)."
IR.V.A.S7,phak,explanation,auto,from the Task A References line,"Recognize navigational system or facility failure, and when required, report the failure to air traffic control (ATC)."
IR.V.A.S7,risk-management,explanation,auto,from the Task A References line,"Recognize navigational system or facility failure, and when required, report the failure to air traffic control (ATC)."
IR.V.A.S8,14cfr:part-91,regulation,auto,from the Task A References line,"Use a multi-function display (MFD) and other graphical navigation displays, if installed, to monitor position, track wind drift, and to maintain situational awareness."
IR.V.A.S8,afh,explanation,auto,from the Task A References line,"Use a multi-function display (MFD) and other graphical navigation displays, if installed, to monitor position, track wind drift, and to maintain situational awareness."
IR.V.A.S8,aim,guidance,auto,from the Task A References line,"Use a multi-function display (MFD) and other graphical navigation displays, if installed, to monitor position, track wind drift, and to maintain situational awareness."
IR.V.A.S8,ifh,explanation,auto,from the Task A References line,"Use a multi-function display (MFD) and other graphical navigation displays, if installed, to monitor position, track wind drift, and to maintain situational awareness."
IR.V.A.S8,iph,explanation,auto,from the Task A References line,"Use a multi-function display (MFD) and other graphical navigation displays, if installed, to monitor position, track wind drift, and to maintain situational awareness."
IR.V.A.S8,phak,explanation,auto,from the Task A References line,"Use a multi-function display (MFD) and other graphical navigation displays, if installed, to monitor position, track wind drift, and to maintain situational awareness."
IR.V.A.S8,risk-management,explanation,auto,from the Task A References line,"Use a multi-function display (MFD) and other graphical navigation displays, if installed, to monitor position, track wind drift, and to maintain situational awareness."
IR.V.A.S9,14cfr:part-91,regulation,auto,from the Task A References line,"At the discretion of the evaluator, use the autopilot to make appropriate course intercepts, if installed."
IR.V.A.S9,afh,explanation,auto,from the Task A References line,"At the discretion of the evaluator, use the autopilot to make appropriate course intercepts, if installed."
IR.V.A.S9,aim,guidance,auto,from the Task A References line,"At the discretion of the evaluator, use the autopilot to make appropriate course intercepts, if installed."
IR.V.A.S9,ifh,explanation,auto,from the Task A References line,"At the discretion of the evaluator, use the autopilot to make appropriate course intercepts, if installed."
IR.V.A.S9,iph,explanation,auto,from the Task A References line,"At the discretion of the evaluator, use the autopilot to make appropriate course intercepts, if installed."
IR.V.A.S9,phak,explanation,auto,from the Task A References line,"At the discretion of the evaluator, use the autopilot to make appropriate course intercepts, if installed."
IR.V.A.S9,risk-management,explanation,auto,from the Task A References line,"At the discretion of the evaluator, use the autopilot to make appropriate course intercepts, if installed."
IR.V.B.K1,14cfr:part-91,regulation,auto,from the Task B References line,"Elements related to ATC routes, including departure procedures (DPs) and associated climb gradients; standard terminal arrival (STAR) procedures and associated constraints."
IR.V.B.K1,14cfr:part-97,regulation,auto,from the Task B References line,"Elements related to ATC routes, including departure procedures (DPs) and associated climb gradients; standard terminal arrival (STAR) procedures and associated constraints."
IR.V.B.K1,ac-91-74b,guidance,auto,from the Task B References line,"Elements related to ATC routes, including departure procedures (DPs) and associated climb gradients; standard terminal arrival (STAR) procedures and associated constraints."
IR.V.B.K1,afh,explanation,auto,from the Task B References line,"Elements related to ATC routes, including departure procedures (DPs) and associated climb gradients; standard terminal arrival (STAR) procedures and associated constraints."
IR.V.B.K1,aim,guidance,auto,from the Task B References line,"Elements related to ATC routes, including departure procedures (DPs) and associated climb gradients; standard terminal arrival (STAR) procedures and associated constraints."
IR.V.B.K1,risk-management,explanation,auto,from the Task B References line,"Elements related to ATC routes, including departure procedures (DPs) and associated climb gradients; standard terminal arrival (STAR) procedures and associated constraints."
IR.V.B.K2,14cfr:part-91,regulation,auto,from the Task B References line,"Pilot/controller responsibilities, communication procedures, and ATC services available to pilots."
IR.V.B.K2,14cfr:part-97,regulation,auto,from the Task B References line,"Pilot/controller responsibilities, communication procedures, and ATC services available to pilots."
IR.V.B.K2,ac-91-74b,guidance,auto,from the Task B References line,"Pilot/controller responsibilities, communication procedures, and ATC services available to pilots."
IR.V.B.K2,afh,explanation,auto,from the Task B References line,"Pilot/controller responsibilities, communication procedures, and ATC services available to pilots."
IR.V.B.K2,aim,guidance,auto,from the Task B References line,"Pilot/controller responsibilities, communication procedures, and ATC services available to pilots."
IR.V.B.K2,risk-management,explanation,auto,from the Task B References line,"Pilot/controller responsibilities, communication procedures, and ATC services available to pilots."
IR.V.B.R1,14cfr:part-91,regulation,auto,from the Task B References line,ATC communications and compliance with published procedures.
IR.V.B.R1,14cfr:part-97,regulation,auto,from the Task B References line,ATC communications and compliance with published procedures.
IR.V.B.R1,ac-91-74b,guidance,auto,from the Task B References line,ATC communications and compliance with published procedures.
IR.V.B.R1,afh,explanation,auto,from the Task B References line,ATC communications and compliance with published procedures.
IR.V.B.R1,aim,guidance,auto,from the Task B References line,ATC communications and compliance with published procedures.
IR.V.B.R1,risk-management,explanation,auto,from the Task B References line,ATC communications and compliance with published procedures.
IR.V.B.R2,14cfr:part-91,regulation,auto,from the Task B References line,Limitations of traffic avoidance equipment.
IR.V.B.R2,14cfr:part-97,regulation,auto,from the Task B References line,Limitations of traffic avoidance equipment.
IR.V.B.R2,ac-91-74b,guidance,auto,from the Task B References line,Limitations of traffic avoidance equipment.
IR.V.B.R2,afh,explanation,auto,from the Task B References line,Limitations of traffic avoidance equipment.
IR.V.B.R2,aim,guidance,auto,from the Task B References line,Limitations of traffic avoidance equipment.
IR.V.B.R2,risk-management,explanation,auto,from the Task B References line,Limitations of traffic avoidance equipment.
IR.V.B.R3,14cfr:part-91,regulation,auto,from the Task B References line,"Responsibility to use ""see and avoid"" techniques when possible."
IR.V.B.R3,14cfr:part-97,regulation,auto,from the Task B References line,"Responsibility to use ""see and avoid"" techniques when possible."
IR.V.B.R3,ac-91-74b,guidance,auto,from the Task B References line,"Responsibility to use ""see and avoid"" techniques when possible."
IR.V.B.R3,afh,explanation,auto,from the Task B References line,"Responsibility to use ""see and avoid"" techniques when possible."
IR.V.B.R3,aim,guidance,auto,from the Task B References line,"Responsibility to use ""see and avoid"" techniques when possible."
IR.V.B.R3,risk-management,explanation,auto,from the Task B References line,"Responsibility to use ""see and avoid"" techniques when possible."
IR.V.B.S1,14cfr:part-91,regulation,auto,from the Task B References line,"Select, identify (as necessary) and use the appropriate communication and navigation facilities associated with the proposed flight."
IR.V.B.S1,14cfr:part-97,regulation,auto,from the Task B References line,"Select, identify (as necessary) and use the appropriate communication and navigation facilities associated with the proposed flight."
IR.V.B.S1,ac-91-74b,guidance,auto,from the Task B References line,"Select, identify (as necessary) and use the appropriate communication and navigation facilities associated with the proposed flight."
IR.V.B.S1,afh,explanation,auto,from the Task B References line,"Select, identify (as necessary) and use the appropriate communication and navigation facilities associated with the proposed flight."
IR.V.B.S1,aim,guidance,auto,from the Task B References line,"Select, identify (as necessary) and use the appropriate communication and navigation facilities associated with the proposed flight."
IR.V.B.S1,risk-management,explanation,auto,from the Task B References line,"Select, identify (as necessary) and use the appropriate communication and navigation facilities associated with the proposed flight."
IR.V.B.S10,14cfr:part-91,regulation,auto,from the Task B References line,"Use single-pilot resource management (SRM) or crew resource management (CRM), as appropriate. 14"
IR.V.B.S10,14cfr:part-97,regulation,auto,from the Task B References line,"Use single-pilot resource management (SRM) or crew resource management (CRM), as appropriate. 14"
IR.V.B.S10,ac-91-74b,guidance,auto,from the Task B References line,"Use single-pilot resource management (SRM) or crew resource management (CRM), as appropriate. 14"
IR.V.B.S10,afh,explanation,auto,from the Task B References line,"Use single-pilot resource management (SRM) or crew resource management (CRM), as appropriate. 14"
IR.V.B.S10,aim,guidance,auto,from the Task B References line,"Use single-pilot resource management (SRM) or crew resource management (CRM), as appropriate. 14"
IR.V.B.S10,risk-management,explanation,auto,from the Task B References line,"Use single-pilot resource management (SRM) or crew resource management (CRM), as appropriate. 14"
IR.V.B.S2,14cfr:part-91,regulation,auto,from the Task B References line,Perform the appropriate checklist items relative to the phase of flight.
IR.V.B.S2,14cfr:part-97,regulation,auto,from the Task B References line,Perform the appropriate checklist items relative to the phase of flight.
IR.V.B.S2,ac-91-74b,guidance,auto,from the Task B References line,Perform the appropriate checklist items relative to the phase of flight.
IR.V.B.S2,afh,explanation,auto,from the Task B References line,Perform the appropriate checklist items relative to the phase of flight.
IR.V.B.S2,aim,guidance,auto,from the Task B References line,Perform the appropriate checklist items relative to the phase of flight.
IR.V.B.S2,risk-management,explanation,auto,from the Task B References line,Perform the appropriate checklist items relative to the phase of flight.
IR.V.B.S3,14cfr:part-91,regulation,auto,from the Task B References line,Use the current and appropriate paper or electronic navigation publications.
IR.V.B.S3,14cfr:part-97,regulation,auto,from the Task B References line,Use the current and appropriate paper or electronic navigation publications.
IR.V.B.S3,ac-91-74b,guidance,auto,from the Task B References line,Use the current and appropriate paper or electronic navigation publications.
IR.V.B.S3,afh,explanation,auto,from the Task B References line,Use the current and appropriate paper or electronic navigation publications.
IR.V.B.S3,aim,guidance,auto,from the Task B References line,Use the current and appropriate paper or electronic navigation publications.
IR.V.B.S3,risk-management,explanation,auto,from the Task B References line,Use the current and appropriate paper or electronic navigation publications.
IR.V.B.S4,14cfr:part-91,regulation,auto,from the Task B References line,"Establish two-way communications with the proper controlling agency, use proper phraseology, and comply in a timely manner with all ATC instructions and airspace restrictions."
IR.V.B.S4,14cfr:part-97,regulation,auto,from the Task B References line,"Establish two-way communications with the proper controlling agency, use proper phraseology, and comply in a timely manner with all ATC instructions and airspace restrictions."
IR.V.B.S4,ac-91-74b,guidance,auto,from the Task B References line,"Establish two-way communications with the proper controlling agency, use proper phraseology, and comply in a timely manner with all ATC instructions and airspace restrictions."
IR.V.B.S4,afh,explanation,auto,from the Task B References line,"Establish two-way communications with the proper controlling agency, use proper phraseology, and comply in a timely manner with all ATC instructions and airspace restrictions."
IR.V.B.S4,aim,guidance,auto,from the Task B References line,"Establish two-way communications with the proper controlling agency, use proper phraseology, and comply in a timely manner with all ATC instructions and airspace restrictions."
IR.V.B.S4,risk-management,explanation,auto,from the Task B References line,"Establish two-way communications with the proper controlling agency, use proper phraseology, and comply in a timely manner with all ATC instructions and airspace restrictions."
IR.V.B.S5,14cfr:part-91,regulation,auto,from the Task B References line,"Intercept all courses, radials, and bearings appropriate to the procedure, route, or clearance in a timely manner."
IR.V.B.S5,14cfr:part-97,regulation,auto,from the Task B References line,"Intercept all courses, radials, and bearings appropriate to the procedure, route, or clearance in a timely manner."
IR.V.B.S5,ac-91-74b,guidance,auto,from the Task B References line,"Intercept all courses, radials, and bearings appropriate to the procedure, route, or clearance in a timely manner."
IR.V.B.S5,afh,explanation,auto,from the Task B References line,"Intercept all courses, radials, and bearings appropriate to the procedure, route, or clearance in a timely manner."
IR.V.B.S5,aim,guidance,auto,from the Task B References line,"Intercept all courses, radials, and bearings appropriate to the procedure, route, or clearance in a timely manner."
IR.V.B.S5,risk-management,explanation,auto,from the Task B References line,"Intercept all courses, radials, and bearings appropriate to the procedure, route, or clearance in a timely manner."
IR.V.B.S6,14cfr:part-91,regulation,auto,from the Task B References line,Comply with all applicable charted procedures.
IR.V.B.S6,14cfr:part-97,regulation,auto,from the Task B References line,Comply with all applicable charted procedures.
IR.V.B.S6,ac-91-74b,guidance,auto,from the Task B References line,Comply with all applicable charted procedures.
IR.V.B.S6,afh,explanation,auto,from the Task B References line,Comply with all applicable charted procedures.
IR.V.B.S6,aim,guidance,auto,from the Task B References line,Comply with all applicable charted procedures.
IR.V.B.S6,risk-management,explanation,auto,from the Task B References line,Comply with all applicable charted procedures.
IR.V.B.S7,14cfr:part-91,regulation,auto,from the Task B References line,"Maintain airspeed ±10 knots, altitude ±100 feet, and selected headings ±10°, and apply proper correction to maintain a course allowing no more than ¾-scale deflection of the course deviation indicator (CDI)."
IR.V.B.S7,14cfr:part-97,regulation,auto,from the Task B References line,"Maintain airspeed ±10 knots, altitude ±100 feet, and selected headings ±10°, and apply proper correction to maintain a course allowing no more than ¾-scale deflection of the course deviation indicator (CDI)."
IR.V.B.S7,ac-91-74b,guidance,auto,from the Task B References line,"Maintain airspeed ±10 knots, altitude ±100 feet, and selected headings ±10°, and apply proper correction to maintain a course allowing no more than ¾-scale deflection of the course deviation indicator (CDI)."
IR.V.B.S7,afh,explanation,auto,from the Task B References line,"Maintain airspeed ±10 knots, altitude ±100 feet, and selected headings ±10°, and apply proper correction to maintain a course allowing no more than ¾-scale deflection of the course deviation indicator (CDI)."
IR.V.B.S7,aim,guidance,auto,from the Task B References line,"Maintain airspeed ±10 knots, altitude ±100 feet, and selected headings ±10°, and apply proper correction to maintain a course allowing no more than ¾-scale deflection of the course deviation indicator (CDI)."
IR.V.B.S7,risk-management,explanation,auto,from the Task B References line,"Maintain airspeed ±10 knots, altitude ±100 feet, and selected headings ±10°, and apply proper correction to maintain a course allowing no more than ¾-scale deflection of the course deviation indicator (CDI)."
IR.V.B.S8,14cfr:part-91,regulation,auto,from the Task B References line,Update/interpret weather in flight.
IR.V.B.S8,14cfr:part-97,regulation,auto,from the Task B References line,Update/interpret weather in flight.
IR.V.B.S8,ac-91-74b,guidance,auto,from the Task B References line,Update/interpret weather in flight.
IR.V.B.S8,afh,explanation,auto,from the Task B References line,Update/interpret weather in flight.
IR.V.B.S8,aim,guidance,auto,from the Task B References line,Update/interpret weather in flight.
IR.V.B.S8,risk-management,explanation,auto,from the Task B References line,Update/interpret weather in flight.
IR.V.B.S9,14cfr:part-91,regulation,auto,from the Task B References line,"Use displays of digital weather and aeronautical information, as applicable to maintain situational awareness."
IR.V.B.S9,14cfr:part-97,regulation,auto,from the Task B References line,"Use displays of digital weather and aeronautical information, as applicable to maintain situational awareness."
IR.V.B.S9,ac-91-74b,guidance,auto,from the Task B References line,"Use displays of digital weather and aeronautical information, as applicable to maintain situational awareness."
IR.V.B.S9,afh,explanation,auto,from the Task B References line,"Use displays of digital weather and aeronautical information, as applicable to maintain situational awareness."
IR.V.B.S9,aim,guidance,auto,from the Task B References line,"Use displays of digital weather and aeronautical information, as applicable to maintain situational awareness."
IR.V.B.S9,risk-management,explanation,auto,from the Task B References line,"Use displays of digital weather and aeronautical information, as applicable to maintain situational awareness."
IR.VI.A.K1,14cfr:part-91,regulation,auto,from the Task A References line,"Procedures and limitations associated with a non-precision approach, including the differences between Localizer Performance (LP) and Lateral Navigation (LNAV) approach guidance."
IR.VI.A.K1,afh,explanation,auto,from the Task A References line,"Procedures and limitations associated with a non-precision approach, including the differences between Localizer Performance (LP) and Lateral Navigation (LNAV) approach guidance."
IR.VI.A.K1,aim,guidance,auto,from the Task A References line,"Procedures and limitations associated with a non-precision approach, including the differences between Localizer Performance (LP) and Lateral Navigation (LNAV) approach guidance."
IR.VI.A.K1,ifh,explanation,auto,from the Task A References line,"Procedures and limitations associated with a non-precision approach, including the differences between Localizer Performance (LP) and Lateral Navigation (LNAV) approach guidance."
IR.VI.A.K1,iph,explanation,auto,from the Task A References line,"Procedures and limitations associated with a non-precision approach, including the differences between Localizer Performance (LP) and Lateral Navigation (LNAV) approach guidance."
IR.VI.A.K1,risk-management,explanation,auto,from the Task A References line,"Procedures and limitations associated with a non-precision approach, including the differences between Localizer Performance (LP) and Lateral Navigation (LNAV) approach guidance."
IR.VI.A.K2,14cfr:part-91,regulation,auto,from the Task A References line,Navigation system indications and annunciations expected during an area navigation (RNAV) approach.
IR.VI.A.K2,afh,explanation,auto,from the Task A References line,Navigation system indications and annunciations expected during an area navigation (RNAV) approach.
IR.VI.A.K2,aim,guidance,auto,from the Task A References line,Navigation system indications and annunciations expected during an area navigation (RNAV) approach.
IR.VI.A.K2,ifh,explanation,auto,from the Task A References line,Navigation system indications and annunciations expected during an area navigation (RNAV) approach.
IR.VI.A.K2,iph,explanation,auto,from the Task A References line,Navigation system indications and annunciations expected during an area navigation (RNAV) approach.
IR.VI.A.K2,risk-management,explanation,auto,from the Task A References line,Navigation system indications and annunciations expected during an area navigation (RNAV) approach.
IR.VI.A.K3,14cfr:part-91,regulation,auto,from the Task A References line,Ground-based and satellite-based navigation systems used for a non-precision approach.
IR.VI.A.K3,afh,explanation,auto,from the Task A References line,Ground-based and satellite-based navigation systems used for a non-precision approach.
IR.VI.A.K3,aim,guidance,auto,from the Task A References line,Ground-based and satellite-based navigation systems used for a non-precision approach.
IR.VI.A.K3,ifh,explanation,auto,from the Task A References line,Ground-based and satellite-based navigation systems used for a non-precision approach.
IR.VI.A.K3,iph,explanation,auto,from the Task A References line,Ground-based and satellite-based navigation systems used for a non-precision approach.
IR.VI.A.K3,risk-management,explanation,auto,from the Task A References line,Ground-based and satellite-based navigation systems used for a non-precision approach.
IR.VI.A.K4,14cfr:part-91,regulation,auto,from the Task A References line,"A stabilized approach, including energy management concepts."
IR.VI.A.K4,afh,explanation,auto,from the Task A References line,"A stabilized approach, including energy management concepts."
IR.VI.A.K4,aim,guidance,auto,from the Task A References line,"A stabilized approach, including energy management concepts."
IR.VI.A.K4,ifh,explanation,auto,from the Task A References line,"A stabilized approach, including energy management concepts."
IR.VI.A.K4,iph,explanation,auto,from the Task A References line,"A stabilized approach, including energy management concepts."
IR.VI.A.K4,risk-management,explanation,auto,from the Task A References line,"A stabilized approach, including energy management concepts."
IR.VI.A.R1,14cfr:part-91,regulation,auto,from the Task A References line,Deviating from the assigned approach procedure.
IR.VI.A.R1,afh,explanation,auto,from the Task A References line,Deviating from the assigned approach procedure.
IR.VI.A.R1,aim,guidance,auto,from the Task A References line,Deviating from the assigned approach procedure.
IR.VI.A.R1,ifh,explanation,auto,from the Task A References line,Deviating from the assigned approach procedure.
IR.VI.A.R1,iph,explanation,auto,from the Task A References line,Deviating from the assigned approach procedure.
IR.VI.A.R1,risk-management,explanation,auto,from the Task A References line,Deviating from the assigned approach procedure.
IR.VI.A.R2,14cfr:part-91,regulation,auto,from the Task A References line,Selecting a navigation frequency.
IR.VI.A.R2,afh,explanation,auto,from the Task A References line,Selecting a navigation frequency.
IR.VI.A.R2,aim,guidance,auto,from the Task A References line,Selecting a navigation frequency.
IR.VI.A.R2,ifh,explanation,auto,from the Task A References line,Selecting a navigation frequency.
IR.VI.A.R2,iph,explanation,auto,from the Task A References line,Selecting a navigation frequency.
IR.VI.A.R2,risk-management,explanation,auto,from the Task A References line,Selecting a navigation frequency.
IR.VI.A.R3,14cfr:part-91,regulation,auto,from the Task A References line,Management of automated navigation and autoflight systems.
IR.VI.A.R3,afh,explanation,auto,from the Task A References line,Management of automated navigation and autoflight systems.
IR.VI.A.R3,aim,guidance,auto,from the Task A References line,Management of automated navigation and autoflight systems.
IR.VI.A.R3,ifh,explanation,auto,from the Task A References line,Management of automated navigation and autoflight systems.
IR.VI.A.R3,iph,explanation,auto,from the Task A References line,Management of automated navigation and autoflight systems.
IR.VI.A.R3,risk-management,explanation,auto,from the Task A References line,Management of automated navigation and autoflight systems.
IR.VI.A.R4,14cfr:part-91,regulation,auto,from the Task A References line,Aircraft configuration during an approach and missed approach.
IR.VI.A.R4,afh,explanation,auto,from the Task A References line,Aircraft configuration during an approach and missed approach.
IR.VI.A.R4,aim,guidance,auto,from the Task A References line,Aircraft configuration during an approach and missed approach.
IR.VI.A.R4,ifh,explanation,auto,from the Task A References line,Aircraft configuration during an approach and missed approach.
IR.VI.A.R4,iph,explanation,auto,from the Task A References line,Aircraft configuration during an approach and missed approach.
IR.VI.A.R4,risk-management,explanation,auto,from the Task A References line,Aircraft configuration during an approach and missed approach.
IR.VI.A.R5,14cfr:part-91,regulation,auto,from the Task A References line,"An unstable approach, including excessive descent rates."
IR.VI.A.R5,afh,explanation,auto,from the Task A References line,"An unstable approach, including excessive descent rates."
IR.VI.A.R5,aim,guidance,auto,from the Task A References line,"An unstable approach, including excessive descent rates."
IR.VI.A.R5,ifh,explanation,auto,from the Task A References line,"An unstable approach, including excessive descent rates."
IR.VI.A.R5,iph,explanation,auto,from the Task A References line,"An unstable approach, including excessive descent rates."
IR.VI.A.R5,risk-management,explanation,auto,from the Task A References line,"An unstable approach, including excessive descent rates."
IR.VI.A.R6,14cfr:part-91,regulation,auto,from the Task A References line,Deteriorating weather conditions on approach.
IR.VI.A.R6,afh,explanation,auto,from the Task A References line,Deteriorating weather conditions on approach.
IR.VI.A.R6,aim,guidance,auto,from the Task A References line,Deteriorating weather conditions on approach.
IR.VI.A.R6,ifh,explanation,auto,from the Task A References line,Deteriorating weather conditions on approach.
IR.VI.A.R6,iph,explanation,auto,from the Task A References line,Deteriorating weather conditions on approach.
IR.VI.A.R6,risk-management,explanation,auto,from the Task A References line,Deteriorating weather conditions on approach.
IR.VI.A.R7,14cfr:part-91,regulation,auto,from the Task A References line,Operating below the minimum descent altitude (MDA) without proper visual references.
IR.VI.A.R7,afh,explanation,auto,from the Task A References line,Operating below the minimum descent altitude (MDA) without proper visual references.
IR.VI.A.R7,aim,guidance,auto,from the Task A References line,Operating below the minimum descent altitude (MDA) without proper visual references.
IR.VI.A.R7,ifh,explanation,auto,from the Task A References line,Operating below the minimum descent altitude (MDA) without proper visual references.
IR.VI.A.R7,iph,explanation,auto,from the Task A References line,Operating below the minimum descent altitude (MDA) without proper visual references.
IR.VI.A.R7,risk-management,explanation,auto,from the Task A References line,Operating below the minimum descent altitude (MDA) without proper visual references.
IR.VI.A.S1,14cfr:part-91,regulation,auto,from the Task A References line,Accomplish the non-precision instrument approaches selected by the evaluator.
IR.VI.A.S1,afh,explanation,auto,from the Task A References line,Accomplish the non-precision instrument approaches selected by the evaluator.
IR.VI.A.S1,aim,guidance,auto,from the Task A References line,Accomplish the non-precision instrument approaches selected by the evaluator.
IR.VI.A.S1,ifh,explanation,auto,from the Task A References line,Accomplish the non-precision instrument approaches selected by the evaluator.
IR.VI.A.S1,iph,explanation,auto,from the Task A References line,Accomplish the non-precision instrument approaches selected by the evaluator.
IR.VI.A.S1,risk-management,explanation,auto,from the Task A References line,Accomplish the non-precision instrument approaches selected by the evaluator.
IR.VI.A.S10,14cfr:part-91,regulation,auto,from the Task A References line,"Adjust the published MDA and visibility criteria for the aircraft approach category, as appropriate, for factors that include Notices of Air Missions (NOTAMs), inoperative aircraft or navigation equipment, or inoperative visual aids associated with the landing environment, etc."
IR.VI.A.S10,afh,explanation,auto,from the Task A References line,"Adjust the published MDA and visibility criteria for the aircraft approach category, as appropriate, for factors that include Notices of Air Missions (NOTAMs), inoperative aircraft or navigation equipment, or inoperative visual aids associated with the landing environment, etc."
IR.VI.A.S10,aim,guidance,auto,from the Task A References line,"Adjust the published MDA and visibility criteria for the aircraft approach category, as appropriate, for factors that include Notices of Air Missions (NOTAMs), inoperative aircraft or navigation equipment, or inoperative visual aids associated with the landing environment, etc."
IR.VI.A.S10,ifh,explanation,auto,from the Task A References line,"Adjust the published MDA and visibility criteria for the aircraft approach category, as appropriate, for factors that include Notices of Air Missions (NOTAMs), inoperative aircraft or navigation equipment, or inoperative visual aids associated with the landing environment, etc."
IR.VI.A.S10,iph,explanation,auto,from the Task A References line,"Adjust the published MDA and visibility criteria for the aircraft approach category, as appropriate, for factors that include Notices of Air Missions (NOTAMs), inoperative aircraft or navigation equipment, or inoperative visual aids associated with the landing environment, etc."
IR.VI.A.S10,risk-management,explanation,auto,from the Task A References line,"Adjust the published MDA and visibility criteria for the aircraft approach category, as appropriate, for factors that include Notices of Air Missions (NOTAMs), inoperative aircraft or navigation equipment, or inoperative visual aids associated with the landing environment, etc."
IR.VI.A.S11,14cfr:part-91,regulation,auto,from the Task A References line,Establish a stabilized descent to the appropriate altitude.
IR.VI.A.S11,afh,explanation,auto,from the Task A References line,Establish a stabilized descent to the appropriate altitude.
IR.VI.A.S11,aim,guidance,auto,from the Task A References line,Establish a stabilized descent to the appropriate altitude.
IR.VI.A.S11,ifh,explanation,auto,from the Task A References line,Establish a stabilized descent to the appropriate altitude.
IR.VI.A.S11,iph,explanation,auto,from the Task A References line,Establish a stabilized descent to the appropriate altitude.
IR.VI.A.S11,risk-management,explanation,auto,from the Task A References line,Establish a stabilized descent to the appropriate altitude.
IR.VI.A.S12,14cfr:part-91,regulation,auto,from the Task A References line,"For the final approach segment, maintain no more than ¾ scale CDI deflection, airspeed ±10 knots, and altitude, if applicable, above MDA +100/-0 feet to the Visual Descent Point (VDP) or missed approach point (MAP)."
IR.VI.A.S12,afh,explanation,auto,from the Task A References line,"For the final approach segment, maintain no more than ¾ scale CDI deflection, airspeed ±10 knots, and altitude, if applicable, above MDA +100/-0 feet to the Visual Descent Point (VDP) or missed approach point (MAP)."
IR.VI.A.S12,aim,guidance,auto,from the Task A References line,"For the final approach segment, maintain no more than ¾ scale CDI deflection, airspeed ±10 knots, and altitude, if applicable, above MDA +100/-0 feet to the Visual Descent Point (VDP) or missed approach point (MAP)."
IR.VI.A.S12,ifh,explanation,auto,from the Task A References line,"For the final approach segment, maintain no more than ¾ scale CDI deflection, airspeed ±10 knots, and altitude, if applicable, above MDA +100/-0 feet to the Visual Descent Point (VDP) or missed approach point (MAP)."
IR.VI.A.S12,iph,explanation,auto,from the Task A References line,"For the final approach segment, maintain no more than ¾ scale CDI deflection, airspeed ±10 knots, and altitude, if applicable, above MDA +100/-0 feet to the Visual Descent Point (VDP) or missed approach point (MAP)."
IR.VI.A.S12,risk-management,explanation,auto,from the Task A References line,"For the final approach segment, maintain no more than ¾ scale CDI deflection, airspeed ±10 knots, and altitude, if applicable, above MDA +100/-0 feet to the Visual Descent Point (VDP) or missed approach point (MAP)."
IR.VI.A.S13,14cfr:part-91,regulation,auto,from the Task A References line,"Assess if the required visual references are available, and either initiate the missed approach procedure or continue for landing."
IR.VI.A.S13,afh,explanation,auto,from the Task A References line,"Assess if the required visual references are available, and either initiate the missed approach procedure or continue for landing."
IR.VI.A.S13,aim,guidance,auto,from the Task A References line,"Assess if the required visual references are available, and either initiate the missed approach procedure or continue for landing."
IR.VI.A.S13,ifh,explanation,auto,from the Task A References line,"Assess if the required visual references are available, and either initiate the missed approach procedure or continue for landing."
IR.VI.A.S13,iph,explanation,auto,from the Task A References line,"Assess if the required visual references are available, and either initiate the missed approach procedure or continue for landing."
IR.VI.A.S13,risk-management,explanation,auto,from the Task A References line,"Assess if the required visual references are available, and either initiate the missed approach procedure or continue for landing."
IR.VI.A.S14,14cfr:part-91,regulation,auto,from the Task A References line,"Use a multi-function display (MFD) and other graphical navigation displays, if installed, to monitor position, track wind drift, and to maintain situational awareness."
IR.VI.A.S14,afh,explanation,auto,from the Task A References line,"Use a multi-function display (MFD) and other graphical navigation displays, if installed, to monitor position, track wind drift, and to maintain situational awareness."
IR.VI.A.S14,aim,guidance,auto,from the Task A References line,"Use a multi-function display (MFD) and other graphical navigation displays, if installed, to monitor position, track wind drift, and to maintain situational awareness."
IR.VI.A.S14,ifh,explanation,auto,from the Task A References line,"Use a multi-function display (MFD) and other graphical navigation displays, if installed, to monitor position, track wind drift, and to maintain situational awareness."
IR.VI.A.S14,iph,explanation,auto,from the Task A References line,"Use a multi-function display (MFD) and other graphical navigation displays, if installed, to monitor position, track wind drift, and to maintain situational awareness."
IR.VI.A.S14,risk-management,explanation,auto,from the Task A References line,"Use a multi-function display (MFD) and other graphical navigation displays, if installed, to monitor position, track wind drift, and to maintain situational awareness."
IR.VI.A.S15,14cfr:part-91,regulation,auto,from the Task A References line,"Use single-pilot resource management (SRM) or crew resource management (CRM), as appropriate."
IR.VI.A.S15,afh,explanation,auto,from the Task A References line,"Use single-pilot resource management (SRM) or crew resource management (CRM), as appropriate."
IR.VI.A.S15,aim,guidance,auto,from the Task A References line,"Use single-pilot resource management (SRM) or crew resource management (CRM), as appropriate."
IR.VI.A.S15,ifh,explanation,auto,from the Task A References line,"Use single-pilot resource management (SRM) or crew resource management (CRM), as appropriate."
IR.VI.A.S15,iph,explanation,auto,from the Task A References line,"Use single-pilot resource management (SRM) or crew resource management (CRM), as appropriate."
IR.VI.A.S15,risk-management,explanation,auto,from the Task A References line,"Use single-pilot resource management (SRM) or crew resource management (CRM), as appropriate."
IR.VI.A.S2,14cfr:part-91,regulation,auto,from the Task A References line,"Establish two-way communications with air traffic control (ATC) appropriate for the phase of flight or approach segment, and use proper communication phraseology."
IR.VI.A.S2,afh,explanation,auto,from the Task A References line,"Establish two-way communications with air traffic control (ATC) appropriate for the phase of flight or approach segment, and use proper communication phraseology."
IR.VI.A.S2,aim,guidance,auto,from the Task A References line,"Establish two-way communications with air traffic control (ATC) appropriate for the phase of flight or approach segment, and use proper communication phraseology."
IR.VI.A.S2,ifh,explanation,auto,from the Task A References line,"Establish two-way communications with air traffic control (ATC) appropriate for the phase of flight or approach segment, and use proper communication phraseology."
IR.VI.A.S2,iph,explanation,auto,from the Task A References line,"Establish two-way communications with air traffic control (ATC) appropriate for the phase of flight or approach segment, and use proper communication phraseology."
IR.VI.A.S2,risk-management,explanation,auto,from the Task A References line,"Establish two-way communications with air traffic control (ATC) appropriate for the phase of flight or approach segment, and use proper communication phraseology."
IR.VI.A.S3,14cfr:part-91,regulation,auto,from the Task A References line,"Select, tune, identify, and confirm the operational status of navigation equipment to be used for the approach."
IR.VI.A.S3,afh,explanation,auto,from the Task A References line,"Select, tune, identify, and confirm the operational status of navigation equipment to be used for the approach."
IR.VI.A.S3,aim,guidance,auto,from the Task A References line,"Select, tune, identify, and confirm the operational status of navigation equipment to be used for the approach."
IR.VI.A.S3,ifh,explanation,auto,from the Task A References line,"Select, tune, identify, and confirm the operational status of navigation equipment to be used for the approach."
IR.VI.A.S3,iph,explanation,auto,from the Task A References line,"Select, tune, identify, and confirm the operational status of navigation equipment to be used for the approach."
IR.VI.A.S3,risk-management,explanation,auto,from the Task A References line,"Select, tune, identify, and confirm the operational status of navigation equipment to be used for the approach."
IR.VI.A.S4,14cfr:part-91,regulation,auto,from the Task A References line,Comply with all clearances issued by ATC or the evaluator.
IR.VI.A.S4,afh,explanation,auto,from the Task A References line,Comply with all clearances issued by ATC or the evaluator.
IR.VI.A.S4,aim,guidance,auto,from the Task A References line,Comply with all clearances issued by ATC or the evaluator.
IR.VI.A.S4,ifh,explanation,auto,from the Task A References line,Comply with all clearances issued by ATC or the evaluator.
IR.VI.A.S4,iph,explanation,auto,from the Task A References line,Comply with all clearances issued by ATC or the evaluator.
IR.VI.A.S4,risk-management,explanation,auto,from the Task A References line,Comply with all clearances issued by ATC or the evaluator.
IR.VI.A.S5,14cfr:part-91,regulation,auto,from the Task A References line,"Recognize if any flight instrumentation is inaccurate or inoperative, and take appropriate action."
IR.VI.A.S5,afh,explanation,auto,from the Task A References line,"Recognize if any flight instrumentation is inaccurate or inoperative, and take appropriate action."
IR.VI.A.S5,aim,guidance,auto,from the Task A References line,"Recognize if any flight instrumentation is inaccurate or inoperative, and take appropriate action."
IR.VI.A.S5,ifh,explanation,auto,from the Task A References line,"Recognize if any flight instrumentation is inaccurate or inoperative, and take appropriate action."
IR.VI.A.S5,iph,explanation,auto,from the Task A References line,"Recognize if any flight instrumentation is inaccurate or inoperative, and take appropriate action."
IR.VI.A.S5,risk-management,explanation,auto,from the Task A References line,"Recognize if any flight instrumentation is inaccurate or inoperative, and take appropriate action."
IR.VI.A.S6,14cfr:part-91,regulation,auto,from the Task A References line,Advise ATC or the evaluator if unable to comply with a clearance.
IR.VI.A.S6,afh,explanation,auto,from the Task A References line,Advise ATC or the evaluator if unable to comply with a clearance.
IR.VI.A.S6,aim,guidance,auto,from the Task A References line,Advise ATC or the evaluator if unable to comply with a clearance.
IR.VI.A.S6,ifh,explanation,auto,from the Task A References line,Advise ATC or the evaluator if unable to comply with a clearance.
IR.VI.A.S6,iph,explanation,auto,from the Task A References line,Advise ATC or the evaluator if unable to comply with a clearance.
IR.VI.A.S6,risk-management,explanation,auto,from the Task A References line,Advise ATC or the evaluator if unable to comply with a clearance.
IR.VI.A.S7,14cfr:part-91,regulation,auto,from the Task A References line,Complete the appropriate checklist(s). 15
IR.VI.A.S7,afh,explanation,auto,from the Task A References line,Complete the appropriate checklist(s). 15
IR.VI.A.S7,aim,guidance,auto,from the Task A References line,Complete the appropriate checklist(s). 15
IR.VI.A.S7,ifh,explanation,auto,from the Task A References line,Complete the appropriate checklist(s). 15
IR.VI.A.S7,iph,explanation,auto,from the Task A References line,Complete the appropriate checklist(s). 15
IR.VI.A.S7,risk-management,explanation,auto,from the Task A References line,Complete the appropriate checklist(s). 15
IR.VI.A.S8,14cfr:part-91,regulation,auto,from the Task A References line,Establish the appropriate aircraft configuration and airspeed considering meteorological and operating conditions.
IR.VI.A.S8,afh,explanation,auto,from the Task A References line,Establish the appropriate aircraft configuration and airspeed considering meteorological and operating conditions.
IR.VI.A.S8,aim,guidance,auto,from the Task A References line,Establish the appropriate aircraft configuration and airspeed considering meteorological and operating conditions.
IR.VI.A.S8,ifh,explanation,auto,from the Task A References line,Establish the appropriate aircraft configuration and airspeed considering meteorological and operating conditions.
IR.VI.A.S8,iph,explanation,auto,from the Task A References line,Establish the appropriate aircraft configuration and airspeed considering meteorological and operating conditions.
IR.VI.A.S8,risk-management,explanation,auto,from the Task A References line,Establish the appropriate aircraft configuration and airspeed considering meteorological and operating conditions.
IR.VI.A.S9,14cfr:part-91,regulation,auto,from the Task A References line,"Maintain altitude ±100 feet, selected heading ±10°, airspeed ±10 knots, no more than ¾ scale CDI deflection, and accurately track radials, courses, or bearings, prior to beginning the final approach segment."
IR.VI.A.S9,afh,explanation,auto,from the Task A References line,"Maintain altitude ±100 feet, selected heading ±10°, airspeed ±10 knots, no more than ¾ scale CDI deflection, and accurately track radials, courses, or bearings, prior to beginning the final approach segment."
IR.VI.A.S9,aim,guidance,auto,from the Task A References line,"Maintain altitude ±100 feet, selected heading ±10°, airspeed ±10 knots, no more than ¾ scale CDI deflection, and accurately track radials, courses, or bearings, prior to beginning the final approach segment."
IR.VI.A.S9,ifh,explanation,auto,from the Task A References line,"Maintain altitude ±100 feet, selected heading ±10°, airspeed ±10 knots, no more than ¾ scale CDI deflection, and accurately track radials, courses, or bearings, prior to beginning the final approach segment."
IR.VI.A.S9,iph,explanation,auto,from the Task A References line,"Maintain altitude ±100 feet, selected heading ±10°, airspeed ±10 knots, no more than ¾ scale CDI deflection, and accurately track radials, courses, or bearings, prior to beginning the final approach segment."
IR.VI.A.S9,risk-management,explanation,auto,from the Task A References line,"Maintain altitude ±100 feet, selected heading ±10°, airspeed ±10 knots, no more than ¾ scale CDI deflection, and accurately track radials, courses, or bearings, prior to beginning the final approach segment."
IR.VI.B.K1,14cfr:part-91,regulation,auto,from the Task B References line,"Procedures and limitations associated with a precision approach, including determining required descent rates and adjusting minimums in the case of inoperative equipment."
IR.VI.B.K1,afh,explanation,auto,from the Task B References line,"Procedures and limitations associated with a precision approach, including determining required descent rates and adjusting minimums in the case of inoperative equipment."
IR.VI.B.K1,aim,guidance,auto,from the Task B References line,"Procedures and limitations associated with a precision approach, including determining required descent rates and adjusting minimums in the case of inoperative equipment."
IR.VI.B.K1,ifh,explanation,auto,from the Task B References line,"Procedures and limitations associated with a precision approach, including determining required descent rates and adjusting minimums in the case of inoperative equipment."
IR.VI.B.K1,risk-management,explanation,auto,from the Task B References line,"Procedures and limitations associated with a precision approach, including determining required descent rates and adjusting minimums in the case of inoperative equipment."
IR.VI.B.K2,14cfr:part-91,regulation,auto,from the Task B References line,"Navigation system displays, annunciations, and modes of operation."
IR.VI.B.K2,afh,explanation,auto,from the Task B References line,"Navigation system displays, annunciations, and modes of operation."
IR.VI.B.K2,aim,guidance,auto,from the Task B References line,"Navigation system displays, annunciations, and modes of operation."
IR.VI.B.K2,ifh,explanation,auto,from the Task B References line,"Navigation system displays, annunciations, and modes of operation."
IR.VI.B.K2,risk-management,explanation,auto,from the Task B References line,"Navigation system displays, annunciations, and modes of operation."
IR.VI.B.K3,14cfr:part-91,regulation,auto,from the Task B References line,"Ground-based and satellite-based navigation systems (orientation, course determination, equipment, tests and regulations, interference, appropriate use of navigation data, signal integrity)."
IR.VI.B.K3,afh,explanation,auto,from the Task B References line,"Ground-based and satellite-based navigation systems (orientation, course determination, equipment, tests and regulations, interference, appropriate use of navigation data, signal integrity)."
IR.VI.B.K3,aim,guidance,auto,from the Task B References line,"Ground-based and satellite-based navigation systems (orientation, course determination, equipment, tests and regulations, interference, appropriate use of navigation data, signal integrity)."
IR.VI.B.K3,ifh,explanation,auto,from the Task B References line,"Ground-based and satellite-based navigation systems (orientation, course determination, equipment, tests and regulations, interference, appropriate use of navigation data, signal integrity)."
IR.VI.B.K3,risk-management,explanation,auto,from the Task B References line,"Ground-based and satellite-based navigation systems (orientation, course determination, equipment, tests and regulations, interference, appropriate use of navigation data, signal integrity)."
IR.VI.B.K4,14cfr:part-91,regulation,auto,from the Task B References line,"A stabilized approach, including energy management concepts."
IR.VI.B.K4,afh,explanation,auto,from the Task B References line,"A stabilized approach, including energy management concepts."
IR.VI.B.K4,aim,guidance,auto,from the Task B References line,"A stabilized approach, including energy management concepts."
IR.VI.B.K4,ifh,explanation,auto,from the Task B References line,"A stabilized approach, including energy management concepts."
IR.VI.B.K4,risk-management,explanation,auto,from the Task B References line,"A stabilized approach, including energy management concepts."
IR.VI.B.R1,14cfr:part-91,regulation,auto,from the Task B References line,Deviating from the assigned approach procedure.
IR.VI.B.R1,afh,explanation,auto,from the Task B References line,Deviating from the assigned approach procedure.
IR.VI.B.R1,aim,guidance,auto,from the Task B References line,Deviating from the assigned approach procedure.
IR.VI.B.R1,ifh,explanation,auto,from the Task B References line,Deviating from the assigned approach procedure.
IR.VI.B.R1,risk-management,explanation,auto,from the Task B References line,Deviating from the assigned approach procedure.
IR.VI.B.R2,14cfr:part-91,regulation,auto,from the Task B References line,Selecting a navigation frequency.
IR.VI.B.R2,afh,explanation,auto,from the Task B References line,Selecting a navigation frequency.
IR.VI.B.R2,aim,guidance,auto,from the Task B References line,Selecting a navigation frequency.
IR.VI.B.R2,ifh,explanation,auto,from the Task B References line,Selecting a navigation frequency.
IR.VI.B.R2,risk-management,explanation,auto,from the Task B References line,Selecting a navigation frequency.
IR.VI.B.R3,14cfr:part-91,regulation,auto,from the Task B References line,Management of automated navigation and autoflight systems.
IR.VI.B.R3,afh,explanation,auto,from the Task B References line,Management of automated navigation and autoflight systems.
IR.VI.B.R3,aim,guidance,auto,from the Task B References line,Management of automated navigation and autoflight systems.
IR.VI.B.R3,ifh,explanation,auto,from the Task B References line,Management of automated navigation and autoflight systems.
IR.VI.B.R3,risk-management,explanation,auto,from the Task B References line,Management of automated navigation and autoflight systems.
IR.VI.B.R4,14cfr:part-91,regulation,auto,from the Task B References line,Aircraft configuration during an approach and missed approach.
IR.VI.B.R4,afh,explanation,auto,from the Task B References line,Aircraft configuration during an approach and missed approach.
IR.VI.B.R4,aim,guidance,auto,from the Task B References line,Aircraft configuration during an approach and missed approach.
IR.VI.B.R4,ifh,explanation,auto,from the Task B References line,Aircraft configuration during an approach and missed approach.
IR.VI.B.R4,risk-management,explanation,auto,from the Task B References line,Aircraft configuration during an approach and missed approach.
IR.VI.B.R5,14cfr:part-91,regulation,auto,from the Task B References line,"An unstable approach, including excessive descent rates. 16"
IR.VI.B.R5,afh,explanation,auto,from the Task B References line,"An unstable approach, including excessive descent rates. 16"
IR.VI.B.R5,aim,guidance,auto,from the Task B References line,"An unstable approach, including excessive descent rates. 16"
IR.VI.B.R5,ifh,explanation,auto,from the Task B References line,"An unstable approach, including excessive descent rates. 16"
IR.VI.B.R5,risk-management,explanation,auto,from the Task B References line,"An unstable approach, including excessive descent rates. 16"
IR.VI.B.R6,14cfr:part-91,regulation,auto,from the Task B References line,Deteriorating weather conditions on approach.
IR.VI.B.R6,afh,explanation,auto,from the Task B References line,Deteriorating weather conditions on approach.
IR.VI.B.R6,aim,guidance,auto,from the Task B References line,Deteriorating weather conditions on approach.
IR.VI.B.R6,ifh,explanation,auto,from the Task B References line,Deteriorating weather conditions on approach.
IR.VI.B.R6,risk-management,explanation,auto,from the Task B References line,Deteriorating weather conditions on approach.
IR.VI.B.R7,14cfr:part-91,regulation,auto,from the Task B References line,Continuing to descend below the Decision Altitude (DA)/Decision Height (DH) when the required visual references are not visible.
IR.VI.B.R7,afh,explanation,auto,from the Task B References line,Continuing to descend below the Decision Altitude (DA)/Decision Height (DH) when the required visual references are not visible.
IR.VI.B.R7,aim,guidance,auto,from the Task B References line,Continuing to descend below the Decision Altitude (DA)/Decision Height (DH) when the required visual references are not visible.
IR.VI.B.R7,ifh,explanation,auto,from the Task B References line,Continuing to descend below the Decision Altitude (DA)/Decision Height (DH) when the required visual references are not visible.
IR.VI.B.R7,risk-management,explanation,auto,from the Task B References line,Continuing to descend below the Decision Altitude (DA)/Decision Height (DH) when the required visual references are not visible.
IR.VI.B.S1,14cfr:part-91,regulation,auto,from the Task B References line,Accomplish the precision instrument approach(es) selected by the evaluator.
IR.VI.B.S1,afh,explanation,auto,from the Task B References line,Accomplish the precision instrument approach(es) selected by the evaluator.
IR.VI.B.S1,aim,guidance,auto,from the Task B References line,Accomplish the precision instrument approach(es) selected by the evaluator.
IR.VI.B.S1,ifh,explanation,auto,from the Task B References line,Accomplish the precision instrument approach(es) selected by the evaluator.
IR.VI.B.S1,risk-management,explanation,auto,from the Task B References line,Accomplish the precision instrument approach(es) selected by the evaluator.
IR.VI.B.S10,14cfr:part-91,regulation,auto,from the Task B References line,"Adjust the published DA/DH and visibility criteria for the aircraft approach category, as appropriate, to account for NOTAMS, inoperative aircraft or navigation equipment, or inoperative visual aids associated with the landing environment."
IR.VI.B.S10,afh,explanation,auto,from the Task B References line,"Adjust the published DA/DH and visibility criteria for the aircraft approach category, as appropriate, to account for NOTAMS, inoperative aircraft or navigation equipment, or inoperative visual aids associated with the landing environment."
IR.VI.B.S10,aim,guidance,auto,from the Task B References line,"Adjust the published DA/DH and visibility criteria for the aircraft approach category, as appropriate, to account for NOTAMS, inoperative aircraft or navigation equipment, or inoperative visual aids associated with the landing environment."
IR.VI.B.S10,ifh,explanation,auto,from the Task B References line,"Adjust the published DA/DH and visibility criteria for the aircraft approach category, as appropriate, to account for NOTAMS, inoperative aircraft or navigation equipment, or inoperative visual aids associated with the landing environment."
IR.VI.B.S10,risk-management,explanation,auto,from the Task B References line,"Adjust the published DA/DH and visibility criteria for the aircraft approach category, as appropriate, to account for NOTAMS, inoperative aircraft or navigation equipment, or inoperative visual aids associated with the landing environment."
IR.VI.B.S11,14cfr:part-91,regulation,auto,from the Task B References line,"Establish a predetermined rate of descent at the point where vertical guidance begins, which approximates that required for the aircraft to follow the vertical guidance."
IR.VI.B.S11,afh,explanation,auto,from the Task B References line,"Establish a predetermined rate of descent at the point where vertical guidance begins, which approximates that required for the aircraft to follow the vertical guidance."
IR.VI.B.S11,aim,guidance,auto,from the Task B References line,"Establish a predetermined rate of descent at the point where vertical guidance begins, which approximates that required for the aircraft to follow the vertical guidance."
IR.VI.B.S11,ifh,explanation,auto,from the Task B References line,"Establish a predetermined rate of descent at the point where vertical guidance begins, which approximates that required for the aircraft to follow the vertical guidance."
IR.VI.B.S11,risk-management,explanation,auto,from the Task B References line,"Establish a predetermined rate of descent at the point where vertical guidance begins, which approximates that required for the aircraft to follow the vertical guidance."
IR.VI.B.S12,14cfr:part-91,regulation,auto,from the Task B References line,"Maintain a stabilized final approach from the final approach fix (FAF) to DA/DH allowing no more than ¾-scale deflection of either the vertical or lateral guidance indications, and maintain the desired airspeed ±10 knots."
IR.VI.B.S12,afh,explanation,auto,from the Task B References line,"Maintain a stabilized final approach from the final approach fix (FAF) to DA/DH allowing no more than ¾-scale deflection of either the vertical or lateral guidance indications, and maintain the desired airspeed ±10 knots."
IR.VI.B.S12,aim,guidance,auto,from the Task B References line,"Maintain a stabilized final approach from the final approach fix (FAF) to DA/DH allowing no more than ¾-scale deflection of either the vertical or lateral guidance indications, and maintain the desired airspeed ±10 knots."
IR.VI.B.S12,ifh,explanation,auto,from the Task B References line,"Maintain a stabilized final approach from the final approach fix (FAF) to DA/DH allowing no more than ¾-scale deflection of either the vertical or lateral guidance indications, and maintain the desired airspeed ±10 knots."
IR.VI.B.S12,risk-management,explanation,auto,from the Task B References line,"Maintain a stabilized final approach from the final approach fix (FAF) to DA/DH allowing no more than ¾-scale deflection of either the vertical or lateral guidance indications, and maintain the desired airspeed ±10 knots."
IR.VI.B.S13,14cfr:part-91,regulation,auto,from the Task B References line,"Immediately initiate the missed approach procedure when at the DA/DH, and the required visual references for the runway are not unmistakably visible and identifiable."
IR.VI.B.S13,afh,explanation,auto,from the Task B References line,"Immediately initiate the missed approach procedure when at the DA/DH, and the required visual references for the runway are not unmistakably visible and identifiable."
IR.VI.B.S13,aim,guidance,auto,from the Task B References line,"Immediately initiate the missed approach procedure when at the DA/DH, and the required visual references for the runway are not unmistakably visible and identifiable."
IR.VI.B.S13,ifh,explanation,auto,from the Task B References line,"Immediately initiate the missed approach procedure when at the DA/DH, and the required visual references for the runway are not unmistakably visible and identifiable."
IR.VI.B.S13,risk-management,explanation,auto,from the Task B References line,"Immediately initiate the missed approach procedure when at the DA/DH, and the required visual references for the runway are not unmistakably visible and identifiable."
IR.VI.B.S14,14cfr:part-91,regulation,auto,from the Task B References line,Transition to a normal landing approach (missed approach for seaplanes) only when the airplane is in a position from which a descent to a landing on the runway can be made at a normal rate of descent using normal maneuvering.
IR.VI.B.S14,afh,explanation,auto,from the Task B References line,Transition to a normal landing approach (missed approach for seaplanes) only when the airplane is in a position from which a descent to a landing on the runway can be made at a normal rate of descent using normal maneuvering.
IR.VI.B.S14,aim,guidance,auto,from the Task B References line,Transition to a normal landing approach (missed approach for seaplanes) only when the airplane is in a position from which a descent to a landing on the runway can be made at a normal rate of descent using normal maneuvering.
IR.VI.B.S14,ifh,explanation,auto,from the Task B References line,Transition to a normal landing approach (missed approach for seaplanes) only when the airplane is in a position from which a descent to a landing on the runway can be made at a normal rate of descent using normal maneuvering.
IR.VI.B.S14,risk-management,explanation,auto,from the Task B References line,Transition to a normal landing approach (missed approach for seaplanes) only when the airplane is in a position from which a descent to a landing on the runway can be made at a normal rate of descent using normal maneuvering.
IR.VI.B.S15,14cfr:part-91,regulation,auto,from the Task B References line,Maintain a stabilized visual flight path from the DA/DH to the runway aiming point where a normal landing may be accomplished within the touchdown zone.
IR.VI.B.S15,afh,explanation,auto,from the Task B References line,Maintain a stabilized visual flight path from the DA/DH to the runway aiming point where a normal landing may be accomplished within the touchdown zone.
IR.VI.B.S15,aim,guidance,auto,from the Task B References line,Maintain a stabilized visual flight path from the DA/DH to the runway aiming point where a normal landing may be accomplished within the touchdown zone.
IR.VI.B.S15,ifh,explanation,auto,from the Task B References line,Maintain a stabilized visual flight path from the DA/DH to the runway aiming point where a normal landing may be accomplished within the touchdown zone.
IR.VI.B.S15,risk-management,explanation,auto,from the Task B References line,Maintain a stabilized visual flight path from the DA/DH to the runway aiming point where a normal landing may be accomplished within the touchdown zone.
IR.VI.B.S16,14cfr:part-91,regulation,auto,from the Task B References line,"Use a multi-function display (MFD) and other graphical navigation displays, if installed, to monitor position, track wind drift, and to maintain situational awareness."
IR.VI.B.S16,afh,explanation,auto,from the Task B References line,"Use a multi-function display (MFD) and other graphical navigation displays, if installed, to monitor position, track wind drift, and to maintain situational awareness."
IR.VI.B.S16,aim,guidance,auto,from the Task B References line,"Use a multi-function display (MFD) and other graphical navigation displays, if installed, to monitor position, track wind drift, and to maintain situational awareness."
IR.VI.B.S16,ifh,explanation,auto,from the Task B References line,"Use a multi-function display (MFD) and other graphical navigation displays, if installed, to monitor position, track wind drift, and to maintain situational awareness."
IR.VI.B.S16,risk-management,explanation,auto,from the Task B References line,"Use a multi-function display (MFD) and other graphical navigation displays, if installed, to monitor position, track wind drift, and to maintain situational awareness."
IR.VI.B.S17,14cfr:part-91,regulation,auto,from the Task B References line,"Use single-pilot resource management (SRM) or crew resource management (CRM), as appropriate."
IR.VI.B.S17,afh,explanation,auto,from the Task B References line,"Use single-pilot resource management (SRM) or crew resource management (CRM), as appropriate."
IR.VI.B.S17,aim,guidance,auto,from the Task B References line,"Use single-pilot resource management (SRM) or crew resource management (CRM), as appropriate."
IR.VI.B.S17,ifh,explanation,auto,from the Task B References line,"Use single-pilot resource management (SRM) or crew resource management (CRM), as appropriate."
IR.VI.B.S17,risk-management,explanation,auto,from the Task B References line,"Use single-pilot resource management (SRM) or crew resource management (CRM), as appropriate."
IR.VI.B.S2,14cfr:part-91,regulation,auto,from the Task B References line,"Establish two-way communications with air traffic control (ATC) appropriate for the phase of flight or approach segment, and use proper communication phraseology."
IR.VI.B.S2,afh,explanation,auto,from the Task B References line,"Establish two-way communications with air traffic control (ATC) appropriate for the phase of flight or approach segment, and use proper communication phraseology."
IR.VI.B.S2,aim,guidance,auto,from the Task B References line,"Establish two-way communications with air traffic control (ATC) appropriate for the phase of flight or approach segment, and use proper communication phraseology."
IR.VI.B.S2,ifh,explanation,auto,from the Task B References line,"Establish two-way communications with air traffic control (ATC) appropriate for the phase of flight or approach segment, and use proper communication phraseology."
IR.VI.B.S2,risk-management,explanation,auto,from the Task B References line,"Establish two-way communications with air traffic control (ATC) appropriate for the phase of flight or approach segment, and use proper communication phraseology."
IR.VI.B.S3,14cfr:part-91,regulation,auto,from the Task B References line,"Select, tune, identify, and confirm the operational status of navigation equipment to be used for the approach."
IR.VI.B.S3,afh,explanation,auto,from the Task B References line,"Select, tune, identify, and confirm the operational status of navigation equipment to be used for the approach."
IR.VI.B.S3,aim,guidance,auto,from the Task B References line,"Select, tune, identify, and confirm the operational status of navigation equipment to be used for the approach."
IR.VI.B.S3,ifh,explanation,auto,from the Task B References line,"Select, tune, identify, and confirm the operational status of navigation equipment to be used for the approach."
IR.VI.B.S3,risk-management,explanation,auto,from the Task B References line,"Select, tune, identify, and confirm the operational status of navigation equipment to be used for the approach."
IR.VI.B.S4,14cfr:part-91,regulation,auto,from the Task B References line,Comply with all clearances issued by ATC or the evaluator.
IR.VI.B.S4,afh,explanation,auto,from the Task B References line,Comply with all clearances issued by ATC or the evaluator.
IR.VI.B.S4,aim,guidance,auto,from the Task B References line,Comply with all clearances issued by ATC or the evaluator.
IR.VI.B.S4,ifh,explanation,auto,from the Task B References line,Comply with all clearances issued by ATC or the evaluator.
IR.VI.B.S4,risk-management,explanation,auto,from the Task B References line,Comply with all clearances issued by ATC or the evaluator.
IR.VI.B.S5,14cfr:part-91,regulation,auto,from the Task B References line,"Recognize if any flight instrumentation is inaccurate or inoperative, and take appropriate action."
IR.VI.B.S5,afh,explanation,auto,from the Task B References line,"Recognize if any flight instrumentation is inaccurate or inoperative, and take appropriate action."
IR.VI.B.S5,aim,guidance,auto,from the Task B References line,"Recognize if any flight instrumentation is inaccurate or inoperative, and take appropriate action."
IR.VI.B.S5,ifh,explanation,auto,from the Task B References line,"Recognize if any flight instrumentation is inaccurate or inoperative, and take appropriate action."
IR.VI.B.S5,risk-management,explanation,auto,from the Task B References line,"Recognize if any flight instrumentation is inaccurate or inoperative, and take appropriate action."
IR.VI.B.S6,14cfr:part-91,regulation,auto,from the Task B References line,Advise ATC or the evaluator if unable to comply with a clearance.
IR.VI.B.S6,afh,explanation,auto,from the Task B References line,Advise ATC or the evaluator if unable to comply with a clearance.
IR.VI.B.S6,aim,guidance,auto,from the Task B References line,Advise ATC or the evaluator if unable to comply with a clearance.
IR.VI.B.S6,ifh,explanation,auto,from the Task B References line,Advise ATC or the evaluator if unable to comply with a clearance.
IR.VI.B.S6,risk-management,explanation,auto,from the Task B References line,Advise ATC or the evaluator if unable to comply with a clearance.
IR.VI.B.S7,14cfr:part-91,regulation,auto,from the Task B References line,Complete the appropriate checklist(s).
IR.VI.B.S7,afh,explanation,auto,from the Task B References line,Complete the appropriate checklist(s).
IR.VI.B.S7,aim,guidance,auto,from the Task B References line,Complete the appropriate checklist(s).
IR.VI.B.S7,ifh,explanation,auto,from the Task B References line,Complete the appropriate checklist(s).
IR.VI.B.S7,risk-management,explanation,auto,from the Task B References line,Complete the appropriate checklist(s).
IR.VI.B.S8,14cfr:part-91,regulation,auto,from the Task B References line,Establish the appropriate aircraft configuration and airspeed considering meteorological and operating conditions.
IR.VI.B.S8,afh,explanation,auto,from the Task B References line,Establish the appropriate aircraft configuration and airspeed considering meteorological and operating conditions.
IR.VI.B.S8,aim,guidance,auto,from the Task B References line,Establish the appropriate aircraft configuration and airspeed considering meteorological and operating conditions.
IR.VI.B.S8,ifh,explanation,auto,from the Task B References line,Establish the appropriate aircraft configuration and airspeed considering meteorological and operating conditions.
IR.VI.B.S8,risk-management,explanation,auto,from the Task B References line,Establish the appropriate aircraft configuration and airspeed considering meteorological and operating conditions.
IR.VI.B.S9,14cfr:part-91,regulation,auto,from the Task B References line,"Maintain altitude ±100 feet, selected heading ±10°, airspeed ±10 knots, no more than ¾ scale CDI deflection, and accurately track radials, courses, or bearings, prior to beginning the final approach segment."
IR.VI.B.S9,afh,explanation,auto,from the Task B References line,"Maintain altitude ±100 feet, selected heading ±10°, airspeed ±10 knots, no more than ¾ scale CDI deflection, and accurately track radials, courses, or bearings, prior to beginning the final approach segment."
IR.VI.B.S9,aim,guidance,auto,from the Task B References line,"Maintain altitude ±100 feet, selected heading ±10°, airspeed ±10 knots, no more than ¾ scale CDI deflection, and accurately track radials, courses, or bearings, prior to beginning the final approach segment."
IR.VI.B.S9,ifh,explanation,auto,from the Task B References line,"Maintain altitude ±100 feet, selected heading ±10°, airspeed ±10 knots, no more than ¾ scale CDI deflection, and accurately track radials, courses, or bearings, prior to beginning the final approach segment."
IR.VI.B.S9,risk-management,explanation,auto,from the Task B References line,"Maintain altitude ±100 feet, selected heading ±10°, airspeed ±10 knots, no more than ¾ scale CDI deflection, and accurately track radials, courses, or bearings, prior to beginning the final approach segment."
IR.VI.C.K1,14cfr:part-91,regulation,auto,from the Task C References line,"Elements related to missed approach procedures and limitations associated with standard instrument approaches, including while using a flight management system (FMS) or autopilot, if equipped."
IR.VI.C.K1,14cfr:part-97,regulation,auto,from the Task C References line,"Elements related to missed approach procedures and limitations associated with standard instrument approaches, including while using a flight management system (FMS) or autopilot, if equipped."
IR.VI.C.K1,afh,explanation,auto,from the Task C References line,"Elements related to missed approach procedures and limitations associated with standard instrument approaches, including while using a flight management system (FMS) or autopilot, if equipped."
IR.VI.C.K1,aim,guidance,auto,from the Task C References line,"Elements related to missed approach procedures and limitations associated with standard instrument approaches, including while using a flight management system (FMS) or autopilot, if equipped."
IR.VI.C.K1,ifh,explanation,auto,from the Task C References line,"Elements related to missed approach procedures and limitations associated with standard instrument approaches, including while using a flight management system (FMS) or autopilot, if equipped."
IR.VI.C.K1,iph,explanation,auto,from the Task C References line,"Elements related to missed approach procedures and limitations associated with standard instrument approaches, including while using a flight management system (FMS) or autopilot, if equipped."
IR.VI.C.K1,risk-management,explanation,auto,from the Task C References line,"Elements related to missed approach procedures and limitations associated with standard instrument approaches, including while using a flight management system (FMS) or autopilot, if equipped."
IR.VI.C.R1,14cfr:part-91,regulation,auto,from the Task C References line,Deviations from prescribed procedures or ATC instructions.
IR.VI.C.R1,14cfr:part-97,regulation,auto,from the Task C References line,Deviations from prescribed procedures or ATC instructions.
IR.VI.C.R1,afh,explanation,auto,from the Task C References line,Deviations from prescribed procedures or ATC instructions.
IR.VI.C.R1,aim,guidance,auto,from the Task C References line,Deviations from prescribed procedures or ATC instructions.
IR.VI.C.R1,ifh,explanation,auto,from the Task C References line,Deviations from prescribed procedures or ATC instructions.
IR.VI.C.R1,iph,explanation,auto,from the Task C References line,Deviations from prescribed procedures or ATC instructions.
IR.VI.C.R1,risk-management,explanation,auto,from the Task C References line,Deviations from prescribed procedures or ATC instructions.
IR.VI.C.R2,14cfr:part-91,regulation,auto,from the Task C References line,"Holding, diverting, or electing to fly the approach again."
IR.VI.C.R2,14cfr:part-97,regulation,auto,from the Task C References line,"Holding, diverting, or electing to fly the approach again."
IR.VI.C.R2,afh,explanation,auto,from the Task C References line,"Holding, diverting, or electing to fly the approach again."
IR.VI.C.R2,aim,guidance,auto,from the Task C References line,"Holding, diverting, or electing to fly the approach again."
IR.VI.C.R2,ifh,explanation,auto,from the Task C References line,"Holding, diverting, or electing to fly the approach again."
IR.VI.C.R2,iph,explanation,auto,from the Task C References line,"Holding, diverting, or electing to fly the approach again."
IR.VI.C.R2,risk-management,explanation,auto,from the Task C References line,"Holding, diverting, or electing to fly the approach again."
IR.VI.C.R3,14cfr:part-91,regulation,auto,from the Task C References line,Aircraft configuration during an approach and missed approach.
IR.VI.C.R3,14cfr:part-97,regulation,auto,from the Task C References line,Aircraft configuration during an approach and missed approach.
IR.VI.C.R3,afh,explanation,auto,from the Task C References line,Aircraft configuration during an approach and missed approach.
IR.VI.C.R3,aim,guidance,auto,from the Task C References line,Aircraft configuration during an approach and missed approach.
IR.VI.C.R3,ifh,explanation,auto,from the Task C References line,Aircraft configuration during an approach and missed approach.
IR.VI.C.R3,iph,explanation,auto,from the Task C References line,Aircraft configuration during an approach and missed approach.
IR.VI.C.R3,risk-management,explanation,auto,from the Task C References line,Aircraft configuration during an approach and missed approach.
IR.VI.C.R4,14cfr:part-91,regulation,auto,from the Task C References line,"Factors that might lead to executing a missed approach procedure before the MAP or to a go-around below DA, DH, or MDA, as applicable."
IR.VI.C.R4,14cfr:part-97,regulation,auto,from the Task C References line,"Factors that might lead to executing a missed approach procedure before the MAP or to a go-around below DA, DH, or MDA, as applicable."
IR.VI.C.R4,afh,explanation,auto,from the Task C References line,"Factors that might lead to executing a missed approach procedure before the MAP or to a go-around below DA, DH, or MDA, as applicable."
IR.VI.C.R4,aim,guidance,auto,from the Task C References line,"Factors that might lead to executing a missed approach procedure before the MAP or to a go-around below DA, DH, or MDA, as applicable."
IR.VI.C.R4,ifh,explanation,auto,from the Task C References line,"Factors that might lead to executing a missed approach procedure before the MAP or to a go-around below DA, DH, or MDA, as applicable."
IR.VI.C.R4,iph,explanation,auto,from the Task C References line,"Factors that might lead to executing a missed approach procedure before the MAP or to a go-around below DA, DH, or MDA, as applicable."
IR.VI.C.R4,risk-management,explanation,auto,from the Task C References line,"Factors that might lead to executing a missed approach procedure before the MAP or to a go-around below DA, DH, or MDA, as applicable."
IR.VI.C.R5,14cfr:part-91,regulation,auto,from the Task C References line,Management of automated navigation and autoflight systems.
IR.VI.C.R5,14cfr:part-97,regulation,auto,from the Task C References line,Management of automated navigation and autoflight systems.
IR.VI.C.R5,afh,explanation,auto,from the Task C References line,Management of automated navigation and autoflight systems.
IR.VI.C.R5,aim,guidance,auto,from the Task C References line,Management of automated navigation and autoflight systems.
IR.VI.C.R5,ifh,explanation,auto,from the Task C References line,Management of automated navigation and autoflight systems.
IR.VI.C.R5,iph,explanation,auto,from the Task C References line,Management of automated navigation and autoflight systems.
IR.VI.C.R5,risk-management,explanation,auto,from the Task C References line,Management of automated navigation and autoflight systems.
IR.VI.C.S1,14cfr:part-91,regulation,auto,from the Task C References line,Promptly initiate the missed approach procedure and report it to ATC.
IR.VI.C.S1,14cfr:part-97,regulation,auto,from the Task C References line,Promptly initiate the missed approach procedure and report it to ATC.
IR.VI.C.S1,afh,explanation,auto,from the Task C References line,Promptly initiate the missed approach procedure and report it to ATC.
IR.VI.C.S1,aim,guidance,auto,from the Task C References line,Promptly initiate the missed approach procedure and report it to ATC.
IR.VI.C.S1,ifh,explanation,auto,from the Task C References line,Promptly initiate the missed approach procedure and report it to ATC.
IR.VI.C.S1,iph,explanation,auto,from the Task C References line,Promptly initiate the missed approach procedure and report it to ATC.
IR.VI.C.S1,risk-management,explanation,auto,from the Task C References line,Promptly initiate the missed approach procedure and report it to ATC.
IR.VI.C.S10,14cfr:part-91,regulation,auto,from the Task C References line,"Request ATC clearance to attempt another approach, proceed to the alternate airport, holding fix, or other clearance limit, as appropriate, or as directed by the evaluator."
IR.VI.C.S10,14cfr:part-97,regulation,auto,from the Task C References line,"Request ATC clearance to attempt another approach, proceed to the alternate airport, holding fix, or other clearance limit, as appropriate, or as directed by the evaluator."
IR.VI.C.S10,afh,explanation,auto,from the Task C References line,"Request ATC clearance to attempt another approach, proceed to the alternate airport, holding fix, or other clearance limit, as appropriate, or as directed by the evaluator."
IR.VI.C.S10,aim,guidance,auto,from the Task C References line,"Request ATC clearance to attempt another approach, proceed to the alternate airport, holding fix, or other clearance limit, as appropriate, or as directed by the evaluator."
IR.VI.C.S10,ifh,explanation,auto,from the Task C References line,"Request ATC clearance to attempt another approach, proceed to the alternate airport, holding fix, or other clearance limit, as appropriate, or as directed by the evaluator."
IR.VI.C.S10,iph,explanation,auto,from the Task C References line,"Request ATC clearance to attempt another approach, proceed to the alternate airport, holding fix, or other clearance limit, as appropriate, or as directed by the evaluator."
IR.VI.C.S10,risk-management,explanation,auto,from the Task C References line,"Request ATC clearance to attempt another approach, proceed to the alternate airport, holding fix, or other clearance limit, as appropriate, or as directed by the evaluator."
IR.VI.C.S2,14cfr:part-91,regulation,auto,from the Task C References line,Apply the appropriate power setting for the flight condition and establish a pitch attitude necessary to obtain the desired performance.
IR.VI.C.S2,14cfr:part-97,regulation,auto,from the Task C References line,Apply the appropriate power setting for the flight condition and establish a pitch attitude necessary to obtain the desired performance.
IR.VI.C.S2,afh,explanation,auto,from the Task C References line,Apply the appropriate power setting for the flight condition and establish a pitch attitude necessary to obtain the desired performance.
IR.VI.C.S2,aim,guidance,auto,from the Task C References line,Apply the appropriate power setting for the flight condition and establish a pitch attitude necessary to obtain the desired performance.
IR.VI.C.S2,ifh,explanation,auto,from the Task C References line,Apply the appropriate power setting for the flight condition and establish a pitch attitude necessary to obtain the desired performance.
IR.VI.C.S2,iph,explanation,auto,from the Task C References line,Apply the appropriate power setting for the flight condition and establish a pitch attitude necessary to obtain the desired performance.
IR.VI.C.S2,risk-management,explanation,auto,from the Task C References line,Apply the appropriate power setting for the flight condition and establish a pitch attitude necessary to obtain the desired performance.
IR.VI.C.S3,14cfr:part-91,regulation,auto,from the Task C References line,"Configure the airplane in accordance with airplane manufacturer’s instructions, establish a positive rate of climb, and accelerate to the appropriate airspeed, ±10 knots."
IR.VI.C.S3,14cfr:part-97,regulation,auto,from the Task C References line,"Configure the airplane in accordance with airplane manufacturer’s instructions, establish a positive rate of climb, and accelerate to the appropriate airspeed, ±10 knots."
IR.VI.C.S3,afh,explanation,auto,from the Task C References line,"Configure the airplane in accordance with airplane manufacturer’s instructions, establish a positive rate of climb, and accelerate to the appropriate airspeed, ±10 knots."
IR.VI.C.S3,aim,guidance,auto,from the Task C References line,"Configure the airplane in accordance with airplane manufacturer’s instructions, establish a positive rate of climb, and accelerate to the appropriate airspeed, ±10 knots."
IR.VI.C.S3,ifh,explanation,auto,from the Task C References line,"Configure the airplane in accordance with airplane manufacturer’s instructions, establish a positive rate of climb, and accelerate to the appropriate airspeed, ±10 knots."
IR.VI.C.S3,iph,explanation,auto,from the Task C References line,"Configure the airplane in accordance with airplane manufacturer’s instructions, establish a positive rate of climb, and accelerate to the appropriate airspeed, ±10 knots."
IR.VI.C.S3,risk-management,explanation,auto,from the Task C References line,"Configure the airplane in accordance with airplane manufacturer’s instructions, establish a positive rate of climb, and accelerate to the appropriate airspeed, ±10 knots."
IR.VI.C.S4,14cfr:part-91,regulation,auto,from the Task C References line,Follow the recommended checklist items appropriate to the missed approach/go-around procedure.
IR.VI.C.S4,14cfr:part-97,regulation,auto,from the Task C References line,Follow the recommended checklist items appropriate to the missed approach/go-around procedure.
IR.VI.C.S4,afh,explanation,auto,from the Task C References line,Follow the recommended checklist items appropriate to the missed approach/go-around procedure.
IR.VI.C.S4,aim,guidance,auto,from the Task C References line,Follow the recommended checklist items appropriate to the missed approach/go-around procedure.
IR.VI.C.S4,ifh,explanation,auto,from the Task C References line,Follow the recommended checklist items appropriate to the missed approach/go-around procedure.
IR.VI.C.S4,iph,explanation,auto,from the Task C References line,Follow the recommended checklist items appropriate to the missed approach/go-around procedure.
IR.VI.C.S4,risk-management,explanation,auto,from the Task C References line,Follow the recommended checklist items appropriate to the missed approach/go-around procedure.
IR.VI.C.S5,14cfr:part-91,regulation,auto,from the Task C References line,Comply with the published or alternate missed approach procedure.
IR.VI.C.S5,14cfr:part-97,regulation,auto,from the Task C References line,Comply with the published or alternate missed approach procedure.
IR.VI.C.S5,afh,explanation,auto,from the Task C References line,Comply with the published or alternate missed approach procedure.
IR.VI.C.S5,aim,guidance,auto,from the Task C References line,Comply with the published or alternate missed approach procedure.
IR.VI.C.S5,ifh,explanation,auto,from the Task C References line,Comply with the published or alternate missed approach procedure.
IR.VI.C.S5,iph,explanation,auto,from the Task C References line,Comply with the published or alternate missed approach procedure.
IR.VI.C.S5,risk-management,explanation,auto,from the Task C References line,Comply with the published or alternate missed approach procedure.
IR.VI.C.S6,14cfr:part-91,regulation,auto,from the Task C References line,"Advise ATC or the evaluator if unable to comply with a clearance, restriction, or climb gradient."
IR.VI.C.S6,14cfr:part-97,regulation,auto,from the Task C References line,"Advise ATC or the evaluator if unable to comply with a clearance, restriction, or climb gradient."
IR.VI.C.S6,afh,explanation,auto,from the Task C References line,"Advise ATC or the evaluator if unable to comply with a clearance, restriction, or climb gradient."
IR.VI.C.S6,aim,guidance,auto,from the Task C References line,"Advise ATC or the evaluator if unable to comply with a clearance, restriction, or climb gradient."
IR.VI.C.S6,ifh,explanation,auto,from the Task C References line,"Advise ATC or the evaluator if unable to comply with a clearance, restriction, or climb gradient."
IR.VI.C.S6,iph,explanation,auto,from the Task C References line,"Advise ATC or the evaluator if unable to comply with a clearance, restriction, or climb gradient."
IR.VI.C.S6,risk-management,explanation,auto,from the Task C References line,"Advise ATC or the evaluator if unable to comply with a clearance, restriction, or climb gradient."
IR.VI.C.S7,14cfr:part-91,regulation,auto,from the Task C References line,"Maintain the recommended airspeed ±10 knots; heading, course, or bearing ±10°; and altitude(s) ±100 feet during the missed approach procedure."
IR.VI.C.S7,14cfr:part-97,regulation,auto,from the Task C References line,"Maintain the recommended airspeed ±10 knots; heading, course, or bearing ±10°; and altitude(s) ±100 feet during the missed approach procedure."
IR.VI.C.S7,afh,explanation,auto,from the Task C References line,"Maintain the recommended airspeed ±10 knots; heading, course, or bearing ±10°; and altitude(s) ±100 feet during the missed approach procedure."
IR.VI.C.S7,aim,guidance,auto,from the Task C References line,"Maintain the recommended airspeed ±10 knots; heading, course, or bearing ±10°; and altitude(s) ±100 feet during the missed approach procedure."
IR.VI.C.S7,ifh,explanation,auto,from the Task C References line,"Maintain the recommended airspeed ±10 knots; heading, course, or bearing ±10°; and altitude(s) ±100 feet during the missed approach procedure."
IR.VI.C.S7,iph,explanation,auto,from the Task C References line,"Maintain the recommended airspeed ±10 knots; heading, course, or bearing ±10°; and altitude(s) ±100 feet during the missed approach procedure."
IR.VI.C.S7,risk-management,explanation,auto,from the Task C References line,"Maintain the recommended airspeed ±10 knots; heading, course, or bearing ±10°; and altitude(s) ±100 feet during the missed approach procedure."
IR.VI.C.S8,14cfr:part-91,regulation,auto,from the Task C References line,"Use an MFD and other graphical navigation displays, if installed, to monitor position and track to help navigate the missed approach."
IR.VI.C.S8,14cfr:part-97,regulation,auto,from the Task C References line,"Use an MFD and other graphical navigation displays, if installed, to monitor position and track to help navigate the missed approach."
IR.VI.C.S8,afh,explanation,auto,from the Task C References line,"Use an MFD and other graphical navigation displays, if installed, to monitor position and track to help navigate the missed approach."
IR.VI.C.S8,aim,guidance,auto,from the Task C References line,"Use an MFD and other graphical navigation displays, if installed, to monitor position and track to help navigate the missed approach."
IR.VI.C.S8,ifh,explanation,auto,from the Task C References line,"Use an MFD and other graphical navigation displays, if installed, to monitor position and track to help navigate the missed approach."
IR.VI.C.S8,iph,explanation,auto,from the Task C References line,"Use an MFD and other graphical navigation displays, if installed, to monitor position and track to help navigate the missed approach."
IR.VI.C.S8,risk-management,explanation,auto,from the Task C References line,"Use an MFD and other graphical navigation displays, if installed, to monitor position and track to help navigate the missed approach."
IR.VI.C.S9,14cfr:part-91,regulation,auto,from the Task C References line,"Use single-pilot resource management (SRM) or crew resource management (CRM), as appropriate."
IR.VI.C.S9,14cfr:part-97,regulation,auto,from the Task C References line,"Use single-pilot resource management (SRM) or crew resource management (CRM), as appropriate."
IR.VI.C.S9,afh,explanation,auto,from the Task C References line,"Use single-pilot resource management (SRM) or crew resource management (CRM), as appropriate."
IR.VI.C.S9,aim,guidance,auto,from the Task C References line,"Use single-pilot resource management (SRM) or crew resource management (CRM), as appropriate."
IR.VI.C.S9,ifh,explanation,auto,from the Task C References line,"Use single-pilot resource management (SRM) or crew resource management (CRM), as appropriate."
IR.VI.C.S9,iph,explanation,auto,from the Task C References line,"Use single-pilot resource management (SRM) or crew resource management (CRM), as appropriate."
IR.VI.C.S9,risk-management,explanation,auto,from the Task C References line,"Use single-pilot resource management (SRM) or crew resource management (CRM), as appropriate."
IR.VI.D.K1,14cfr:part-91,regulation,auto,from the Task D References line,"Elements related to circling approach procedures and limitations, including approach categories and related airspeed restrictions."
IR.VI.D.K1,14cfr:part-97,regulation,auto,from the Task D References line,"Elements related to circling approach procedures and limitations, including approach categories and related airspeed restrictions."
IR.VI.D.K1,afh,explanation,auto,from the Task D References line,"Elements related to circling approach procedures and limitations, including approach categories and related airspeed restrictions."
IR.VI.D.K1,aim,guidance,auto,from the Task D References line,"Elements related to circling approach procedures and limitations, including approach categories and related airspeed restrictions."
IR.VI.D.K1,ifh,explanation,auto,from the Task D References line,"Elements related to circling approach procedures and limitations, including approach categories and related airspeed restrictions."
IR.VI.D.K1,iph,explanation,auto,from the Task D References line,"Elements related to circling approach procedures and limitations, including approach categories and related airspeed restrictions."
IR.VI.D.K1,risk-management,explanation,auto,from the Task D References line,"Elements related to circling approach procedures and limitations, including approach categories and related airspeed restrictions."
IR.VI.D.R1,14cfr:part-91,regulation,auto,from the Task D References line,Prescribed circling approach procedures.
IR.VI.D.R1,14cfr:part-97,regulation,auto,from the Task D References line,Prescribed circling approach procedures.
IR.VI.D.R1,afh,explanation,auto,from the Task D References line,Prescribed circling approach procedures.
IR.VI.D.R1,aim,guidance,auto,from the Task D References line,Prescribed circling approach procedures.
IR.VI.D.R1,ifh,explanation,auto,from the Task D References line,Prescribed circling approach procedures.
IR.VI.D.R1,iph,explanation,auto,from the Task D References line,Prescribed circling approach procedures.
IR.VI.D.R1,risk-management,explanation,auto,from the Task D References line,Prescribed circling approach procedures.
IR.VI.D.R2,14cfr:part-91,regulation,auto,from the Task D References line,Executing a circling approach at night or with marginal visibility.
IR.VI.D.R2,14cfr:part-97,regulation,auto,from the Task D References line,Executing a circling approach at night or with marginal visibility.
IR.VI.D.R2,afh,explanation,auto,from the Task D References line,Executing a circling approach at night or with marginal visibility.
IR.VI.D.R2,aim,guidance,auto,from the Task D References line,Executing a circling approach at night or with marginal visibility.
IR.VI.D.R2,ifh,explanation,auto,from the Task D References line,Executing a circling approach at night or with marginal visibility.
IR.VI.D.R2,iph,explanation,auto,from the Task D References line,Executing a circling approach at night or with marginal visibility.
IR.VI.D.R2,risk-management,explanation,auto,from the Task D References line,Executing a circling approach at night or with marginal visibility.
IR.VI.D.R3,14cfr:part-91,regulation,auto,from the Task D References line,Losing visual contact with an identifiable part of the airport.
IR.VI.D.R3,14cfr:part-97,regulation,auto,from the Task D References line,Losing visual contact with an identifiable part of the airport.
IR.VI.D.R3,afh,explanation,auto,from the Task D References line,Losing visual contact with an identifiable part of the airport.
IR.VI.D.R3,aim,guidance,auto,from the Task D References line,Losing visual contact with an identifiable part of the airport.
IR.VI.D.R3,ifh,explanation,auto,from the Task D References line,Losing visual contact with an identifiable part of the airport.
IR.VI.D.R3,iph,explanation,auto,from the Task D References line,Losing visual contact with an identifiable part of the airport.
IR.VI.D.R3,risk-management,explanation,auto,from the Task D References line,Losing visual contact with an identifiable part of the airport.
IR.VI.D.R4,14cfr:part-91,regulation,auto,from the Task D References line,Management of automated navigation and autoflight systems.
IR.VI.D.R4,14cfr:part-97,regulation,auto,from the Task D References line,Management of automated navigation and autoflight systems.
IR.VI.D.R4,afh,explanation,auto,from the Task D References line,Management of automated navigation and autoflight systems.
IR.VI.D.R4,aim,guidance,auto,from the Task D References line,Management of automated navigation and autoflight systems.
IR.VI.D.R4,ifh,explanation,auto,from the Task D References line,Management of automated navigation and autoflight systems.
IR.VI.D.R4,iph,explanation,auto,from the Task D References line,Management of automated navigation and autoflight systems.
IR.VI.D.R4,risk-management,explanation,auto,from the Task D References line,Management of automated navigation and autoflight systems.
IR.VI.D.R5,14cfr:part-91,regulation,auto,from the Task D References line,"Management of altitude, airspeed, or distance while circling."
IR.VI.D.R5,14cfr:part-97,regulation,auto,from the Task D References line,"Management of altitude, airspeed, or distance while circling."
IR.VI.D.R5,afh,explanation,auto,from the Task D References line,"Management of altitude, airspeed, or distance while circling."
IR.VI.D.R5,aim,guidance,auto,from the Task D References line,"Management of altitude, airspeed, or distance while circling."
IR.VI.D.R5,ifh,explanation,auto,from the Task D References line,"Management of altitude, airspeed, or distance while circling."
IR.VI.D.R5,iph,explanation,auto,from the Task D References line,"Management of altitude, airspeed, or distance while circling."
IR.VI.D.R5,risk-management,explanation,auto,from the Task D References line,"Management of altitude, airspeed, or distance while circling."
IR.VI.D.R6,14cfr:part-91,regulation,auto,from the Task D References line,"Low altitude maneuvering, including stall, spin, or controlled flight into terrain (CFIT)."
IR.VI.D.R6,14cfr:part-97,regulation,auto,from the Task D References line,"Low altitude maneuvering, including stall, spin, or controlled flight into terrain (CFIT)."
IR.VI.D.R6,afh,explanation,auto,from the Task D References line,"Low altitude maneuvering, including stall, spin, or controlled flight into terrain (CFIT)."
IR.VI.D.R6,aim,guidance,auto,from the Task D References line,"Low altitude maneuvering, including stall, spin, or controlled flight into terrain (CFIT)."
IR.VI.D.R6,ifh,explanation,auto,from the Task D References line,"Low altitude maneuvering, including stall, spin, or controlled flight into terrain (CFIT)."
IR.VI.D.R6,iph,explanation,auto,from the Task D References line,"Low altitude maneuvering, including stall, spin, or controlled flight into terrain (CFIT)."
IR.VI.D.R6,risk-management,explanation,auto,from the Task D References line,"Low altitude maneuvering, including stall, spin, or controlled flight into terrain (CFIT)."
IR.VI.D.R7,14cfr:part-91,regulation,auto,from the Task D References line,Executing a missed approach after the MAP while circling.
IR.VI.D.R7,14cfr:part-97,regulation,auto,from the Task D References line,Executing a missed approach after the MAP while circling.
IR.VI.D.R7,afh,explanation,auto,from the Task D References line,Executing a missed approach after the MAP while circling.
IR.VI.D.R7,aim,guidance,auto,from the Task D References line,Executing a missed approach after the MAP while circling.
IR.VI.D.R7,ifh,explanation,auto,from the Task D References line,Executing a missed approach after the MAP while circling.
IR.VI.D.R7,iph,explanation,auto,from the Task D References line,Executing a missed approach after the MAP while circling.
IR.VI.D.R7,risk-management,explanation,auto,from the Task D References line,Executing a missed approach after the MAP while circling.
IR.VI.D.S1,14cfr:part-91,regulation,auto,from the Task D References line,"Comply with the circling approach procedure considering turbulence, windshear, and the maneuvering capability and approach category of the aircraft."
IR.VI.D.S1,14cfr:part-97,regulation,auto,from the Task D References line,"Comply with the circling approach procedure considering turbulence, windshear, and the maneuvering capability and approach category of the aircraft."
IR.VI.D.S1,afh,explanation,auto,from the Task D References line,"Comply with the circling approach procedure considering turbulence, windshear, and the maneuvering capability and approach category of the aircraft."
IR.VI.D.S1,aim,guidance,auto,from the Task D References line,"Comply with the circling approach procedure considering turbulence, windshear, and the maneuvering capability and approach category of the aircraft."
IR.VI.D.S1,ifh,explanation,auto,from the Task D References line,"Comply with the circling approach procedure considering turbulence, windshear, and the maneuvering capability and approach category of the aircraft."
IR.VI.D.S1,iph,explanation,auto,from the Task D References line,"Comply with the circling approach procedure considering turbulence, windshear, and the maneuvering capability and approach category of the aircraft."
IR.VI.D.S1,risk-management,explanation,auto,from the Task D References line,"Comply with the circling approach procedure considering turbulence, windshear, and the maneuvering capability and approach category of the aircraft."
IR.VI.D.S2,14cfr:part-91,regulation,auto,from the Task D References line,Confirm the direction of traffic and adhere to all restrictions and instructions issued by ATC or the evaluator.
IR.VI.D.S2,14cfr:part-97,regulation,auto,from the Task D References line,Confirm the direction of traffic and adhere to all restrictions and instructions issued by ATC or the evaluator.
IR.VI.D.S2,afh,explanation,auto,from the Task D References line,Confirm the direction of traffic and adhere to all restrictions and instructions issued by ATC or the evaluator.
IR.VI.D.S2,aim,guidance,auto,from the Task D References line,Confirm the direction of traffic and adhere to all restrictions and instructions issued by ATC or the evaluator.
IR.VI.D.S2,ifh,explanation,auto,from the Task D References line,Confirm the direction of traffic and adhere to all restrictions and instructions issued by ATC or the evaluator.
IR.VI.D.S2,iph,explanation,auto,from the Task D References line,Confirm the direction of traffic and adhere to all restrictions and instructions issued by ATC or the evaluator.
IR.VI.D.S2,risk-management,explanation,auto,from the Task D References line,Confirm the direction of traffic and adhere to all restrictions and instructions issued by ATC or the evaluator.
IR.VI.D.S3,14cfr:part-91,regulation,auto,from the Task D References line,"Use single-pilot resource management (SRM) or crew resource management (CRM), as appropriate."
IR.VI.D.S3,14cfr:part-97,regulation,auto,from the Task D References line,"Use single-pilot resource management (SRM) or crew resource management (CRM), as appropriate."
IR.VI.D.S3,afh,explanation,auto,from the Task D References line,"Use single-pilot resource management (SRM) or crew resource management (CRM), as appropriate."
IR.VI.D.S3,aim,guidance,auto,from the Task D References line,"Use single-pilot resource management (SRM) or crew resource management (CRM), as appropriate."
IR.VI.D.S3,ifh,explanation,auto,from the Task D References line,"Use single-pilot resource management (SRM) or crew resource management (CRM), as appropriate."
IR.VI.D.S3,iph,explanation,auto,from the Task D References line,"Use single-pilot resource management (SRM) or crew resource management (CRM), as appropriate."
IR.VI.D.S3,risk-management,explanation,auto,from the Task D References line,"Use single-pilot resource management (SRM) or crew resource management (CRM), as appropriate."
IR.VI.D.S4,14cfr:part-91,regulation,auto,from the Task D References line,"Establish the approach and landing configuration. Maintain a stabilized approach and a descent rate that ensures arrival at the MDA, or the preselected circling altitude above the MDA, prior to the missed approach point."
IR.VI.D.S4,14cfr:part-97,regulation,auto,from the Task D References line,"Establish the approach and landing configuration. Maintain a stabilized approach and a descent rate that ensures arrival at the MDA, or the preselected circling altitude above the MDA, prior to the missed approach point."
IR.VI.D.S4,afh,explanation,auto,from the Task D References line,"Establish the approach and landing configuration. Maintain a stabilized approach and a descent rate that ensures arrival at the MDA, or the preselected circling altitude above the MDA, prior to the missed approach point."
IR.VI.D.S4,aim,guidance,auto,from the Task D References line,"Establish the approach and landing configuration. Maintain a stabilized approach and a descent rate that ensures arrival at the MDA, or the preselected circling altitude above the MDA, prior to the missed approach point."
IR.VI.D.S4,ifh,explanation,auto,from the Task D References line,"Establish the approach and landing configuration. Maintain a stabilized approach and a descent rate that ensures arrival at the MDA, or the preselected circling altitude above the MDA, prior to the missed approach point."
IR.VI.D.S4,iph,explanation,auto,from the Task D References line,"Establish the approach and landing configuration. Maintain a stabilized approach and a descent rate that ensures arrival at the MDA, or the preselected circling altitude above the MDA, prior to the missed approach point."
IR.VI.D.S4,risk-management,explanation,auto,from the Task D References line,"Establish the approach and landing configuration. Maintain a stabilized approach and a descent rate that ensures arrival at the MDA, or the preselected circling altitude above the MDA, prior to the missed approach point."
IR.VI.D.S5,14cfr:part-91,regulation,auto,from the Task D References line,"Maintain airspeed ±10 knots, desired heading/track ±10°, and altitude +100/-0 feet until descending below the MDA or the preselected circling altitude above the MDA."
IR.VI.D.S5,14cfr:part-97,regulation,auto,from the Task D References line,"Maintain airspeed ±10 knots, desired heading/track ±10°, and altitude +100/-0 feet until descending below the MDA or the preselected circling altitude above the MDA."
IR.VI.D.S5,afh,explanation,auto,from the Task D References line,"Maintain airspeed ±10 knots, desired heading/track ±10°, and altitude +100/-0 feet until descending below the MDA or the preselected circling altitude above the MDA."
IR.VI.D.S5,aim,guidance,auto,from the Task D References line,"Maintain airspeed ±10 knots, desired heading/track ±10°, and altitude +100/-0 feet until descending below the MDA or the preselected circling altitude above the MDA."
IR.VI.D.S5,ifh,explanation,auto,from the Task D References line,"Maintain airspeed ±10 knots, desired heading/track ±10°, and altitude +100/-0 feet until descending below the MDA or the preselected circling altitude above the MDA."
IR.VI.D.S5,iph,explanation,auto,from the Task D References line,"Maintain airspeed ±10 knots, desired heading/track ±10°, and altitude +100/-0 feet until descending below the MDA or the preselected circling altitude above the MDA."
IR.VI.D.S5,risk-management,explanation,auto,from the Task D References line,"Maintain airspeed ±10 knots, desired heading/track ±10°, and altitude +100/-0 feet until descending below the MDA or the preselected circling altitude above the MDA."
IR.VI.D.S6,14cfr:part-91,regulation,auto,from the Task D References line,Visually maneuver to a base or downwind leg appropriate for the landing runway and environmental conditions.
IR.VI.D.S6,14cfr:part-97,regulation,auto,from the Task D References line,Visually maneuver to a base or downwind leg appropriate for the landing runway and environmental conditions.
IR.VI.D.S6,afh,explanation,auto,from the Task D References line,Visually maneuver to a base or downwind leg appropriate for the landing runway and environmental conditions.
IR.VI.D.S6,aim,guidance,auto,from the Task D References line,Visually maneuver to a base or downwind leg appropriate for the landing runway and environmental conditions.
IR.VI.D.S6,ifh,explanation,auto,from the Task D References line,Visually maneuver to a base or downwind leg appropriate for the landing runway and environmental conditions.
IR.VI.D.S6,iph,explanation,auto,from the Task D References line,Visually maneuver to a base or downwind leg appropriate for the landing runway and environmental conditions.
IR.VI.D.S6,risk-management,explanation,auto,from the Task D References line,Visually maneuver to a base or downwind leg appropriate for the landing runway and environmental conditions.
IR.VI.D.S7,14cfr:part-91,regulation,auto,from the Task D References line,"If a missed approach occurs, turn in the appropriate direction using the correct procedure and appropriately configure the airplane."
IR.VI.D.S7,14cfr:part-97,regulation,auto,from the Task D References line,"If a missed approach occurs, turn in the appropriate direction using the correct procedure and appropriately configure the airplane."
IR.VI.D.S7,afh,explanation,auto,from the Task D References line,"If a missed approach occurs, turn in the appropriate direction using the correct procedure and appropriately configure the airplane."
IR.VI.D.S7,aim,guidance,auto,from the Task D References line,"If a missed approach occurs, turn in the appropriate direction using the correct procedure and appropriately configure the airplane."
IR.VI.D.S7,ifh,explanation,auto,from the Task D References line,"If a missed approach occurs, turn in the appropriate direction using the correct procedure and appropriately configure the airplane."
IR.VI.D.S7,iph,explanation,auto,from the Task D References line,"If a missed approach occurs, turn in the appropriate direction using the correct procedure and appropriately configure the airplane."
IR.VI.D.S7,risk-management,explanation,auto,from the Task D References line,"If a missed approach occurs, turn in the appropriate direction using the correct procedure and appropriately configure the airplane."
IR.VI.D.S8,14cfr:part-91,regulation,auto,from the Task D References line,"If landing, initiate a stabilized descent. Touch down on the first one-third of the selected runway without excessive maneuvering, without exceeding the normal operating limits of the airplane, and without exceeding 30° of bank."
IR.VI.D.S8,14cfr:part-97,regulation,auto,from the Task D References line,"If landing, initiate a stabilized descent. Touch down on the first one-third of the selected runway without excessive maneuvering, without exceeding the normal operating limits of the airplane, and without exceeding 30° of bank."
IR.VI.D.S8,afh,explanation,auto,from the Task D References line,"If landing, initiate a stabilized descent. Touch down on the first one-third of the selected runway without excessive maneuvering, without exceeding the normal operating limits of the airplane, and without exceeding 30° of bank."
IR.VI.D.S8,aim,guidance,auto,from the Task D References line,"If landing, initiate a stabilized descent. Touch down on the first one-third of the selected runway without excessive maneuvering, without exceeding the normal operating limits of the airplane, and without exceeding 30° of bank."
IR.VI.D.S8,ifh,explanation,auto,from the Task D References line,"If landing, initiate a stabilized descent. Touch down on the first one-third of the selected runway without excessive maneuvering, without exceeding the normal operating limits of the airplane, and without exceeding 30° of bank."
IR.VI.D.S8,iph,explanation,auto,from the Task D References line,"If landing, initiate a stabilized descent. Touch down on the first one-third of the selected runway without excessive maneuvering, without exceeding the normal operating limits of the airplane, and without exceeding 30° of bank."
IR.VI.D.S8,risk-management,explanation,auto,from the Task D References line,"If landing, initiate a stabilized descent. Touch down on the first one-third of the selected runway without excessive maneuvering, without exceeding the normal operating limits of the airplane, and without exceeding 30° of bank."
IR.VI.E.K1,14cfr:part-91,regulation,auto,from the Task E References line,"Elements related to the pilot’s responsibilities, and the environmental, operational, and meteorological factors that affect landing from a straight-in or circling approach."
IR.VI.E.K1,afh,explanation,auto,from the Task E References line,"Elements related to the pilot’s responsibilities, and the environmental, operational, and meteorological factors that affect landing from a straight-in or circling approach."
IR.VI.E.K1,aim,guidance,auto,from the Task E References line,"Elements related to the pilot’s responsibilities, and the environmental, operational, and meteorological factors that affect landing from a straight-in or circling approach."
IR.VI.E.K1,ifh,explanation,auto,from the Task E References line,"Elements related to the pilot’s responsibilities, and the environmental, operational, and meteorological factors that affect landing from a straight-in or circling approach."
IR.VI.E.K1,iph,explanation,auto,from the Task E References line,"Elements related to the pilot’s responsibilities, and the environmental, operational, and meteorological factors that affect landing from a straight-in or circling approach."
IR.VI.E.K1,phak,explanation,auto,from the Task E References line,"Elements related to the pilot’s responsibilities, and the environmental, operational, and meteorological factors that affect landing from a straight-in or circling approach."
IR.VI.E.K1,risk-management,explanation,auto,from the Task E References line,"Elements related to the pilot’s responsibilities, and the environmental, operational, and meteorological factors that affect landing from a straight-in or circling approach."
IR.VI.E.K2,14cfr:part-91,regulation,auto,from the Task E References line,"Airport signs, markings, and lighting, including approach lighting systems."
IR.VI.E.K2,afh,explanation,auto,from the Task E References line,"Airport signs, markings, and lighting, including approach lighting systems."
IR.VI.E.K2,aim,guidance,auto,from the Task E References line,"Airport signs, markings, and lighting, including approach lighting systems."
IR.VI.E.K2,ifh,explanation,auto,from the Task E References line,"Airport signs, markings, and lighting, including approach lighting systems."
IR.VI.E.K2,iph,explanation,auto,from the Task E References line,"Airport signs, markings, and lighting, including approach lighting systems."
IR.VI.E.K2,phak,explanation,auto,from the Task E References line,"Airport signs, markings, and lighting, including approach lighting systems."
IR.VI.E.K2,risk-management,explanation,auto,from the Task E References line,"Airport signs, markings, and lighting, including approach lighting systems."
IR.VI.E.K3,14cfr:part-91,regulation,auto,from the Task E References line,Appropriate landing profiles and aircraft configurations.
IR.VI.E.K3,afh,explanation,auto,from the Task E References line,Appropriate landing profiles and aircraft configurations.
IR.VI.E.K3,aim,guidance,auto,from the Task E References line,Appropriate landing profiles and aircraft configurations.
IR.VI.E.K3,ifh,explanation,auto,from the Task E References line,Appropriate landing profiles and aircraft configurations.
IR.VI.E.K3,iph,explanation,auto,from the Task E References line,Appropriate landing profiles and aircraft configurations.
IR.VI.E.K3,phak,explanation,auto,from the Task E References line,Appropriate landing profiles and aircraft configurations.
IR.VI.E.K3,risk-management,explanation,auto,from the Task E References line,Appropriate landing profiles and aircraft configurations.
IR.VI.E.R1,14cfr:part-91,regulation,auto,from the Task E References line,Attempting to land from an unstable approach.
IR.VI.E.R1,afh,explanation,auto,from the Task E References line,Attempting to land from an unstable approach.
IR.VI.E.R1,aim,guidance,auto,from the Task E References line,Attempting to land from an unstable approach.
IR.VI.E.R1,ifh,explanation,auto,from the Task E References line,Attempting to land from an unstable approach.
IR.VI.E.R1,iph,explanation,auto,from the Task E References line,Attempting to land from an unstable approach.
IR.VI.E.R1,phak,explanation,auto,from the Task E References line,Attempting to land from an unstable approach.
IR.VI.E.R1,risk-management,explanation,auto,from the Task E References line,Attempting to land from an unstable approach.
IR.VI.E.R2,14cfr:part-91,regulation,auto,from the Task E References line,Flying below the glidepath.
IR.VI.E.R2,afh,explanation,auto,from the Task E References line,Flying below the glidepath.
IR.VI.E.R2,aim,guidance,auto,from the Task E References line,Flying below the glidepath.
IR.VI.E.R2,ifh,explanation,auto,from the Task E References line,Flying below the glidepath.
IR.VI.E.R2,iph,explanation,auto,from the Task E References line,Flying below the glidepath.
IR.VI.E.R2,phak,explanation,auto,from the Task E References line,Flying below the glidepath.
IR.VI.E.R2,risk-management,explanation,auto,from the Task E References line,Flying below the glidepath.
IR.VI.E.R3,14cfr:part-91,regulation,auto,from the Task E References line,Transitioning from instrument to visual references for landing.
IR.VI.E.R3,afh,explanation,auto,from the Task E References line,Transitioning from instrument to visual references for landing.
IR.VI.E.R3,aim,guidance,auto,from the Task E References line,Transitioning from instrument to visual references for landing.
IR.VI.E.R3,ifh,explanation,auto,from the Task E References line,Transitioning from instrument to visual references for landing.
IR.VI.E.R3,iph,explanation,auto,from the Task E References line,Transitioning from instrument to visual references for landing.
IR.VI.E.R3,phak,explanation,auto,from the Task E References line,Transitioning from instrument to visual references for landing.
IR.VI.E.R3,risk-management,explanation,auto,from the Task E References line,Transitioning from instrument to visual references for landing.
IR.VI.E.R4,14cfr:part-91,regulation,auto,from the Task E References line,Aircraft configuration for landing.
IR.VI.E.R4,afh,explanation,auto,from the Task E References line,Aircraft configuration for landing.
IR.VI.E.R4,aim,guidance,auto,from the Task E References line,Aircraft configuration for landing.
IR.VI.E.R4,ifh,explanation,auto,from the Task E References line,Aircraft configuration for landing.
IR.VI.E.R4,iph,explanation,auto,from the Task E References line,Aircraft configuration for landing.
IR.VI.E.R4,phak,explanation,auto,from the Task E References line,Aircraft configuration for landing.
IR.VI.E.R4,risk-management,explanation,auto,from the Task E References line,Aircraft configuration for landing.
IR.VI.E.S1,14cfr:part-91,regulation,auto,from the Task E References line,"Transition at the DA/DH, MDA, or visual descent point (VDP) to a visual flight condition, allowing for safe visual maneuvering and a normal landing."
IR.VI.E.S1,afh,explanation,auto,from the Task E References line,"Transition at the DA/DH, MDA, or visual descent point (VDP) to a visual flight condition, allowing for safe visual maneuvering and a normal landing."
IR.VI.E.S1,aim,guidance,auto,from the Task E References line,"Transition at the DA/DH, MDA, or visual descent point (VDP) to a visual flight condition, allowing for safe visual maneuvering and a normal landing."
IR.VI.E.S1,ifh,explanation,auto,from the Task E References line,"Transition at the DA/DH, MDA, or visual descent point (VDP) to a visual flight condition, allowing for safe visual maneuvering and a normal landing."
IR.VI.E.S1,iph,explanation,auto,from the Task E References line,"Transition at the DA/DH, MDA, or visual descent point (VDP) to a visual flight condition, allowing for safe visual maneuvering and a normal landing."
IR.VI.E.S1,phak,explanation,auto,from the Task E References line,"Transition at the DA/DH, MDA, or visual descent point (VDP) to a visual flight condition, allowing for safe visual maneuvering and a normal landing."
IR.VI.E.S1,risk-management,explanation,auto,from the Task E References line,"Transition at the DA/DH, MDA, or visual descent point (VDP) to a visual flight condition, allowing for safe visual maneuvering and a normal landing."
IR.VI.E.S2,14cfr:part-91,regulation,auto,from the Task E References line,"Adhere to all ATC or evaluator advisories, such as NOTAMs, windshear, wake turbulence, runway surface, and other operational considerations."
IR.VI.E.S2,afh,explanation,auto,from the Task E References line,"Adhere to all ATC or evaluator advisories, such as NOTAMs, windshear, wake turbulence, runway surface, and other operational considerations."
IR.VI.E.S2,aim,guidance,auto,from the Task E References line,"Adhere to all ATC or evaluator advisories, such as NOTAMs, windshear, wake turbulence, runway surface, and other operational considerations."
IR.VI.E.S2,ifh,explanation,auto,from the Task E References line,"Adhere to all ATC or evaluator advisories, such as NOTAMs, windshear, wake turbulence, runway surface, and other operational considerations."
IR.VI.E.S2,iph,explanation,auto,from the Task E References line,"Adhere to all ATC or evaluator advisories, such as NOTAMs, windshear, wake turbulence, runway surface, and other operational considerations."
IR.VI.E.S2,phak,explanation,auto,from the Task E References line,"Adhere to all ATC or evaluator advisories, such as NOTAMs, windshear, wake turbulence, runway surface, and other operational considerations."
IR.VI.E.S2,risk-management,explanation,auto,from the Task E References line,"Adhere to all ATC or evaluator advisories, such as NOTAMs, windshear, wake turbulence, runway surface, and other operational considerations."
IR.VI.E.S3,14cfr:part-91,regulation,auto,from the Task E References line,Complete the appropriate checklist(s).
IR.VI.E.S3,afh,explanation,auto,from the Task E References line,Complete the appropriate checklist(s).
IR.VI.E.S3,aim,guidance,auto,from the Task E References line,Complete the appropriate checklist(s).
IR.VI.E.S3,ifh,explanation,auto,from the Task E References line,Complete the appropriate checklist(s).
IR.VI.E.S3,iph,explanation,auto,from the Task E References line,Complete the appropriate checklist(s).
IR.VI.E.S3,phak,explanation,auto,from the Task E References line,Complete the appropriate checklist(s).
IR.VI.E.S3,risk-management,explanation,auto,from the Task E References line,Complete the appropriate checklist(s).
IR.VI.E.S4,14cfr:part-91,regulation,auto,from the Task E References line,Maintain positive airplane control throughout the landing maneuver.
IR.VI.E.S4,afh,explanation,auto,from the Task E References line,Maintain positive airplane control throughout the landing maneuver.
IR.VI.E.S4,aim,guidance,auto,from the Task E References line,Maintain positive airplane control throughout the landing maneuver.
IR.VI.E.S4,ifh,explanation,auto,from the Task E References line,Maintain positive airplane control throughout the landing maneuver.
IR.VI.E.S4,iph,explanation,auto,from the Task E References line,Maintain positive airplane control throughout the landing maneuver.
IR.VI.E.S4,phak,explanation,auto,from the Task E References line,Maintain positive airplane control throughout the landing maneuver.
IR.VI.E.S4,risk-management,explanation,auto,from the Task E References line,Maintain positive airplane control throughout the landing maneuver.
IR.VI.E.S5,14cfr:part-91,regulation,auto,from the Task E References line,"Use single-pilot resource management (SRM) or crew resource management (CRM), as appropriate. 20"
IR.VI.E.S5,afh,explanation,auto,from the Task E References line,"Use single-pilot resource management (SRM) or crew resource management (CRM), as appropriate. 20"
IR.VI.E.S5,aim,guidance,auto,from the Task E References line,"Use single-pilot resource management (SRM) or crew resource management (CRM), as appropriate. 20"
IR.VI.E.S5,ifh,explanation,auto,from the Task E References line,"Use single-pilot resource management (SRM) or crew resource management (CRM), as appropriate. 20"
IR.VI.E.S5,iph,explanation,auto,from the Task E References line,"Use single-pilot resource management (SRM) or crew resource management (CRM), as appropriate. 20"
IR.VI.E.S5,phak,explanation,auto,from the Task E References line,"Use single-pilot resource management (SRM) or crew resource management (CRM), as appropriate. 20"
IR.VI.E.S5,risk-management,explanation,auto,from the Task E References line,"Use single-pilot resource management (SRM) or crew resource management (CRM), as appropriate. 20"
IR.VII.A.K1,14cfr:part-91,regulation,auto,from the Task A References line,"Procedures to follow in the event of lost communication during various phases of flight, including techniques for reestablishing communications, when it is acceptable to deviate from an instrument flight rules (IFR) clearance, and when to begin an approach at the destination."
IR.VII.A.K1,afh,explanation,auto,from the Task A References line,"Procedures to follow in the event of lost communication during various phases of flight, including techniques for reestablishing communications, when it is acceptable to deviate from an instrument flight rules (IFR) clearance, and when to begin an approach at the destination."
IR.VII.A.K1,aim,guidance,auto,from the Task A References line,"Procedures to follow in the event of lost communication during various phases of flight, including techniques for reestablishing communications, when it is acceptable to deviate from an instrument flight rules (IFR) clearance, and when to begin an approach at the destination."
IR.VII.A.K1,ifh,explanation,auto,from the Task A References line,"Procedures to follow in the event of lost communication during various phases of flight, including techniques for reestablishing communications, when it is acceptable to deviate from an instrument flight rules (IFR) clearance, and when to begin an approach at the destination."
IR.VII.A.K1,iph,explanation,auto,from the Task A References line,"Procedures to follow in the event of lost communication during various phases of flight, including techniques for reestablishing communications, when it is acceptable to deviate from an instrument flight rules (IFR) clearance, and when to begin an approach at the destination."
IR.VII.A.K1,phak,explanation,auto,from the Task A References line,"Procedures to follow in the event of lost communication during various phases of flight, including techniques for reestablishing communications, when it is acceptable to deviate from an instrument flight rules (IFR) clearance, and when to begin an approach at the destination."
IR.VII.A.K1,risk-management,explanation,auto,from the Task A References line,"Procedures to follow in the event of lost communication during various phases of flight, including techniques for reestablishing communications, when it is acceptable to deviate from an instrument flight rules (IFR) clearance, and when to begin an approach at the destination."
IR.VII.A.R1,14cfr:part-91,regulation,auto,from the Task A References line,Possible reasons for loss of communication.
IR.VII.A.R1,afh,explanation,auto,from the Task A References line,Possible reasons for loss of communication.
IR.VII.A.R1,aim,guidance,auto,from the Task A References line,Possible reasons for loss of communication.
IR.VII.A.R1,ifh,explanation,auto,from the Task A References line,Possible reasons for loss of communication.
IR.VII.A.R1,iph,explanation,auto,from the Task A References line,Possible reasons for loss of communication.
IR.VII.A.R1,phak,explanation,auto,from the Task A References line,Possible reasons for loss of communication.
IR.VII.A.R1,risk-management,explanation,auto,from the Task A References line,Possible reasons for loss of communication.
IR.VII.A.R2,14cfr:part-91,regulation,auto,from the Task A References line,Deviation from procedures for lost communications.
IR.VII.A.R2,afh,explanation,auto,from the Task A References line,Deviation from procedures for lost communications.
IR.VII.A.R2,aim,guidance,auto,from the Task A References line,Deviation from procedures for lost communications.
IR.VII.A.R2,ifh,explanation,auto,from the Task A References line,Deviation from procedures for lost communications.
IR.VII.A.R2,iph,explanation,auto,from the Task A References line,Deviation from procedures for lost communications.
IR.VII.A.R2,phak,explanation,auto,from the Task A References line,Deviation from procedures for lost communications.
IR.VII.A.R2,risk-management,explanation,auto,from the Task A References line,Deviation from procedures for lost communications.
IR.VII.A.S1,14cfr:part-91,regulation,auto,from the Task A References line,Recognize a simulated loss of communication.
IR.VII.A.S1,afh,explanation,auto,from the Task A References line,Recognize a simulated loss of communication.
IR.VII.A.S1,aim,guidance,auto,from the Task A References line,Recognize a simulated loss of communication.
IR.VII.A.S1,ifh,explanation,auto,from the Task A References line,Recognize a simulated loss of communication.
IR.VII.A.S1,iph,explanation,auto,from the Task A References line,Recognize a simulated loss of communication.
IR.VII.A.S1,phak,explanation,auto,from the Task A References line,Recognize a simulated loss of communication.
IR.VII.A.S1,risk-management,explanation,auto,from the Task A References line,Recognize a simulated loss of communication.
IR.VII.A.S2,14cfr:part-91,regulation,auto,from the Task A References line,Simulate actions to re-establish communication.
IR.VII.A.S2,afh,explanation,auto,from the Task A References line,Simulate actions to re-establish communication.
IR.VII.A.S2,aim,guidance,auto,from the Task A References line,Simulate actions to re-establish communication.
IR.VII.A.S2,ifh,explanation,auto,from the Task A References line,Simulate actions to re-establish communication.
IR.VII.A.S2,iph,explanation,auto,from the Task A References line,Simulate actions to re-establish communication.
IR.VII.A.S2,phak,explanation,auto,from the Task A References line,Simulate actions to re-establish communication.
IR.VII.A.S2,risk-management,explanation,auto,from the Task A References line,Simulate actions to re-establish communication.
IR.VII.A.S3,14cfr:part-91,regulation,auto,from the Task A References line,Determine whether to continue to flight plan destination or deviate.
IR.VII.A.S3,afh,explanation,auto,from the Task A References line,Determine whether to continue to flight plan destination or deviate.
IR.VII.A.S3,aim,guidance,auto,from the Task A References line,Determine whether to continue to flight plan destination or deviate.
IR.VII.A.S3,ifh,explanation,auto,from the Task A References line,Determine whether to continue to flight plan destination or deviate.
IR.VII.A.S3,iph,explanation,auto,from the Task A References line,Determine whether to continue to flight plan destination or deviate.
IR.VII.A.S3,phak,explanation,auto,from the Task A References line,Determine whether to continue to flight plan destination or deviate.
IR.VII.A.S3,risk-management,explanation,auto,from the Task A References line,Determine whether to continue to flight plan destination or deviate.
IR.VII.A.S4,14cfr:part-91,regulation,auto,from the Task A References line,Determine appropriate time to begin an approach.
IR.VII.A.S4,afh,explanation,auto,from the Task A References line,Determine appropriate time to begin an approach.
IR.VII.A.S4,aim,guidance,auto,from the Task A References line,Determine appropriate time to begin an approach.
IR.VII.A.S4,ifh,explanation,auto,from the Task A References line,Determine appropriate time to begin an approach.
IR.VII.A.S4,iph,explanation,auto,from the Task A References line,Determine appropriate time to begin an approach.
IR.VII.A.S4,phak,explanation,auto,from the Task A References line,Determine appropriate time to begin an approach.
IR.VII.A.S4,risk-management,explanation,auto,from the Task A References line,Determine appropriate time to begin an approach.
IR.VII.A.S5,14cfr:part-91,regulation,auto,from the Task A References line,"Use single-pilot resource management (SRM) or crew resource management (CRM), as appropriate."
IR.VII.A.S5,afh,explanation,auto,from the Task A References line,"Use single-pilot resource management (SRM) or crew resource management (CRM), as appropriate."
IR.VII.A.S5,aim,guidance,auto,from the Task A References line,"Use single-pilot resource management (SRM) or crew resource management (CRM), as appropriate."
IR.VII.A.S5,ifh,explanation,auto,from the Task A References line,"Use single-pilot resource management (SRM) or crew resource management (CRM), as appropriate."
IR.VII.A.S5,iph,explanation,auto,from the Task A References line,"Use single-pilot resource management (SRM) or crew resource management (CRM), as appropriate."
IR.VII.A.S5,phak,explanation,auto,from the Task A References line,"Use single-pilot resource management (SRM) or crew resource management (CRM), as appropriate."
IR.VII.A.S5,risk-management,explanation,auto,from the Task A References line,"Use single-pilot resource management (SRM) or crew resource management (CRM), as appropriate."
IR.VII.B.K1,afh,explanation,auto,from the Task B References line,Procedures used if engine failure occurs during straight-and-level flight and turns while on instruments.
IR.VII.B.K1,ifh,explanation,auto,from the Task B References line,Procedures used if engine failure occurs during straight-and-level flight and turns while on instruments.
IR.VII.B.K1,phak,explanation,auto,from the Task B References line,Procedures used if engine failure occurs during straight-and-level flight and turns while on instruments.
IR.VII.B.K1,risk-management,explanation,auto,from the Task B References line,Procedures used if engine failure occurs during straight-and-level flight and turns while on instruments.
IR.VII.B.R1,afh,explanation,auto,from the Task B References line,Identification of the inoperative engine.
IR.VII.B.R1,ifh,explanation,auto,from the Task B References line,Identification of the inoperative engine.
IR.VII.B.R1,phak,explanation,auto,from the Task B References line,Identification of the inoperative engine.
IR.VII.B.R1,risk-management,explanation,auto,from the Task B References line,Identification of the inoperative engine.
IR.VII.B.R2,afh,explanation,auto,from the Task B References line,Inability to climb or maintain altitude with an inoperative engine.
IR.VII.B.R2,ifh,explanation,auto,from the Task B References line,Inability to climb or maintain altitude with an inoperative engine.
IR.VII.B.R2,phak,explanation,auto,from the Task B References line,Inability to climb or maintain altitude with an inoperative engine.
IR.VII.B.R2,risk-management,explanation,auto,from the Task B References line,Inability to climb or maintain altitude with an inoperative engine.
IR.VII.B.R3,afh,explanation,auto,from the Task B References line,"Low altitude maneuvering, including stall, spin, or controlled flight into terrain (CFIT)."
IR.VII.B.R3,ifh,explanation,auto,from the Task B References line,"Low altitude maneuvering, including stall, spin, or controlled flight into terrain (CFIT)."
IR.VII.B.R3,phak,explanation,auto,from the Task B References line,"Low altitude maneuvering, including stall, spin, or controlled flight into terrain (CFIT)."
IR.VII.B.R3,risk-management,explanation,auto,from the Task B References line,"Low altitude maneuvering, including stall, spin, or controlled flight into terrain (CFIT)."
IR.VII.B.R4,afh,explanation,auto,from the Task B References line,"Distractions, task prioritization, loss of situational awareness, or disorientation."
IR.VII.B.R4,ifh,explanation,auto,from the Task B References line,"Distractions, task prioritization, loss of situational awareness, or disorientation."
IR.VII.B.R4,phak,explanation,auto,from the Task B References line,"Distractions, task prioritization, loss of situational awareness, or disorientation."
IR.VII.B.R4,risk-management,explanation,auto,from the Task B References line,"Distractions, task prioritization, loss of situational awareness, or disorientation."
IR.VII.B.R5,afh,explanation,auto,from the Task B References line,Fuel management during single-engine operation. 21
IR.VII.B.R5,ifh,explanation,auto,from the Task B References line,Fuel management during single-engine operation. 21
IR.VII.B.R5,phak,explanation,auto,from the Task B References line,Fuel management during single-engine operation. 21
IR.VII.B.R5,risk-management,explanation,auto,from the Task B References line,Fuel management during single-engine operation. 21
IR.VII.B.R6,afh,explanation,auto,from the Task B References line,Configuring the aircraft.
IR.VII.B.R6,ifh,explanation,auto,from the Task B References line,Configuring the aircraft.
IR.VII.B.R6,phak,explanation,auto,from the Task B References line,Configuring the aircraft.
IR.VII.B.R6,risk-management,explanation,auto,from the Task B References line,Configuring the aircraft.
IR.VII.B.S1,afh,explanation,auto,from the Task B References line,Promptly recognize an engine failure and maintain positive aircraft control.
IR.VII.B.S1,ifh,explanation,auto,from the Task B References line,Promptly recognize an engine failure and maintain positive aircraft control.
IR.VII.B.S1,phak,explanation,auto,from the Task B References line,Promptly recognize an engine failure and maintain positive aircraft control.
IR.VII.B.S1,risk-management,explanation,auto,from the Task B References line,Promptly recognize an engine failure and maintain positive aircraft control.
IR.VII.B.S10,afh,explanation,auto,from the Task B References line,Maintain control and fly within the aircraft’s operating limitations.
IR.VII.B.S10,ifh,explanation,auto,from the Task B References line,Maintain control and fly within the aircraft’s operating limitations.
IR.VII.B.S10,phak,explanation,auto,from the Task B References line,Maintain control and fly within the aircraft’s operating limitations.
IR.VII.B.S10,risk-management,explanation,auto,from the Task B References line,Maintain control and fly within the aircraft’s operating limitations.
IR.VII.B.S11,afh,explanation,auto,from the Task B References line,"Use single-pilot resource management (SRM) or crew resource management (CRM), as appropriate."
IR.VII.B.S11,ifh,explanation,auto,from the Task B References line,"Use single-pilot resource management (SRM) or crew resource management (CRM), as appropriate."
IR.VII.B.S11,phak,explanation,auto,from the Task B References line,"Use single-pilot resource management (SRM) or crew resource management (CRM), as appropriate."
IR.VII.B.S11,risk-management,explanation,auto,from the Task B References line,"Use single-pilot resource management (SRM) or crew resource management (CRM), as appropriate."
IR.VII.B.S2,afh,explanation,auto,from the Task B References line,"Set the engine controls, reduce drag, identify and verify the inoperative engine, and simulate feathering of the propeller on the inoperative engine (evaluator should then establish zero thrust on the inoperative engine)."
IR.VII.B.S2,ifh,explanation,auto,from the Task B References line,"Set the engine controls, reduce drag, identify and verify the inoperative engine, and simulate feathering of the propeller on the inoperative engine (evaluator should then establish zero thrust on the inoperative engine)."
IR.VII.B.S2,phak,explanation,auto,from the Task B References line,"Set the engine controls, reduce drag, identify and verify the inoperative engine, and simulate feathering of the propeller on the inoperative engine (evaluator should then establish zero thrust on the inoperative engine)."
IR.VII.B.S2,risk-management,explanation,auto,from the Task B References line,"Set the engine controls, reduce drag, identify and verify the inoperative engine, and simulate feathering of the propeller on the inoperative engine (evaluator should then establish zero thrust on the inoperative engine)."
IR.VII.B.S3,afh,explanation,auto,from the Task B References line,Establish the best engine-inoperative airspeed and trim the airplane.
IR.VII.B.S3,ifh,explanation,auto,from the Task B References line,Establish the best engine-inoperative airspeed and trim the airplane.
IR.VII.B.S3,phak,explanation,auto,from the Task B References line,Establish the best engine-inoperative airspeed and trim the airplane.
IR.VII.B.S3,risk-management,explanation,auto,from the Task B References line,Establish the best engine-inoperative airspeed and trim the airplane.
IR.VII.B.S4,afh,explanation,auto,from the Task B References line,"Use flight controls in the proper combination as recommended by the manufacturer, or as required to maintain best performance, and trim as required."
IR.VII.B.S4,ifh,explanation,auto,from the Task B References line,"Use flight controls in the proper combination as recommended by the manufacturer, or as required to maintain best performance, and trim as required."
IR.VII.B.S4,phak,explanation,auto,from the Task B References line,"Use flight controls in the proper combination as recommended by the manufacturer, or as required to maintain best performance, and trim as required."
IR.VII.B.S4,risk-management,explanation,auto,from the Task B References line,"Use flight controls in the proper combination as recommended by the manufacturer, or as required to maintain best performance, and trim as required."
IR.VII.B.S5,afh,explanation,auto,from the Task B References line,Verify the prescribed checklist procedures used for securing the inoperative engine.
IR.VII.B.S5,ifh,explanation,auto,from the Task B References line,Verify the prescribed checklist procedures used for securing the inoperative engine.
IR.VII.B.S5,phak,explanation,auto,from the Task B References line,Verify the prescribed checklist procedures used for securing the inoperative engine.
IR.VII.B.S5,risk-management,explanation,auto,from the Task B References line,Verify the prescribed checklist procedures used for securing the inoperative engine.
IR.VII.B.S6,afh,explanation,auto,from the Task B References line,Attempt to determine and resolve the reason for the engine failure.
IR.VII.B.S6,ifh,explanation,auto,from the Task B References line,Attempt to determine and resolve the reason for the engine failure.
IR.VII.B.S6,phak,explanation,auto,from the Task B References line,Attempt to determine and resolve the reason for the engine failure.
IR.VII.B.S6,risk-management,explanation,auto,from the Task B References line,Attempt to determine and resolve the reason for the engine failure.
IR.VII.B.S7,afh,explanation,auto,from the Task B References line,Monitor engine functions and make necessary adjustments.
IR.VII.B.S7,ifh,explanation,auto,from the Task B References line,Monitor engine functions and make necessary adjustments.
IR.VII.B.S7,phak,explanation,auto,from the Task B References line,Monitor engine functions and make necessary adjustments.
IR.VII.B.S7,risk-management,explanation,auto,from the Task B References line,Monitor engine functions and make necessary adjustments.
IR.VII.B.S8,afh,explanation,auto,from the Task B References line,"Maintain the specified altitude ±100 feet or minimum sink rate if applicable, airspeed ±10 knots, and the specified heading ±10°."
IR.VII.B.S8,ifh,explanation,auto,from the Task B References line,"Maintain the specified altitude ±100 feet or minimum sink rate if applicable, airspeed ±10 knots, and the specified heading ±10°."
IR.VII.B.S8,phak,explanation,auto,from the Task B References line,"Maintain the specified altitude ±100 feet or minimum sink rate if applicable, airspeed ±10 knots, and the specified heading ±10°."
IR.VII.B.S8,risk-management,explanation,auto,from the Task B References line,"Maintain the specified altitude ±100 feet or minimum sink rate if applicable, airspeed ±10 knots, and the specified heading ±10°."
IR.VII.B.S9,afh,explanation,auto,from the Task B References line,Assess the aircraft’s performance capability and decide an appropriate action to ensure a safe landing.
IR.VII.B.S9,ifh,explanation,auto,from the Task B References line,Assess the aircraft’s performance capability and decide an appropriate action to ensure a safe landing.
IR.VII.B.S9,phak,explanation,auto,from the Task B References line,Assess the aircraft’s performance capability and decide an appropriate action to ensure a safe landing.
IR.VII.B.S9,risk-management,explanation,auto,from the Task B References line,Assess the aircraft’s performance capability and decide an appropriate action to ensure a safe landing.
IR.VII.C.K1,14cfr:part-91,regulation,auto,from the Task C References line,Instrument approach procedures with one engine inoperative.
IR.VII.C.K1,afh,explanation,auto,from the Task C References line,Instrument approach procedures with one engine inoperative.
IR.VII.C.K1,ifh,explanation,auto,from the Task C References line,Instrument approach procedures with one engine inoperative.
IR.VII.C.K1,iph,explanation,auto,from the Task C References line,Instrument approach procedures with one engine inoperative.
IR.VII.C.K1,phak,explanation,auto,from the Task C References line,Instrument approach procedures with one engine inoperative.
IR.VII.C.K1,risk-management,explanation,auto,from the Task C References line,Instrument approach procedures with one engine inoperative.
IR.VII.C.R1,14cfr:part-91,regulation,auto,from the Task C References line,Potential engine failure during approach and landing.
IR.VII.C.R1,afh,explanation,auto,from the Task C References line,Potential engine failure during approach and landing.
IR.VII.C.R1,ifh,explanation,auto,from the Task C References line,Potential engine failure during approach and landing.
IR.VII.C.R1,iph,explanation,auto,from the Task C References line,Potential engine failure during approach and landing.
IR.VII.C.R1,phak,explanation,auto,from the Task C References line,Potential engine failure during approach and landing.
IR.VII.C.R1,risk-management,explanation,auto,from the Task C References line,Potential engine failure during approach and landing.
IR.VII.C.R2,14cfr:part-91,regulation,auto,from the Task C References line,[Archived]
IR.VII.C.R2,afh,explanation,auto,from the Task C References line,[Archived]
IR.VII.C.R2,ifh,explanation,auto,from the Task C References line,[Archived]
IR.VII.C.R2,iph,explanation,auto,from the Task C References line,[Archived]
IR.VII.C.R2,phak,explanation,auto,from the Task C References line,[Archived]
IR.VII.C.R2,risk-management,explanation,auto,from the Task C References line,[Archived]
IR.VII.C.R3,14cfr:part-91,regulation,auto,from the Task C References line,Configuring the airplane.
IR.VII.C.R3,afh,explanation,auto,from the Task C References line,Configuring the airplane.
IR.VII.C.R3,ifh,explanation,auto,from the Task C References line,Configuring the airplane.
IR.VII.C.R3,iph,explanation,auto,from the Task C References line,Configuring the airplane.
IR.VII.C.R3,phak,explanation,auto,from the Task C References line,Configuring the airplane.
IR.VII.C.R3,risk-management,explanation,auto,from the Task C References line,Configuring the airplane.
IR.VII.C.R4,14cfr:part-91,regulation,auto,from the Task C References line,"Low altitude maneuvering, including stall, spin, or controlled flight into terrain (CFIT). 22"
IR.VII.C.R4,afh,explanation,auto,from the Task C References line,"Low altitude maneuvering, including stall, spin, or controlled flight into terrain (CFIT). 22"
IR.VII.C.R4,ifh,explanation,auto,from the Task C References line,"Low altitude maneuvering, including stall, spin, or controlled flight into terrain (CFIT). 22"
IR.VII.C.R4,iph,explanation,auto,from the Task C References line,"Low altitude maneuvering, including stall, spin, or controlled flight into terrain (CFIT). 22"
IR.VII.C.R4,phak,explanation,auto,from the Task C References line,"Low altitude maneuvering, including stall, spin, or controlled flight into terrain (CFIT). 22"
IR.VII.C.R4,risk-management,explanation,auto,from the Task C References line,"Low altitude maneuvering, including stall, spin, or controlled flight into terrain (CFIT). 22"
IR.VII.C.R5,14cfr:part-91,regulation,auto,from the Task C References line,"Distractions, task prioritization, loss of situational awareness, or disorientation."
IR.VII.C.R5,afh,explanation,auto,from the Task C References line,"Distractions, task prioritization, loss of situational awareness, or disorientation."
IR.VII.C.R5,ifh,explanation,auto,from the Task C References line,"Distractions, task prioritization, loss of situational awareness, or disorientation."
IR.VII.C.R5,iph,explanation,auto,from the Task C References line,"Distractions, task prioritization, loss of situational awareness, or disorientation."
IR.VII.C.R5,phak,explanation,auto,from the Task C References line,"Distractions, task prioritization, loss of situational awareness, or disorientation."
IR.VII.C.R5,risk-management,explanation,auto,from the Task C References line,"Distractions, task prioritization, loss of situational awareness, or disorientation."
IR.VII.C.R6,14cfr:part-91,regulation,auto,from the Task C References line,Performing a go-around/rejected landing with an engine failure.
IR.VII.C.R6,afh,explanation,auto,from the Task C References line,Performing a go-around/rejected landing with an engine failure.
IR.VII.C.R6,ifh,explanation,auto,from the Task C References line,Performing a go-around/rejected landing with an engine failure.
IR.VII.C.R6,iph,explanation,auto,from the Task C References line,Performing a go-around/rejected landing with an engine failure.
IR.VII.C.R6,phak,explanation,auto,from the Task C References line,Performing a go-around/rejected landing with an engine failure.
IR.VII.C.R6,risk-management,explanation,auto,from the Task C References line,Performing a go-around/rejected landing with an engine failure.
IR.VII.C.S1,14cfr:part-91,regulation,auto,from the Task C References line,Promptly recognize an engine failure and maintain positive aircraft control.
IR.VII.C.S1,afh,explanation,auto,from the Task C References line,Promptly recognize an engine failure and maintain positive aircraft control.
IR.VII.C.S1,ifh,explanation,auto,from the Task C References line,Promptly recognize an engine failure and maintain positive aircraft control.
IR.VII.C.S1,iph,explanation,auto,from the Task C References line,Promptly recognize an engine failure and maintain positive aircraft control.
IR.VII.C.S1,phak,explanation,auto,from the Task C References line,Promptly recognize an engine failure and maintain positive aircraft control.
IR.VII.C.S1,risk-management,explanation,auto,from the Task C References line,Promptly recognize an engine failure and maintain positive aircraft control.
IR.VII.C.S10,14cfr:part-91,regulation,auto,from the Task C References line,Maintain control and fly within the aircraft’s operating limitations.
IR.VII.C.S10,afh,explanation,auto,from the Task C References line,Maintain control and fly within the aircraft’s operating limitations.
IR.VII.C.S10,ifh,explanation,auto,from the Task C References line,Maintain control and fly within the aircraft’s operating limitations.
IR.VII.C.S10,iph,explanation,auto,from the Task C References line,Maintain control and fly within the aircraft’s operating limitations.
IR.VII.C.S10,phak,explanation,auto,from the Task C References line,Maintain control and fly within the aircraft’s operating limitations.
IR.VII.C.S10,risk-management,explanation,auto,from the Task C References line,Maintain control and fly within the aircraft’s operating limitations.
IR.VII.C.S11,14cfr:part-91,regulation,auto,from the Task C References line,Comply with the published criteria for the aircraft approach category if circling.
IR.VII.C.S11,afh,explanation,auto,from the Task C References line,Comply with the published criteria for the aircraft approach category if circling.
IR.VII.C.S11,ifh,explanation,auto,from the Task C References line,Comply with the published criteria for the aircraft approach category if circling.
IR.VII.C.S11,iph,explanation,auto,from the Task C References line,Comply with the published criteria for the aircraft approach category if circling.
IR.VII.C.S11,phak,explanation,auto,from the Task C References line,Comply with the published criteria for the aircraft approach category if circling.
IR.VII.C.S11,risk-management,explanation,auto,from the Task C References line,Comply with the published criteria for the aircraft approach category if circling.
IR.VII.C.S12,14cfr:part-91,regulation,auto,from the Task C References line,Execute a landing.
IR.VII.C.S12,afh,explanation,auto,from the Task C References line,Execute a landing.
IR.VII.C.S12,ifh,explanation,auto,from the Task C References line,Execute a landing.
IR.VII.C.S12,iph,explanation,auto,from the Task C References line,Execute a landing.
IR.VII.C.S12,phak,explanation,auto,from the Task C References line,Execute a landing.
IR.VII.C.S12,risk-management,explanation,auto,from the Task C References line,Execute a landing.
IR.VII.C.S13,14cfr:part-91,regulation,auto,from the Task C References line,Complete the appropriate checklist(s).
IR.VII.C.S13,afh,explanation,auto,from the Task C References line,Complete the appropriate checklist(s).
IR.VII.C.S13,ifh,explanation,auto,from the Task C References line,Complete the appropriate checklist(s).
IR.VII.C.S13,iph,explanation,auto,from the Task C References line,Complete the appropriate checklist(s).
IR.VII.C.S13,phak,explanation,auto,from the Task C References line,Complete the appropriate checklist(s).
IR.VII.C.S13,risk-management,explanation,auto,from the Task C References line,Complete the appropriate checklist(s).
IR.VII.C.S14,14cfr:part-91,regulation,auto,from the Task C References line,"Use single-pilot resource management (SRM) or crew resource management (CRM), as appropriate."
IR.VII.C.S14,afh,explanation,auto,from the Task C References line,"Use single-pilot resource management (SRM) or crew resource management (CRM), as appropriate."
IR.VII.C.S14,ifh,explanation,auto,from the Task C References line,"Use single-pilot resource management (SRM) or crew resource management (CRM), as appropriate."
IR.VII.C.S14,iph,explanation,auto,from the Task C References line,"Use single-pilot resource management (SRM) or crew resource management (CRM), as appropriate."
IR.VII.C.S14,phak,explanation,auto,from the Task C References line,"Use single-pilot resource management (SRM) or crew resource management (CRM), as appropriate."
IR.VII.C.S14,risk-management,explanation,auto,from the Task C References line,"Use single-pilot resource management (SRM) or crew resource management (CRM), as appropriate."
IR.VII.C.S2,14cfr:part-91,regulation,auto,from the Task C References line,"Set the engine controls, reduce drag, identify and verify the inoperative engine, and simulate feathering of the propeller on the inoperative engine (evaluator should then establish zero thrust on the inoperative engine)."
IR.VII.C.S2,afh,explanation,auto,from the Task C References line,"Set the engine controls, reduce drag, identify and verify the inoperative engine, and simulate feathering of the propeller on the inoperative engine (evaluator should then establish zero thrust on the inoperative engine)."
IR.VII.C.S2,ifh,explanation,auto,from the Task C References line,"Set the engine controls, reduce drag, identify and verify the inoperative engine, and simulate feathering of the propeller on the inoperative engine (evaluator should then establish zero thrust on the inoperative engine)."
IR.VII.C.S2,iph,explanation,auto,from the Task C References line,"Set the engine controls, reduce drag, identify and verify the inoperative engine, and simulate feathering of the propeller on the inoperative engine (evaluator should then establish zero thrust on the inoperative engine)."
IR.VII.C.S2,phak,explanation,auto,from the Task C References line,"Set the engine controls, reduce drag, identify and verify the inoperative engine, and simulate feathering of the propeller on the inoperative engine (evaluator should then establish zero thrust on the inoperative engine)."
IR.VII.C.S2,risk-management,explanation,auto,from the Task C References line,"Set the engine controls, reduce drag, identify and verify the inoperative engine, and simulate feathering of the propeller on the inoperative engine (evaluator should then establish zero thrust on the inoperative engine)."
IR.VII.C.S3,14cfr:part-91,regulation,auto,from the Task C References line,"Use flight controls in the proper combination as recommended by the manufacturer, or as required to maintain best performance, and trim as required."
IR.VII.C.S3,afh,explanation,auto,from the Task C References line,"Use flight controls in the proper combination as recommended by the manufacturer, or as required to maintain best performance, and trim as required."
IR.VII.C.S3,ifh,explanation,auto,from the Task C References line,"Use flight controls in the proper combination as recommended by the manufacturer, or as required to maintain best performance, and trim as required."
IR.VII.C.S3,iph,explanation,auto,from the Task C References line,"Use flight controls in the proper combination as recommended by the manufacturer, or as required to maintain best performance, and trim as required."
IR.VII.C.S3,phak,explanation,auto,from the Task C References line,"Use flight controls in the proper combination as recommended by the manufacturer, or as required to maintain best performance, and trim as required."
IR.VII.C.S3,risk-management,explanation,auto,from the Task C References line,"Use flight controls in the proper combination as recommended by the manufacturer, or as required to maintain best performance, and trim as required."
IR.VII.C.S4,14cfr:part-91,regulation,auto,from the Task C References line,Follow the manufacturer’s recommended emergency procedures and complete the appropriate checklist.
IR.VII.C.S4,afh,explanation,auto,from the Task C References line,Follow the manufacturer’s recommended emergency procedures and complete the appropriate checklist.
IR.VII.C.S4,ifh,explanation,auto,from the Task C References line,Follow the manufacturer’s recommended emergency procedures and complete the appropriate checklist.
IR.VII.C.S4,iph,explanation,auto,from the Task C References line,Follow the manufacturer’s recommended emergency procedures and complete the appropriate checklist.
IR.VII.C.S4,phak,explanation,auto,from the Task C References line,Follow the manufacturer’s recommended emergency procedures and complete the appropriate checklist.
IR.VII.C.S4,risk-management,explanation,auto,from the Task C References line,Follow the manufacturer’s recommended emergency procedures and complete the appropriate checklist.
IR.VII.C.S5,14cfr:part-91,regulation,auto,from the Task C References line,Monitor the operating engine and aircraft systems and make adjustments as necessary.
IR.VII.C.S5,afh,explanation,auto,from the Task C References line,Monitor the operating engine and aircraft systems and make adjustments as necessary.
IR.VII.C.S5,ifh,explanation,auto,from the Task C References line,Monitor the operating engine and aircraft systems and make adjustments as necessary.
IR.VII.C.S5,iph,explanation,auto,from the Task C References line,Monitor the operating engine and aircraft systems and make adjustments as necessary.
IR.VII.C.S5,phak,explanation,auto,from the Task C References line,Monitor the operating engine and aircraft systems and make adjustments as necessary.
IR.VII.C.S5,risk-management,explanation,auto,from the Task C References line,Monitor the operating engine and aircraft systems and make adjustments as necessary.
IR.VII.C.S6,14cfr:part-91,regulation,auto,from the Task C References line,Request and follow an actual or a simulated air traffic control (ATC) clearance for an instrument approach.
IR.VII.C.S6,afh,explanation,auto,from the Task C References line,Request and follow an actual or a simulated air traffic control (ATC) clearance for an instrument approach.
IR.VII.C.S6,ifh,explanation,auto,from the Task C References line,Request and follow an actual or a simulated air traffic control (ATC) clearance for an instrument approach.
IR.VII.C.S6,iph,explanation,auto,from the Task C References line,Request and follow an actual or a simulated air traffic control (ATC) clearance for an instrument approach.
IR.VII.C.S6,phak,explanation,auto,from the Task C References line,Request and follow an actual or a simulated air traffic control (ATC) clearance for an instrument approach.
IR.VII.C.S6,risk-management,explanation,auto,from the Task C References line,Request and follow an actual or a simulated air traffic control (ATC) clearance for an instrument approach.
IR.VII.C.S7,14cfr:part-91,regulation,auto,from the Task C References line,"Maintain altitude ±100 feet or minimum sink rate if applicable, airspeed ±10 knots, and selected heading ±10°."
IR.VII.C.S7,afh,explanation,auto,from the Task C References line,"Maintain altitude ±100 feet or minimum sink rate if applicable, airspeed ±10 knots, and selected heading ±10°."
IR.VII.C.S7,ifh,explanation,auto,from the Task C References line,"Maintain altitude ±100 feet or minimum sink rate if applicable, airspeed ±10 knots, and selected heading ±10°."
IR.VII.C.S7,iph,explanation,auto,from the Task C References line,"Maintain altitude ±100 feet or minimum sink rate if applicable, airspeed ±10 knots, and selected heading ±10°."
IR.VII.C.S7,phak,explanation,auto,from the Task C References line,"Maintain altitude ±100 feet or minimum sink rate if applicable, airspeed ±10 knots, and selected heading ±10°."
IR.VII.C.S7,risk-management,explanation,auto,from the Task C References line,"Maintain altitude ±100 feet or minimum sink rate if applicable, airspeed ±10 knots, and selected heading ±10°."
IR.VII.C.S8,14cfr:part-91,regulation,auto,from the Task C References line,"Establish a rate of descent that ensures arrival at the minimum descent altitude (MDA) or decision altitude (DA)/decision height (DH) with the airplane in a position from which a descent to a landing on the intended runway can be made, either straight in or circling as appropriate."
IR.VII.C.S8,afh,explanation,auto,from the Task C References line,"Establish a rate of descent that ensures arrival at the minimum descent altitude (MDA) or decision altitude (DA)/decision height (DH) with the airplane in a position from which a descent to a landing on the intended runway can be made, either straight in or circling as appropriate."
IR.VII.C.S8,ifh,explanation,auto,from the Task C References line,"Establish a rate of descent that ensures arrival at the minimum descent altitude (MDA) or decision altitude (DA)/decision height (DH) with the airplane in a position from which a descent to a landing on the intended runway can be made, either straight in or circling as appropriate."
IR.VII.C.S8,iph,explanation,auto,from the Task C References line,"Establish a rate of descent that ensures arrival at the minimum descent altitude (MDA) or decision altitude (DA)/decision height (DH) with the airplane in a position from which a descent to a landing on the intended runway can be made, either straight in or circling as appropriate."
IR.VII.C.S8,phak,explanation,auto,from the Task C References line,"Establish a rate of descent that ensures arrival at the minimum descent altitude (MDA) or decision altitude (DA)/decision height (DH) with the airplane in a position from which a descent to a landing on the intended runway can be made, either straight in or circling as appropriate."
IR.VII.C.S8,risk-management,explanation,auto,from the Task C References line,"Establish a rate of descent that ensures arrival at the minimum descent altitude (MDA) or decision altitude (DA)/decision height (DH) with the airplane in a position from which a descent to a landing on the intended runway can be made, either straight in or circling as appropriate."
IR.VII.C.S9,14cfr:part-91,regulation,auto,from the Task C References line,"On final approach segment, maintain vertical (as applicable) and lateral guidance within ¾-scale deflection."
IR.VII.C.S9,afh,explanation,auto,from the Task C References line,"On final approach segment, maintain vertical (as applicable) and lateral guidance within ¾-scale deflection."
IR.VII.C.S9,ifh,explanation,auto,from the Task C References line,"On final approach segment, maintain vertical (as applicable) and lateral guidance within ¾-scale deflection."
IR.VII.C.S9,iph,explanation,auto,from the Task C References line,"On final approach segment, maintain vertical (as applicable) and lateral guidance within ¾-scale deflection."
IR.VII.C.S9,phak,explanation,auto,from the Task C References line,"On final approach segment, maintain vertical (as applicable) and lateral guidance within ¾-scale deflection."
IR.VII.C.S9,risk-management,explanation,auto,from the Task C References line,"On final approach segment, maintain vertical (as applicable) and lateral guidance within ¾-scale deflection."
IR.VII.D.K1,14cfr:part-91,regulation,auto,from the Task D References line,"Recognizing if primary flight instruments are inaccurate or inoperative, and advising ATC or the evaluator."
IR.VII.D.K1,afh,explanation,auto,from the Task D References line,"Recognizing if primary flight instruments are inaccurate or inoperative, and advising ATC or the evaluator."
IR.VII.D.K1,ifh,explanation,auto,from the Task D References line,"Recognizing if primary flight instruments are inaccurate or inoperative, and advising ATC or the evaluator."
IR.VII.D.K1,iph,explanation,auto,from the Task D References line,"Recognizing if primary flight instruments are inaccurate or inoperative, and advising ATC or the evaluator."
IR.VII.D.K1,phak,explanation,auto,from the Task D References line,"Recognizing if primary flight instruments are inaccurate or inoperative, and advising ATC or the evaluator."
IR.VII.D.K1,risk-management,explanation,auto,from the Task D References line,"Recognizing if primary flight instruments are inaccurate or inoperative, and advising ATC or the evaluator."
IR.VII.D.K2,14cfr:part-91,regulation,auto,from the Task D References line,Possible failure modes of primary instruments and how to correct or minimize the effect of the loss.
IR.VII.D.K2,afh,explanation,auto,from the Task D References line,Possible failure modes of primary instruments and how to correct or minimize the effect of the loss.
IR.VII.D.K2,ifh,explanation,auto,from the Task D References line,Possible failure modes of primary instruments and how to correct or minimize the effect of the loss.
IR.VII.D.K2,iph,explanation,auto,from the Task D References line,Possible failure modes of primary instruments and how to correct or minimize the effect of the loss.
IR.VII.D.K2,phak,explanation,auto,from the Task D References line,Possible failure modes of primary instruments and how to correct or minimize the effect of the loss.
IR.VII.D.K2,risk-management,explanation,auto,from the Task D References line,Possible failure modes of primary instruments and how to correct or minimize the effect of the loss.
IR.VII.D.R1,14cfr:part-91,regulation,auto,from the Task D References line,Use of secondary flight displays when primary displays have failed.
IR.VII.D.R1,afh,explanation,auto,from the Task D References line,Use of secondary flight displays when primary displays have failed.
IR.VII.D.R1,ifh,explanation,auto,from the Task D References line,Use of secondary flight displays when primary displays have failed.
IR.VII.D.R1,iph,explanation,auto,from the Task D References line,Use of secondary flight displays when primary displays have failed.
IR.VII.D.R1,phak,explanation,auto,from the Task D References line,Use of secondary flight displays when primary displays have failed.
IR.VII.D.R1,risk-management,explanation,auto,from the Task D References line,Use of secondary flight displays when primary displays have failed.
IR.VII.D.R2,14cfr:part-91,regulation,auto,from the Task D References line,Maintaining aircraft control.
IR.VII.D.R2,afh,explanation,auto,from the Task D References line,Maintaining aircraft control.
IR.VII.D.R2,ifh,explanation,auto,from the Task D References line,Maintaining aircraft control.
IR.VII.D.R2,iph,explanation,auto,from the Task D References line,Maintaining aircraft control.
IR.VII.D.R2,phak,explanation,auto,from the Task D References line,Maintaining aircraft control.
IR.VII.D.R2,risk-management,explanation,auto,from the Task D References line,Maintaining aircraft control.
IR.VII.D.R3,14cfr:part-91,regulation,auto,from the Task D References line,"Distractions, task prioritization, loss of situational awareness, or disorientation."
IR.VII.D.R3,afh,explanation,auto,from the Task D References line,"Distractions, task prioritization, loss of situational awareness, or disorientation."
IR.VII.D.R3,ifh,explanation,auto,from the Task D References line,"Distractions, task prioritization, loss of situational awareness, or disorientation."
IR.VII.D.R3,iph,explanation,auto,from the Task D References line,"Distractions, task prioritization, loss of situational awareness, or disorientation."
IR.VII.D.R3,phak,explanation,auto,from the Task D References line,"Distractions, task prioritization, loss of situational awareness, or disorientation."
IR.VII.D.R3,risk-management,explanation,auto,from the Task D References line,"Distractions, task prioritization, loss of situational awareness, or disorientation."
IR.VII.D.S1,14cfr:part-91,regulation,auto,from the Task D References line,Advise ATC or the evaluator if unable to comply with a clearance.
IR.VII.D.S1,afh,explanation,auto,from the Task D References line,Advise ATC or the evaluator if unable to comply with a clearance.
IR.VII.D.S1,ifh,explanation,auto,from the Task D References line,Advise ATC or the evaluator if unable to comply with a clearance.
IR.VII.D.S1,iph,explanation,auto,from the Task D References line,Advise ATC or the evaluator if unable to comply with a clearance.
IR.VII.D.S1,phak,explanation,auto,from the Task D References line,Advise ATC or the evaluator if unable to comply with a clearance.
IR.VII.D.S1,risk-management,explanation,auto,from the Task D References line,Advise ATC or the evaluator if unable to comply with a clearance.
IR.VII.D.S2,14cfr:part-91,regulation,auto,from the Task D References line,"Complete a non-precision instrument approach without the use of the primary flight instruments using the skill elements of the non-precision approach Task (see Area of Operation VI, Task A)."
IR.VII.D.S2,afh,explanation,auto,from the Task D References line,"Complete a non-precision instrument approach without the use of the primary flight instruments using the skill elements of the non-precision approach Task (see Area of Operation VI, Task A)."
IR.VII.D.S2,ifh,explanation,auto,from the Task D References line,"Complete a non-precision instrument approach without the use of the primary flight instruments using the skill elements of the non-precision approach Task (see Area of Operation VI, Task A)."
IR.VII.D.S2,iph,explanation,auto,from the Task D References line,"Complete a non-precision instrument approach without the use of the primary flight instruments using the skill elements of the non-precision approach Task (see Area of Operation VI, Task A)."
IR.VII.D.S2,phak,explanation,auto,from the Task D References line,"Complete a non-precision instrument approach without the use of the primary flight instruments using the skill elements of the non-precision approach Task (see Area of Operation VI, Task A)."
IR.VII.D.S2,risk-management,explanation,auto,from the Task D References line,"Complete a non-precision instrument approach without the use of the primary flight instruments using the skill elements of the non-precision approach Task (see Area of Operation VI, Task A)."
IR.VII.D.S3,14cfr:part-91,regulation,auto,from the Task D References line,"Use single-pilot resource management (SRM) or crew resource management (CRM), as appropriate. 24"
IR.VII.D.S3,afh,explanation,auto,from the Task D References line,"Use single-pilot resource management (SRM) or crew resource management (CRM), as appropriate. 24"
IR.VII.D.S3,ifh,explanation,auto,from the Task D References line,"Use single-pilot resource management (SRM) or crew resource management (CRM), as appropriate. 24"
IR.VII.D.S3,iph,explanation,auto,from the Task D References line,"Use single-pilot resource management (SRM) or crew resource management (CRM), as appropriate. 24"
IR.VII.D.S3,phak,explanation,auto,from the Task D References line,"Use single-pilot resource management (SRM) or crew resource management (CRM), as appropriate. 24"
IR.VII.D.S3,risk-management,explanation,auto,from the Task D References line,"Use single-pilot resource management (SRM) or crew resource management (CRM), as appropriate. 24"
IR.VIII.A.K1,14cfr:part-91,regulation,auto,from the Task A References line,Procedures for documenting in-flight/postflight discrepancies.
IR.VIII.A.K1,afh,explanation,auto,from the Task A References line,Procedures for documenting in-flight/postflight discrepancies.
IR.VIII.A.K1,phak,explanation,auto,from the Task A References line,Procedures for documenting in-flight/postflight discrepancies.
IR.VIII.A.K1,risk-management,explanation,auto,from the Task A References line,Procedures for documenting in-flight/postflight discrepancies.
IR.VIII.A.R1,14cfr:part-91,regulation,auto,from the Task A References line,Performance and documentation of postflight inspection and aircraft discrepancies.
IR.VIII.A.R1,afh,explanation,auto,from the Task A References line,Performance and documentation of postflight inspection and aircraft discrepancies.
IR.VIII.A.R1,phak,explanation,auto,from the Task A References line,Performance and documentation of postflight inspection and aircraft discrepancies.
IR.VIII.A.R1,risk-management,explanation,auto,from the Task A References line,Performance and documentation of postflight inspection and aircraft discrepancies.
IR.VIII.A.S1,14cfr:part-91,regulation,auto,from the Task A References line,"Conduct a postflight inspection and document discrepancies and servicing requirements, if any. 25 Appendix 1: Practical Test Roles, Responsibilities, and Outcomes Instrument Rating – Airplane ACS (FAA-S-ACS-8C) Appendix 1: Practical Test Roles, Responsibilities, and Outcomes Eligibility Requirements"
IR.VIII.A.S1,afh,explanation,auto,from the Task A References line,"Conduct a postflight inspection and document discrepancies and servicing requirements, if any. 25 Appendix 1: Practical Test Roles, Responsibilities, and Outcomes Instrument Rating – Airplane ACS (FAA-S-ACS-8C) Appendix 1: Practical Test Roles, Responsibilities, and Outcomes Eligibility Requirements"
IR.VIII.A.S1,phak,explanation,auto,from the Task A References line,"Conduct a postflight inspection and document discrepancies and servicing requirements, if any. 25 Appendix 1: Practical Test Roles, Responsibilities, and Outcomes Instrument Rating – Airplane ACS (FAA-S-ACS-8C) Appendix 1: Practical Test Roles, Responsibilities, and Outcomes Eligibility Requirements"
IR.VIII.A.S1,risk-management,explanation,auto,from the Task A References line,"Conduct a postflight inspection and document discrepancies and servicing requirements, if any. 25 Appendix 1: Practical Test Roles, Responsibilities, and Outcomes Instrument Rating – Airplane ACS (FAA-S-ACS-8C) Appendix 1: Practical Test Roles, Responsibilities, and Outcomes Eligibility Requirements"
