source_ref,target_ref,relation,confidence,note,element_text
PA.I.A.K1,14cfr:part-61,regulation,auto,from the Task A References line,"Certification requirements, recent flight experience, and recordkeeping."
PA.I.A.K1,14cfr:part-68,regulation,auto,from the Task A References line,"Certification requirements, recent flight experience, and recordkeeping."
PA.I.A.K1,14cfr:part-91,regulation,auto,from the Task A References line,"Certification requirements, recent flight experience, and recordkeeping."
PA.I.A.K1,afh,explanation,auto,from the Task A References line,"Certification requirements, recent flight experience, and recordkeeping."
PA.I.A.K1,phak,explanation,auto,from the Task A References line,"Certification requirements, recent flight experience, and recordkeeping."
PA.I.A.K1,risk-management,explanation,auto,from the Task A References line,"Certification requirements, recent flight experience, and recordkeeping."
PA.I.A.K2,14cfr:part-61,regulation,auto,from the Task A References line,Privileges and limitations.
PA.I.A.K2,14cfr:part-68,regulation,auto,from the Task A References line,Privileges and limitations.
PA.I.A.K2,14cfr:part-91,regulation,auto,from the Task A References line,Privileges and limitations.
PA.I.A.K2,afh,explanation,auto,from the Task A References line,Privileges and limitations.
PA.I.A.K2,phak,explanation,auto,from the Task A References line,Privileges and limitations.
PA.I.A.K2,risk-management,explanation,auto,from the Task A References line,Privileges and limitations.
PA.I.A.K3,14cfr:part-61,regulation,auto,from the Task A References line,"Medical certificates: class, expiration, privileges, temporary disqualifications."
PA.I.A.K3,14cfr:part-68,regulation,auto,from the Task A References line,"Medical certificates: class, expiration, privileges, temporary disqualifications."
PA.I.A.K3,14cfr:part-91,regulation,auto,from the Task A References line,"Medical certificates: class, expiration, privileges, temporary disqualifications."
PA.I.A.K3,afh,explanation,auto,from the Task A References line,"Medical certificates: class, expiration, privileges, temporary disqualifications."
PA.I.A.K3,phak,explanation,auto,from the Task A References line,"Medical certificates: class, expiration, privileges, temporary disqualifications."
PA.I.A.K3,risk-management,explanation,auto,from the Task A References line,"Medical certificates: class, expiration, privileges, temporary disqualifications."
PA.I.A.K4,14cfr:part-61,regulation,auto,from the Task A References line,Documents required to exercise private pilot privileges.
PA.I.A.K4,14cfr:part-68,regulation,auto,from the Task A References line,Documents required to exercise private pilot privileges.
PA.I.A.K4,14cfr:part-91,regulation,auto,from the Task A References line,Documents required to exercise private pilot privileges.
PA.I.A.K4,afh,explanation,auto,from the Task A References line,Documents required to exercise private pilot privileges.
PA.I.A.K4,phak,explanation,auto,from the Task A References line,Documents required to exercise private pilot privileges.
PA.I.A.K4,risk-management,explanation,auto,from the Task A References line,Documents required to exercise private pilot privileges.
PA.I.A.K5,14cfr:part-61,regulation,auto,from the Task A References line,Part 68 BasicMed privileges and limitations.
PA.I.A.K5,14cfr:part-68,regulation,auto,from the Task A References line,Part 68 BasicMed privileges and limitations.
PA.I.A.K5,14cfr:part-91,regulation,auto,from the Task A References line,Part 68 BasicMed privileges and limitations.
PA.I.A.K5,afh,explanation,auto,from the Task A References line,Part 68 BasicMed privileges and limitations.
PA.I.A.K5,phak,explanation,auto,from the Task A References line,Part 68 BasicMed privileges and limitations.
PA.I.A.K5,risk-management,explanation,auto,from the Task A References line,Part 68 BasicMed privileges and limitations.
PA.I.A.R1,14cfr:part-61,regulation,auto,from the Task A References line,Proficiency versus currency.
PA.I.A.R1,14cfr:part-68,regulation,auto,from the Task A References line,Proficiency versus currency.
PA.I.A.R1,14cfr:part-91,regulation,auto,from the Task A References line,Proficiency versus currency.
PA.I.A.R1,afh,explanation,auto,from the Task A References line,Proficiency versus currency.
PA.I.A.R1,phak,explanation,auto,from the Task A References line,Proficiency versus currency.
PA.I.A.R1,risk-management,explanation,auto,from the Task A References line,Proficiency versus currency.
PA.I.A.R2,14cfr:part-61,regulation,auto,from the Task A References line,Flying unfamiliar aircraft or operating with unfamiliar flight display systems and avionics.
PA.I.A.R2,14cfr:part-68,regulation,auto,from the Task A References line,Flying unfamiliar aircraft or operating with unfamiliar flight display systems and avionics.
PA.I.A.R2,14cfr:part-91,regulation,auto,from the Task A References line,Flying unfamiliar aircraft or operating with unfamiliar flight display systems and avionics.
PA.I.A.R2,afh,explanation,auto,from the Task A References line,Flying unfamiliar aircraft or operating with unfamiliar flight display systems and avionics.
PA.I.A.R2,phak,explanation,auto,from the Task A References line,Flying unfamiliar aircraft or operating with unfamiliar flight display systems and avionics.
PA.I.A.R2,risk-management,explanation,auto,from the Task A References line,Flying unfamiliar aircraft or operating with unfamiliar flight display systems and avionics.
PA.I.A.S1,14cfr:part-61,regulation,auto,from the Task A References line,Apply requirements to act as pilot-in-command (PIC) under Visual Flight Rules (VFR) in a scenario given by the evaluator.
PA.I.A.S1,14cfr:part-68,regulation,auto,from the Task A References line,Apply requirements to act as pilot-in-command (PIC) under Visual Flight Rules (VFR) in a scenario given by the evaluator.
PA.I.A.S1,14cfr:part-91,regulation,auto,from the Task A References line,Apply requirements to act as pilot-in-command (PIC) under Visual Flight Rules (VFR) in a scenario given by the evaluator.
PA.I.A.S1,afh,explanation,auto,from the Task A References line,Apply requirements to act as pilot-in-command (PIC) under Visual Flight Rules (VFR) in a scenario given by the evaluator.
PA.I.A.S1,phak,explanation,auto,from the Task A References line,Apply requirements to act as pilot-in-command (PIC) under Visual Flight Rules (VFR) in a scenario given by the evaluator.
PA.I.A.S1,risk-management,explanation,auto,from the Task A References line,Apply requirements to act as pilot-in-command (PIC) under Visual Flight Rules (VFR) in a scenario given by the evaluator.
PA.I.B.K1,14cfr:part-39,regulation,auto,from the Task B References line,"General airworthiness requirements and compliance for airplanes, including:"
PA.I.B.K1,14cfr:part-43,regulation,auto,from the Task B References line,"General airworthiness requirements and compliance for airplanes, including:"
PA.I.B.K1,14cfr:part-91,regulation,auto,from the Task B References line,"General airworthiness requirements and compliance for airplanes, including:"
PA.I.B.K1,afh,explanation,auto,from the Task B References line,"General airworthiness requirements and compliance for airplanes, including:"
PA.I.B.K1,phak,explanation,auto,from the Task B References line,"General airworthiness requirements and compliance for airplanes, including:"
PA.I.B.K1,risk-management,explanation,auto,from the Task B References line,"General airworthiness requirements and compliance for airplanes, including:"
PA.I.B.K1a,14cfr:part-39,regulation,auto,from the Task B References line,a. Location and expiration dates of required aircraft certificates
PA.I.B.K1a,14cfr:part-43,regulation,auto,from the Task B References line,a. Location and expiration dates of required aircraft certificates
PA.I.B.K1a,14cfr:part-91,regulation,auto,from the Task B References line,a. Location and expiration dates of required aircraft certificates
PA.I.B.K1a,afh,explanation,auto,from the Task B References line,a. Location and expiration dates of required aircraft certificates
PA.I.B.K1a,phak,explanation,auto,from the Task B References line,a. Location and expiration dates of required aircraft certificates
PA.I.B.K1a,risk-management,explanation,auto,from the Task B References line,a. Location and expiration dates of required aircraft certificates
PA.I.B.K1b,14cfr:part-39,regulation,auto,from the Task B References line,b. Required inspections and airplane logbook documentation
PA.I.B.K1b,14cfr:part-43,regulation,auto,from the Task B References line,b. Required inspections and airplane logbook documentation
PA.I.B.K1b,14cfr:part-91,regulation,auto,from the Task B References line,b. Required inspections and airplane logbook documentation
PA.I.B.K1b,afh,explanation,auto,from the Task B References line,b. Required inspections and airplane logbook documentation
PA.I.B.K1b,phak,explanation,auto,from the Task B References line,b. Required inspections and airplane logbook documentation
PA.I.B.K1b,risk-management,explanation,auto,from the Task B References line,b. Required inspections and airplane logbook documentation
PA.I.B.K1c,14cfr:part-39,regulation,auto,from the Task B References line,c. Airworthiness Directives and Special Airworthiness Information Bulletins
PA.I.B.K1c,14cfr:part-43,regulation,auto,from the Task B References line,c. Airworthiness Directives and Special Airworthiness Information Bulletins
PA.I.B.K1c,14cfr:part-91,regulation,auto,from the Task B References line,c. Airworthiness Directives and Special Airworthiness Information Bulletins
PA.I.B.K1c,afh,explanation,auto,from the Task B References line,c. Airworthiness Directives and Special Airworthiness Information Bulletins
PA.I.B.K1c,phak,explanation,auto,from the Task B References line,c. Airworthiness Directives and Special Airworthiness Information Bulletins
PA.I.B.K1c,risk-management,explanation,auto,from the Task B References line,c. Airworthiness Directives and Special Airworthiness Information Bulletins
PA.I.B.K1d,14cfr:part-39,regulation,auto,from the Task B References line,d. Purpose and procedure for obtaining a special flight permit
PA.I.B.K1d,14cfr:part-43,regulation,auto,from the Task B References line,d. Purpose and procedure for obtaining a special flight permit
PA.I.B.K1d,14cfr:part-91,regulation,auto,from the Task B References line,d. Purpose and procedure for obtaining a special flight permit
PA.I.B.K1d,afh,explanation,auto,from the Task B References line,d. Purpose and procedure for obtaining a special flight permit
PA.I.B.K1d,phak,explanation,auto,from the Task B References line,d. Purpose and procedure for obtaining a special flight permit
PA.I.B.K1d,risk-management,explanation,auto,from the Task B References line,d. Purpose and procedure for obtaining a special flight permit
PA.I.B.K1e,14cfr:part-39,regulation,auto,from the Task B References line,e. Owner/Operator and pilot-in-command responsibilities
PA.I.B.K1e,14cfr:part-43,regulation,auto,from the Task B References line,e. Owner/Operator and pilot-in-command responsibilities
PA.I.B.K1e,14cfr:part-91,regulation,auto,from the Task B References line,e. Owner/Operator and pilot-in-command responsibilities
PA.I.B.K1e,afh,explanation,auto,from the Task B References line,e. Owner/Operator and pilot-in-command responsibilities
PA.I.B.K1e,phak,explanation,auto,from the Task B References line,e. Owner/Operator and pilot-in-command responsibilities
PA.I.B.K1e,risk-management,explanation,auto,from the Task B References line,e. Owner/Operator and pilot-in-command responsibilities
PA.I.B.K2,14cfr:part-39,regulation,auto,from the Task B References line,Pilot-performed preventive maintenance.
PA.I.B.K2,14cfr:part-43,regulation,auto,from the Task B References line,Pilot-performed preventive maintenance.
PA.I.B.K2,14cfr:part-91,regulation,auto,from the Task B References line,Pilot-performed preventive maintenance.
PA.I.B.K2,afh,explanation,auto,from the Task B References line,Pilot-performed preventive maintenance.
PA.I.B.K2,phak,explanation,auto,from the Task B References line,Pilot-performed preventive maintenance.
PA.I.B.K2,risk-management,explanation,auto,from the Task B References line,Pilot-performed preventive maintenance.
PA.I.B.K3,14cfr:part-39,regulation,auto,from the Task B References line,"Equipment requirements for day and night VFR flight, including:"
PA.I.B.K3,14cfr:part-43,regulation,auto,from the Task B References line,"Equipment requirements for day and night VFR flight, including:"
PA.I.B.K3,14cfr:part-91,regulation,auto,from the Task B References line,"Equipment requirements for day and night VFR flight, including:"
PA.I.B.K3,afh,explanation,auto,from the Task B References line,"Equipment requirements for day and night VFR flight, including:"
PA.I.B.K3,phak,explanation,auto,from the Task B References line,"Equipment requirements for day and night VFR flight, including:"
PA.I.B.K3,risk-management,explanation,auto,from the Task B References line,"Equipment requirements for day and night VFR flight, including:"
PA.I.B.K3a,14cfr:part-39,regulation,auto,from the Task B References line,a. Flying with inoperative equipment Private Pilot for Airplane Category ACS (FAA-S-ACS-6C) 3
PA.I.B.K3a,14cfr:part-43,regulation,auto,from the Task B References line,a. Flying with inoperative equipment Private Pilot for Airplane Category ACS (FAA-S-ACS-6C) 3
PA.I.B.K3a,14cfr:part-91,regulation,auto,from the Task B References line,a. Flying with inoperative equipment Private Pilot for Airplane Category ACS (FAA-S-ACS-6C) 3
PA.I.B.K3a,afh,explanation,auto,from the Task B References line,a. Flying with inoperative equipment Private Pilot for Airplane Category ACS (FAA-S-ACS-6C) 3
PA.I.B.K3a,phak,explanation,auto,from the Task B References line,a. Flying with inoperative equipment Private Pilot for Airplane Category ACS (FAA-S-ACS-6C) 3
PA.I.B.K3a,risk-management,explanation,auto,from the Task B References line,a. Flying with inoperative equipment Private Pilot for Airplane Category ACS (FAA-S-ACS-6C) 3
PA.I.B.K3b,14cfr:part-39,regulation,auto,from the Task B References line,b. Using an approved Minimum Equipment List (MEL)
PA.I.B.K3b,14cfr:part-43,regulation,auto,from the Task B References line,b. Using an approved Minimum Equipment List (MEL)
PA.I.B.K3b,14cfr:part-91,regulation,auto,from the Task B References line,b. Using an approved Minimum Equipment List (MEL)
PA.I.B.K3b,afh,explanation,auto,from the Task B References line,b. Using an approved Minimum Equipment List (MEL)
PA.I.B.K3b,phak,explanation,auto,from the Task B References line,b. Using an approved Minimum Equipment List (MEL)
PA.I.B.K3b,risk-management,explanation,auto,from the Task B References line,b. Using an approved Minimum Equipment List (MEL)
PA.I.B.K3c,14cfr:part-39,regulation,auto,from the Task B References line,c. Kinds of Operation Equipment List (KOEL)
PA.I.B.K3c,14cfr:part-43,regulation,auto,from the Task B References line,c. Kinds of Operation Equipment List (KOEL)
PA.I.B.K3c,14cfr:part-91,regulation,auto,from the Task B References line,c. Kinds of Operation Equipment List (KOEL)
PA.I.B.K3c,afh,explanation,auto,from the Task B References line,c. Kinds of Operation Equipment List (KOEL)
PA.I.B.K3c,phak,explanation,auto,from the Task B References line,c. Kinds of Operation Equipment List (KOEL)
PA.I.B.K3c,risk-management,explanation,auto,from the Task B References line,c. Kinds of Operation Equipment List (KOEL)
PA.I.B.K3d,14cfr:part-39,regulation,auto,from the Task B References line,d. Required discrepancy records or placards
PA.I.B.K3d,14cfr:part-43,regulation,auto,from the Task B References line,d. Required discrepancy records or placards
PA.I.B.K3d,14cfr:part-91,regulation,auto,from the Task B References line,d. Required discrepancy records or placards
PA.I.B.K3d,afh,explanation,auto,from the Task B References line,d. Required discrepancy records or placards
PA.I.B.K3d,phak,explanation,auto,from the Task B References line,d. Required discrepancy records or placards
PA.I.B.K3d,risk-management,explanation,auto,from the Task B References line,d. Required discrepancy records or placards
PA.I.B.K4,14cfr:part-39,regulation,auto,from the Task B References line,Standard and special airworthiness certificates and their associated operational limitations.
PA.I.B.K4,14cfr:part-43,regulation,auto,from the Task B References line,Standard and special airworthiness certificates and their associated operational limitations.
PA.I.B.K4,14cfr:part-91,regulation,auto,from the Task B References line,Standard and special airworthiness certificates and their associated operational limitations.
PA.I.B.K4,afh,explanation,auto,from the Task B References line,Standard and special airworthiness certificates and their associated operational limitations.
PA.I.B.K4,phak,explanation,auto,from the Task B References line,Standard and special airworthiness certificates and their associated operational limitations.
PA.I.B.K4,risk-management,explanation,auto,from the Task B References line,Standard and special airworthiness certificates and their associated operational limitations.
PA.I.B.R1,14cfr:part-39,regulation,auto,from the Task B References line,Inoperative equipment discovered prior to flight.
PA.I.B.R1,14cfr:part-43,regulation,auto,from the Task B References line,Inoperative equipment discovered prior to flight.
PA.I.B.R1,14cfr:part-91,regulation,auto,from the Task B References line,Inoperative equipment discovered prior to flight.
PA.I.B.R1,afh,explanation,auto,from the Task B References line,Inoperative equipment discovered prior to flight.
PA.I.B.R1,phak,explanation,auto,from the Task B References line,Inoperative equipment discovered prior to flight.
PA.I.B.R1,risk-management,explanation,auto,from the Task B References line,Inoperative equipment discovered prior to flight.
PA.I.B.S1,14cfr:part-39,regulation,auto,from the Task B References line,Locate and describe airplane airworthiness and registration information.
PA.I.B.S1,14cfr:part-43,regulation,auto,from the Task B References line,Locate and describe airplane airworthiness and registration information.
PA.I.B.S1,14cfr:part-91,regulation,auto,from the Task B References line,Locate and describe airplane airworthiness and registration information.
PA.I.B.S1,afh,explanation,auto,from the Task B References line,Locate and describe airplane airworthiness and registration information.
PA.I.B.S1,phak,explanation,auto,from the Task B References line,Locate and describe airplane airworthiness and registration information.
PA.I.B.S1,risk-management,explanation,auto,from the Task B References line,Locate and describe airplane airworthiness and registration information.
PA.I.B.S2,14cfr:part-39,regulation,auto,from the Task B References line,Determine the airplane is airworthy in the scenario given by the evaluator.
PA.I.B.S2,14cfr:part-43,regulation,auto,from the Task B References line,Determine the airplane is airworthy in the scenario given by the evaluator.
PA.I.B.S2,14cfr:part-91,regulation,auto,from the Task B References line,Determine the airplane is airworthy in the scenario given by the evaluator.
PA.I.B.S2,afh,explanation,auto,from the Task B References line,Determine the airplane is airworthy in the scenario given by the evaluator.
PA.I.B.S2,phak,explanation,auto,from the Task B References line,Determine the airplane is airworthy in the scenario given by the evaluator.
PA.I.B.S2,risk-management,explanation,auto,from the Task B References line,Determine the airplane is airworthy in the scenario given by the evaluator.
PA.I.B.S3,14cfr:part-39,regulation,auto,from the Task B References line,Apply appropriate procedures for operating with inoperative equipment in the scenario given by the evaluator.
PA.I.B.S3,14cfr:part-43,regulation,auto,from the Task B References line,Apply appropriate procedures for operating with inoperative equipment in the scenario given by the evaluator.
PA.I.B.S3,14cfr:part-91,regulation,auto,from the Task B References line,Apply appropriate procedures for operating with inoperative equipment in the scenario given by the evaluator.
PA.I.B.S3,afh,explanation,auto,from the Task B References line,Apply appropriate procedures for operating with inoperative equipment in the scenario given by the evaluator.
PA.I.B.S3,phak,explanation,auto,from the Task B References line,Apply appropriate procedures for operating with inoperative equipment in the scenario given by the evaluator.
PA.I.B.S3,risk-management,explanation,auto,from the Task B References line,Apply appropriate procedures for operating with inoperative equipment in the scenario given by the evaluator.
PA.I.C.K1,14cfr:part-91,regulation,auto,from the Task C References line,"Sources of weather data (e.g., National Weather Service, Flight Service) for flight planning purposes."
PA.I.C.K1,ac-91-92,guidance,auto,from the Task C References line,"Sources of weather data (e.g., National Weather Service, Flight Service) for flight planning purposes."
PA.I.C.K1,afh,explanation,auto,from the Task C References line,"Sources of weather data (e.g., National Weather Service, Flight Service) for flight planning purposes."
PA.I.C.K1,aim,guidance,auto,from the Task C References line,"Sources of weather data (e.g., National Weather Service, Flight Service) for flight planning purposes."
PA.I.C.K1,aviation-weather,explanation,auto,from the Task C References line,"Sources of weather data (e.g., National Weather Service, Flight Service) for flight planning purposes."
PA.I.C.K1,phak,explanation,auto,from the Task C References line,"Sources of weather data (e.g., National Weather Service, Flight Service) for flight planning purposes."
PA.I.C.K1,risk-management,explanation,auto,from the Task C References line,"Sources of weather data (e.g., National Weather Service, Flight Service) for flight planning purposes."
PA.I.C.K2,14cfr:part-91,regulation,auto,from the Task C References line,"Acceptable weather products and resources required for preflight planning, current and forecast weather for departure, en route, and arrival phases of flight such as:"
PA.I.C.K2,ac-91-92,guidance,auto,from the Task C References line,"Acceptable weather products and resources required for preflight planning, current and forecast weather for departure, en route, and arrival phases of flight such as:"
PA.I.C.K2,afh,explanation,auto,from the Task C References line,"Acceptable weather products and resources required for preflight planning, current and forecast weather for departure, en route, and arrival phases of flight such as:"
PA.I.C.K2,aim,guidance,auto,from the Task C References line,"Acceptable weather products and resources required for preflight planning, current and forecast weather for departure, en route, and arrival phases of flight such as:"
PA.I.C.K2,aviation-weather,explanation,auto,from the Task C References line,"Acceptable weather products and resources required for preflight planning, current and forecast weather for departure, en route, and arrival phases of flight such as:"
PA.I.C.K2,phak,explanation,auto,from the Task C References line,"Acceptable weather products and resources required for preflight planning, current and forecast weather for departure, en route, and arrival phases of flight such as:"
PA.I.C.K2,risk-management,explanation,auto,from the Task C References line,"Acceptable weather products and resources required for preflight planning, current and forecast weather for departure, en route, and arrival phases of flight such as:"
PA.I.C.K2a,14cfr:part-91,regulation,auto,from the Task C References line,a. Airport Observations (METAR and SPECI) and Pilot Observations (PIREP)
PA.I.C.K2a,ac-91-92,guidance,auto,from the Task C References line,a. Airport Observations (METAR and SPECI) and Pilot Observations (PIREP)
PA.I.C.K2a,afh,explanation,auto,from the Task C References line,a. Airport Observations (METAR and SPECI) and Pilot Observations (PIREP)
PA.I.C.K2a,aim,guidance,auto,from the Task C References line,a. Airport Observations (METAR and SPECI) and Pilot Observations (PIREP)
PA.I.C.K2a,aviation-weather,explanation,auto,from the Task C References line,a. Airport Observations (METAR and SPECI) and Pilot Observations (PIREP)
PA.I.C.K2a,phak,explanation,auto,from the Task C References line,a. Airport Observations (METAR and SPECI) and Pilot Observations (PIREP)
PA.I.C.K2a,risk-management,explanation,auto,from the Task C References line,a. Airport Observations (METAR and SPECI) and Pilot Observations (PIREP)
PA.I.C.K2b,14cfr:part-91,regulation,auto,from the Task C References line,"b. Surface Analysis Chart, Ceiling and Visibility Chart (CVA)"
PA.I.C.K2b,ac-91-92,guidance,auto,from the Task C References line,"b. Surface Analysis Chart, Ceiling and Visibility Chart (CVA)"
PA.I.C.K2b,afh,explanation,auto,from the Task C References line,"b. Surface Analysis Chart, Ceiling and Visibility Chart (CVA)"
PA.I.C.K2b,aim,guidance,auto,from the Task C References line,"b. Surface Analysis Chart, Ceiling and Visibility Chart (CVA)"
PA.I.C.K2b,aviation-weather,explanation,auto,from the Task C References line,"b. Surface Analysis Chart, Ceiling and Visibility Chart (CVA)"
PA.I.C.K2b,phak,explanation,auto,from the Task C References line,"b. Surface Analysis Chart, Ceiling and Visibility Chart (CVA)"
PA.I.C.K2b,risk-management,explanation,auto,from the Task C References line,"b. Surface Analysis Chart, Ceiling and Visibility Chart (CVA)"
PA.I.C.K2c,14cfr:part-91,regulation,auto,from the Task C References line,c. Terminal Aerodrome Forecasts (TAF)
PA.I.C.K2c,ac-91-92,guidance,auto,from the Task C References line,c. Terminal Aerodrome Forecasts (TAF)
PA.I.C.K2c,afh,explanation,auto,from the Task C References line,c. Terminal Aerodrome Forecasts (TAF)
PA.I.C.K2c,aim,guidance,auto,from the Task C References line,c. Terminal Aerodrome Forecasts (TAF)
PA.I.C.K2c,aviation-weather,explanation,auto,from the Task C References line,c. Terminal Aerodrome Forecasts (TAF)
PA.I.C.K2c,phak,explanation,auto,from the Task C References line,c. Terminal Aerodrome Forecasts (TAF)
PA.I.C.K2c,risk-management,explanation,auto,from the Task C References line,c. Terminal Aerodrome Forecasts (TAF)
PA.I.C.K2d,14cfr:part-91,regulation,auto,from the Task C References line,d. Graphical Forecasts for Aviation (GFA)
PA.I.C.K2d,ac-91-92,guidance,auto,from the Task C References line,d. Graphical Forecasts for Aviation (GFA)
PA.I.C.K2d,afh,explanation,auto,from the Task C References line,d. Graphical Forecasts for Aviation (GFA)
PA.I.C.K2d,aim,guidance,auto,from the Task C References line,d. Graphical Forecasts for Aviation (GFA)
PA.I.C.K2d,aviation-weather,explanation,auto,from the Task C References line,d. Graphical Forecasts for Aviation (GFA)
PA.I.C.K2d,phak,explanation,auto,from the Task C References line,d. Graphical Forecasts for Aviation (GFA)
PA.I.C.K2d,risk-management,explanation,auto,from the Task C References line,d. Graphical Forecasts for Aviation (GFA)
PA.I.C.K2e,14cfr:part-91,regulation,auto,from the Task C References line,e. Wind and Temperature Aloft Forecast (FB)
PA.I.C.K2e,ac-91-92,guidance,auto,from the Task C References line,e. Wind and Temperature Aloft Forecast (FB)
PA.I.C.K2e,afh,explanation,auto,from the Task C References line,e. Wind and Temperature Aloft Forecast (FB)
PA.I.C.K2e,aim,guidance,auto,from the Task C References line,e. Wind and Temperature Aloft Forecast (FB)
PA.I.C.K2e,aviation-weather,explanation,auto,from the Task C References line,e. Wind and Temperature Aloft Forecast (FB)
PA.I.C.K2e,phak,explanation,auto,from the Task C References line,e. Wind and Temperature Aloft Forecast (FB)
PA.I.C.K2e,risk-management,explanation,auto,from the Task C References line,e. Wind and Temperature Aloft Forecast (FB)
PA.I.C.K2f,14cfr:part-91,regulation,auto,from the Task C References line,f. Convective Outlook (AC)
PA.I.C.K2f,ac-91-92,guidance,auto,from the Task C References line,f. Convective Outlook (AC)
PA.I.C.K2f,afh,explanation,auto,from the Task C References line,f. Convective Outlook (AC)
PA.I.C.K2f,aim,guidance,auto,from the Task C References line,f. Convective Outlook (AC)
PA.I.C.K2f,aviation-weather,explanation,auto,from the Task C References line,f. Convective Outlook (AC)
PA.I.C.K2f,phak,explanation,auto,from the Task C References line,f. Convective Outlook (AC)
PA.I.C.K2f,risk-management,explanation,auto,from the Task C References line,f. Convective Outlook (AC)
PA.I.C.K2g,14cfr:part-91,regulation,auto,from the Task C References line,"g. Inflight Aviation Weather Advisories including Airmen's Meteorological Information (AIRMET), Significant Meteorological Information (SIGMET), and Convective SIGMET"
PA.I.C.K2g,ac-91-92,guidance,auto,from the Task C References line,"g. Inflight Aviation Weather Advisories including Airmen's Meteorological Information (AIRMET), Significant Meteorological Information (SIGMET), and Convective SIGMET"
PA.I.C.K2g,afh,explanation,auto,from the Task C References line,"g. Inflight Aviation Weather Advisories including Airmen's Meteorological Information (AIRMET), Significant Meteorological Information (SIGMET), and Convective SIGMET"
PA.I.C.K2g,aim,guidance,auto,from the Task C References line,"g. Inflight Aviation Weather Advisories including Airmen's Meteorological Information (AIRMET), Significant Meteorological Information (SIGMET), and Convective SIGMET"
PA.I.C.K2g,aviation-weather,explanation,auto,from the Task C References line,"g. Inflight Aviation Weather Advisories including Airmen's Meteorological Information (AIRMET), Significant Meteorological Information (SIGMET), and Convective SIGMET"
PA.I.C.K2g,phak,explanation,auto,from the Task C References line,"g. Inflight Aviation Weather Advisories including Airmen's Meteorological Information (AIRMET), Significant Meteorological Information (SIGMET), and Convective SIGMET"
PA.I.C.K2g,risk-management,explanation,auto,from the Task C References line,"g. Inflight Aviation Weather Advisories including Airmen's Meteorological Information (AIRMET), Significant Meteorological Information (SIGMET), and Convective SIGMET"
PA.I.C.K3,14cfr:part-91,regulation,auto,from the Task C References line,"Meteorology applicable to the departure, en route, alternate, and destination under visual flight rules (VFR) in Visual Meteorological Conditions (VMC), including expected climate and hazardous conditions such as:"
PA.I.C.K3,ac-91-92,guidance,auto,from the Task C References line,"Meteorology applicable to the departure, en route, alternate, and destination under visual flight rules (VFR) in Visual Meteorological Conditions (VMC), including expected climate and hazardous conditions such as:"
PA.I.C.K3,afh,explanation,auto,from the Task C References line,"Meteorology applicable to the departure, en route, alternate, and destination under visual flight rules (VFR) in Visual Meteorological Conditions (VMC), including expected climate and hazardous conditions such as:"
PA.I.C.K3,aim,guidance,auto,from the Task C References line,"Meteorology applicable to the departure, en route, alternate, and destination under visual flight rules (VFR) in Visual Meteorological Conditions (VMC), including expected climate and hazardous conditions such as:"
PA.I.C.K3,aviation-weather,explanation,auto,from the Task C References line,"Meteorology applicable to the departure, en route, alternate, and destination under visual flight rules (VFR) in Visual Meteorological Conditions (VMC), including expected climate and hazardous conditions such as:"
PA.I.C.K3,phak,explanation,auto,from the Task C References line,"Meteorology applicable to the departure, en route, alternate, and destination under visual flight rules (VFR) in Visual Meteorological Conditions (VMC), including expected climate and hazardous conditions such as:"
PA.I.C.K3,risk-management,explanation,auto,from the Task C References line,"Meteorology applicable to the departure, en route, alternate, and destination under visual flight rules (VFR) in Visual Meteorological Conditions (VMC), including expected climate and hazardous conditions such as:"
PA.I.C.K3a,14cfr:part-91,regulation,auto,from the Task C References line,a. Atmospheric composition and stability
PA.I.C.K3a,ac-91-92,guidance,auto,from the Task C References line,a. Atmospheric composition and stability
PA.I.C.K3a,afh,explanation,auto,from the Task C References line,a. Atmospheric composition and stability
PA.I.C.K3a,aim,guidance,auto,from the Task C References line,a. Atmospheric composition and stability
PA.I.C.K3a,aviation-weather,explanation,auto,from the Task C References line,a. Atmospheric composition and stability
PA.I.C.K3a,phak,explanation,auto,from the Task C References line,a. Atmospheric composition and stability
PA.I.C.K3a,risk-management,explanation,auto,from the Task C References line,a. Atmospheric composition and stability
PA.I.C.K3b,14cfr:part-91,regulation,auto,from the Task C References line,"b. Wind (e.g., windshear, mountain wave, factors affecting wind, etc.) Private Pilot for Airplane Category ACS (FAA-S-ACS-6C) 4"
PA.I.C.K3b,ac-91-92,guidance,auto,from the Task C References line,"b. Wind (e.g., windshear, mountain wave, factors affecting wind, etc.) Private Pilot for Airplane Category ACS (FAA-S-ACS-6C) 4"
PA.I.C.K3b,afh,explanation,auto,from the Task C References line,"b. Wind (e.g., windshear, mountain wave, factors affecting wind, etc.) Private Pilot for Airplane Category ACS (FAA-S-ACS-6C) 4"
PA.I.C.K3b,aim,guidance,auto,from the Task C References line,"b. Wind (e.g., windshear, mountain wave, factors affecting wind, etc.) Private Pilot for Airplane Category ACS (FAA-S-ACS-6C) 4"
PA.I.C.K3b,aviation-weather,explanation,auto,from the Task C References line,"b. Wind (e.g., windshear, mountain wave, factors affecting wind, etc.) Private Pilot for Airplane Category ACS (FAA-S-ACS-6C) 4"
PA.I.C.K3b,phak,explanation,auto,from the Task C References line,"b. Wind (e.g., windshear, mountain wave, factors affecting wind, etc.) Private Pilot for Airplane Category ACS (FAA-S-ACS-6C) 4"
PA.I.C.K3b,risk-management,explanation,auto,from the Task C References line,"b. Wind (e.g., windshear, mountain wave, factors affecting wind, etc.) Private Pilot for Airplane Category ACS (FAA-S-ACS-6C) 4"
PA.I.C.K3c,14cfr:part-91,regulation,auto,from the Task C References line,c. Temperature and heat exchange
PA.I.C.K3c,ac-91-92,guidance,auto,from the Task C References line,c. Temperature and heat exchange
PA.I.C.K3c,afh,explanation,auto,from the Task C References line,c. Temperature and heat exchange
PA.I.C.K3c,aim,guidance,auto,from the Task C References line,c. Temperature and heat exchange
PA.I.C.K3c,aviation-weather,explanation,auto,from the Task C References line,c. Temperature and heat exchange
PA.I.C.K3c,phak,explanation,auto,from the Task C References line,c. Temperature and heat exchange
PA.I.C.K3c,risk-management,explanation,auto,from the Task C References line,c. Temperature and heat exchange
PA.I.C.K3d,14cfr:part-91,regulation,auto,from the Task C References line,d. Moisture/precipitation
PA.I.C.K3d,ac-91-92,guidance,auto,from the Task C References line,d. Moisture/precipitation
PA.I.C.K3d,afh,explanation,auto,from the Task C References line,d. Moisture/precipitation
PA.I.C.K3d,aim,guidance,auto,from the Task C References line,d. Moisture/precipitation
PA.I.C.K3d,aviation-weather,explanation,auto,from the Task C References line,d. Moisture/precipitation
PA.I.C.K3d,phak,explanation,auto,from the Task C References line,d. Moisture/precipitation
PA.I.C.K3d,risk-management,explanation,auto,from the Task C References line,d. Moisture/precipitation
PA.I.C.K3e,14cfr:part-91,regulation,auto,from the Task C References line,"e. Weather system formation, including air masses and fronts"
PA.I.C.K3e,ac-91-92,guidance,auto,from the Task C References line,"e. Weather system formation, including air masses and fronts"
PA.I.C.K3e,afh,explanation,auto,from the Task C References line,"e. Weather system formation, including air masses and fronts"
PA.I.C.K3e,aim,guidance,auto,from the Task C References line,"e. Weather system formation, including air masses and fronts"
PA.I.C.K3e,aviation-weather,explanation,auto,from the Task C References line,"e. Weather system formation, including air masses and fronts"
PA.I.C.K3e,phak,explanation,auto,from the Task C References line,"e. Weather system formation, including air masses and fronts"
PA.I.C.K3e,risk-management,explanation,auto,from the Task C References line,"e. Weather system formation, including air masses and fronts"
PA.I.C.K3f,14cfr:part-91,regulation,auto,from the Task C References line,f. Clouds
PA.I.C.K3f,ac-91-92,guidance,auto,from the Task C References line,f. Clouds
PA.I.C.K3f,afh,explanation,auto,from the Task C References line,f. Clouds
PA.I.C.K3f,aim,guidance,auto,from the Task C References line,f. Clouds
PA.I.C.K3f,aviation-weather,explanation,auto,from the Task C References line,f. Clouds
PA.I.C.K3f,phak,explanation,auto,from the Task C References line,f. Clouds
PA.I.C.K3f,risk-management,explanation,auto,from the Task C References line,f. Clouds
PA.I.C.K3g,14cfr:part-91,regulation,auto,from the Task C References line,g. Turbulence
PA.I.C.K3g,ac-91-92,guidance,auto,from the Task C References line,g. Turbulence
PA.I.C.K3g,afh,explanation,auto,from the Task C References line,g. Turbulence
PA.I.C.K3g,aim,guidance,auto,from the Task C References line,g. Turbulence
PA.I.C.K3g,aviation-weather,explanation,auto,from the Task C References line,g. Turbulence
PA.I.C.K3g,phak,explanation,auto,from the Task C References line,g. Turbulence
PA.I.C.K3g,risk-management,explanation,auto,from the Task C References line,g. Turbulence
PA.I.C.K3h,14cfr:part-91,regulation,auto,from the Task C References line,h. Thunderstorms and microbursts
PA.I.C.K3h,ac-91-92,guidance,auto,from the Task C References line,h. Thunderstorms and microbursts
PA.I.C.K3h,afh,explanation,auto,from the Task C References line,h. Thunderstorms and microbursts
PA.I.C.K3h,aim,guidance,auto,from the Task C References line,h. Thunderstorms and microbursts
PA.I.C.K3h,aviation-weather,explanation,auto,from the Task C References line,h. Thunderstorms and microbursts
PA.I.C.K3h,phak,explanation,auto,from the Task C References line,h. Thunderstorms and microbursts
PA.I.C.K3h,risk-management,explanation,auto,from the Task C References line,h. Thunderstorms and microbursts
PA.I.C.K3i,14cfr:part-91,regulation,auto,from the Task C References line,i. Icing and freezing level information
PA.I.C.K3i,ac-91-92,guidance,auto,from the Task C References line,i. Icing and freezing level information
PA.I.C.K3i,afh,explanation,auto,from the Task C References line,i. Icing and freezing level information
PA.I.C.K3i,aim,guidance,auto,from the Task C References line,i. Icing and freezing level information
PA.I.C.K3i,aviation-weather,explanation,auto,from the Task C References line,i. Icing and freezing level information
PA.I.C.K3i,phak,explanation,auto,from the Task C References line,i. Icing and freezing level information
PA.I.C.K3i,risk-management,explanation,auto,from the Task C References line,i. Icing and freezing level information
PA.I.C.K3j,14cfr:part-91,regulation,auto,from the Task C References line,j. Fog/mist
PA.I.C.K3j,ac-91-92,guidance,auto,from the Task C References line,j. Fog/mist
PA.I.C.K3j,afh,explanation,auto,from the Task C References line,j. Fog/mist
PA.I.C.K3j,aim,guidance,auto,from the Task C References line,j. Fog/mist
PA.I.C.K3j,aviation-weather,explanation,auto,from the Task C References line,j. Fog/mist
PA.I.C.K3j,phak,explanation,auto,from the Task C References line,j. Fog/mist
PA.I.C.K3j,risk-management,explanation,auto,from the Task C References line,j. Fog/mist
PA.I.C.K3k,14cfr:part-91,regulation,auto,from the Task C References line,k. Frost
PA.I.C.K3k,ac-91-92,guidance,auto,from the Task C References line,k. Frost
PA.I.C.K3k,afh,explanation,auto,from the Task C References line,k. Frost
PA.I.C.K3k,aim,guidance,auto,from the Task C References line,k. Frost
PA.I.C.K3k,aviation-weather,explanation,auto,from the Task C References line,k. Frost
PA.I.C.K3k,phak,explanation,auto,from the Task C References line,k. Frost
PA.I.C.K3k,risk-management,explanation,auto,from the Task C References line,k. Frost
PA.I.C.K3l,14cfr:part-91,regulation,auto,from the Task C References line,"l. Obstructions to visibility (e.g., smoke, haze, volcanic ash, etc.)"
PA.I.C.K3l,ac-91-92,guidance,auto,from the Task C References line,"l. Obstructions to visibility (e.g., smoke, haze, volcanic ash, etc.)"
PA.I.C.K3l,afh,explanation,auto,from the Task C References line,"l. Obstructions to visibility (e.g., smoke, haze, volcanic ash, etc.)"
PA.I.C.K3l,aim,guidance,auto,from the Task C References line,"l. Obstructions to visibility (e.g., smoke, haze, volcanic ash, etc.)"
PA.I.C.K3l,aviation-weather,explanation,auto,from the Task C References line,"l. Obstructions to visibility (e.g., smoke, haze, volcanic ash, etc.)"
PA.I.C.K3l,phak,explanation,auto,from the Task C References line,"l. Obstructions to visibility (e.g., smoke, haze, volcanic ash, etc.)"
PA.I.C.K3l,risk-management,explanation,auto,from the Task C References line,"l. Obstructions to visibility (e.g., smoke, haze, volcanic ash, etc.)"
PA.I.C.K4,14cfr:part-91,regulation,auto,from the Task C References line,Flight deck instrument displays of digital weather and aeronautical information.
PA.I.C.K4,ac-91-92,guidance,auto,from the Task C References line,Flight deck instrument displays of digital weather and aeronautical information.
PA.I.C.K4,afh,explanation,auto,from the Task C References line,Flight deck instrument displays of digital weather and aeronautical information.
PA.I.C.K4,aim,guidance,auto,from the Task C References line,Flight deck instrument displays of digital weather and aeronautical information.
PA.I.C.K4,aviation-weather,explanation,auto,from the Task C References line,Flight deck instrument displays of digital weather and aeronautical information.
PA.I.C.K4,phak,explanation,auto,from the Task C References line,Flight deck instrument displays of digital weather and aeronautical information.
PA.I.C.K4,risk-management,explanation,auto,from the Task C References line,Flight deck instrument displays of digital weather and aeronautical information.
PA.I.C.R1,14cfr:part-91,regulation,auto,from the Task C References line,"Making the go/no-go and continue/divert decisions, including:"
PA.I.C.R1,ac-91-92,guidance,auto,from the Task C References line,"Making the go/no-go and continue/divert decisions, including:"
PA.I.C.R1,afh,explanation,auto,from the Task C References line,"Making the go/no-go and continue/divert decisions, including:"
PA.I.C.R1,aim,guidance,auto,from the Task C References line,"Making the go/no-go and continue/divert decisions, including:"
PA.I.C.R1,aviation-weather,explanation,auto,from the Task C References line,"Making the go/no-go and continue/divert decisions, including:"
PA.I.C.R1,phak,explanation,auto,from the Task C References line,"Making the go/no-go and continue/divert decisions, including:"
PA.I.C.R1,risk-management,explanation,auto,from the Task C References line,"Making the go/no-go and continue/divert decisions, including:"
PA.I.C.R1a,14cfr:part-91,regulation,auto,from the Task C References line,a. Circumstances that would make diversion prudent
PA.I.C.R1a,ac-91-92,guidance,auto,from the Task C References line,a. Circumstances that would make diversion prudent
PA.I.C.R1a,afh,explanation,auto,from the Task C References line,a. Circumstances that would make diversion prudent
PA.I.C.R1a,aim,guidance,auto,from the Task C References line,a. Circumstances that would make diversion prudent
PA.I.C.R1a,aviation-weather,explanation,auto,from the Task C References line,a. Circumstances that would make diversion prudent
PA.I.C.R1a,phak,explanation,auto,from the Task C References line,a. Circumstances that would make diversion prudent
PA.I.C.R1a,risk-management,explanation,auto,from the Task C References line,a. Circumstances that would make diversion prudent
PA.I.C.R1b,14cfr:part-91,regulation,auto,from the Task C References line,b. Personal weather minimums
PA.I.C.R1b,ac-91-92,guidance,auto,from the Task C References line,b. Personal weather minimums
PA.I.C.R1b,afh,explanation,auto,from the Task C References line,b. Personal weather minimums
PA.I.C.R1b,aim,guidance,auto,from the Task C References line,b. Personal weather minimums
PA.I.C.R1b,aviation-weather,explanation,auto,from the Task C References line,b. Personal weather minimums
PA.I.C.R1b,phak,explanation,auto,from the Task C References line,b. Personal weather minimums
PA.I.C.R1b,risk-management,explanation,auto,from the Task C References line,b. Personal weather minimums
PA.I.C.R1c,14cfr:part-91,regulation,auto,from the Task C References line,"c. Hazardous weather conditions, including known or forecast icing or turbulence aloft"
PA.I.C.R1c,ac-91-92,guidance,auto,from the Task C References line,"c. Hazardous weather conditions, including known or forecast icing or turbulence aloft"
PA.I.C.R1c,afh,explanation,auto,from the Task C References line,"c. Hazardous weather conditions, including known or forecast icing or turbulence aloft"
PA.I.C.R1c,aim,guidance,auto,from the Task C References line,"c. Hazardous weather conditions, including known or forecast icing or turbulence aloft"
PA.I.C.R1c,aviation-weather,explanation,auto,from the Task C References line,"c. Hazardous weather conditions, including known or forecast icing or turbulence aloft"
PA.I.C.R1c,phak,explanation,auto,from the Task C References line,"c. Hazardous weather conditions, including known or forecast icing or turbulence aloft"
PA.I.C.R1c,risk-management,explanation,auto,from the Task C References line,"c. Hazardous weather conditions, including known or forecast icing or turbulence aloft"
PA.I.C.R2,14cfr:part-91,regulation,auto,from the Task C References line,Use and limitations of:
PA.I.C.R2,ac-91-92,guidance,auto,from the Task C References line,Use and limitations of:
PA.I.C.R2,afh,explanation,auto,from the Task C References line,Use and limitations of:
PA.I.C.R2,aim,guidance,auto,from the Task C References line,Use and limitations of:
PA.I.C.R2,aviation-weather,explanation,auto,from the Task C References line,Use and limitations of:
PA.I.C.R2,phak,explanation,auto,from the Task C References line,Use and limitations of:
PA.I.C.R2,risk-management,explanation,auto,from the Task C References line,Use and limitations of:
PA.I.C.R2a,14cfr:part-91,regulation,auto,from the Task C References line,a. Installed onboard weather equipment
PA.I.C.R2a,ac-91-92,guidance,auto,from the Task C References line,a. Installed onboard weather equipment
PA.I.C.R2a,afh,explanation,auto,from the Task C References line,a. Installed onboard weather equipment
PA.I.C.R2a,aim,guidance,auto,from the Task C References line,a. Installed onboard weather equipment
PA.I.C.R2a,aviation-weather,explanation,auto,from the Task C References line,a. Installed onboard weather equipment
PA.I.C.R2a,phak,explanation,auto,from the Task C References line,a. Installed onboard weather equipment
PA.I.C.R2a,risk-management,explanation,auto,from the Task C References line,a. Installed onboard weather equipment
PA.I.C.R2b,14cfr:part-91,regulation,auto,from the Task C References line,b. Aviation weather reports and forecasts
PA.I.C.R2b,ac-91-92,guidance,auto,from the Task C References line,b. Aviation weather reports and forecasts
PA.I.C.R2b,afh,explanation,auto,from the Task C References line,b. Aviation weather reports and forecasts
PA.I.C.R2b,aim,guidance,auto,from the Task C References line,b. Aviation weather reports and forecasts
PA.I.C.R2b,aviation-weather,explanation,auto,from the Task C References line,b. Aviation weather reports and forecasts
PA.I.C.R2b,phak,explanation,auto,from the Task C References line,b. Aviation weather reports and forecasts
PA.I.C.R2b,risk-management,explanation,auto,from the Task C References line,b. Aviation weather reports and forecasts
PA.I.C.R2c,14cfr:part-91,regulation,auto,from the Task C References line,c. Inflight weather resources
PA.I.C.R2c,ac-91-92,guidance,auto,from the Task C References line,c. Inflight weather resources
PA.I.C.R2c,afh,explanation,auto,from the Task C References line,c. Inflight weather resources
PA.I.C.R2c,aim,guidance,auto,from the Task C References line,c. Inflight weather resources
PA.I.C.R2c,aviation-weather,explanation,auto,from the Task C References line,c. Inflight weather resources
PA.I.C.R2c,phak,explanation,auto,from the Task C References line,c. Inflight weather resources
PA.I.C.R2c,risk-management,explanation,auto,from the Task C References line,c. Inflight weather resources
PA.I.C.S1,14cfr:part-91,regulation,auto,from the Task C References line,Use available aviation weather resources to obtain an adequate weather briefing.
PA.I.C.S1,ac-91-92,guidance,auto,from the Task C References line,Use available aviation weather resources to obtain an adequate weather briefing.
PA.I.C.S1,afh,explanation,auto,from the Task C References line,Use available aviation weather resources to obtain an adequate weather briefing.
PA.I.C.S1,aim,guidance,auto,from the Task C References line,Use available aviation weather resources to obtain an adequate weather briefing.
PA.I.C.S1,aviation-weather,explanation,auto,from the Task C References line,Use available aviation weather resources to obtain an adequate weather briefing.
PA.I.C.S1,phak,explanation,auto,from the Task C References line,Use available aviation weather resources to obtain an adequate weather briefing.
PA.I.C.S1,risk-management,explanation,auto,from the Task C References line,Use available aviation weather resources to obtain an adequate weather briefing.
PA.I.C.S2,14cfr:part-91,regulation,auto,from the Task C References line,"Analyze the implications of at least three of the conditions listed in K3a through K3l, using actual weather or weather conditions provided by the evaluator."
PA.I.C.S2,ac-91-92,guidance,auto,from the Task C References line,"Analyze the implications of at least three of the conditions listed in K3a through K3l, using actual weather or weather conditions provided by the evaluator."
PA.I.C.S2,afh,explanation,auto,from the Task C References line,"Analyze the implications of at least three of the conditions listed in K3a through K3l, using actual weather or weather conditions provided by the evaluator."
PA.I.C.S2,aim,guidance,auto,from the Task C References line,"Analyze the implications of at least three of the conditions listed in K3a through K3l, using actual weather or weather conditions provided by the evaluator."
PA.I.C.S2,aviation-weather,explanation,auto,from the Task C References line,"Analyze the implications of at least three of the conditions listed in K3a through K3l, using actual weather or weather conditions provided by the evaluator."
PA.I.C.S2,phak,explanation,auto,from the Task C References line,"Analyze the implications of at least three of the conditions listed in K3a through K3l, using actual weather or weather conditions provided by the evaluator."
PA.I.C.S2,risk-management,explanation,auto,from the Task C References line,"Analyze the implications of at least three of the conditions listed in K3a through K3l, using actual weather or weather conditions provided by the evaluator."
PA.I.C.S3,14cfr:part-91,regulation,auto,from the Task C References line,Correlate weather information to make a go/no-go decision.
PA.I.C.S3,ac-91-92,guidance,auto,from the Task C References line,Correlate weather information to make a go/no-go decision.
PA.I.C.S3,afh,explanation,auto,from the Task C References line,Correlate weather information to make a go/no-go decision.
PA.I.C.S3,aim,guidance,auto,from the Task C References line,Correlate weather information to make a go/no-go decision.
PA.I.C.S3,aviation-weather,explanation,auto,from the Task C References line,Correlate weather information to make a go/no-go decision.
PA.I.C.S3,phak,explanation,auto,from the Task C References line,Correlate weather information to make a go/no-go decision.
PA.I.C.S3,risk-management,explanation,auto,from the Task C References line,Correlate weather information to make a go/no-go decision.
PA.I.D.K1,14cfr:part-91,regulation,auto,from the Task D References line,"Route planning, including consideration of different classes and special use airspace (SUA) and selection of appropriate and available navigation/communication systems and facilities."
PA.I.D.K1,afh,explanation,auto,from the Task D References line,"Route planning, including consideration of different classes and special use airspace (SUA) and selection of appropriate and available navigation/communication systems and facilities."
PA.I.D.K1,aim,guidance,auto,from the Task D References line,"Route planning, including consideration of different classes and special use airspace (SUA) and selection of appropriate and available navigation/communication systems and facilities."
PA.I.D.K1,phak,explanation,auto,from the Task D References line,"Route planning, including consideration of different classes and special use airspace (SUA) and selection of appropriate and available navigation/communication systems and facilities."
PA.I.D.K1,risk-management,explanation,auto,from the Task D References line,"Route planning, including consideration of different classes and special use airspace (SUA) and selection of appropriate and available navigation/communication systems and facilities."
PA.I.D.K1a,14cfr:part-91,regulation,auto,from the Task D References line,"a. Use of an electronic flight bag (EFB), if used"
PA.I.D.K1a,afh,explanation,auto,from the Task D References line,"a. Use of an electronic flight bag (EFB), if used"
PA.I.D.K1a,aim,guidance,auto,from the Task D References line,"a. Use of an electronic flight bag (EFB), if used"
PA.I.D.K1a,phak,explanation,auto,from the Task D References line,"a. Use of an electronic flight bag (EFB), if used"
PA.I.D.K1a,risk-management,explanation,auto,from the Task D References line,"a. Use of an electronic flight bag (EFB), if used"
PA.I.D.K2,14cfr:part-91,regulation,auto,from the Task D References line,"Altitude selection accounting for terrain and obstacles, glide distance of airplane, VFR cruising altitudes, and effect of wind."
PA.I.D.K2,afh,explanation,auto,from the Task D References line,"Altitude selection accounting for terrain and obstacles, glide distance of airplane, VFR cruising altitudes, and effect of wind."
PA.I.D.K2,aim,guidance,auto,from the Task D References line,"Altitude selection accounting for terrain and obstacles, glide distance of airplane, VFR cruising altitudes, and effect of wind."
PA.I.D.K2,phak,explanation,auto,from the Task D References line,"Altitude selection accounting for terrain and obstacles, glide distance of airplane, VFR cruising altitudes, and effect of wind."
PA.I.D.K2,risk-management,explanation,auto,from the Task D References line,"Altitude selection accounting for terrain and obstacles, glide distance of airplane, VFR cruising altitudes, and effect of wind."
PA.I.D.K3,14cfr:part-91,regulation,auto,from the Task D References line,Calculating:
PA.I.D.K3,afh,explanation,auto,from the Task D References line,Calculating:
PA.I.D.K3,aim,guidance,auto,from the Task D References line,Calculating:
PA.I.D.K3,phak,explanation,auto,from the Task D References line,Calculating:
PA.I.D.K3,risk-management,explanation,auto,from the Task D References line,Calculating:
PA.I.D.K3a,14cfr:part-91,regulation,auto,from the Task D References line,"a. Time, climb and descent rates, course, distance, heading, true airspeed, and groundspeed"
PA.I.D.K3a,afh,explanation,auto,from the Task D References line,"a. Time, climb and descent rates, course, distance, heading, true airspeed, and groundspeed"
PA.I.D.K3a,aim,guidance,auto,from the Task D References line,"a. Time, climb and descent rates, course, distance, heading, true airspeed, and groundspeed"
PA.I.D.K3a,phak,explanation,auto,from the Task D References line,"a. Time, climb and descent rates, course, distance, heading, true airspeed, and groundspeed"
PA.I.D.K3a,risk-management,explanation,auto,from the Task D References line,"a. Time, climb and descent rates, course, distance, heading, true airspeed, and groundspeed"
PA.I.D.K3b,14cfr:part-91,regulation,auto,from the Task D References line,"b. Estimated time of arrival, including conversion to universal coordinated time (UTC)"
PA.I.D.K3b,afh,explanation,auto,from the Task D References line,"b. Estimated time of arrival, including conversion to universal coordinated time (UTC)"
PA.I.D.K3b,aim,guidance,auto,from the Task D References line,"b. Estimated time of arrival, including conversion to universal coordinated time (UTC)"
PA.I.D.K3b,phak,explanation,auto,from the Task D References line,"b. Estimated time of arrival, including conversion to universal coordinated time (UTC)"
PA.I.D.K3b,risk-management,explanation,auto,from the Task D References line,"b. Estimated time of arrival, including conversion to universal coordinated time (UTC)"
PA.I.D.K3c,14cfr:part-91,regulation,auto,from the Task D References line,"c. Fuel requirements, including reserve"
PA.I.D.K3c,afh,explanation,auto,from the Task D References line,"c. Fuel requirements, including reserve"
PA.I.D.K3c,aim,guidance,auto,from the Task D References line,"c. Fuel requirements, including reserve"
PA.I.D.K3c,phak,explanation,auto,from the Task D References line,"c. Fuel requirements, including reserve"
PA.I.D.K3c,risk-management,explanation,auto,from the Task D References line,"c. Fuel requirements, including reserve"
PA.I.D.K4,14cfr:part-91,regulation,auto,from the Task D References line,Elements of a VFR flight plan.
PA.I.D.K4,afh,explanation,auto,from the Task D References line,Elements of a VFR flight plan.
PA.I.D.K4,aim,guidance,auto,from the Task D References line,Elements of a VFR flight plan.
PA.I.D.K4,phak,explanation,auto,from the Task D References line,Elements of a VFR flight plan.
PA.I.D.K4,risk-management,explanation,auto,from the Task D References line,Elements of a VFR flight plan.
PA.I.D.K5,14cfr:part-91,regulation,auto,from the Task D References line,"Procedures for filing, activating, and closing a VFR flight plan."
PA.I.D.K5,afh,explanation,auto,from the Task D References line,"Procedures for filing, activating, and closing a VFR flight plan."
PA.I.D.K5,aim,guidance,auto,from the Task D References line,"Procedures for filing, activating, and closing a VFR flight plan."
PA.I.D.K5,phak,explanation,auto,from the Task D References line,"Procedures for filing, activating, and closing a VFR flight plan."
PA.I.D.K5,risk-management,explanation,auto,from the Task D References line,"Procedures for filing, activating, and closing a VFR flight plan."
PA.I.D.K6,14cfr:part-91,regulation,auto,from the Task D References line,Inflight intercept procedures.
PA.I.D.K6,afh,explanation,auto,from the Task D References line,Inflight intercept procedures.
PA.I.D.K6,aim,guidance,auto,from the Task D References line,Inflight intercept procedures.
PA.I.D.K6,phak,explanation,auto,from the Task D References line,Inflight intercept procedures.
PA.I.D.K6,risk-management,explanation,auto,from the Task D References line,Inflight intercept procedures.
PA.I.D.R1,14cfr:part-91,regulation,auto,from the Task D References line,Pilot.
PA.I.D.R1,afh,explanation,auto,from the Task D References line,Pilot.
PA.I.D.R1,aim,guidance,auto,from the Task D References line,Pilot.
PA.I.D.R1,phak,explanation,auto,from the Task D References line,Pilot.
PA.I.D.R1,risk-management,explanation,auto,from the Task D References line,Pilot.
PA.I.D.R2,14cfr:part-91,regulation,auto,from the Task D References line,Aircraft.
PA.I.D.R2,afh,explanation,auto,from the Task D References line,Aircraft.
PA.I.D.R2,aim,guidance,auto,from the Task D References line,Aircraft.
PA.I.D.R2,phak,explanation,auto,from the Task D References line,Aircraft.
PA.I.D.R2,risk-management,explanation,auto,from the Task D References line,Aircraft.
PA.I.D.R3,14cfr:part-91,regulation,auto,from the Task D References line,"Environment (e.g., weather, airports, airspace, terrain, obstacles)."
PA.I.D.R3,afh,explanation,auto,from the Task D References line,"Environment (e.g., weather, airports, airspace, terrain, obstacles)."
PA.I.D.R3,aim,guidance,auto,from the Task D References line,"Environment (e.g., weather, airports, airspace, terrain, obstacles)."
PA.I.D.R3,phak,explanation,auto,from the Task D References line,"Environment (e.g., weather, airports, airspace, terrain, obstacles)."
PA.I.D.R3,risk-management,explanation,auto,from the Task D References line,"Environment (e.g., weather, airports, airspace, terrain, obstacles)."
PA.I.D.R4,14cfr:part-91,regulation,auto,from the Task D References line,External pressures.
PA.I.D.R4,afh,explanation,auto,from the Task D References line,External pressures.
PA.I.D.R4,aim,guidance,auto,from the Task D References line,External pressures.
PA.I.D.R4,phak,explanation,auto,from the Task D References line,External pressures.
PA.I.D.R4,risk-management,explanation,auto,from the Task D References line,External pressures.
PA.I.D.R5,14cfr:part-91,regulation,auto,from the Task D References line,Limitations of air traffic control (ATC) services.
PA.I.D.R5,afh,explanation,auto,from the Task D References line,Limitations of air traffic control (ATC) services.
PA.I.D.R5,aim,guidance,auto,from the Task D References line,Limitations of air traffic control (ATC) services.
PA.I.D.R5,phak,explanation,auto,from the Task D References line,Limitations of air traffic control (ATC) services.
PA.I.D.R5,risk-management,explanation,auto,from the Task D References line,Limitations of air traffic control (ATC) services.
PA.I.D.R6,14cfr:part-91,regulation,auto,from the Task D References line,Fuel planning.
PA.I.D.R6,afh,explanation,auto,from the Task D References line,Fuel planning.
PA.I.D.R6,aim,guidance,auto,from the Task D References line,Fuel planning.
PA.I.D.R6,phak,explanation,auto,from the Task D References line,Fuel planning.
PA.I.D.R6,risk-management,explanation,auto,from the Task D References line,Fuel planning.
PA.I.D.R7,14cfr:part-91,regulation,auto,from the Task D References line,"Use of an electronic flight bag (EFB), if used."
PA.I.D.R7,afh,explanation,auto,from the Task D References line,"Use of an electronic flight bag (EFB), if used."
PA.I.D.R7,aim,guidance,auto,from the Task D References line,"Use of an electronic flight bag (EFB), if used."
PA.I.D.R7,phak,explanation,auto,from the Task D References line,"Use of an electronic flight bag (EFB), if used."
PA.I.D.R7,risk-management,explanation,auto,from the Task D References line,"Use of an electronic flight bag (EFB), if used."
PA.I.D.S1,14cfr:part-91,regulation,auto,from the Task D References line,"Prepare, present, and explain a cross-country flight plan assigned by the evaluator, including a risk analysis based on real-time weather, to the first fuel stop."
PA.I.D.S1,afh,explanation,auto,from the Task D References line,"Prepare, present, and explain a cross-country flight plan assigned by the evaluator, including a risk analysis based on real-time weather, to the first fuel stop."
PA.I.D.S1,aim,guidance,auto,from the Task D References line,"Prepare, present, and explain a cross-country flight plan assigned by the evaluator, including a risk analysis based on real-time weather, to the first fuel stop."
PA.I.D.S1,phak,explanation,auto,from the Task D References line,"Prepare, present, and explain a cross-country flight plan assigned by the evaluator, including a risk analysis based on real-time weather, to the first fuel stop."
PA.I.D.S1,risk-management,explanation,auto,from the Task D References line,"Prepare, present, and explain a cross-country flight plan assigned by the evaluator, including a risk analysis based on real-time weather, to the first fuel stop."
PA.I.D.S2,14cfr:part-91,regulation,auto,from the Task D References line,"Apply pertinent information from appropriate and current aeronautical charts, Chart Supplements; Notices to Air Missions (NOTAMs) relative to airport, runway and taxiway closures; and other flight publications."
PA.I.D.S2,afh,explanation,auto,from the Task D References line,"Apply pertinent information from appropriate and current aeronautical charts, Chart Supplements; Notices to Air Missions (NOTAMs) relative to airport, runway and taxiway closures; and other flight publications."
PA.I.D.S2,aim,guidance,auto,from the Task D References line,"Apply pertinent information from appropriate and current aeronautical charts, Chart Supplements; Notices to Air Missions (NOTAMs) relative to airport, runway and taxiway closures; and other flight publications."
PA.I.D.S2,phak,explanation,auto,from the Task D References line,"Apply pertinent information from appropriate and current aeronautical charts, Chart Supplements; Notices to Air Missions (NOTAMs) relative to airport, runway and taxiway closures; and other flight publications."
PA.I.D.S2,risk-management,explanation,auto,from the Task D References line,"Apply pertinent information from appropriate and current aeronautical charts, Chart Supplements; Notices to Air Missions (NOTAMs) relative to airport, runway and taxiway closures; and other flight publications."
PA.I.D.S3,14cfr:part-91,regulation,auto,from the Task D References line,Create a navigation plan and simulate filing a VFR flight plan.
PA.I.D.S3,afh,explanation,auto,from the Task D References line,Create a navigation plan and simulate filing a VFR flight plan.
PA.I.D.S3,aim,guidance,auto,from the Task D References line,Create a navigation plan and simulate filing a VFR flight plan.
PA.I.D.S3,phak,explanation,auto,from the Task D References line,Create a navigation plan and simulate filing a VFR flight plan.
PA.I.D.S3,risk-management,explanation,auto,from the Task D References line,Create a navigation plan and simulate filing a VFR flight plan.
PA.I.D.S4,14cfr:part-91,regulation,auto,from the Task D References line,Recalculate fuel reserves based on a scenario provided by the evaluator.
PA.I.D.S4,afh,explanation,auto,from the Task D References line,Recalculate fuel reserves based on a scenario provided by the evaluator.
PA.I.D.S4,aim,guidance,auto,from the Task D References line,Recalculate fuel reserves based on a scenario provided by the evaluator.
PA.I.D.S4,phak,explanation,auto,from the Task D References line,Recalculate fuel reserves based on a scenario provided by the evaluator.
PA.I.D.S4,risk-management,explanation,auto,from the Task D References line,Recalculate fuel reserves based on a scenario provided by the evaluator.
PA.I.D.S5,14cfr:part-91,regulation,auto,from the Task D References line,"Use an electronic flight bag (EFB), if applicable."
PA.I.D.S5,afh,explanation,auto,from the Task D References line,"Use an electronic flight bag (EFB), if applicable."
PA.I.D.S5,aim,guidance,auto,from the Task D References line,"Use an electronic flight bag (EFB), if applicable."
PA.I.D.S5,phak,explanation,auto,from the Task D References line,"Use an electronic flight bag (EFB), if applicable."
PA.I.D.S5,risk-management,explanation,auto,from the Task D References line,"Use an electronic flight bag (EFB), if applicable."
PA.I.E.K1,14cfr:part-71,regulation,auto,from the Task E References line,Airspace classes and associated requirements and limitations.
PA.I.E.K1,14cfr:part-91,regulation,auto,from the Task E References line,Airspace classes and associated requirements and limitations.
PA.I.E.K1,14cfr:part-93,regulation,auto,from the Task E References line,Airspace classes and associated requirements and limitations.
PA.I.E.K1,afh,explanation,auto,from the Task E References line,Airspace classes and associated requirements and limitations.
PA.I.E.K1,aim,guidance,auto,from the Task E References line,Airspace classes and associated requirements and limitations.
PA.I.E.K1,phak,explanation,auto,from the Task E References line,Airspace classes and associated requirements and limitations.
PA.I.E.K1,risk-management,explanation,auto,from the Task E References line,Airspace classes and associated requirements and limitations.
PA.I.E.K2,14cfr:part-71,regulation,auto,from the Task E References line,Chart symbols.
PA.I.E.K2,14cfr:part-91,regulation,auto,from the Task E References line,Chart symbols.
PA.I.E.K2,14cfr:part-93,regulation,auto,from the Task E References line,Chart symbols.
PA.I.E.K2,afh,explanation,auto,from the Task E References line,Chart symbols.
PA.I.E.K2,aim,guidance,auto,from the Task E References line,Chart symbols.
PA.I.E.K2,phak,explanation,auto,from the Task E References line,Chart symbols.
PA.I.E.K2,risk-management,explanation,auto,from the Task E References line,Chart symbols.
PA.I.E.K3,14cfr:part-71,regulation,auto,from the Task E References line,"Special use airspace (SUA), special flight rules areas (SFRA), temporary flight restrictions (TFR), and other airspace areas."
PA.I.E.K3,14cfr:part-91,regulation,auto,from the Task E References line,"Special use airspace (SUA), special flight rules areas (SFRA), temporary flight restrictions (TFR), and other airspace areas."
PA.I.E.K3,14cfr:part-93,regulation,auto,from the Task E References line,"Special use airspace (SUA), special flight rules areas (SFRA), temporary flight restrictions (TFR), and other airspace areas."
PA.I.E.K3,afh,explanation,auto,from the Task E References line,"Special use airspace (SUA), special flight rules areas (SFRA), temporary flight restrictions (TFR), and other airspace areas."
PA.I.E.K3,aim,guidance,auto,from the Task E References line,"Special use airspace (SUA), special flight rules areas (SFRA), temporary flight restrictions (TFR), and other airspace areas."
PA.I.E.K3,phak,explanation,auto,from the Task E References line,"Special use airspace (SUA), special flight rules areas (SFRA), temporary flight restrictions (TFR), and other airspace areas."
PA.I.E.K3,risk-management,explanation,auto,from the Task E References line,"Special use airspace (SUA), special flight rules areas (SFRA), temporary flight restrictions (TFR), and other airspace areas."
PA.I.E.K4,14cfr:part-71,regulation,auto,from the Task E References line,Special visual flight rules (VFR) requirements.
PA.I.E.K4,14cfr:part-91,regulation,auto,from the Task E References line,Special visual flight rules (VFR) requirements.
PA.I.E.K4,14cfr:part-93,regulation,auto,from the Task E References line,Special visual flight rules (VFR) requirements.
PA.I.E.K4,afh,explanation,auto,from the Task E References line,Special visual flight rules (VFR) requirements.
PA.I.E.K4,aim,guidance,auto,from the Task E References line,Special visual flight rules (VFR) requirements.
PA.I.E.K4,phak,explanation,auto,from the Task E References line,Special visual flight rules (VFR) requirements.
PA.I.E.K4,risk-management,explanation,auto,from the Task E References line,Special visual flight rules (VFR) requirements.
PA.I.E.R1,14cfr:part-71,regulation,auto,from the Task E References line,Various classes and types of airspace.
PA.I.E.R1,14cfr:part-91,regulation,auto,from the Task E References line,Various classes and types of airspace.
PA.I.E.R1,14cfr:part-93,regulation,auto,from the Task E References line,Various classes and types of airspace.
PA.I.E.R1,afh,explanation,auto,from the Task E References line,Various classes and types of airspace.
PA.I.E.R1,aim,guidance,auto,from the Task E References line,Various classes and types of airspace.
PA.I.E.R1,phak,explanation,auto,from the Task E References line,Various classes and types of airspace.
PA.I.E.R1,risk-management,explanation,auto,from the Task E References line,Various classes and types of airspace.
PA.I.E.S1,14cfr:part-71,regulation,auto,from the Task E References line,Identify and comply with the requirements for basic VFR weather minimums and flying in particular classes of airspace.
PA.I.E.S1,14cfr:part-91,regulation,auto,from the Task E References line,Identify and comply with the requirements for basic VFR weather minimums and flying in particular classes of airspace.
PA.I.E.S1,14cfr:part-93,regulation,auto,from the Task E References line,Identify and comply with the requirements for basic VFR weather minimums and flying in particular classes of airspace.
PA.I.E.S1,afh,explanation,auto,from the Task E References line,Identify and comply with the requirements for basic VFR weather minimums and flying in particular classes of airspace.
PA.I.E.S1,aim,guidance,auto,from the Task E References line,Identify and comply with the requirements for basic VFR weather minimums and flying in particular classes of airspace.
PA.I.E.S1,phak,explanation,auto,from the Task E References line,Identify and comply with the requirements for basic VFR weather minimums and flying in particular classes of airspace.
PA.I.E.S1,risk-management,explanation,auto,from the Task E References line,Identify and comply with the requirements for basic VFR weather minimums and flying in particular classes of airspace.
PA.I.E.S2,14cfr:part-71,regulation,auto,from the Task E References line,Correctly identify airspace and operate in accordance with associated communication and equipment requirements.
PA.I.E.S2,14cfr:part-91,regulation,auto,from the Task E References line,Correctly identify airspace and operate in accordance with associated communication and equipment requirements.
PA.I.E.S2,14cfr:part-93,regulation,auto,from the Task E References line,Correctly identify airspace and operate in accordance with associated communication and equipment requirements.
PA.I.E.S2,afh,explanation,auto,from the Task E References line,Correctly identify airspace and operate in accordance with associated communication and equipment requirements.
PA.I.E.S2,aim,guidance,auto,from the Task E References line,Correctly identify airspace and operate in accordance with associated communication and equipment requirements.
PA.I.E.S2,phak,explanation,auto,from the Task E References line,Correctly identify airspace and operate in accordance with associated communication and equipment requirements.
PA.I.E.S2,risk-management,explanation,auto,from the Task E References line,Correctly identify airspace and operate in accordance with associated communication and equipment requirements.
PA.I.E.S3,14cfr:part-71,regulation,auto,from the Task E References line,"Identify the requirements for operating in SUA or within a TFR. Identify and comply with special air traffic rules (SATR) and SFRA operations, if applicable."
PA.I.E.S3,14cfr:part-91,regulation,auto,from the Task E References line,"Identify the requirements for operating in SUA or within a TFR. Identify and comply with special air traffic rules (SATR) and SFRA operations, if applicable."
PA.I.E.S3,14cfr:part-93,regulation,auto,from the Task E References line,"Identify the requirements for operating in SUA or within a TFR. Identify and comply with special air traffic rules (SATR) and SFRA operations, if applicable."
PA.I.E.S3,afh,explanation,auto,from the Task E References line,"Identify the requirements for operating in SUA or within a TFR. Identify and comply with special air traffic rules (SATR) and SFRA operations, if applicable."
PA.I.E.S3,aim,guidance,auto,from the Task E References line,"Identify the requirements for operating in SUA or within a TFR. Identify and comply with special air traffic rules (SATR) and SFRA operations, if applicable."
PA.I.E.S3,phak,explanation,auto,from the Task E References line,"Identify the requirements for operating in SUA or within a TFR. Identify and comply with special air traffic rules (SATR) and SFRA operations, if applicable."
PA.I.E.S3,risk-management,explanation,auto,from the Task E References line,"Identify the requirements for operating in SUA or within a TFR. Identify and comply with special air traffic rules (SATR) and SFRA operations, if applicable."
PA.I.F.K1,afh,explanation,auto,from the Task F References line,"Elements related to performance and limitations by explaining the use of charts, tables, and data to determine performance."
PA.I.F.K1,phak,explanation,auto,from the Task F References line,"Elements related to performance and limitations by explaining the use of charts, tables, and data to determine performance."
PA.I.F.K1,risk-management,explanation,auto,from the Task F References line,"Elements related to performance and limitations by explaining the use of charts, tables, and data to determine performance."
PA.I.F.K1,weight-balance,explanation,auto,from the Task F References line,"Elements related to performance and limitations by explaining the use of charts, tables, and data to determine performance."
PA.I.F.K2,afh,explanation,auto,from the Task F References line,"Factors affecting performance, including:"
PA.I.F.K2,phak,explanation,auto,from the Task F References line,"Factors affecting performance, including:"
PA.I.F.K2,risk-management,explanation,auto,from the Task F References line,"Factors affecting performance, including:"
PA.I.F.K2,weight-balance,explanation,auto,from the Task F References line,"Factors affecting performance, including:"
PA.I.F.K2a,afh,explanation,auto,from the Task F References line,a. Atmospheric conditions
PA.I.F.K2a,phak,explanation,auto,from the Task F References line,a. Atmospheric conditions
PA.I.F.K2a,risk-management,explanation,auto,from the Task F References line,a. Atmospheric conditions
PA.I.F.K2a,weight-balance,explanation,auto,from the Task F References line,a. Atmospheric conditions
PA.I.F.K2b,afh,explanation,auto,from the Task F References line,b. Pilot technique
PA.I.F.K2b,phak,explanation,auto,from the Task F References line,b. Pilot technique
PA.I.F.K2b,risk-management,explanation,auto,from the Task F References line,b. Pilot technique
PA.I.F.K2b,weight-balance,explanation,auto,from the Task F References line,b. Pilot technique
PA.I.F.K2c,afh,explanation,auto,from the Task F References line,c. Airplane configuration
PA.I.F.K2c,phak,explanation,auto,from the Task F References line,c. Airplane configuration
PA.I.F.K2c,risk-management,explanation,auto,from the Task F References line,c. Airplane configuration
PA.I.F.K2c,weight-balance,explanation,auto,from the Task F References line,c. Airplane configuration
PA.I.F.K2d,afh,explanation,auto,from the Task F References line,d. Airport environment
PA.I.F.K2d,phak,explanation,auto,from the Task F References line,d. Airport environment
PA.I.F.K2d,risk-management,explanation,auto,from the Task F References line,d. Airport environment
PA.I.F.K2d,weight-balance,explanation,auto,from the Task F References line,d. Airport environment
PA.I.F.K2e,afh,explanation,auto,from the Task F References line,"e. Loading [e.g., center of gravity (CG)]"
PA.I.F.K2e,phak,explanation,auto,from the Task F References line,"e. Loading [e.g., center of gravity (CG)]"
PA.I.F.K2e,risk-management,explanation,auto,from the Task F References line,"e. Loading [e.g., center of gravity (CG)]"
PA.I.F.K2e,weight-balance,explanation,auto,from the Task F References line,"e. Loading [e.g., center of gravity (CG)]"
PA.I.F.K2f,afh,explanation,auto,from the Task F References line,f. Weight and balance
PA.I.F.K2f,phak,explanation,auto,from the Task F References line,f. Weight and balance
PA.I.F.K2f,risk-management,explanation,auto,from the Task F References line,f. Weight and balance
PA.I.F.K2f,weight-balance,explanation,auto,from the Task F References line,f. Weight and balance
PA.I.F.K3,afh,explanation,auto,from the Task F References line,Aerodynamics.
PA.I.F.K3,phak,explanation,auto,from the Task F References line,Aerodynamics.
PA.I.F.K3,risk-management,explanation,auto,from the Task F References line,Aerodynamics.
PA.I.F.K3,weight-balance,explanation,auto,from the Task F References line,Aerodynamics.
PA.I.F.R1,afh,explanation,auto,from the Task F References line,"Use of performance charts, tables, and data."
PA.I.F.R1,phak,explanation,auto,from the Task F References line,"Use of performance charts, tables, and data."
PA.I.F.R1,risk-management,explanation,auto,from the Task F References line,"Use of performance charts, tables, and data."
PA.I.F.R1,weight-balance,explanation,auto,from the Task F References line,"Use of performance charts, tables, and data."
PA.I.F.R2,afh,explanation,auto,from the Task F References line,Airplane limitations.
PA.I.F.R2,phak,explanation,auto,from the Task F References line,Airplane limitations.
PA.I.F.R2,risk-management,explanation,auto,from the Task F References line,Airplane limitations.
PA.I.F.R2,weight-balance,explanation,auto,from the Task F References line,Airplane limitations.
PA.I.F.R3,afh,explanation,auto,from the Task F References line,Possible differences between calculated performance and actual performance. Private Pilot for Airplane Category ACS (FAA-S-ACS-6C) 7
PA.I.F.R3,phak,explanation,auto,from the Task F References line,Possible differences between calculated performance and actual performance. Private Pilot for Airplane Category ACS (FAA-S-ACS-6C) 7
PA.I.F.R3,risk-management,explanation,auto,from the Task F References line,Possible differences between calculated performance and actual performance. Private Pilot for Airplane Category ACS (FAA-S-ACS-6C) 7
PA.I.F.R3,weight-balance,explanation,auto,from the Task F References line,Possible differences between calculated performance and actual performance. Private Pilot for Airplane Category ACS (FAA-S-ACS-6C) 7
PA.I.F.S1,afh,explanation,auto,from the Task F References line,"Compute the weight and balance, correct out-of-CG loading errors and determine if the weight and balance remains within limits during all phases of flight."
PA.I.F.S1,phak,explanation,auto,from the Task F References line,"Compute the weight and balance, correct out-of-CG loading errors and determine if the weight and balance remains within limits during all phases of flight."
PA.I.F.S1,risk-management,explanation,auto,from the Task F References line,"Compute the weight and balance, correct out-of-CG loading errors and determine if the weight and balance remains within limits during all phases of flight."
PA.I.F.S1,weight-balance,explanation,auto,from the Task F References line,"Compute the weight and balance, correct out-of-CG loading errors and determine if the weight and balance remains within limits during all phases of flight."
PA.I.F.S2,afh,explanation,auto,from the Task F References line,"Use the appropriate airplane performance charts, tables, and data."
PA.I.F.S2,phak,explanation,auto,from the Task F References line,"Use the appropriate airplane performance charts, tables, and data."
PA.I.F.S2,risk-management,explanation,auto,from the Task F References line,"Use the appropriate airplane performance charts, tables, and data."
PA.I.F.S2,weight-balance,explanation,auto,from the Task F References line,"Use the appropriate airplane performance charts, tables, and data."
PA.I.G.K1,afh,explanation,auto,from the Task G References line,"Airplane systems, including:"
PA.I.G.K1,phak,explanation,auto,from the Task G References line,"Airplane systems, including:"
PA.I.G.K1,risk-management,explanation,auto,from the Task G References line,"Airplane systems, including:"
PA.I.G.K1,seaplane,explanation,auto,from the Task G References line,"Airplane systems, including:"
PA.I.G.K1a,afh,explanation,auto,from the Task G References line,a. Primary flight controls
PA.I.G.K1a,phak,explanation,auto,from the Task G References line,a. Primary flight controls
PA.I.G.K1a,risk-management,explanation,auto,from the Task G References line,a. Primary flight controls
PA.I.G.K1a,seaplane,explanation,auto,from the Task G References line,a. Primary flight controls
PA.I.G.K1b,afh,explanation,auto,from the Task G References line,b. Secondary flight controls
PA.I.G.K1b,phak,explanation,auto,from the Task G References line,b. Secondary flight controls
PA.I.G.K1b,risk-management,explanation,auto,from the Task G References line,b. Secondary flight controls
PA.I.G.K1b,seaplane,explanation,auto,from the Task G References line,b. Secondary flight controls
PA.I.G.K1c,afh,explanation,auto,from the Task G References line,c. Powerplant and propeller
PA.I.G.K1c,phak,explanation,auto,from the Task G References line,c. Powerplant and propeller
PA.I.G.K1c,risk-management,explanation,auto,from the Task G References line,c. Powerplant and propeller
PA.I.G.K1c,seaplane,explanation,auto,from the Task G References line,c. Powerplant and propeller
PA.I.G.K1d,afh,explanation,auto,from the Task G References line,d. Landing gear
PA.I.G.K1d,phak,explanation,auto,from the Task G References line,d. Landing gear
PA.I.G.K1d,risk-management,explanation,auto,from the Task G References line,d. Landing gear
PA.I.G.K1d,seaplane,explanation,auto,from the Task G References line,d. Landing gear
PA.I.G.K1e,afh,explanation,auto,from the Task G References line,"e. Fuel, oil, and hydraulic"
PA.I.G.K1e,phak,explanation,auto,from the Task G References line,"e. Fuel, oil, and hydraulic"
PA.I.G.K1e,risk-management,explanation,auto,from the Task G References line,"e. Fuel, oil, and hydraulic"
PA.I.G.K1e,seaplane,explanation,auto,from the Task G References line,"e. Fuel, oil, and hydraulic"
PA.I.G.K1f,afh,explanation,auto,from the Task G References line,f. Electrical
PA.I.G.K1f,phak,explanation,auto,from the Task G References line,f. Electrical
PA.I.G.K1f,risk-management,explanation,auto,from the Task G References line,f. Electrical
PA.I.G.K1f,seaplane,explanation,auto,from the Task G References line,f. Electrical
PA.I.G.K1g,afh,explanation,auto,from the Task G References line,g. Avionics
PA.I.G.K1g,phak,explanation,auto,from the Task G References line,g. Avionics
PA.I.G.K1g,risk-management,explanation,auto,from the Task G References line,g. Avionics
PA.I.G.K1g,seaplane,explanation,auto,from the Task G References line,g. Avionics
PA.I.G.K1h,afh,explanation,auto,from the Task G References line,"h. Pitot-static, vacuum/pressure, and associated flight instruments"
PA.I.G.K1h,phak,explanation,auto,from the Task G References line,"h. Pitot-static, vacuum/pressure, and associated flight instruments"
PA.I.G.K1h,risk-management,explanation,auto,from the Task G References line,"h. Pitot-static, vacuum/pressure, and associated flight instruments"
PA.I.G.K1h,seaplane,explanation,auto,from the Task G References line,"h. Pitot-static, vacuum/pressure, and associated flight instruments"
PA.I.G.K1i,afh,explanation,auto,from the Task G References line,i. Environmental
PA.I.G.K1i,phak,explanation,auto,from the Task G References line,i. Environmental
PA.I.G.K1i,risk-management,explanation,auto,from the Task G References line,i. Environmental
PA.I.G.K1i,seaplane,explanation,auto,from the Task G References line,i. Environmental
PA.I.G.K1j,afh,explanation,auto,from the Task G References line,j. Deicing and anti-icing
PA.I.G.K1j,phak,explanation,auto,from the Task G References line,j. Deicing and anti-icing
PA.I.G.K1j,risk-management,explanation,auto,from the Task G References line,j. Deicing and anti-icing
PA.I.G.K1j,seaplane,explanation,auto,from the Task G References line,j. Deicing and anti-icing
PA.I.G.K1k,afh,explanation,auto,from the Task G References line,"k. Water rudders (ASES, AMES)"
PA.I.G.K1k,phak,explanation,auto,from the Task G References line,"k. Water rudders (ASES, AMES)"
PA.I.G.K1k,risk-management,explanation,auto,from the Task G References line,"k. Water rudders (ASES, AMES)"
PA.I.G.K1k,seaplane,explanation,auto,from the Task G References line,"k. Water rudders (ASES, AMES)"
PA.I.G.K1l,afh,explanation,auto,from the Task G References line,l. Oxygen system
PA.I.G.K1l,phak,explanation,auto,from the Task G References line,l. Oxygen system
PA.I.G.K1l,risk-management,explanation,auto,from the Task G References line,l. Oxygen system
PA.I.G.K1l,seaplane,explanation,auto,from the Task G References line,l. Oxygen system
PA.I.G.K2,afh,explanation,auto,from the Task G References line,Indications of and procedures for managing system abnormalities or failures.
PA.I.G.K2,phak,explanation,auto,from the Task G References line,Indications of and procedures for managing system abnormalities or failures.
PA.I.G.K2,risk-management,explanation,auto,from the Task G References line,Indications of and procedures for managing system abnormalities or failures.
PA.I.G.K2,seaplane,explanation,auto,from the Task G References line,Indications of and procedures for managing system abnormalities or failures.
PA.I.G.R1,afh,explanation,auto,from the Task G References line,Detection of system malfunctions or failures.
PA.I.G.R1,phak,explanation,auto,from the Task G References line,Detection of system malfunctions or failures.
PA.I.G.R1,risk-management,explanation,auto,from the Task G References line,Detection of system malfunctions or failures.
PA.I.G.R1,seaplane,explanation,auto,from the Task G References line,Detection of system malfunctions or failures.
PA.I.G.R2,afh,explanation,auto,from the Task G References line,Management of a system failure.
PA.I.G.R2,phak,explanation,auto,from the Task G References line,Management of a system failure.
PA.I.G.R2,risk-management,explanation,auto,from the Task G References line,Management of a system failure.
PA.I.G.R2,seaplane,explanation,auto,from the Task G References line,Management of a system failure.
PA.I.G.R3,afh,explanation,auto,from the Task G References line,Monitoring and management of automated systems.
PA.I.G.R3,phak,explanation,auto,from the Task G References line,Monitoring and management of automated systems.
PA.I.G.R3,risk-management,explanation,auto,from the Task G References line,Monitoring and management of automated systems.
PA.I.G.R3,seaplane,explanation,auto,from the Task G References line,Monitoring and management of automated systems.
PA.I.G.S1,afh,explanation,auto,from the Task G References line,Operate at least three of the systems listed in K1a through K1l appropriately.
PA.I.G.S1,phak,explanation,auto,from the Task G References line,Operate at least three of the systems listed in K1a through K1l appropriately.
PA.I.G.S1,risk-management,explanation,auto,from the Task G References line,Operate at least three of the systems listed in K1a through K1l appropriately.
PA.I.G.S1,seaplane,explanation,auto,from the Task G References line,Operate at least three of the systems listed in K1a through K1l appropriately.
PA.I.G.S2,afh,explanation,auto,from the Task G References line,Complete the appropriate checklist(s). Private Pilot for Airplane Category ACS (FAA-S-ACS-6C) 8
PA.I.G.S2,phak,explanation,auto,from the Task G References line,Complete the appropriate checklist(s). Private Pilot for Airplane Category ACS (FAA-S-ACS-6C) 8
PA.I.G.S2,risk-management,explanation,auto,from the Task G References line,Complete the appropriate checklist(s). Private Pilot for Airplane Category ACS (FAA-S-ACS-6C) 8
PA.I.G.S2,seaplane,explanation,auto,from the Task G References line,Complete the appropriate checklist(s). Private Pilot for Airplane Category ACS (FAA-S-ACS-6C) 8
PA.I.H.K1,afh,explanation,auto,from the Task H References line,"Symptoms, recognition, causes, effects, and corrective actions associated with aeromedical and physiological issues, including:"
PA.I.H.K1,aim,guidance,auto,from the Task H References line,"Symptoms, recognition, causes, effects, and corrective actions associated with aeromedical and physiological issues, including:"
PA.I.H.K1,phak,explanation,auto,from the Task H References line,"Symptoms, recognition, causes, effects, and corrective actions associated with aeromedical and physiological issues, including:"
PA.I.H.K1,risk-management,explanation,auto,from the Task H References line,"Symptoms, recognition, causes, effects, and corrective actions associated with aeromedical and physiological issues, including:"
PA.I.H.K1a,afh,explanation,auto,from the Task H References line,a. Hypoxia
PA.I.H.K1a,aim,guidance,auto,from the Task H References line,a. Hypoxia
PA.I.H.K1a,phak,explanation,auto,from the Task H References line,a. Hypoxia
PA.I.H.K1a,risk-management,explanation,auto,from the Task H References line,a. Hypoxia
PA.I.H.K1b,afh,explanation,auto,from the Task H References line,b. Hyperventilation
PA.I.H.K1b,aim,guidance,auto,from the Task H References line,b. Hyperventilation
PA.I.H.K1b,phak,explanation,auto,from the Task H References line,b. Hyperventilation
PA.I.H.K1b,risk-management,explanation,auto,from the Task H References line,b. Hyperventilation
PA.I.H.K1c,afh,explanation,auto,from the Task H References line,c. Middle ear and sinus problems
PA.I.H.K1c,aim,guidance,auto,from the Task H References line,c. Middle ear and sinus problems
PA.I.H.K1c,phak,explanation,auto,from the Task H References line,c. Middle ear and sinus problems
PA.I.H.K1c,risk-management,explanation,auto,from the Task H References line,c. Middle ear and sinus problems
PA.I.H.K1d,afh,explanation,auto,from the Task H References line,d. Spatial disorientation
PA.I.H.K1d,aim,guidance,auto,from the Task H References line,d. Spatial disorientation
PA.I.H.K1d,phak,explanation,auto,from the Task H References line,d. Spatial disorientation
PA.I.H.K1d,risk-management,explanation,auto,from the Task H References line,d. Spatial disorientation
PA.I.H.K1e,afh,explanation,auto,from the Task H References line,e. Motion sickness
PA.I.H.K1e,aim,guidance,auto,from the Task H References line,e. Motion sickness
PA.I.H.K1e,phak,explanation,auto,from the Task H References line,e. Motion sickness
PA.I.H.K1e,risk-management,explanation,auto,from the Task H References line,e. Motion sickness
PA.I.H.K1f,afh,explanation,auto,from the Task H References line,f. Carbon monoxide poisoning
PA.I.H.K1f,aim,guidance,auto,from the Task H References line,f. Carbon monoxide poisoning
PA.I.H.K1f,phak,explanation,auto,from the Task H References line,f. Carbon monoxide poisoning
PA.I.H.K1f,risk-management,explanation,auto,from the Task H References line,f. Carbon monoxide poisoning
PA.I.H.K1g,afh,explanation,auto,from the Task H References line,g. Stress
PA.I.H.K1g,aim,guidance,auto,from the Task H References line,g. Stress
PA.I.H.K1g,phak,explanation,auto,from the Task H References line,g. Stress
PA.I.H.K1g,risk-management,explanation,auto,from the Task H References line,g. Stress
PA.I.H.K1h,afh,explanation,auto,from the Task H References line,h. Fatigue
PA.I.H.K1h,aim,guidance,auto,from the Task H References line,h. Fatigue
PA.I.H.K1h,phak,explanation,auto,from the Task H References line,h. Fatigue
PA.I.H.K1h,risk-management,explanation,auto,from the Task H References line,h. Fatigue
PA.I.H.K1i,afh,explanation,auto,from the Task H References line,i. Dehydration and nutrition
PA.I.H.K1i,aim,guidance,auto,from the Task H References line,i. Dehydration and nutrition
PA.I.H.K1i,phak,explanation,auto,from the Task H References line,i. Dehydration and nutrition
PA.I.H.K1i,risk-management,explanation,auto,from the Task H References line,i. Dehydration and nutrition
PA.I.H.K1j,afh,explanation,auto,from the Task H References line,j. Hypothermia
PA.I.H.K1j,aim,guidance,auto,from the Task H References line,j. Hypothermia
PA.I.H.K1j,phak,explanation,auto,from the Task H References line,j. Hypothermia
PA.I.H.K1j,risk-management,explanation,auto,from the Task H References line,j. Hypothermia
PA.I.H.K1k,afh,explanation,auto,from the Task H References line,k. Optical illusions
PA.I.H.K1k,aim,guidance,auto,from the Task H References line,k. Optical illusions
PA.I.H.K1k,phak,explanation,auto,from the Task H References line,k. Optical illusions
PA.I.H.K1k,risk-management,explanation,auto,from the Task H References line,k. Optical illusions
PA.I.H.K1l,afh,explanation,auto,from the Task H References line,l. Dissolved nitrogen in the bloodstream after scuba dives
PA.I.H.K1l,aim,guidance,auto,from the Task H References line,l. Dissolved nitrogen in the bloodstream after scuba dives
PA.I.H.K1l,phak,explanation,auto,from the Task H References line,l. Dissolved nitrogen in the bloodstream after scuba dives
PA.I.H.K1l,risk-management,explanation,auto,from the Task H References line,l. Dissolved nitrogen in the bloodstream after scuba dives
PA.I.H.K2,afh,explanation,auto,from the Task H References line,Regulations regarding use of alcohol and drugs.
PA.I.H.K2,aim,guidance,auto,from the Task H References line,Regulations regarding use of alcohol and drugs.
PA.I.H.K2,phak,explanation,auto,from the Task H References line,Regulations regarding use of alcohol and drugs.
PA.I.H.K2,risk-management,explanation,auto,from the Task H References line,Regulations regarding use of alcohol and drugs.
PA.I.H.K3,afh,explanation,auto,from the Task H References line,"Effects of alcohol, drugs, and over-the-counter medications."
PA.I.H.K3,aim,guidance,auto,from the Task H References line,"Effects of alcohol, drugs, and over-the-counter medications."
PA.I.H.K3,phak,explanation,auto,from the Task H References line,"Effects of alcohol, drugs, and over-the-counter medications."
PA.I.H.K3,risk-management,explanation,auto,from the Task H References line,"Effects of alcohol, drugs, and over-the-counter medications."
PA.I.H.K4,afh,explanation,auto,from the Task H References line,"Aeronautical Decision-Making (ADM) to include using Crew Resource Management (CRM) or Single- Pilot Resource Management (SRM), as appropriate."
PA.I.H.K4,aim,guidance,auto,from the Task H References line,"Aeronautical Decision-Making (ADM) to include using Crew Resource Management (CRM) or Single- Pilot Resource Management (SRM), as appropriate."
PA.I.H.K4,phak,explanation,auto,from the Task H References line,"Aeronautical Decision-Making (ADM) to include using Crew Resource Management (CRM) or Single- Pilot Resource Management (SRM), as appropriate."
PA.I.H.K4,risk-management,explanation,auto,from the Task H References line,"Aeronautical Decision-Making (ADM) to include using Crew Resource Management (CRM) or Single- Pilot Resource Management (SRM), as appropriate."
PA.I.H.R1,afh,explanation,auto,from the Task H References line,Aeromedical and physiological issues.
PA.I.H.R1,aim,guidance,auto,from the Task H References line,Aeromedical and physiological issues.
PA.I.H.R1,phak,explanation,auto,from the Task H References line,Aeromedical and physiological issues.
PA.I.H.R1,risk-management,explanation,auto,from the Task H References line,Aeromedical and physiological issues.
PA.I.H.R2,afh,explanation,auto,from the Task H References line,Hazardous attitudes.
PA.I.H.R2,aim,guidance,auto,from the Task H References line,Hazardous attitudes.
PA.I.H.R2,phak,explanation,auto,from the Task H References line,Hazardous attitudes.
PA.I.H.R2,risk-management,explanation,auto,from the Task H References line,Hazardous attitudes.
PA.I.H.R3,afh,explanation,auto,from the Task H References line,"Distractions, task prioritization, loss of situational awareness, or disorientation."
PA.I.H.R3,aim,guidance,auto,from the Task H References line,"Distractions, task prioritization, loss of situational awareness, or disorientation."
PA.I.H.R3,phak,explanation,auto,from the Task H References line,"Distractions, task prioritization, loss of situational awareness, or disorientation."
PA.I.H.R3,risk-management,explanation,auto,from the Task H References line,"Distractions, task prioritization, loss of situational awareness, or disorientation."
PA.I.H.R4,afh,explanation,auto,from the Task H References line,Confirmation and expectation bias.
PA.I.H.R4,aim,guidance,auto,from the Task H References line,Confirmation and expectation bias.
PA.I.H.R4,phak,explanation,auto,from the Task H References line,Confirmation and expectation bias.
PA.I.H.R4,risk-management,explanation,auto,from the Task H References line,Confirmation and expectation bias.
PA.I.H.S1,afh,explanation,auto,from the Task H References line,Associate the symptoms and effects for at least three of the conditions listed in K1a through K1l with the cause(s) and corrective action(s).
PA.I.H.S1,aim,guidance,auto,from the Task H References line,Associate the symptoms and effects for at least three of the conditions listed in K1a through K1l with the cause(s) and corrective action(s).
PA.I.H.S1,phak,explanation,auto,from the Task H References line,Associate the symptoms and effects for at least three of the conditions listed in K1a through K1l with the cause(s) and corrective action(s).
PA.I.H.S1,risk-management,explanation,auto,from the Task H References line,Associate the symptoms and effects for at least three of the conditions listed in K1a through K1l with the cause(s) and corrective action(s).
PA.I.H.S2,afh,explanation,auto,from the Task H References line,"Perform self-assessment, including fitness for flight and personal minimums, for actual flight or a scenario given by the evaluator. Private Pilot for Airplane Category ACS (FAA-S-ACS-6C) 9"
PA.I.H.S2,aim,guidance,auto,from the Task H References line,"Perform self-assessment, including fitness for flight and personal minimums, for actual flight or a scenario given by the evaluator. Private Pilot for Airplane Category ACS (FAA-S-ACS-6C) 9"
PA.I.H.S2,phak,explanation,auto,from the Task H References line,"Perform self-assessment, including fitness for flight and personal minimums, for actual flight or a scenario given by the evaluator. Private Pilot for Airplane Category ACS (FAA-S-ACS-6C) 9"
PA.I.H.S2,risk-management,explanation,auto,from the Task H References line,"Perform self-assessment, including fitness for flight and personal minimums, for actual flight or a scenario given by the evaluator. Private Pilot for Airplane Category ACS (FAA-S-ACS-6C) 9"
PA.I.I.K1,afh,explanation,auto,from the Task I References line,"The characteristics of a water surface as affected by features, such as:"
PA.I.I.K1,aim,guidance,auto,from the Task I References line,"The characteristics of a water surface as affected by features, such as:"
PA.I.I.K1,phak,explanation,auto,from the Task I References line,"The characteristics of a water surface as affected by features, such as:"
PA.I.I.K1,risk-management,explanation,auto,from the Task I References line,"The characteristics of a water surface as affected by features, such as:"
PA.I.I.K1,seaplane,explanation,auto,from the Task I References line,"The characteristics of a water surface as affected by features, such as:"
PA.I.I.K1a,afh,explanation,auto,from the Task I References line,a. Size and location
PA.I.I.K1a,aim,guidance,auto,from the Task I References line,a. Size and location
PA.I.I.K1a,phak,explanation,auto,from the Task I References line,a. Size and location
PA.I.I.K1a,risk-management,explanation,auto,from the Task I References line,a. Size and location
PA.I.I.K1a,seaplane,explanation,auto,from the Task I References line,a. Size and location
PA.I.I.K1b,afh,explanation,auto,from the Task I References line,b. Protected and unprotected areas
PA.I.I.K1b,aim,guidance,auto,from the Task I References line,b. Protected and unprotected areas
PA.I.I.K1b,phak,explanation,auto,from the Task I References line,b. Protected and unprotected areas
PA.I.I.K1b,risk-management,explanation,auto,from the Task I References line,b. Protected and unprotected areas
PA.I.I.K1b,seaplane,explanation,auto,from the Task I References line,b. Protected and unprotected areas
PA.I.I.K1c,afh,explanation,auto,from the Task I References line,c. Surface wind
PA.I.I.K1c,aim,guidance,auto,from the Task I References line,c. Surface wind
PA.I.I.K1c,phak,explanation,auto,from the Task I References line,c. Surface wind
PA.I.I.K1c,risk-management,explanation,auto,from the Task I References line,c. Surface wind
PA.I.I.K1c,seaplane,explanation,auto,from the Task I References line,c. Surface wind
PA.I.I.K1d,afh,explanation,auto,from the Task I References line,d. Direction and strength of water current
PA.I.I.K1d,aim,guidance,auto,from the Task I References line,d. Direction and strength of water current
PA.I.I.K1d,phak,explanation,auto,from the Task I References line,d. Direction and strength of water current
PA.I.I.K1d,risk-management,explanation,auto,from the Task I References line,d. Direction and strength of water current
PA.I.I.K1d,seaplane,explanation,auto,from the Task I References line,d. Direction and strength of water current
PA.I.I.K1e,afh,explanation,auto,from the Task I References line,e. Floating and partially submerged debris
PA.I.I.K1e,aim,guidance,auto,from the Task I References line,e. Floating and partially submerged debris
PA.I.I.K1e,phak,explanation,auto,from the Task I References line,e. Floating and partially submerged debris
PA.I.I.K1e,risk-management,explanation,auto,from the Task I References line,e. Floating and partially submerged debris
PA.I.I.K1e,seaplane,explanation,auto,from the Task I References line,e. Floating and partially submerged debris
PA.I.I.K1f,afh,explanation,auto,from the Task I References line,"f. Sandbars, islands, and shoals"
PA.I.I.K1f,aim,guidance,auto,from the Task I References line,"f. Sandbars, islands, and shoals"
PA.I.I.K1f,phak,explanation,auto,from the Task I References line,"f. Sandbars, islands, and shoals"
PA.I.I.K1f,risk-management,explanation,auto,from the Task I References line,"f. Sandbars, islands, and shoals"
PA.I.I.K1f,seaplane,explanation,auto,from the Task I References line,"f. Sandbars, islands, and shoals"
PA.I.I.K1g,afh,explanation,auto,from the Task I References line,g. Vessel traffic and wakes
PA.I.I.K1g,aim,guidance,auto,from the Task I References line,g. Vessel traffic and wakes
PA.I.I.K1g,phak,explanation,auto,from the Task I References line,g. Vessel traffic and wakes
PA.I.I.K1g,risk-management,explanation,auto,from the Task I References line,g. Vessel traffic and wakes
PA.I.I.K1g,seaplane,explanation,auto,from the Task I References line,g. Vessel traffic and wakes
PA.I.I.K1h,afh,explanation,auto,from the Task I References line,h. Other characteristics specific to the area
PA.I.I.K1h,aim,guidance,auto,from the Task I References line,h. Other characteristics specific to the area
PA.I.I.K1h,phak,explanation,auto,from the Task I References line,h. Other characteristics specific to the area
PA.I.I.K1h,risk-management,explanation,auto,from the Task I References line,h. Other characteristics specific to the area
PA.I.I.K1h,seaplane,explanation,auto,from the Task I References line,h. Other characteristics specific to the area
PA.I.I.K1i,afh,explanation,auto,from the Task I References line,i. Direction and height of waves
PA.I.I.K1i,aim,guidance,auto,from the Task I References line,i. Direction and height of waves
PA.I.I.K1i,phak,explanation,auto,from the Task I References line,i. Direction and height of waves
PA.I.I.K1i,risk-management,explanation,auto,from the Task I References line,i. Direction and height of waves
PA.I.I.K1i,seaplane,explanation,auto,from the Task I References line,i. Direction and height of waves
PA.I.I.K2,afh,explanation,auto,from the Task I References line,"Float and hull construction, and its effect on seaplane performance."
PA.I.I.K2,aim,guidance,auto,from the Task I References line,"Float and hull construction, and its effect on seaplane performance."
PA.I.I.K2,phak,explanation,auto,from the Task I References line,"Float and hull construction, and its effect on seaplane performance."
PA.I.I.K2,risk-management,explanation,auto,from the Task I References line,"Float and hull construction, and its effect on seaplane performance."
PA.I.I.K2,seaplane,explanation,auto,from the Task I References line,"Float and hull construction, and its effect on seaplane performance."
PA.I.I.K3,afh,explanation,auto,from the Task I References line,"Causes of porpoising and skipping, and the pilot action needed to prevent or correct these occurrences."
PA.I.I.K3,aim,guidance,auto,from the Task I References line,"Causes of porpoising and skipping, and the pilot action needed to prevent or correct these occurrences."
PA.I.I.K3,phak,explanation,auto,from the Task I References line,"Causes of porpoising and skipping, and the pilot action needed to prevent or correct these occurrences."
PA.I.I.K3,risk-management,explanation,auto,from the Task I References line,"Causes of porpoising and skipping, and the pilot action needed to prevent or correct these occurrences."
PA.I.I.K3,seaplane,explanation,auto,from the Task I References line,"Causes of porpoising and skipping, and the pilot action needed to prevent or correct these occurrences."
PA.I.I.K4,afh,explanation,auto,from the Task I References line,How to locate and identify seaplane bases on charts or in directories.
PA.I.I.K4,aim,guidance,auto,from the Task I References line,How to locate and identify seaplane bases on charts or in directories.
PA.I.I.K4,phak,explanation,auto,from the Task I References line,How to locate and identify seaplane bases on charts or in directories.
PA.I.I.K4,risk-management,explanation,auto,from the Task I References line,How to locate and identify seaplane bases on charts or in directories.
PA.I.I.K4,seaplane,explanation,auto,from the Task I References line,How to locate and identify seaplane bases on charts or in directories.
PA.I.I.K5,afh,explanation,auto,from the Task I References line,Operating restrictions at various bases.
PA.I.I.K5,aim,guidance,auto,from the Task I References line,Operating restrictions at various bases.
PA.I.I.K5,phak,explanation,auto,from the Task I References line,Operating restrictions at various bases.
PA.I.I.K5,risk-management,explanation,auto,from the Task I References line,Operating restrictions at various bases.
PA.I.I.K5,seaplane,explanation,auto,from the Task I References line,Operating restrictions at various bases.
PA.I.I.K6,afh,explanation,auto,from the Task I References line,"Right-of-way, steering, and sailing rules pertinent to seaplane operation."
PA.I.I.K6,aim,guidance,auto,from the Task I References line,"Right-of-way, steering, and sailing rules pertinent to seaplane operation."
PA.I.I.K6,phak,explanation,auto,from the Task I References line,"Right-of-way, steering, and sailing rules pertinent to seaplane operation."
PA.I.I.K6,risk-management,explanation,auto,from the Task I References line,"Right-of-way, steering, and sailing rules pertinent to seaplane operation."
PA.I.I.K6,seaplane,explanation,auto,from the Task I References line,"Right-of-way, steering, and sailing rules pertinent to seaplane operation."
PA.I.I.K7,afh,explanation,auto,from the Task I References line,"Marine navigation aids, such as buoys, beacons, lights, sound signals, and range markers."
PA.I.I.K7,aim,guidance,auto,from the Task I References line,"Marine navigation aids, such as buoys, beacons, lights, sound signals, and range markers."
PA.I.I.K7,phak,explanation,auto,from the Task I References line,"Marine navigation aids, such as buoys, beacons, lights, sound signals, and range markers."
PA.I.I.K7,risk-management,explanation,auto,from the Task I References line,"Marine navigation aids, such as buoys, beacons, lights, sound signals, and range markers."
PA.I.I.K7,seaplane,explanation,auto,from the Task I References line,"Marine navigation aids, such as buoys, beacons, lights, sound signals, and range markers."
PA.I.I.K8,afh,explanation,auto,from the Task I References line,Naval vessel protection zones.
PA.I.I.K8,aim,guidance,auto,from the Task I References line,Naval vessel protection zones.
PA.I.I.K8,phak,explanation,auto,from the Task I References line,Naval vessel protection zones.
PA.I.I.K8,risk-management,explanation,auto,from the Task I References line,Naval vessel protection zones.
PA.I.I.K8,seaplane,explanation,auto,from the Task I References line,Naval vessel protection zones.
PA.I.I.K9,afh,explanation,auto,from the Task I References line,No wake zones.
PA.I.I.K9,aim,guidance,auto,from the Task I References line,No wake zones.
PA.I.I.K9,phak,explanation,auto,from the Task I References line,No wake zones.
PA.I.I.K9,risk-management,explanation,auto,from the Task I References line,No wake zones.
PA.I.I.K9,seaplane,explanation,auto,from the Task I References line,No wake zones.
PA.I.I.R1,afh,explanation,auto,from the Task I References line,Local conditions.
PA.I.I.R1,aim,guidance,auto,from the Task I References line,Local conditions.
PA.I.I.R1,phak,explanation,auto,from the Task I References line,Local conditions.
PA.I.I.R1,risk-management,explanation,auto,from the Task I References line,Local conditions.
PA.I.I.R1,seaplane,explanation,auto,from the Task I References line,Local conditions.
PA.I.I.R2,afh,explanation,auto,from the Task I References line,Impact of marine traffic.
PA.I.I.R2,aim,guidance,auto,from the Task I References line,Impact of marine traffic.
PA.I.I.R2,phak,explanation,auto,from the Task I References line,Impact of marine traffic.
PA.I.I.R2,risk-management,explanation,auto,from the Task I References line,Impact of marine traffic.
PA.I.I.R2,seaplane,explanation,auto,from the Task I References line,Impact of marine traffic.
PA.I.I.R3,afh,explanation,auto,from the Task I References line,Right-of-way and sailing rules pertinent to seaplane operations.
PA.I.I.R3,aim,guidance,auto,from the Task I References line,Right-of-way and sailing rules pertinent to seaplane operations.
PA.I.I.R3,phak,explanation,auto,from the Task I References line,Right-of-way and sailing rules pertinent to seaplane operations.
PA.I.I.R3,risk-management,explanation,auto,from the Task I References line,Right-of-way and sailing rules pertinent to seaplane operations.
PA.I.I.R3,seaplane,explanation,auto,from the Task I References line,Right-of-way and sailing rules pertinent to seaplane operations.
PA.I.I.R4,afh,explanation,auto,from the Task I References line,Limited services and assistance available at seaplane bases.
PA.I.I.R4,aim,guidance,auto,from the Task I References line,Limited services and assistance available at seaplane bases.
PA.I.I.R4,phak,explanation,auto,from the Task I References line,Limited services and assistance available at seaplane bases.
PA.I.I.R4,risk-management,explanation,auto,from the Task I References line,Limited services and assistance available at seaplane bases.
PA.I.I.R4,seaplane,explanation,auto,from the Task I References line,Limited services and assistance available at seaplane bases.
PA.I.I.S1,afh,explanation,auto,from the Task I References line,Assess the water surface characteristics for the proposed flight.
PA.I.I.S1,aim,guidance,auto,from the Task I References line,Assess the water surface characteristics for the proposed flight.
PA.I.I.S1,phak,explanation,auto,from the Task I References line,Assess the water surface characteristics for the proposed flight.
PA.I.I.S1,risk-management,explanation,auto,from the Task I References line,Assess the water surface characteristics for the proposed flight.
PA.I.I.S1,seaplane,explanation,auto,from the Task I References line,Assess the water surface characteristics for the proposed flight.
PA.I.I.S2,afh,explanation,auto,from the Task I References line,Identify restrictions at local seaplane bases. Private Pilot for Airplane Category ACS (FAA-S-ACS-6C) 10
PA.I.I.S2,aim,guidance,auto,from the Task I References line,Identify restrictions at local seaplane bases. Private Pilot for Airplane Category ACS (FAA-S-ACS-6C) 10
PA.I.I.S2,phak,explanation,auto,from the Task I References line,Identify restrictions at local seaplane bases. Private Pilot for Airplane Category ACS (FAA-S-ACS-6C) 10
PA.I.I.S2,risk-management,explanation,auto,from the Task I References line,Identify restrictions at local seaplane bases. Private Pilot for Airplane Category ACS (FAA-S-ACS-6C) 10
PA.I.I.S2,seaplane,explanation,auto,from the Task I References line,Identify restrictions at local seaplane bases. Private Pilot for Airplane Category ACS (FAA-S-ACS-6C) 10
PA.I.I.S3,afh,explanation,auto,from the Task I References line,Identify marine navigation aids.
PA.I.I.S3,aim,guidance,auto,from the Task I References line,Identify marine navigation aids.
PA.I.I.S3,phak,explanation,auto,from the Task I References line,Identify marine navigation aids.
PA.I.I.S3,risk-management,explanation,auto,from the Task I References line,Identify marine navigation aids.
PA.I.I.S3,seaplane,explanation,auto,from the Task I References line,Identify marine navigation aids.
PA.I.I.S4,afh,explanation,auto,from the Task I References line,"Describe correct right-of-way, steering, and sailing operations."
PA.I.I.S4,aim,guidance,auto,from the Task I References line,"Describe correct right-of-way, steering, and sailing operations."
PA.I.I.S4,phak,explanation,auto,from the Task I References line,"Describe correct right-of-way, steering, and sailing operations."
PA.I.I.S4,risk-management,explanation,auto,from the Task I References line,"Describe correct right-of-way, steering, and sailing operations."
PA.I.I.S4,seaplane,explanation,auto,from the Task I References line,"Describe correct right-of-way, steering, and sailing operations."
PA.I.I.S5,afh,explanation,auto,from the Task I References line,Explain how float and hull construction can affect seaplane performance.
PA.I.I.S5,aim,guidance,auto,from the Task I References line,Explain how float and hull construction can affect seaplane performance.
PA.I.I.S5,phak,explanation,auto,from the Task I References line,Explain how float and hull construction can affect seaplane performance.
PA.I.I.S5,risk-management,explanation,auto,from the Task I References line,Explain how float and hull construction can affect seaplane performance.
PA.I.I.S5,seaplane,explanation,auto,from the Task I References line,Explain how float and hull construction can affect seaplane performance.
PA.I.I.S6,afh,explanation,auto,from the Task I References line,Describe how to correct for porpoising and skipping. Private Pilot for Airplane Category ACS (FAA-S-ACS-6C) 11
PA.I.I.S6,aim,guidance,auto,from the Task I References line,Describe how to correct for porpoising and skipping. Private Pilot for Airplane Category ACS (FAA-S-ACS-6C) 11
PA.I.I.S6,phak,explanation,auto,from the Task I References line,Describe how to correct for porpoising and skipping. Private Pilot for Airplane Category ACS (FAA-S-ACS-6C) 11
PA.I.I.S6,risk-management,explanation,auto,from the Task I References line,Describe how to correct for porpoising and skipping. Private Pilot for Airplane Category ACS (FAA-S-ACS-6C) 11
PA.I.I.S6,seaplane,explanation,auto,from the Task I References line,Describe how to correct for porpoising and skipping. Private Pilot for Airplane Category ACS (FAA-S-ACS-6C) 11
PA.II.A.K1,afh,explanation,auto,from the Task A References line,Pilot self-assessment.
PA.II.A.K1,aviation-weather,explanation,auto,from the Task A References line,Pilot self-assessment.
PA.II.A.K1,phak,explanation,auto,from the Task A References line,Pilot self-assessment.
PA.II.A.K1,risk-management,explanation,auto,from the Task A References line,Pilot self-assessment.
PA.II.A.K1,seaplane,explanation,auto,from the Task A References line,Pilot self-assessment.
PA.II.A.K2,afh,explanation,auto,from the Task A References line,Determining that the airplane to be used is appropriate and airworthy.
PA.II.A.K2,aviation-weather,explanation,auto,from the Task A References line,Determining that the airplane to be used is appropriate and airworthy.
PA.II.A.K2,phak,explanation,auto,from the Task A References line,Determining that the airplane to be used is appropriate and airworthy.
PA.II.A.K2,risk-management,explanation,auto,from the Task A References line,Determining that the airplane to be used is appropriate and airworthy.
PA.II.A.K2,seaplane,explanation,auto,from the Task A References line,Determining that the airplane to be used is appropriate and airworthy.
PA.II.A.K3,afh,explanation,auto,from the Task A References line,"Airplane preflight inspection, including:"
PA.II.A.K3,aviation-weather,explanation,auto,from the Task A References line,"Airplane preflight inspection, including:"
PA.II.A.K3,phak,explanation,auto,from the Task A References line,"Airplane preflight inspection, including:"
PA.II.A.K3,risk-management,explanation,auto,from the Task A References line,"Airplane preflight inspection, including:"
PA.II.A.K3,seaplane,explanation,auto,from the Task A References line,"Airplane preflight inspection, including:"
PA.II.A.K3a,afh,explanation,auto,from the Task A References line,a. Which items should be inspected
PA.II.A.K3a,aviation-weather,explanation,auto,from the Task A References line,a. Which items should be inspected
PA.II.A.K3a,phak,explanation,auto,from the Task A References line,a. Which items should be inspected
PA.II.A.K3a,risk-management,explanation,auto,from the Task A References line,a. Which items should be inspected
PA.II.A.K3a,seaplane,explanation,auto,from the Task A References line,a. Which items should be inspected
PA.II.A.K3b,afh,explanation,auto,from the Task A References line,b. The reasons for checking each item
PA.II.A.K3b,aviation-weather,explanation,auto,from the Task A References line,b. The reasons for checking each item
PA.II.A.K3b,phak,explanation,auto,from the Task A References line,b. The reasons for checking each item
PA.II.A.K3b,risk-management,explanation,auto,from the Task A References line,b. The reasons for checking each item
PA.II.A.K3b,seaplane,explanation,auto,from the Task A References line,b. The reasons for checking each item
PA.II.A.K3c,afh,explanation,auto,from the Task A References line,c. How to detect possible defects
PA.II.A.K3c,aviation-weather,explanation,auto,from the Task A References line,c. How to detect possible defects
PA.II.A.K3c,phak,explanation,auto,from the Task A References line,c. How to detect possible defects
PA.II.A.K3c,risk-management,explanation,auto,from the Task A References line,c. How to detect possible defects
PA.II.A.K3c,seaplane,explanation,auto,from the Task A References line,c. How to detect possible defects
PA.II.A.K3d,afh,explanation,auto,from the Task A References line,d. The associated regulations
PA.II.A.K3d,aviation-weather,explanation,auto,from the Task A References line,d. The associated regulations
PA.II.A.K3d,phak,explanation,auto,from the Task A References line,d. The associated regulations
PA.II.A.K3d,risk-management,explanation,auto,from the Task A References line,d. The associated regulations
PA.II.A.K3d,seaplane,explanation,auto,from the Task A References line,d. The associated regulations
PA.II.A.K4,afh,explanation,auto,from the Task A References line,"Environmental factors, including weather, terrain, route selection, and obstructions."
PA.II.A.K4,aviation-weather,explanation,auto,from the Task A References line,"Environmental factors, including weather, terrain, route selection, and obstructions."
PA.II.A.K4,phak,explanation,auto,from the Task A References line,"Environmental factors, including weather, terrain, route selection, and obstructions."
PA.II.A.K4,risk-management,explanation,auto,from the Task A References line,"Environmental factors, including weather, terrain, route selection, and obstructions."
PA.II.A.K4,seaplane,explanation,auto,from the Task A References line,"Environmental factors, including weather, terrain, route selection, and obstructions."
PA.II.A.R1,afh,explanation,auto,from the Task A References line,Pilot.
PA.II.A.R1,aviation-weather,explanation,auto,from the Task A References line,Pilot.
PA.II.A.R1,phak,explanation,auto,from the Task A References line,Pilot.
PA.II.A.R1,risk-management,explanation,auto,from the Task A References line,Pilot.
PA.II.A.R1,seaplane,explanation,auto,from the Task A References line,Pilot.
PA.II.A.R2,afh,explanation,auto,from the Task A References line,Aircraft.
PA.II.A.R2,aviation-weather,explanation,auto,from the Task A References line,Aircraft.
PA.II.A.R2,phak,explanation,auto,from the Task A References line,Aircraft.
PA.II.A.R2,risk-management,explanation,auto,from the Task A References line,Aircraft.
PA.II.A.R2,seaplane,explanation,auto,from the Task A References line,Aircraft.
PA.II.A.R3,afh,explanation,auto,from the Task A References line,"Environment (e.g., weather, airports, airspace, terrain, obstacles)."
PA.II.A.R3,aviation-weather,explanation,auto,from the Task A References line,"Environment (e.g., weather, airports, airspace, terrain, obstacles)."
PA.II.A.R3,phak,explanation,auto,from the Task A References line,"Environment (e.g., weather, airports, airspace, terrain, obstacles)."
PA.II.A.R3,risk-management,explanation,auto,from the Task A References line,"Environment (e.g., weather, airports, airspace, terrain, obstacles)."
PA.II.A.R3,seaplane,explanation,auto,from the Task A References line,"Environment (e.g., weather, airports, airspace, terrain, obstacles)."
PA.II.A.R4,afh,explanation,auto,from the Task A References line,External pressures.
PA.II.A.R4,aviation-weather,explanation,auto,from the Task A References line,External pressures.
PA.II.A.R4,phak,explanation,auto,from the Task A References line,External pressures.
PA.II.A.R4,risk-management,explanation,auto,from the Task A References line,External pressures.
PA.II.A.R4,seaplane,explanation,auto,from the Task A References line,External pressures.
PA.II.A.R5,afh,explanation,auto,from the Task A References line,Aviation security concerns.
PA.II.A.R5,aviation-weather,explanation,auto,from the Task A References line,Aviation security concerns.
PA.II.A.R5,phak,explanation,auto,from the Task A References line,Aviation security concerns.
PA.II.A.R5,risk-management,explanation,auto,from the Task A References line,Aviation security concerns.
PA.II.A.R5,seaplane,explanation,auto,from the Task A References line,Aviation security concerns.
PA.II.A.S1,afh,explanation,auto,from the Task A References line,Inspect the airplane with reference to an appropriate checklist.
PA.II.A.S1,aviation-weather,explanation,auto,from the Task A References line,Inspect the airplane with reference to an appropriate checklist.
PA.II.A.S1,phak,explanation,auto,from the Task A References line,Inspect the airplane with reference to an appropriate checklist.
PA.II.A.S1,risk-management,explanation,auto,from the Task A References line,Inspect the airplane with reference to an appropriate checklist.
PA.II.A.S1,seaplane,explanation,auto,from the Task A References line,Inspect the airplane with reference to an appropriate checklist.
PA.II.A.S2,afh,explanation,auto,from the Task A References line,Verify the airplane is in condition for safe flight and conforms to its type design.
PA.II.A.S2,aviation-weather,explanation,auto,from the Task A References line,Verify the airplane is in condition for safe flight and conforms to its type design.
PA.II.A.S2,phak,explanation,auto,from the Task A References line,Verify the airplane is in condition for safe flight and conforms to its type design.
PA.II.A.S2,risk-management,explanation,auto,from the Task A References line,Verify the airplane is in condition for safe flight and conforms to its type design.
PA.II.A.S2,seaplane,explanation,auto,from the Task A References line,Verify the airplane is in condition for safe flight and conforms to its type design.
PA.II.A.S3,afh,explanation,auto,from the Task A References line,Perform self-assessment.
PA.II.A.S3,aviation-weather,explanation,auto,from the Task A References line,Perform self-assessment.
PA.II.A.S3,phak,explanation,auto,from the Task A References line,Perform self-assessment.
PA.II.A.S3,risk-management,explanation,auto,from the Task A References line,Perform self-assessment.
PA.II.A.S3,seaplane,explanation,auto,from the Task A References line,Perform self-assessment.
PA.II.A.S4,afh,explanation,auto,from the Task A References line,Continue to assess the environment for safe flight.
PA.II.A.S4,aviation-weather,explanation,auto,from the Task A References line,Continue to assess the environment for safe flight.
PA.II.A.S4,phak,explanation,auto,from the Task A References line,Continue to assess the environment for safe flight.
PA.II.A.S4,risk-management,explanation,auto,from the Task A References line,Continue to assess the environment for safe flight.
PA.II.A.S4,seaplane,explanation,auto,from the Task A References line,Continue to assess the environment for safe flight.
PA.II.B.K1,14cfr:part-91,regulation,auto,from the Task B References line,"Passenger briefing requirements, including operation and required use of safety restraint systems."
PA.II.B.K1,afh,explanation,auto,from the Task B References line,"Passenger briefing requirements, including operation and required use of safety restraint systems."
PA.II.B.K1,phak,explanation,auto,from the Task B References line,"Passenger briefing requirements, including operation and required use of safety restraint systems."
PA.II.B.K1,risk-management,explanation,auto,from the Task B References line,"Passenger briefing requirements, including operation and required use of safety restraint systems."
PA.II.B.K2,14cfr:part-91,regulation,auto,from the Task B References line,Use of appropriate checklists.
PA.II.B.K2,afh,explanation,auto,from the Task B References line,Use of appropriate checklists.
PA.II.B.K2,phak,explanation,auto,from the Task B References line,Use of appropriate checklists.
PA.II.B.K2,risk-management,explanation,auto,from the Task B References line,Use of appropriate checklists.
PA.II.B.K3,14cfr:part-91,regulation,auto,from the Task B References line,Requirements for current and appropriate navigation data.
PA.II.B.K3,afh,explanation,auto,from the Task B References line,Requirements for current and appropriate navigation data.
PA.II.B.K3,phak,explanation,auto,from the Task B References line,Requirements for current and appropriate navigation data.
PA.II.B.K3,risk-management,explanation,auto,from the Task B References line,Requirements for current and appropriate navigation data.
PA.II.B.K4,14cfr:part-91,regulation,auto,from the Task B References line,Securing items and cargo.
PA.II.B.K4,afh,explanation,auto,from the Task B References line,Securing items and cargo.
PA.II.B.K4,phak,explanation,auto,from the Task B References line,Securing items and cargo.
PA.II.B.K4,risk-management,explanation,auto,from the Task B References line,Securing items and cargo.
PA.II.B.R1,14cfr:part-91,regulation,auto,from the Task B References line,"Use of systems or equipment, including automation and portable electronic devices."
PA.II.B.R1,afh,explanation,auto,from the Task B References line,"Use of systems or equipment, including automation and portable electronic devices."
PA.II.B.R1,phak,explanation,auto,from the Task B References line,"Use of systems or equipment, including automation and portable electronic devices."
PA.II.B.R1,risk-management,explanation,auto,from the Task B References line,"Use of systems or equipment, including automation and portable electronic devices."
PA.II.B.R2,14cfr:part-91,regulation,auto,from the Task B References line,Inoperative equipment.
PA.II.B.R2,afh,explanation,auto,from the Task B References line,Inoperative equipment.
PA.II.B.R2,phak,explanation,auto,from the Task B References line,Inoperative equipment.
PA.II.B.R2,risk-management,explanation,auto,from the Task B References line,Inoperative equipment.
PA.II.B.R3,14cfr:part-91,regulation,auto,from the Task B References line,Passenger distractions.
PA.II.B.R3,afh,explanation,auto,from the Task B References line,Passenger distractions.
PA.II.B.R3,phak,explanation,auto,from the Task B References line,Passenger distractions.
PA.II.B.R3,risk-management,explanation,auto,from the Task B References line,Passenger distractions.
PA.II.B.S1,14cfr:part-91,regulation,auto,from the Task B References line,Secure all items in the aircraft.
PA.II.B.S1,afh,explanation,auto,from the Task B References line,Secure all items in the aircraft.
PA.II.B.S1,phak,explanation,auto,from the Task B References line,Secure all items in the aircraft.
PA.II.B.S1,risk-management,explanation,auto,from the Task B References line,Secure all items in the aircraft.
PA.II.B.S2,14cfr:part-91,regulation,auto,from the Task B References line,"Conduct an appropriate passenger briefing, including identifying the pilot-in-command (PIC), use of safety belts, shoulder harnesses, doors, passenger conduct, sterile aircraft, propeller blade avoidance, and emergency procedures."
PA.II.B.S2,afh,explanation,auto,from the Task B References line,"Conduct an appropriate passenger briefing, including identifying the pilot-in-command (PIC), use of safety belts, shoulder harnesses, doors, passenger conduct, sterile aircraft, propeller blade avoidance, and emergency procedures."
PA.II.B.S2,phak,explanation,auto,from the Task B References line,"Conduct an appropriate passenger briefing, including identifying the pilot-in-command (PIC), use of safety belts, shoulder harnesses, doors, passenger conduct, sterile aircraft, propeller blade avoidance, and emergency procedures."
PA.II.B.S2,risk-management,explanation,auto,from the Task B References line,"Conduct an appropriate passenger briefing, including identifying the pilot-in-command (PIC), use of safety belts, shoulder harnesses, doors, passenger conduct, sterile aircraft, propeller blade avoidance, and emergency procedures."
PA.II.B.S3,14cfr:part-91,regulation,auto,from the Task B References line,"Properly program and manage the aircraft’s automation, as applicable."
PA.II.B.S3,afh,explanation,auto,from the Task B References line,"Properly program and manage the aircraft’s automation, as applicable."
PA.II.B.S3,phak,explanation,auto,from the Task B References line,"Properly program and manage the aircraft’s automation, as applicable."
PA.II.B.S3,risk-management,explanation,auto,from the Task B References line,"Properly program and manage the aircraft’s automation, as applicable."
PA.II.B.S4,14cfr:part-91,regulation,auto,from the Task B References line,"Appropriately manage risks by utilizing ADM, including SRM/CRM."
PA.II.B.S4,afh,explanation,auto,from the Task B References line,"Appropriately manage risks by utilizing ADM, including SRM/CRM."
PA.II.B.S4,phak,explanation,auto,from the Task B References line,"Appropriately manage risks by utilizing ADM, including SRM/CRM."
PA.II.B.S4,risk-management,explanation,auto,from the Task B References line,"Appropriately manage risks by utilizing ADM, including SRM/CRM."
PA.II.C.K1,afh,explanation,auto,from the Task C References line,Starting under various conditions.
PA.II.C.K1,phak,explanation,auto,from the Task C References line,Starting under various conditions.
PA.II.C.K1,risk-management,explanation,auto,from the Task C References line,Starting under various conditions.
PA.II.C.K2,afh,explanation,auto,from the Task C References line,Starting the engine(s) by use of external power.
PA.II.C.K2,phak,explanation,auto,from the Task C References line,Starting the engine(s) by use of external power.
PA.II.C.K2,risk-management,explanation,auto,from the Task C References line,Starting the engine(s) by use of external power.
PA.II.C.K3,afh,explanation,auto,from the Task C References line,Limitations associated with starting.
PA.II.C.K3,phak,explanation,auto,from the Task C References line,Limitations associated with starting.
PA.II.C.K3,risk-management,explanation,auto,from the Task C References line,Limitations associated with starting.
PA.II.C.K4,afh,explanation,auto,from the Task C References line,Conditions leading to and procedures for an aborted start.
PA.II.C.K4,phak,explanation,auto,from the Task C References line,Conditions leading to and procedures for an aborted start.
PA.II.C.K4,risk-management,explanation,auto,from the Task C References line,Conditions leading to and procedures for an aborted start.
PA.II.C.R1,afh,explanation,auto,from the Task C References line,Propeller safety.
PA.II.C.R1,phak,explanation,auto,from the Task C References line,Propeller safety.
PA.II.C.R1,risk-management,explanation,auto,from the Task C References line,Propeller safety.
PA.II.C.S1,afh,explanation,auto,from the Task C References line,"Position the airplane properly considering structures, other aircraft, wind, and the safety of nearby persons and property."
PA.II.C.S1,phak,explanation,auto,from the Task C References line,"Position the airplane properly considering structures, other aircraft, wind, and the safety of nearby persons and property."
PA.II.C.S1,risk-management,explanation,auto,from the Task C References line,"Position the airplane properly considering structures, other aircraft, wind, and the safety of nearby persons and property."
PA.II.C.S2,afh,explanation,auto,from the Task C References line,Complete the appropriate checklist(s). Private Pilot for Airplane Category ACS (FAA-S-ACS-6C) 13
PA.II.C.S2,phak,explanation,auto,from the Task C References line,Complete the appropriate checklist(s). Private Pilot for Airplane Category ACS (FAA-S-ACS-6C) 13
PA.II.C.S2,risk-management,explanation,auto,from the Task C References line,Complete the appropriate checklist(s). Private Pilot for Airplane Category ACS (FAA-S-ACS-6C) 13
PA.II.D.K1,ac-91-73b,guidance,auto,from the Task D References line,"Current airport aeronautical references and information resources such as the Chart Supplement, airport diagram, and Notices to Air Missions (NOTAMs)."
PA.II.D.K1,afh,explanation,auto,from the Task D References line,"Current airport aeronautical references and information resources such as the Chart Supplement, airport diagram, and Notices to Air Missions (NOTAMs)."
PA.II.D.K1,aim,guidance,auto,from the Task D References line,"Current airport aeronautical references and information resources such as the Chart Supplement, airport diagram, and Notices to Air Missions (NOTAMs)."
PA.II.D.K1,phak,explanation,auto,from the Task D References line,"Current airport aeronautical references and information resources such as the Chart Supplement, airport diagram, and Notices to Air Missions (NOTAMs)."
PA.II.D.K1,risk-management,explanation,auto,from the Task D References line,"Current airport aeronautical references and information resources such as the Chart Supplement, airport diagram, and Notices to Air Missions (NOTAMs)."
PA.II.D.K2,ac-91-73b,guidance,auto,from the Task D References line,Taxi instructions/clearances.
PA.II.D.K2,afh,explanation,auto,from the Task D References line,Taxi instructions/clearances.
PA.II.D.K2,aim,guidance,auto,from the Task D References line,Taxi instructions/clearances.
PA.II.D.K2,phak,explanation,auto,from the Task D References line,Taxi instructions/clearances.
PA.II.D.K2,risk-management,explanation,auto,from the Task D References line,Taxi instructions/clearances.
PA.II.D.K3,ac-91-73b,guidance,auto,from the Task D References line,"Airport markings, signs, and lights."
PA.II.D.K3,afh,explanation,auto,from the Task D References line,"Airport markings, signs, and lights."
PA.II.D.K3,aim,guidance,auto,from the Task D References line,"Airport markings, signs, and lights."
PA.II.D.K3,phak,explanation,auto,from the Task D References line,"Airport markings, signs, and lights."
PA.II.D.K3,risk-management,explanation,auto,from the Task D References line,"Airport markings, signs, and lights."
PA.II.D.K4,ac-91-73b,guidance,auto,from the Task D References line,Visual indicators for wind.
PA.II.D.K4,afh,explanation,auto,from the Task D References line,Visual indicators for wind.
PA.II.D.K4,aim,guidance,auto,from the Task D References line,Visual indicators for wind.
PA.II.D.K4,phak,explanation,auto,from the Task D References line,Visual indicators for wind.
PA.II.D.K4,risk-management,explanation,auto,from the Task D References line,Visual indicators for wind.
PA.II.D.K5,ac-91-73b,guidance,auto,from the Task D References line,"Aircraft lighting, as appropriate."
PA.II.D.K5,afh,explanation,auto,from the Task D References line,"Aircraft lighting, as appropriate."
PA.II.D.K5,aim,guidance,auto,from the Task D References line,"Aircraft lighting, as appropriate."
PA.II.D.K5,phak,explanation,auto,from the Task D References line,"Aircraft lighting, as appropriate."
PA.II.D.K5,risk-management,explanation,auto,from the Task D References line,"Aircraft lighting, as appropriate."
PA.II.D.K6,ac-91-73b,guidance,auto,from the Task D References line,Procedures for:
PA.II.D.K6,afh,explanation,auto,from the Task D References line,Procedures for:
PA.II.D.K6,aim,guidance,auto,from the Task D References line,Procedures for:
PA.II.D.K6,phak,explanation,auto,from the Task D References line,Procedures for:
PA.II.D.K6,risk-management,explanation,auto,from the Task D References line,Procedures for:
PA.II.D.K6a,ac-91-73b,guidance,auto,from the Task D References line,"a. Appropriate flight deck activities prior to taxi, including route planning and identifying the location of Hot Spots"
PA.II.D.K6a,afh,explanation,auto,from the Task D References line,"a. Appropriate flight deck activities prior to taxi, including route planning and identifying the location of Hot Spots"
PA.II.D.K6a,aim,guidance,auto,from the Task D References line,"a. Appropriate flight deck activities prior to taxi, including route planning and identifying the location of Hot Spots"
PA.II.D.K6a,phak,explanation,auto,from the Task D References line,"a. Appropriate flight deck activities prior to taxi, including route planning and identifying the location of Hot Spots"
PA.II.D.K6a,risk-management,explanation,auto,from the Task D References line,"a. Appropriate flight deck activities prior to taxi, including route planning and identifying the location of Hot Spots"
PA.II.D.K6b,ac-91-73b,guidance,auto,from the Task D References line,b. Radio communications at towered and nontowered airports
PA.II.D.K6b,afh,explanation,auto,from the Task D References line,b. Radio communications at towered and nontowered airports
PA.II.D.K6b,aim,guidance,auto,from the Task D References line,b. Radio communications at towered and nontowered airports
PA.II.D.K6b,phak,explanation,auto,from the Task D References line,b. Radio communications at towered and nontowered airports
PA.II.D.K6b,risk-management,explanation,auto,from the Task D References line,b. Radio communications at towered and nontowered airports
PA.II.D.K6c,ac-91-73b,guidance,auto,from the Task D References line,c. Entering or crossing runways
PA.II.D.K6c,afh,explanation,auto,from the Task D References line,c. Entering or crossing runways
PA.II.D.K6c,aim,guidance,auto,from the Task D References line,c. Entering or crossing runways
PA.II.D.K6c,phak,explanation,auto,from the Task D References line,c. Entering or crossing runways
PA.II.D.K6c,risk-management,explanation,auto,from the Task D References line,c. Entering or crossing runways
PA.II.D.K6d,ac-91-73b,guidance,auto,from the Task D References line,d. Night taxi operations
PA.II.D.K6d,afh,explanation,auto,from the Task D References line,d. Night taxi operations
PA.II.D.K6d,aim,guidance,auto,from the Task D References line,d. Night taxi operations
PA.II.D.K6d,phak,explanation,auto,from the Task D References line,d. Night taxi operations
PA.II.D.K6d,risk-management,explanation,auto,from the Task D References line,d. Night taxi operations
PA.II.D.K6e,ac-91-73b,guidance,auto,from the Task D References line,e. Low visibility taxi operations
PA.II.D.K6e,afh,explanation,auto,from the Task D References line,e. Low visibility taxi operations
PA.II.D.K6e,aim,guidance,auto,from the Task D References line,e. Low visibility taxi operations
PA.II.D.K6e,phak,explanation,auto,from the Task D References line,e. Low visibility taxi operations
PA.II.D.K6e,risk-management,explanation,auto,from the Task D References line,e. Low visibility taxi operations
PA.II.D.R1,ac-91-73b,guidance,auto,from the Task D References line,Activities and distractions.
PA.II.D.R1,afh,explanation,auto,from the Task D References line,Activities and distractions.
PA.II.D.R1,aim,guidance,auto,from the Task D References line,Activities and distractions.
PA.II.D.R1,phak,explanation,auto,from the Task D References line,Activities and distractions.
PA.II.D.R1,risk-management,explanation,auto,from the Task D References line,Activities and distractions.
PA.II.D.R2,ac-91-73b,guidance,auto,from the Task D References line,Confirmation or expectation bias as related to taxi instructions.
PA.II.D.R2,afh,explanation,auto,from the Task D References line,Confirmation or expectation bias as related to taxi instructions.
PA.II.D.R2,aim,guidance,auto,from the Task D References line,Confirmation or expectation bias as related to taxi instructions.
PA.II.D.R2,phak,explanation,auto,from the Task D References line,Confirmation or expectation bias as related to taxi instructions.
PA.II.D.R2,risk-management,explanation,auto,from the Task D References line,Confirmation or expectation bias as related to taxi instructions.
PA.II.D.R3,ac-91-73b,guidance,auto,from the Task D References line,A taxi route or departure runway change.
PA.II.D.R3,afh,explanation,auto,from the Task D References line,A taxi route or departure runway change.
PA.II.D.R3,aim,guidance,auto,from the Task D References line,A taxi route or departure runway change.
PA.II.D.R3,phak,explanation,auto,from the Task D References line,A taxi route or departure runway change.
PA.II.D.R3,risk-management,explanation,auto,from the Task D References line,A taxi route or departure runway change.
PA.II.D.R4,ac-91-73b,guidance,auto,from the Task D References line,Runway incursion.
PA.II.D.R4,afh,explanation,auto,from the Task D References line,Runway incursion.
PA.II.D.R4,aim,guidance,auto,from the Task D References line,Runway incursion.
PA.II.D.R4,phak,explanation,auto,from the Task D References line,Runway incursion.
PA.II.D.R4,risk-management,explanation,auto,from the Task D References line,Runway incursion.
PA.II.D.S1,ac-91-73b,guidance,auto,from the Task D References line,"Receive and correctly read back clearances/instructions, if applicable."
PA.II.D.S1,afh,explanation,auto,from the Task D References line,"Receive and correctly read back clearances/instructions, if applicable."
PA.II.D.S1,aim,guidance,auto,from the Task D References line,"Receive and correctly read back clearances/instructions, if applicable."
PA.II.D.S1,phak,explanation,auto,from the Task D References line,"Receive and correctly read back clearances/instructions, if applicable."
PA.II.D.S1,risk-management,explanation,auto,from the Task D References line,"Receive and correctly read back clearances/instructions, if applicable."
PA.II.D.S2,ac-91-73b,guidance,auto,from the Task D References line,"Use an airport diagram or taxi chart during taxi, if published, and maintain situational awareness."
PA.II.D.S2,afh,explanation,auto,from the Task D References line,"Use an airport diagram or taxi chart during taxi, if published, and maintain situational awareness."
PA.II.D.S2,aim,guidance,auto,from the Task D References line,"Use an airport diagram or taxi chart during taxi, if published, and maintain situational awareness."
PA.II.D.S2,phak,explanation,auto,from the Task D References line,"Use an airport diagram or taxi chart during taxi, if published, and maintain situational awareness."
PA.II.D.S2,risk-management,explanation,auto,from the Task D References line,"Use an airport diagram or taxi chart during taxi, if published, and maintain situational awareness."
PA.II.D.S3,ac-91-73b,guidance,auto,from the Task D References line,"Position the flight controls for the existing wind, if applicable."
PA.II.D.S3,afh,explanation,auto,from the Task D References line,"Position the flight controls for the existing wind, if applicable."
PA.II.D.S3,aim,guidance,auto,from the Task D References line,"Position the flight controls for the existing wind, if applicable."
PA.II.D.S3,phak,explanation,auto,from the Task D References line,"Position the flight controls for the existing wind, if applicable."
PA.II.D.S3,risk-management,explanation,auto,from the Task D References line,"Position the flight controls for the existing wind, if applicable."
PA.II.D.S4,ac-91-73b,guidance,auto,from the Task D References line,Complete the appropriate checklist(s).
PA.II.D.S4,afh,explanation,auto,from the Task D References line,Complete the appropriate checklist(s).
PA.II.D.S4,aim,guidance,auto,from the Task D References line,Complete the appropriate checklist(s).
PA.II.D.S4,phak,explanation,auto,from the Task D References line,Complete the appropriate checklist(s).
PA.II.D.S4,risk-management,explanation,auto,from the Task D References line,Complete the appropriate checklist(s).
PA.II.D.S5,ac-91-73b,guidance,auto,from the Task D References line,Perform a brake check immediately after the airplane begins moving.
PA.II.D.S5,afh,explanation,auto,from the Task D References line,Perform a brake check immediately after the airplane begins moving.
PA.II.D.S5,aim,guidance,auto,from the Task D References line,Perform a brake check immediately after the airplane begins moving.
PA.II.D.S5,phak,explanation,auto,from the Task D References line,Perform a brake check immediately after the airplane begins moving.
PA.II.D.S5,risk-management,explanation,auto,from the Task D References line,Perform a brake check immediately after the airplane begins moving.
PA.II.D.S6,ac-91-73b,guidance,auto,from the Task D References line,Maintain positive control of the airplane during ground operations by controlling direction and speed without excessive use of brakes.
PA.II.D.S6,afh,explanation,auto,from the Task D References line,Maintain positive control of the airplane during ground operations by controlling direction and speed without excessive use of brakes.
PA.II.D.S6,aim,guidance,auto,from the Task D References line,Maintain positive control of the airplane during ground operations by controlling direction and speed without excessive use of brakes.
PA.II.D.S6,phak,explanation,auto,from the Task D References line,Maintain positive control of the airplane during ground operations by controlling direction and speed without excessive use of brakes.
PA.II.D.S6,risk-management,explanation,auto,from the Task D References line,Maintain positive control of the airplane during ground operations by controlling direction and speed without excessive use of brakes.
PA.II.D.S7,ac-91-73b,guidance,auto,from the Task D References line,"Comply with airport/taxiway markings, signals, and air traffic control (ATC) clearances and instructions."
PA.II.D.S7,afh,explanation,auto,from the Task D References line,"Comply with airport/taxiway markings, signals, and air traffic control (ATC) clearances and instructions."
PA.II.D.S7,aim,guidance,auto,from the Task D References line,"Comply with airport/taxiway markings, signals, and air traffic control (ATC) clearances and instructions."
PA.II.D.S7,phak,explanation,auto,from the Task D References line,"Comply with airport/taxiway markings, signals, and air traffic control (ATC) clearances and instructions."
PA.II.D.S7,risk-management,explanation,auto,from the Task D References line,"Comply with airport/taxiway markings, signals, and air traffic control (ATC) clearances and instructions."
PA.II.D.S8,ac-91-73b,guidance,auto,from the Task D References line,Position the airplane properly relative to hold lines. Private Pilot for Airplane Category ACS (FAA-S-ACS-6C) 14
PA.II.D.S8,afh,explanation,auto,from the Task D References line,Position the airplane properly relative to hold lines. Private Pilot for Airplane Category ACS (FAA-S-ACS-6C) 14
PA.II.D.S8,aim,guidance,auto,from the Task D References line,Position the airplane properly relative to hold lines. Private Pilot for Airplane Category ACS (FAA-S-ACS-6C) 14
PA.II.D.S8,phak,explanation,auto,from the Task D References line,Position the airplane properly relative to hold lines. Private Pilot for Airplane Category ACS (FAA-S-ACS-6C) 14
PA.II.D.S8,risk-management,explanation,auto,from the Task D References line,Position the airplane properly relative to hold lines. Private Pilot for Airplane Category ACS (FAA-S-ACS-6C) 14
PA.II.E.K1,ac-91-73b,guidance,auto,from the Task E References line,"Airport information resources, including Chart Supplements, airport diagram, and appropriate references."
PA.II.E.K1,afh,explanation,auto,from the Task E References line,"Airport information resources, including Chart Supplements, airport diagram, and appropriate references."
PA.II.E.K1,aim,guidance,auto,from the Task E References line,"Airport information resources, including Chart Supplements, airport diagram, and appropriate references."
PA.II.E.K1,phak,explanation,auto,from the Task E References line,"Airport information resources, including Chart Supplements, airport diagram, and appropriate references."
PA.II.E.K1,risk-management,explanation,auto,from the Task E References line,"Airport information resources, including Chart Supplements, airport diagram, and appropriate references."
PA.II.E.K1,seaplane,explanation,auto,from the Task E References line,"Airport information resources, including Chart Supplements, airport diagram, and appropriate references."
PA.II.E.K2,ac-91-73b,guidance,auto,from the Task E References line,Taxi instructions/clearances.
PA.II.E.K2,afh,explanation,auto,from the Task E References line,Taxi instructions/clearances.
PA.II.E.K2,aim,guidance,auto,from the Task E References line,Taxi instructions/clearances.
PA.II.E.K2,phak,explanation,auto,from the Task E References line,Taxi instructions/clearances.
PA.II.E.K2,risk-management,explanation,auto,from the Task E References line,Taxi instructions/clearances.
PA.II.E.K2,seaplane,explanation,auto,from the Task E References line,Taxi instructions/clearances.
PA.II.E.K3,ac-91-73b,guidance,auto,from the Task E References line,"Airport/seaplane base markings, signs, and lights."
PA.II.E.K3,afh,explanation,auto,from the Task E References line,"Airport/seaplane base markings, signs, and lights."
PA.II.E.K3,aim,guidance,auto,from the Task E References line,"Airport/seaplane base markings, signs, and lights."
PA.II.E.K3,phak,explanation,auto,from the Task E References line,"Airport/seaplane base markings, signs, and lights."
PA.II.E.K3,risk-management,explanation,auto,from the Task E References line,"Airport/seaplane base markings, signs, and lights."
PA.II.E.K3,seaplane,explanation,auto,from the Task E References line,"Airport/seaplane base markings, signs, and lights."
PA.II.E.K4,ac-91-73b,guidance,auto,from the Task E References line,Visual indicators for wind.
PA.II.E.K4,afh,explanation,auto,from the Task E References line,Visual indicators for wind.
PA.II.E.K4,aim,guidance,auto,from the Task E References line,Visual indicators for wind.
PA.II.E.K4,phak,explanation,auto,from the Task E References line,Visual indicators for wind.
PA.II.E.K4,risk-management,explanation,auto,from the Task E References line,Visual indicators for wind.
PA.II.E.K4,seaplane,explanation,auto,from the Task E References line,Visual indicators for wind.
PA.II.E.K5,ac-91-73b,guidance,auto,from the Task E References line,Airplane lighting.
PA.II.E.K5,afh,explanation,auto,from the Task E References line,Airplane lighting.
PA.II.E.K5,aim,guidance,auto,from the Task E References line,Airplane lighting.
PA.II.E.K5,phak,explanation,auto,from the Task E References line,Airplane lighting.
PA.II.E.K5,risk-management,explanation,auto,from the Task E References line,Airplane lighting.
PA.II.E.K5,seaplane,explanation,auto,from the Task E References line,Airplane lighting.
PA.II.E.K6,ac-91-73b,guidance,auto,from the Task E References line,Procedures for:
PA.II.E.K6,afh,explanation,auto,from the Task E References line,Procedures for:
PA.II.E.K6,aim,guidance,auto,from the Task E References line,Procedures for:
PA.II.E.K6,phak,explanation,auto,from the Task E References line,Procedures for:
PA.II.E.K6,risk-management,explanation,auto,from the Task E References line,Procedures for:
PA.II.E.K6,seaplane,explanation,auto,from the Task E References line,Procedures for:
PA.II.E.K6a,ac-91-73b,guidance,auto,from the Task E References line,a. Appropriate flight deck activities during taxiing or sailing
PA.II.E.K6a,afh,explanation,auto,from the Task E References line,a. Appropriate flight deck activities during taxiing or sailing
PA.II.E.K6a,aim,guidance,auto,from the Task E References line,a. Appropriate flight deck activities during taxiing or sailing
PA.II.E.K6a,phak,explanation,auto,from the Task E References line,a. Appropriate flight deck activities during taxiing or sailing
PA.II.E.K6a,risk-management,explanation,auto,from the Task E References line,a. Appropriate flight deck activities during taxiing or sailing
PA.II.E.K6a,seaplane,explanation,auto,from the Task E References line,a. Appropriate flight deck activities during taxiing or sailing
PA.II.E.K6b,ac-91-73b,guidance,auto,from the Task E References line,b. Radio communications at towered and nontowered seaplane bases
PA.II.E.K6b,afh,explanation,auto,from the Task E References line,b. Radio communications at towered and nontowered seaplane bases
PA.II.E.K6b,aim,guidance,auto,from the Task E References line,b. Radio communications at towered and nontowered seaplane bases
PA.II.E.K6b,phak,explanation,auto,from the Task E References line,b. Radio communications at towered and nontowered seaplane bases
PA.II.E.K6b,risk-management,explanation,auto,from the Task E References line,b. Radio communications at towered and nontowered seaplane bases
PA.II.E.K6b,seaplane,explanation,auto,from the Task E References line,b. Radio communications at towered and nontowered seaplane bases
PA.II.E.R1,ac-91-73b,guidance,auto,from the Task E References line,Activities and distractions.
PA.II.E.R1,afh,explanation,auto,from the Task E References line,Activities and distractions.
PA.II.E.R1,aim,guidance,auto,from the Task E References line,Activities and distractions.
PA.II.E.R1,phak,explanation,auto,from the Task E References line,Activities and distractions.
PA.II.E.R1,risk-management,explanation,auto,from the Task E References line,Activities and distractions.
PA.II.E.R1,seaplane,explanation,auto,from the Task E References line,Activities and distractions.
PA.II.E.R2,ac-91-73b,guidance,auto,from the Task E References line,Porpoising and skipping.
PA.II.E.R2,afh,explanation,auto,from the Task E References line,Porpoising and skipping.
PA.II.E.R2,aim,guidance,auto,from the Task E References line,Porpoising and skipping.
PA.II.E.R2,phak,explanation,auto,from the Task E References line,Porpoising and skipping.
PA.II.E.R2,risk-management,explanation,auto,from the Task E References line,Porpoising and skipping.
PA.II.E.R2,seaplane,explanation,auto,from the Task E References line,Porpoising and skipping.
PA.II.E.R3,ac-91-73b,guidance,auto,from the Task E References line,Low visibility taxi and sailing operations.
PA.II.E.R3,afh,explanation,auto,from the Task E References line,Low visibility taxi and sailing operations.
PA.II.E.R3,aim,guidance,auto,from the Task E References line,Low visibility taxi and sailing operations.
PA.II.E.R3,phak,explanation,auto,from the Task E References line,Low visibility taxi and sailing operations.
PA.II.E.R3,risk-management,explanation,auto,from the Task E References line,Low visibility taxi and sailing operations.
PA.II.E.R3,seaplane,explanation,auto,from the Task E References line,Low visibility taxi and sailing operations.
PA.II.E.R4,ac-91-73b,guidance,auto,from the Task E References line,"Other aircraft, vessels, and hazards."
PA.II.E.R4,afh,explanation,auto,from the Task E References line,"Other aircraft, vessels, and hazards."
PA.II.E.R4,aim,guidance,auto,from the Task E References line,"Other aircraft, vessels, and hazards."
PA.II.E.R4,phak,explanation,auto,from the Task E References line,"Other aircraft, vessels, and hazards."
PA.II.E.R4,risk-management,explanation,auto,from the Task E References line,"Other aircraft, vessels, and hazards."
PA.II.E.R4,seaplane,explanation,auto,from the Task E References line,"Other aircraft, vessels, and hazards."
PA.II.E.R5,ac-91-73b,guidance,auto,from the Task E References line,Confirmation or expectation bias as related to taxi instructions.
PA.II.E.R5,afh,explanation,auto,from the Task E References line,Confirmation or expectation bias as related to taxi instructions.
PA.II.E.R5,aim,guidance,auto,from the Task E References line,Confirmation or expectation bias as related to taxi instructions.
PA.II.E.R5,phak,explanation,auto,from the Task E References line,Confirmation or expectation bias as related to taxi instructions.
PA.II.E.R5,risk-management,explanation,auto,from the Task E References line,Confirmation or expectation bias as related to taxi instructions.
PA.II.E.R5,seaplane,explanation,auto,from the Task E References line,Confirmation or expectation bias as related to taxi instructions.
PA.II.E.S1,ac-91-73b,guidance,auto,from the Task E References line,"Receive and correctly read back clearances/instructions, if applicable."
PA.II.E.S1,afh,explanation,auto,from the Task E References line,"Receive and correctly read back clearances/instructions, if applicable."
PA.II.E.S1,aim,guidance,auto,from the Task E References line,"Receive and correctly read back clearances/instructions, if applicable."
PA.II.E.S1,phak,explanation,auto,from the Task E References line,"Receive and correctly read back clearances/instructions, if applicable."
PA.II.E.S1,risk-management,explanation,auto,from the Task E References line,"Receive and correctly read back clearances/instructions, if applicable."
PA.II.E.S1,seaplane,explanation,auto,from the Task E References line,"Receive and correctly read back clearances/instructions, if applicable."
PA.II.E.S10,ac-91-73b,guidance,auto,from the Task E References line,Comply with applicable taxi elements in Task D if the practical test is conducted in an amphibious airplane.
PA.II.E.S10,afh,explanation,auto,from the Task E References line,Comply with applicable taxi elements in Task D if the practical test is conducted in an amphibious airplane.
PA.II.E.S10,aim,guidance,auto,from the Task E References line,Comply with applicable taxi elements in Task D if the practical test is conducted in an amphibious airplane.
PA.II.E.S10,phak,explanation,auto,from the Task E References line,Comply with applicable taxi elements in Task D if the practical test is conducted in an amphibious airplane.
PA.II.E.S10,risk-management,explanation,auto,from the Task E References line,Comply with applicable taxi elements in Task D if the practical test is conducted in an amphibious airplane.
PA.II.E.S10,seaplane,explanation,auto,from the Task E References line,Comply with applicable taxi elements in Task D if the practical test is conducted in an amphibious airplane.
PA.II.E.S2,ac-91-73b,guidance,auto,from the Task E References line,"Use an appropriate airport diagram or taxi chart, if published."
PA.II.E.S2,afh,explanation,auto,from the Task E References line,"Use an appropriate airport diagram or taxi chart, if published."
PA.II.E.S2,aim,guidance,auto,from the Task E References line,"Use an appropriate airport diagram or taxi chart, if published."
PA.II.E.S2,phak,explanation,auto,from the Task E References line,"Use an appropriate airport diagram or taxi chart, if published."
PA.II.E.S2,risk-management,explanation,auto,from the Task E References line,"Use an appropriate airport diagram or taxi chart, if published."
PA.II.E.S2,seaplane,explanation,auto,from the Task E References line,"Use an appropriate airport diagram or taxi chart, if published."
PA.II.E.S3,ac-91-73b,guidance,auto,from the Task E References line,"Comply with seaplane base/airport/taxiway markings, signals, and signs."
PA.II.E.S3,afh,explanation,auto,from the Task E References line,"Comply with seaplane base/airport/taxiway markings, signals, and signs."
PA.II.E.S3,aim,guidance,auto,from the Task E References line,"Comply with seaplane base/airport/taxiway markings, signals, and signs."
PA.II.E.S3,phak,explanation,auto,from the Task E References line,"Comply with seaplane base/airport/taxiway markings, signals, and signs."
PA.II.E.S3,risk-management,explanation,auto,from the Task E References line,"Comply with seaplane base/airport/taxiway markings, signals, and signs."
PA.II.E.S3,seaplane,explanation,auto,from the Task E References line,"Comply with seaplane base/airport/taxiway markings, signals, and signs."
PA.II.E.S4,ac-91-73b,guidance,auto,from the Task E References line,"Depart the dock/mooring buoy or beach/ramp in a safe manner, considering wind, current, traffic, and hazards."
PA.II.E.S4,afh,explanation,auto,from the Task E References line,"Depart the dock/mooring buoy or beach/ramp in a safe manner, considering wind, current, traffic, and hazards."
PA.II.E.S4,aim,guidance,auto,from the Task E References line,"Depart the dock/mooring buoy or beach/ramp in a safe manner, considering wind, current, traffic, and hazards."
PA.II.E.S4,phak,explanation,auto,from the Task E References line,"Depart the dock/mooring buoy or beach/ramp in a safe manner, considering wind, current, traffic, and hazards."
PA.II.E.S4,risk-management,explanation,auto,from the Task E References line,"Depart the dock/mooring buoy or beach/ramp in a safe manner, considering wind, current, traffic, and hazards."
PA.II.E.S4,seaplane,explanation,auto,from the Task E References line,"Depart the dock/mooring buoy or beach/ramp in a safe manner, considering wind, current, traffic, and hazards."
PA.II.E.S5,ac-91-73b,guidance,auto,from the Task E References line,Complete the appropriate checklist(s).
PA.II.E.S5,afh,explanation,auto,from the Task E References line,Complete the appropriate checklist(s).
PA.II.E.S5,aim,guidance,auto,from the Task E References line,Complete the appropriate checklist(s).
PA.II.E.S5,phak,explanation,auto,from the Task E References line,Complete the appropriate checklist(s).
PA.II.E.S5,risk-management,explanation,auto,from the Task E References line,Complete the appropriate checklist(s).
PA.II.E.S5,seaplane,explanation,auto,from the Task E References line,Complete the appropriate checklist(s).
PA.II.E.S6,ac-91-73b,guidance,auto,from the Task E References line,"Position the flight controls, flaps, doors, water rudders, and power correctly for the existing conditions to follow the desired course while sailing and to prevent or correct for porpoising and skipping during step taxi."
PA.II.E.S6,afh,explanation,auto,from the Task E References line,"Position the flight controls, flaps, doors, water rudders, and power correctly for the existing conditions to follow the desired course while sailing and to prevent or correct for porpoising and skipping during step taxi."
PA.II.E.S6,aim,guidance,auto,from the Task E References line,"Position the flight controls, flaps, doors, water rudders, and power correctly for the existing conditions to follow the desired course while sailing and to prevent or correct for porpoising and skipping during step taxi."
PA.II.E.S6,phak,explanation,auto,from the Task E References line,"Position the flight controls, flaps, doors, water rudders, and power correctly for the existing conditions to follow the desired course while sailing and to prevent or correct for porpoising and skipping during step taxi."
PA.II.E.S6,risk-management,explanation,auto,from the Task E References line,"Position the flight controls, flaps, doors, water rudders, and power correctly for the existing conditions to follow the desired course while sailing and to prevent or correct for porpoising and skipping during step taxi."
PA.II.E.S6,seaplane,explanation,auto,from the Task E References line,"Position the flight controls, flaps, doors, water rudders, and power correctly for the existing conditions to follow the desired course while sailing and to prevent or correct for porpoising and skipping during step taxi."
PA.II.E.S7,ac-91-73b,guidance,auto,from the Task E References line,"Exhibit procedures for steering and maneuvering while maintaining proper situational awareness and desired orientation, path, and position while taxiing using idle, plow, or step taxi technique, as appropriate."
PA.II.E.S7,afh,explanation,auto,from the Task E References line,"Exhibit procedures for steering and maneuvering while maintaining proper situational awareness and desired orientation, path, and position while taxiing using idle, plow, or step taxi technique, as appropriate."
PA.II.E.S7,aim,guidance,auto,from the Task E References line,"Exhibit procedures for steering and maneuvering while maintaining proper situational awareness and desired orientation, path, and position while taxiing using idle, plow, or step taxi technique, as appropriate."
PA.II.E.S7,phak,explanation,auto,from the Task E References line,"Exhibit procedures for steering and maneuvering while maintaining proper situational awareness and desired orientation, path, and position while taxiing using idle, plow, or step taxi technique, as appropriate."
PA.II.E.S7,risk-management,explanation,auto,from the Task E References line,"Exhibit procedures for steering and maneuvering while maintaining proper situational awareness and desired orientation, path, and position while taxiing using idle, plow, or step taxi technique, as appropriate."
PA.II.E.S7,seaplane,explanation,auto,from the Task E References line,"Exhibit procedures for steering and maneuvering while maintaining proper situational awareness and desired orientation, path, and position while taxiing using idle, plow, or step taxi technique, as appropriate."
PA.II.E.S8,ac-91-73b,guidance,auto,from the Task E References line,Plan and follow the most favorable taxi or sailing course for current conditions. Private Pilot for Airplane Category ACS (FAA-S-ACS-6C) 15
PA.II.E.S8,afh,explanation,auto,from the Task E References line,Plan and follow the most favorable taxi or sailing course for current conditions. Private Pilot for Airplane Category ACS (FAA-S-ACS-6C) 15
PA.II.E.S8,aim,guidance,auto,from the Task E References line,Plan and follow the most favorable taxi or sailing course for current conditions. Private Pilot for Airplane Category ACS (FAA-S-ACS-6C) 15
PA.II.E.S8,phak,explanation,auto,from the Task E References line,Plan and follow the most favorable taxi or sailing course for current conditions. Private Pilot for Airplane Category ACS (FAA-S-ACS-6C) 15
PA.II.E.S8,risk-management,explanation,auto,from the Task E References line,Plan and follow the most favorable taxi or sailing course for current conditions. Private Pilot for Airplane Category ACS (FAA-S-ACS-6C) 15
PA.II.E.S8,seaplane,explanation,auto,from the Task E References line,Plan and follow the most favorable taxi or sailing course for current conditions. Private Pilot for Airplane Category ACS (FAA-S-ACS-6C) 15
PA.II.E.S9,ac-91-73b,guidance,auto,from the Task E References line,"Abide by right-of-way rules, maintain positive airplane control, proper speed, and separation between other aircraft, vessels, and persons."
PA.II.E.S9,afh,explanation,auto,from the Task E References line,"Abide by right-of-way rules, maintain positive airplane control, proper speed, and separation between other aircraft, vessels, and persons."
PA.II.E.S9,aim,guidance,auto,from the Task E References line,"Abide by right-of-way rules, maintain positive airplane control, proper speed, and separation between other aircraft, vessels, and persons."
PA.II.E.S9,phak,explanation,auto,from the Task E References line,"Abide by right-of-way rules, maintain positive airplane control, proper speed, and separation between other aircraft, vessels, and persons."
PA.II.E.S9,risk-management,explanation,auto,from the Task E References line,"Abide by right-of-way rules, maintain positive airplane control, proper speed, and separation between other aircraft, vessels, and persons."
PA.II.E.S9,seaplane,explanation,auto,from the Task E References line,"Abide by right-of-way rules, maintain positive airplane control, proper speed, and separation between other aircraft, vessels, and persons."
PA.II.F.K1,afh,explanation,auto,from the Task F References line,"Purpose of before takeoff checklist items, including:"
PA.II.F.K1,phak,explanation,auto,from the Task F References line,"Purpose of before takeoff checklist items, including:"
PA.II.F.K1,risk-management,explanation,auto,from the Task F References line,"Purpose of before takeoff checklist items, including:"
PA.II.F.K1,seaplane,explanation,auto,from the Task F References line,"Purpose of before takeoff checklist items, including:"
PA.II.F.K1a,afh,explanation,auto,from the Task F References line,a. Reasons for checking each item
PA.II.F.K1a,phak,explanation,auto,from the Task F References line,a. Reasons for checking each item
PA.II.F.K1a,risk-management,explanation,auto,from the Task F References line,a. Reasons for checking each item
PA.II.F.K1a,seaplane,explanation,auto,from the Task F References line,a. Reasons for checking each item
PA.II.F.K1b,afh,explanation,auto,from the Task F References line,b. Detecting malfunctions
PA.II.F.K1b,phak,explanation,auto,from the Task F References line,b. Detecting malfunctions
PA.II.F.K1b,risk-management,explanation,auto,from the Task F References line,b. Detecting malfunctions
PA.II.F.K1b,seaplane,explanation,auto,from the Task F References line,b. Detecting malfunctions
PA.II.F.K1c,afh,explanation,auto,from the Task F References line,c. Ensuring the aircraft is in safe operating condition as recommended by the manufacturer
PA.II.F.K1c,phak,explanation,auto,from the Task F References line,c. Ensuring the aircraft is in safe operating condition as recommended by the manufacturer
PA.II.F.K1c,risk-management,explanation,auto,from the Task F References line,c. Ensuring the aircraft is in safe operating condition as recommended by the manufacturer
PA.II.F.K1c,seaplane,explanation,auto,from the Task F References line,c. Ensuring the aircraft is in safe operating condition as recommended by the manufacturer
PA.II.F.R1,afh,explanation,auto,from the Task F References line,Division of attention while conducting before takeoff checks.
PA.II.F.R1,phak,explanation,auto,from the Task F References line,Division of attention while conducting before takeoff checks.
PA.II.F.R1,risk-management,explanation,auto,from the Task F References line,Division of attention while conducting before takeoff checks.
PA.II.F.R1,seaplane,explanation,auto,from the Task F References line,Division of attention while conducting before takeoff checks.
PA.II.F.R2,afh,explanation,auto,from the Task F References line,Unexpected runway changes by air traffic control (ATC).
PA.II.F.R2,phak,explanation,auto,from the Task F References line,Unexpected runway changes by air traffic control (ATC).
PA.II.F.R2,risk-management,explanation,auto,from the Task F References line,Unexpected runway changes by air traffic control (ATC).
PA.II.F.R2,seaplane,explanation,auto,from the Task F References line,Unexpected runway changes by air traffic control (ATC).
PA.II.F.R3,afh,explanation,auto,from the Task F References line,Wake turbulence.
PA.II.F.R3,phak,explanation,auto,from the Task F References line,Wake turbulence.
PA.II.F.R3,risk-management,explanation,auto,from the Task F References line,Wake turbulence.
PA.II.F.R3,seaplane,explanation,auto,from the Task F References line,Wake turbulence.
PA.II.F.R4,afh,explanation,auto,from the Task F References line,"Potential powerplant failure during takeoff or other malfunction considering operational factors such as airplane characteristics, runway/takeoff path length, surface conditions, environmental conditions, and obstructions."
PA.II.F.R4,phak,explanation,auto,from the Task F References line,"Potential powerplant failure during takeoff or other malfunction considering operational factors such as airplane characteristics, runway/takeoff path length, surface conditions, environmental conditions, and obstructions."
PA.II.F.R4,risk-management,explanation,auto,from the Task F References line,"Potential powerplant failure during takeoff or other malfunction considering operational factors such as airplane characteristics, runway/takeoff path length, surface conditions, environmental conditions, and obstructions."
PA.II.F.R4,seaplane,explanation,auto,from the Task F References line,"Potential powerplant failure during takeoff or other malfunction considering operational factors such as airplane characteristics, runway/takeoff path length, surface conditions, environmental conditions, and obstructions."
PA.II.F.S1,afh,explanation,auto,from the Task F References line,Review takeoff performance.
PA.II.F.S1,phak,explanation,auto,from the Task F References line,Review takeoff performance.
PA.II.F.S1,risk-management,explanation,auto,from the Task F References line,Review takeoff performance.
PA.II.F.S1,seaplane,explanation,auto,from the Task F References line,Review takeoff performance.
PA.II.F.S2,afh,explanation,auto,from the Task F References line,Complete the appropriate checklist(s).
PA.II.F.S2,phak,explanation,auto,from the Task F References line,Complete the appropriate checklist(s).
PA.II.F.S2,risk-management,explanation,auto,from the Task F References line,Complete the appropriate checklist(s).
PA.II.F.S2,seaplane,explanation,auto,from the Task F References line,Complete the appropriate checklist(s).
PA.II.F.S3,afh,explanation,auto,from the Task F References line,"Position the airplane appropriately considering wind direction and the presence of any aircraft, vessels, or buildings as applicable."
PA.II.F.S3,phak,explanation,auto,from the Task F References line,"Position the airplane appropriately considering wind direction and the presence of any aircraft, vessels, or buildings as applicable."
PA.II.F.S3,risk-management,explanation,auto,from the Task F References line,"Position the airplane appropriately considering wind direction and the presence of any aircraft, vessels, or buildings as applicable."
PA.II.F.S3,seaplane,explanation,auto,from the Task F References line,"Position the airplane appropriately considering wind direction and the presence of any aircraft, vessels, or buildings as applicable."
PA.II.F.S4,afh,explanation,auto,from the Task F References line,Divide attention inside and outside the flight deck.
PA.II.F.S4,phak,explanation,auto,from the Task F References line,Divide attention inside and outside the flight deck.
PA.II.F.S4,risk-management,explanation,auto,from the Task F References line,Divide attention inside and outside the flight deck.
PA.II.F.S4,seaplane,explanation,auto,from the Task F References line,Divide attention inside and outside the flight deck.
PA.II.F.S5,afh,explanation,auto,from the Task F References line,Verify that engine parameters and airplane configuration are suitable. Private Pilot for Airplane Category ACS (FAA-S-ACS-6C) 16
PA.II.F.S5,phak,explanation,auto,from the Task F References line,Verify that engine parameters and airplane configuration are suitable. Private Pilot for Airplane Category ACS (FAA-S-ACS-6C) 16
PA.II.F.S5,risk-management,explanation,auto,from the Task F References line,Verify that engine parameters and airplane configuration are suitable. Private Pilot for Airplane Category ACS (FAA-S-ACS-6C) 16
PA.II.F.S5,seaplane,explanation,auto,from the Task F References line,Verify that engine parameters and airplane configuration are suitable. Private Pilot for Airplane Category ACS (FAA-S-ACS-6C) 16
PA.III.A.K1,14cfr:part-91,regulation,auto,from the Task A References line,How to obtain appropriate radio frequencies.
PA.III.A.K1,afh,explanation,auto,from the Task A References line,How to obtain appropriate radio frequencies.
PA.III.A.K1,aim,guidance,auto,from the Task A References line,How to obtain appropriate radio frequencies.
PA.III.A.K1,phak,explanation,auto,from the Task A References line,How to obtain appropriate radio frequencies.
PA.III.A.K1,risk-management,explanation,auto,from the Task A References line,How to obtain appropriate radio frequencies.
PA.III.A.K2,14cfr:part-91,regulation,auto,from the Task A References line,Proper radio communication procedures and air traffic control (ATC) phraseology.
PA.III.A.K2,afh,explanation,auto,from the Task A References line,Proper radio communication procedures and air traffic control (ATC) phraseology.
PA.III.A.K2,aim,guidance,auto,from the Task A References line,Proper radio communication procedures and air traffic control (ATC) phraseology.
PA.III.A.K2,phak,explanation,auto,from the Task A References line,Proper radio communication procedures and air traffic control (ATC) phraseology.
PA.III.A.K2,risk-management,explanation,auto,from the Task A References line,Proper radio communication procedures and air traffic control (ATC) phraseology.
PA.III.A.K3,14cfr:part-91,regulation,auto,from the Task A References line,ATC light signal recognition.
PA.III.A.K3,afh,explanation,auto,from the Task A References line,ATC light signal recognition.
PA.III.A.K3,aim,guidance,auto,from the Task A References line,ATC light signal recognition.
PA.III.A.K3,phak,explanation,auto,from the Task A References line,ATC light signal recognition.
PA.III.A.K3,risk-management,explanation,auto,from the Task A References line,ATC light signal recognition.
PA.III.A.K4,14cfr:part-91,regulation,auto,from the Task A References line,Appropriate use of transponder(s).
PA.III.A.K4,afh,explanation,auto,from the Task A References line,Appropriate use of transponder(s).
PA.III.A.K4,aim,guidance,auto,from the Task A References line,Appropriate use of transponder(s).
PA.III.A.K4,phak,explanation,auto,from the Task A References line,Appropriate use of transponder(s).
PA.III.A.K4,risk-management,explanation,auto,from the Task A References line,Appropriate use of transponder(s).
PA.III.A.K5,14cfr:part-91,regulation,auto,from the Task A References line,Lost communication procedures.
PA.III.A.K5,afh,explanation,auto,from the Task A References line,Lost communication procedures.
PA.III.A.K5,aim,guidance,auto,from the Task A References line,Lost communication procedures.
PA.III.A.K5,phak,explanation,auto,from the Task A References line,Lost communication procedures.
PA.III.A.K5,risk-management,explanation,auto,from the Task A References line,Lost communication procedures.
PA.III.A.K6,14cfr:part-91,regulation,auto,from the Task A References line,Equipment issues that could cause loss of communication.
PA.III.A.K6,afh,explanation,auto,from the Task A References line,Equipment issues that could cause loss of communication.
PA.III.A.K6,aim,guidance,auto,from the Task A References line,Equipment issues that could cause loss of communication.
PA.III.A.K6,phak,explanation,auto,from the Task A References line,Equipment issues that could cause loss of communication.
PA.III.A.K6,risk-management,explanation,auto,from the Task A References line,Equipment issues that could cause loss of communication.
PA.III.A.K7,14cfr:part-91,regulation,auto,from the Task A References line,Radar assistance.
PA.III.A.K7,afh,explanation,auto,from the Task A References line,Radar assistance.
PA.III.A.K7,aim,guidance,auto,from the Task A References line,Radar assistance.
PA.III.A.K7,phak,explanation,auto,from the Task A References line,Radar assistance.
PA.III.A.K7,risk-management,explanation,auto,from the Task A References line,Radar assistance.
PA.III.A.K8,14cfr:part-91,regulation,auto,from the Task A References line,National Transportation Safety Board (NTSB) accident/incident reporting.
PA.III.A.K8,afh,explanation,auto,from the Task A References line,National Transportation Safety Board (NTSB) accident/incident reporting.
PA.III.A.K8,aim,guidance,auto,from the Task A References line,National Transportation Safety Board (NTSB) accident/incident reporting.
PA.III.A.K8,phak,explanation,auto,from the Task A References line,National Transportation Safety Board (NTSB) accident/incident reporting.
PA.III.A.K8,risk-management,explanation,auto,from the Task A References line,National Transportation Safety Board (NTSB) accident/incident reporting.
PA.III.A.K9,14cfr:part-91,regulation,auto,from the Task A References line,Runway Status Lighting Systems.
PA.III.A.K9,afh,explanation,auto,from the Task A References line,Runway Status Lighting Systems.
PA.III.A.K9,aim,guidance,auto,from the Task A References line,Runway Status Lighting Systems.
PA.III.A.K9,phak,explanation,auto,from the Task A References line,Runway Status Lighting Systems.
PA.III.A.K9,risk-management,explanation,auto,from the Task A References line,Runway Status Lighting Systems.
PA.III.A.R1,14cfr:part-91,regulation,auto,from the Task A References line,Communication.
PA.III.A.R1,afh,explanation,auto,from the Task A References line,Communication.
PA.III.A.R1,aim,guidance,auto,from the Task A References line,Communication.
PA.III.A.R1,phak,explanation,auto,from the Task A References line,Communication.
PA.III.A.R1,risk-management,explanation,auto,from the Task A References line,Communication.
PA.III.A.R2,14cfr:part-91,regulation,auto,from the Task A References line,Deciding if and when to declare an emergency.
PA.III.A.R2,afh,explanation,auto,from the Task A References line,Deciding if and when to declare an emergency.
PA.III.A.R2,aim,guidance,auto,from the Task A References line,Deciding if and when to declare an emergency.
PA.III.A.R2,phak,explanation,auto,from the Task A References line,Deciding if and when to declare an emergency.
PA.III.A.R2,risk-management,explanation,auto,from the Task A References line,Deciding if and when to declare an emergency.
PA.III.A.R3,14cfr:part-91,regulation,auto,from the Task A References line,[Archived]
PA.III.A.R3,afh,explanation,auto,from the Task A References line,[Archived]
PA.III.A.R3,aim,guidance,auto,from the Task A References line,[Archived]
PA.III.A.R3,phak,explanation,auto,from the Task A References line,[Archived]
PA.III.A.R3,risk-management,explanation,auto,from the Task A References line,[Archived]
PA.III.A.R4,14cfr:part-91,regulation,auto,from the Task A References line,Use of non-standard phraseology.
PA.III.A.R4,afh,explanation,auto,from the Task A References line,Use of non-standard phraseology.
PA.III.A.R4,aim,guidance,auto,from the Task A References line,Use of non-standard phraseology.
PA.III.A.R4,phak,explanation,auto,from the Task A References line,Use of non-standard phraseology.
PA.III.A.R4,risk-management,explanation,auto,from the Task A References line,Use of non-standard phraseology.
PA.III.A.S1,14cfr:part-91,regulation,auto,from the Task A References line,Select and activate appropriate frequencies.
PA.III.A.S1,afh,explanation,auto,from the Task A References line,Select and activate appropriate frequencies.
PA.III.A.S1,aim,guidance,auto,from the Task A References line,Select and activate appropriate frequencies.
PA.III.A.S1,phak,explanation,auto,from the Task A References line,Select and activate appropriate frequencies.
PA.III.A.S1,risk-management,explanation,auto,from the Task A References line,Select and activate appropriate frequencies.
PA.III.A.S2,14cfr:part-91,regulation,auto,from the Task A References line,Transmit using standard phraseology and procedures as specified in the Aeronautical Information Manual (AIM) and Pilot/Controller Glossary.
PA.III.A.S2,afh,explanation,auto,from the Task A References line,Transmit using standard phraseology and procedures as specified in the Aeronautical Information Manual (AIM) and Pilot/Controller Glossary.
PA.III.A.S2,aim,guidance,auto,from the Task A References line,Transmit using standard phraseology and procedures as specified in the Aeronautical Information Manual (AIM) and Pilot/Controller Glossary.
PA.III.A.S2,phak,explanation,auto,from the Task A References line,Transmit using standard phraseology and procedures as specified in the Aeronautical Information Manual (AIM) and Pilot/Controller Glossary.
PA.III.A.S2,risk-management,explanation,auto,from the Task A References line,Transmit using standard phraseology and procedures as specified in the Aeronautical Information Manual (AIM) and Pilot/Controller Glossary.
PA.III.A.S3,14cfr:part-91,regulation,auto,from the Task A References line,Acknowledge radio communications and comply with ATC instructions or as directed by the evaluator.
PA.III.A.S3,afh,explanation,auto,from the Task A References line,Acknowledge radio communications and comply with ATC instructions or as directed by the evaluator.
PA.III.A.S3,aim,guidance,auto,from the Task A References line,Acknowledge radio communications and comply with ATC instructions or as directed by the evaluator.
PA.III.A.S3,phak,explanation,auto,from the Task A References line,Acknowledge radio communications and comply with ATC instructions or as directed by the evaluator.
PA.III.A.S3,risk-management,explanation,auto,from the Task A References line,Acknowledge radio communications and comply with ATC instructions or as directed by the evaluator.
PA.III.B.K1,14cfr:part-91,regulation,auto,from the Task B References line,Towered and nontowered airport operations. Private Pilot for Airplane Category ACS (FAA-S-ACS-6C) 17
PA.III.B.K1,afh,explanation,auto,from the Task B References line,Towered and nontowered airport operations. Private Pilot for Airplane Category ACS (FAA-S-ACS-6C) 17
PA.III.B.K1,aim,guidance,auto,from the Task B References line,Towered and nontowered airport operations. Private Pilot for Airplane Category ACS (FAA-S-ACS-6C) 17
PA.III.B.K1,phak,explanation,auto,from the Task B References line,Towered and nontowered airport operations. Private Pilot for Airplane Category ACS (FAA-S-ACS-6C) 17
PA.III.B.K1,risk-management,explanation,auto,from the Task B References line,Towered and nontowered airport operations. Private Pilot for Airplane Category ACS (FAA-S-ACS-6C) 17
PA.III.B.K2,14cfr:part-91,regulation,auto,from the Task B References line,Traffic pattern selection for the current conditions.
PA.III.B.K2,afh,explanation,auto,from the Task B References line,Traffic pattern selection for the current conditions.
PA.III.B.K2,aim,guidance,auto,from the Task B References line,Traffic pattern selection for the current conditions.
PA.III.B.K2,phak,explanation,auto,from the Task B References line,Traffic pattern selection for the current conditions.
PA.III.B.K2,risk-management,explanation,auto,from the Task B References line,Traffic pattern selection for the current conditions.
PA.III.B.K3,14cfr:part-91,regulation,auto,from the Task B References line,Right-of-way rules.
PA.III.B.K3,afh,explanation,auto,from the Task B References line,Right-of-way rules.
PA.III.B.K3,aim,guidance,auto,from the Task B References line,Right-of-way rules.
PA.III.B.K3,phak,explanation,auto,from the Task B References line,Right-of-way rules.
PA.III.B.K3,risk-management,explanation,auto,from the Task B References line,Right-of-way rules.
PA.III.B.K4,14cfr:part-91,regulation,auto,from the Task B References line,Use of automated weather and airport information.
PA.III.B.K4,afh,explanation,auto,from the Task B References line,Use of automated weather and airport information.
PA.III.B.K4,aim,guidance,auto,from the Task B References line,Use of automated weather and airport information.
PA.III.B.K4,phak,explanation,auto,from the Task B References line,Use of automated weather and airport information.
PA.III.B.K4,risk-management,explanation,auto,from the Task B References line,Use of automated weather and airport information.
PA.III.B.R1,14cfr:part-91,regulation,auto,from the Task B References line,Collision hazards.
PA.III.B.R1,afh,explanation,auto,from the Task B References line,Collision hazards.
PA.III.B.R1,aim,guidance,auto,from the Task B References line,Collision hazards.
PA.III.B.R1,phak,explanation,auto,from the Task B References line,Collision hazards.
PA.III.B.R1,risk-management,explanation,auto,from the Task B References line,Collision hazards.
PA.III.B.R2,14cfr:part-91,regulation,auto,from the Task B References line,"Distractions, task prioritization, loss of situational awareness, or disorientation."
PA.III.B.R2,afh,explanation,auto,from the Task B References line,"Distractions, task prioritization, loss of situational awareness, or disorientation."
PA.III.B.R2,aim,guidance,auto,from the Task B References line,"Distractions, task prioritization, loss of situational awareness, or disorientation."
PA.III.B.R2,phak,explanation,auto,from the Task B References line,"Distractions, task prioritization, loss of situational awareness, or disorientation."
PA.III.B.R2,risk-management,explanation,auto,from the Task B References line,"Distractions, task prioritization, loss of situational awareness, or disorientation."
PA.III.B.R3,14cfr:part-91,regulation,auto,from the Task B References line,Windshear and wake turbulence.
PA.III.B.R3,afh,explanation,auto,from the Task B References line,Windshear and wake turbulence.
PA.III.B.R3,aim,guidance,auto,from the Task B References line,Windshear and wake turbulence.
PA.III.B.R3,phak,explanation,auto,from the Task B References line,Windshear and wake turbulence.
PA.III.B.R3,risk-management,explanation,auto,from the Task B References line,Windshear and wake turbulence.
PA.III.B.S1,14cfr:part-91,regulation,auto,from the Task B References line,"Identify and interpret airport/seaplane base runways, taxiways, markings, signs, and lighting."
PA.III.B.S1,afh,explanation,auto,from the Task B References line,"Identify and interpret airport/seaplane base runways, taxiways, markings, signs, and lighting."
PA.III.B.S1,aim,guidance,auto,from the Task B References line,"Identify and interpret airport/seaplane base runways, taxiways, markings, signs, and lighting."
PA.III.B.S1,phak,explanation,auto,from the Task B References line,"Identify and interpret airport/seaplane base runways, taxiways, markings, signs, and lighting."
PA.III.B.S1,risk-management,explanation,auto,from the Task B References line,"Identify and interpret airport/seaplane base runways, taxiways, markings, signs, and lighting."
PA.III.B.S2,14cfr:part-91,regulation,auto,from the Task B References line,Comply with recommended traffic pattern procedures.
PA.III.B.S2,afh,explanation,auto,from the Task B References line,Comply with recommended traffic pattern procedures.
PA.III.B.S2,aim,guidance,auto,from the Task B References line,Comply with recommended traffic pattern procedures.
PA.III.B.S2,phak,explanation,auto,from the Task B References line,Comply with recommended traffic pattern procedures.
PA.III.B.S2,risk-management,explanation,auto,from the Task B References line,Comply with recommended traffic pattern procedures.
PA.III.B.S3,14cfr:part-91,regulation,auto,from the Task B References line,Correct for wind drift to maintain the proper ground track.
PA.III.B.S3,afh,explanation,auto,from the Task B References line,Correct for wind drift to maintain the proper ground track.
PA.III.B.S3,aim,guidance,auto,from the Task B References line,Correct for wind drift to maintain the proper ground track.
PA.III.B.S3,phak,explanation,auto,from the Task B References line,Correct for wind drift to maintain the proper ground track.
PA.III.B.S3,risk-management,explanation,auto,from the Task B References line,Correct for wind drift to maintain the proper ground track.
PA.III.B.S4,14cfr:part-91,regulation,auto,from the Task B References line,Maintain orientation with the runway/landing area in use.
PA.III.B.S4,afh,explanation,auto,from the Task B References line,Maintain orientation with the runway/landing area in use.
PA.III.B.S4,aim,guidance,auto,from the Task B References line,Maintain orientation with the runway/landing area in use.
PA.III.B.S4,phak,explanation,auto,from the Task B References line,Maintain orientation with the runway/landing area in use.
PA.III.B.S4,risk-management,explanation,auto,from the Task B References line,Maintain orientation with the runway/landing area in use.
PA.III.B.S5,14cfr:part-91,regulation,auto,from the Task B References line,"Maintain traffic pattern altitude, ±100 feet, and the appropriate airspeed, ±10 knots."
PA.III.B.S5,afh,explanation,auto,from the Task B References line,"Maintain traffic pattern altitude, ±100 feet, and the appropriate airspeed, ±10 knots."
PA.III.B.S5,aim,guidance,auto,from the Task B References line,"Maintain traffic pattern altitude, ±100 feet, and the appropriate airspeed, ±10 knots."
PA.III.B.S5,phak,explanation,auto,from the Task B References line,"Maintain traffic pattern altitude, ±100 feet, and the appropriate airspeed, ±10 knots."
PA.III.B.S5,risk-management,explanation,auto,from the Task B References line,"Maintain traffic pattern altitude, ±100 feet, and the appropriate airspeed, ±10 knots."
PA.III.B.S6,14cfr:part-91,regulation,auto,from the Task B References line,Maintain situational awareness and proper spacing from other aircraft in the traffic pattern. Private Pilot for Airplane Category ACS (FAA-S-ACS-6C) 18
PA.III.B.S6,afh,explanation,auto,from the Task B References line,Maintain situational awareness and proper spacing from other aircraft in the traffic pattern. Private Pilot for Airplane Category ACS (FAA-S-ACS-6C) 18
PA.III.B.S6,aim,guidance,auto,from the Task B References line,Maintain situational awareness and proper spacing from other aircraft in the traffic pattern. Private Pilot for Airplane Category ACS (FAA-S-ACS-6C) 18
PA.III.B.S6,phak,explanation,auto,from the Task B References line,Maintain situational awareness and proper spacing from other aircraft in the traffic pattern. Private Pilot for Airplane Category ACS (FAA-S-ACS-6C) 18
PA.III.B.S6,risk-management,explanation,auto,from the Task B References line,Maintain situational awareness and proper spacing from other aircraft in the traffic pattern. Private Pilot for Airplane Category ACS (FAA-S-ACS-6C) 18
PA.IV.A.K1,afh,explanation,auto,from the Task A References line,"Effects of atmospheric conditions, including wind, on takeoff and climb performance."
PA.IV.A.K1,aim,guidance,auto,from the Task A References line,"Effects of atmospheric conditions, including wind, on takeoff and climb performance."
PA.IV.A.K1,phak,explanation,auto,from the Task A References line,"Effects of atmospheric conditions, including wind, on takeoff and climb performance."
PA.IV.A.K1,risk-management,explanation,auto,from the Task A References line,"Effects of atmospheric conditions, including wind, on takeoff and climb performance."
PA.IV.A.K1,seaplane,explanation,auto,from the Task A References line,"Effects of atmospheric conditions, including wind, on takeoff and climb performance."
PA.IV.A.K2,afh,explanation,auto,from the Task A References line,Best angle of climb speed (VX) and best rate of climb speed (VY).
PA.IV.A.K2,aim,guidance,auto,from the Task A References line,Best angle of climb speed (VX) and best rate of climb speed (VY).
PA.IV.A.K2,phak,explanation,auto,from the Task A References line,Best angle of climb speed (VX) and best rate of climb speed (VY).
PA.IV.A.K2,risk-management,explanation,auto,from the Task A References line,Best angle of climb speed (VX) and best rate of climb speed (VY).
PA.IV.A.K2,seaplane,explanation,auto,from the Task A References line,Best angle of climb speed (VX) and best rate of climb speed (VY).
PA.IV.A.K3,afh,explanation,auto,from the Task A References line,Appropriate airplane configuration.
PA.IV.A.K3,aim,guidance,auto,from the Task A References line,Appropriate airplane configuration.
PA.IV.A.K3,phak,explanation,auto,from the Task A References line,Appropriate airplane configuration.
PA.IV.A.K3,risk-management,explanation,auto,from the Task A References line,Appropriate airplane configuration.
PA.IV.A.K3,seaplane,explanation,auto,from the Task A References line,Appropriate airplane configuration.
PA.IV.A.R1,afh,explanation,auto,from the Task A References line,"Selection of runway or takeoff path based on aircraft performance and limitations, available distance, and wind."
PA.IV.A.R1,aim,guidance,auto,from the Task A References line,"Selection of runway or takeoff path based on aircraft performance and limitations, available distance, and wind."
PA.IV.A.R1,phak,explanation,auto,from the Task A References line,"Selection of runway or takeoff path based on aircraft performance and limitations, available distance, and wind."
PA.IV.A.R1,risk-management,explanation,auto,from the Task A References line,"Selection of runway or takeoff path based on aircraft performance and limitations, available distance, and wind."
PA.IV.A.R1,seaplane,explanation,auto,from the Task A References line,"Selection of runway or takeoff path based on aircraft performance and limitations, available distance, and wind."
PA.IV.A.R2,afh,explanation,auto,from the Task A References line,Effects of:
PA.IV.A.R2,aim,guidance,auto,from the Task A References line,Effects of:
PA.IV.A.R2,phak,explanation,auto,from the Task A References line,Effects of:
PA.IV.A.R2,risk-management,explanation,auto,from the Task A References line,Effects of:
PA.IV.A.R2,seaplane,explanation,auto,from the Task A References line,Effects of:
PA.IV.A.R2a,afh,explanation,auto,from the Task A References line,a. Crosswind
PA.IV.A.R2a,aim,guidance,auto,from the Task A References line,a. Crosswind
PA.IV.A.R2a,phak,explanation,auto,from the Task A References line,a. Crosswind
PA.IV.A.R2a,risk-management,explanation,auto,from the Task A References line,a. Crosswind
PA.IV.A.R2a,seaplane,explanation,auto,from the Task A References line,a. Crosswind
PA.IV.A.R2b,afh,explanation,auto,from the Task A References line,b. Windshear
PA.IV.A.R2b,aim,guidance,auto,from the Task A References line,b. Windshear
PA.IV.A.R2b,phak,explanation,auto,from the Task A References line,b. Windshear
PA.IV.A.R2b,risk-management,explanation,auto,from the Task A References line,b. Windshear
PA.IV.A.R2b,seaplane,explanation,auto,from the Task A References line,b. Windshear
PA.IV.A.R2c,afh,explanation,auto,from the Task A References line,c. Tailwind
PA.IV.A.R2c,aim,guidance,auto,from the Task A References line,c. Tailwind
PA.IV.A.R2c,phak,explanation,auto,from the Task A References line,c. Tailwind
PA.IV.A.R2c,risk-management,explanation,auto,from the Task A References line,c. Tailwind
PA.IV.A.R2c,seaplane,explanation,auto,from the Task A References line,c. Tailwind
PA.IV.A.R2d,afh,explanation,auto,from the Task A References line,d. Wake turbulence
PA.IV.A.R2d,aim,guidance,auto,from the Task A References line,d. Wake turbulence
PA.IV.A.R2d,phak,explanation,auto,from the Task A References line,d. Wake turbulence
PA.IV.A.R2d,risk-management,explanation,auto,from the Task A References line,d. Wake turbulence
PA.IV.A.R2d,seaplane,explanation,auto,from the Task A References line,d. Wake turbulence
PA.IV.A.R2e,afh,explanation,auto,from the Task A References line,e. Takeoff surface/condition
PA.IV.A.R2e,aim,guidance,auto,from the Task A References line,e. Takeoff surface/condition
PA.IV.A.R2e,phak,explanation,auto,from the Task A References line,e. Takeoff surface/condition
PA.IV.A.R2e,risk-management,explanation,auto,from the Task A References line,e. Takeoff surface/condition
PA.IV.A.R2e,seaplane,explanation,auto,from the Task A References line,e. Takeoff surface/condition
PA.IV.A.R3,afh,explanation,auto,from the Task A References line,"Abnormal operations, including planning for:"
PA.IV.A.R3,aim,guidance,auto,from the Task A References line,"Abnormal operations, including planning for:"
PA.IV.A.R3,phak,explanation,auto,from the Task A References line,"Abnormal operations, including planning for:"
PA.IV.A.R3,risk-management,explanation,auto,from the Task A References line,"Abnormal operations, including planning for:"
PA.IV.A.R3,seaplane,explanation,auto,from the Task A References line,"Abnormal operations, including planning for:"
PA.IV.A.R3a,afh,explanation,auto,from the Task A References line,a. Rejected takeoff
PA.IV.A.R3a,aim,guidance,auto,from the Task A References line,a. Rejected takeoff
PA.IV.A.R3a,phak,explanation,auto,from the Task A References line,a. Rejected takeoff
PA.IV.A.R3a,risk-management,explanation,auto,from the Task A References line,a. Rejected takeoff
PA.IV.A.R3a,seaplane,explanation,auto,from the Task A References line,a. Rejected takeoff
PA.IV.A.R3b,afh,explanation,auto,from the Task A References line,b. Potential engine failure in takeoff/climb phase of flight
PA.IV.A.R3b,aim,guidance,auto,from the Task A References line,b. Potential engine failure in takeoff/climb phase of flight
PA.IV.A.R3b,phak,explanation,auto,from the Task A References line,b. Potential engine failure in takeoff/climb phase of flight
PA.IV.A.R3b,risk-management,explanation,auto,from the Task A References line,b. Potential engine failure in takeoff/climb phase of flight
PA.IV.A.R3b,seaplane,explanation,auto,from the Task A References line,b. Potential engine failure in takeoff/climb phase of flight
PA.IV.A.R4,afh,explanation,auto,from the Task A References line,Collision hazards.
PA.IV.A.R4,aim,guidance,auto,from the Task A References line,Collision hazards.
PA.IV.A.R4,phak,explanation,auto,from the Task A References line,Collision hazards.
PA.IV.A.R4,risk-management,explanation,auto,from the Task A References line,Collision hazards.
PA.IV.A.R4,seaplane,explanation,auto,from the Task A References line,Collision hazards.
PA.IV.A.R5,afh,explanation,auto,from the Task A References line,"Low altitude maneuvering, including stall, spin, or controlled flight into terrain (CFIT)."
PA.IV.A.R5,aim,guidance,auto,from the Task A References line,"Low altitude maneuvering, including stall, spin, or controlled flight into terrain (CFIT)."
PA.IV.A.R5,phak,explanation,auto,from the Task A References line,"Low altitude maneuvering, including stall, spin, or controlled flight into terrain (CFIT)."
PA.IV.A.R5,risk-management,explanation,auto,from the Task A References line,"Low altitude maneuvering, including stall, spin, or controlled flight into terrain (CFIT)."
PA.IV.A.R5,seaplane,explanation,auto,from the Task A References line,"Low altitude maneuvering, including stall, spin, or controlled flight into terrain (CFIT)."
PA.IV.A.R6,afh,explanation,auto,from the Task A References line,"Distractions, task prioritization, loss of situational awareness, or disorientation."
PA.IV.A.R6,aim,guidance,auto,from the Task A References line,"Distractions, task prioritization, loss of situational awareness, or disorientation."
PA.IV.A.R6,phak,explanation,auto,from the Task A References line,"Distractions, task prioritization, loss of situational awareness, or disorientation."
PA.IV.A.R6,risk-management,explanation,auto,from the Task A References line,"Distractions, task prioritization, loss of situational awareness, or disorientation."
PA.IV.A.R6,seaplane,explanation,auto,from the Task A References line,"Distractions, task prioritization, loss of situational awareness, or disorientation."
PA.IV.A.R7,afh,explanation,auto,from the Task A References line,Runway incursion.
PA.IV.A.R7,aim,guidance,auto,from the Task A References line,Runway incursion.
PA.IV.A.R7,phak,explanation,auto,from the Task A References line,Runway incursion.
PA.IV.A.R7,risk-management,explanation,auto,from the Task A References line,Runway incursion.
PA.IV.A.R7,seaplane,explanation,auto,from the Task A References line,Runway incursion.
PA.IV.A.S1,afh,explanation,auto,from the Task A References line,Complete the appropriate checklist(s).
PA.IV.A.S1,aim,guidance,auto,from the Task A References line,Complete the appropriate checklist(s).
PA.IV.A.S1,phak,explanation,auto,from the Task A References line,Complete the appropriate checklist(s).
PA.IV.A.S1,risk-management,explanation,auto,from the Task A References line,Complete the appropriate checklist(s).
PA.IV.A.S1,seaplane,explanation,auto,from the Task A References line,Complete the appropriate checklist(s).
PA.IV.A.S10,afh,explanation,auto,from the Task A References line,[Archived]
PA.IV.A.S10,aim,guidance,auto,from the Task A References line,[Archived]
PA.IV.A.S10,phak,explanation,auto,from the Task A References line,[Archived]
PA.IV.A.S10,risk-management,explanation,auto,from the Task A References line,[Archived]
PA.IV.A.S10,seaplane,explanation,auto,from the Task A References line,[Archived]
PA.IV.A.S11,afh,explanation,auto,from the Task A References line,"Establish a pitch attitude to maintain the manufacturer’s recommended speed or VY, +10/-5 knots."
PA.IV.A.S11,aim,guidance,auto,from the Task A References line,"Establish a pitch attitude to maintain the manufacturer’s recommended speed or VY, +10/-5 knots."
PA.IV.A.S11,phak,explanation,auto,from the Task A References line,"Establish a pitch attitude to maintain the manufacturer’s recommended speed or VY, +10/-5 knots."
PA.IV.A.S11,risk-management,explanation,auto,from the Task A References line,"Establish a pitch attitude to maintain the manufacturer’s recommended speed or VY, +10/-5 knots."
PA.IV.A.S11,seaplane,explanation,auto,from the Task A References line,"Establish a pitch attitude to maintain the manufacturer’s recommended speed or VY, +10/-5 knots."
PA.IV.A.S12,afh,explanation,auto,from the Task A References line,Configure the airplane in accordance with manufacturer’s guidance.
PA.IV.A.S12,aim,guidance,auto,from the Task A References line,Configure the airplane in accordance with manufacturer’s guidance.
PA.IV.A.S12,phak,explanation,auto,from the Task A References line,Configure the airplane in accordance with manufacturer’s guidance.
PA.IV.A.S12,risk-management,explanation,auto,from the Task A References line,Configure the airplane in accordance with manufacturer’s guidance.
PA.IV.A.S12,seaplane,explanation,auto,from the Task A References line,Configure the airplane in accordance with manufacturer’s guidance.
PA.IV.A.S13,afh,explanation,auto,from the Task A References line,Maintain VY +10/-5 knots to a safe maneuvering altitude.
PA.IV.A.S13,aim,guidance,auto,from the Task A References line,Maintain VY +10/-5 knots to a safe maneuvering altitude.
PA.IV.A.S13,phak,explanation,auto,from the Task A References line,Maintain VY +10/-5 knots to a safe maneuvering altitude.
PA.IV.A.S13,risk-management,explanation,auto,from the Task A References line,Maintain VY +10/-5 knots to a safe maneuvering altitude.
PA.IV.A.S13,seaplane,explanation,auto,from the Task A References line,Maintain VY +10/-5 knots to a safe maneuvering altitude.
PA.IV.A.S14,afh,explanation,auto,from the Task A References line,Maintain directional control and proper wind-drift correction throughout takeoff and climb.
PA.IV.A.S14,aim,guidance,auto,from the Task A References line,Maintain directional control and proper wind-drift correction throughout takeoff and climb.
PA.IV.A.S14,phak,explanation,auto,from the Task A References line,Maintain directional control and proper wind-drift correction throughout takeoff and climb.
PA.IV.A.S14,risk-management,explanation,auto,from the Task A References line,Maintain directional control and proper wind-drift correction throughout takeoff and climb.
PA.IV.A.S14,seaplane,explanation,auto,from the Task A References line,Maintain directional control and proper wind-drift correction throughout takeoff and climb.
PA.IV.A.S15,afh,explanation,auto,from the Task A References line,"Comply with noise abatement procedures, as applicable."
PA.IV.A.S15,aim,guidance,auto,from the Task A References line,"Comply with noise abatement procedures, as applicable."
PA.IV.A.S15,phak,explanation,auto,from the Task A References line,"Comply with noise abatement procedures, as applicable."
PA.IV.A.S15,risk-management,explanation,auto,from the Task A References line,"Comply with noise abatement procedures, as applicable."
PA.IV.A.S15,seaplane,explanation,auto,from the Task A References line,"Comply with noise abatement procedures, as applicable."
PA.IV.A.S2,afh,explanation,auto,from the Task A References line,Make radio calls as appropriate.
PA.IV.A.S2,aim,guidance,auto,from the Task A References line,Make radio calls as appropriate.
PA.IV.A.S2,phak,explanation,auto,from the Task A References line,Make radio calls as appropriate.
PA.IV.A.S2,risk-management,explanation,auto,from the Task A References line,Make radio calls as appropriate.
PA.IV.A.S2,seaplane,explanation,auto,from the Task A References line,Make radio calls as appropriate.
PA.IV.A.S3,afh,explanation,auto,from the Task A References line,Verify assigned/correct runway or takeoff path.
PA.IV.A.S3,aim,guidance,auto,from the Task A References line,Verify assigned/correct runway or takeoff path.
PA.IV.A.S3,phak,explanation,auto,from the Task A References line,Verify assigned/correct runway or takeoff path.
PA.IV.A.S3,risk-management,explanation,auto,from the Task A References line,Verify assigned/correct runway or takeoff path.
PA.IV.A.S3,seaplane,explanation,auto,from the Task A References line,Verify assigned/correct runway or takeoff path.
PA.IV.A.S4,afh,explanation,auto,from the Task A References line,Determine wind direction with or without visible wind direction indicators. Private Pilot for Airplane Category ACS (FAA-S-ACS-6C) 19
PA.IV.A.S4,aim,guidance,auto,from the Task A References line,Determine wind direction with or without visible wind direction indicators. Private Pilot for Airplane Category ACS (FAA-S-ACS-6C) 19
PA.IV.A.S4,phak,explanation,auto,from the Task A References line,Determine wind direction with or without visible wind direction indicators. Private Pilot for Airplane Category ACS (FAA-S-ACS-6C) 19
PA.IV.A.S4,risk-management,explanation,auto,from the Task A References line,Determine wind direction with or without visible wind direction indicators. Private Pilot for Airplane Category ACS (FAA-S-ACS-6C) 19
PA.IV.A.S4,seaplane,explanation,auto,from the Task A References line,Determine wind direction with or without visible wind direction indicators. Private Pilot for Airplane Category ACS (FAA-S-ACS-6C) 19
PA.IV.A.S5,afh,explanation,auto,from the Task A References line,"Position the flight controls for the existing wind, if applicable."
PA.IV.A.S5,aim,guidance,auto,from the Task A References line,"Position the flight controls for the existing wind, if applicable."
PA.IV.A.S5,phak,explanation,auto,from the Task A References line,"Position the flight controls for the existing wind, if applicable."
PA.IV.A.S5,risk-management,explanation,auto,from the Task A References line,"Position the flight controls for the existing wind, if applicable."
PA.IV.A.S5,seaplane,explanation,auto,from the Task A References line,"Position the flight controls for the existing wind, if applicable."
PA.IV.A.S6,afh,explanation,auto,from the Task A References line,"Clear the area, taxi into takeoff position, and align the airplane on the runway centerline (ASEL, AMEL) or takeoff path (ASES, AMES)."
PA.IV.A.S6,aim,guidance,auto,from the Task A References line,"Clear the area, taxi into takeoff position, and align the airplane on the runway centerline (ASEL, AMEL) or takeoff path (ASES, AMES)."
PA.IV.A.S6,phak,explanation,auto,from the Task A References line,"Clear the area, taxi into takeoff position, and align the airplane on the runway centerline (ASEL, AMEL) or takeoff path (ASES, AMES)."
PA.IV.A.S6,risk-management,explanation,auto,from the Task A References line,"Clear the area, taxi into takeoff position, and align the airplane on the runway centerline (ASEL, AMEL) or takeoff path (ASES, AMES)."
PA.IV.A.S6,seaplane,explanation,auto,from the Task A References line,"Clear the area, taxi into takeoff position, and align the airplane on the runway centerline (ASEL, AMEL) or takeoff path (ASES, AMES)."
PA.IV.A.S6a,afh,explanation,auto,from the Task A References line,"a. Retract the water rudders, as appropriate (ASES, AMES)"
PA.IV.A.S6a,aim,guidance,auto,from the Task A References line,"a. Retract the water rudders, as appropriate (ASES, AMES)"
PA.IV.A.S6a,phak,explanation,auto,from the Task A References line,"a. Retract the water rudders, as appropriate (ASES, AMES)"
PA.IV.A.S6a,risk-management,explanation,auto,from the Task A References line,"a. Retract the water rudders, as appropriate (ASES, AMES)"
PA.IV.A.S6a,seaplane,explanation,auto,from the Task A References line,"a. Retract the water rudders, as appropriate (ASES, AMES)"
PA.IV.A.S7,afh,explanation,auto,from the Task A References line,Advance the throttle smoothly to takeoff power and confirm proper engine and flight instrument indications prior to rotation.
PA.IV.A.S7,aim,guidance,auto,from the Task A References line,Advance the throttle smoothly to takeoff power and confirm proper engine and flight instrument indications prior to rotation.
PA.IV.A.S7,phak,explanation,auto,from the Task A References line,Advance the throttle smoothly to takeoff power and confirm proper engine and flight instrument indications prior to rotation.
PA.IV.A.S7,risk-management,explanation,auto,from the Task A References line,Advance the throttle smoothly to takeoff power and confirm proper engine and flight instrument indications prior to rotation.
PA.IV.A.S7,seaplane,explanation,auto,from the Task A References line,Advance the throttle smoothly to takeoff power and confirm proper engine and flight instrument indications prior to rotation.
PA.IV.A.S7a,afh,explanation,auto,from the Task A References line,"a. Establish and maintain the most efficient planing/lift-off attitude, and correct for porpoising or skipping (ASES, AMES)"
PA.IV.A.S7a,aim,guidance,auto,from the Task A References line,"a. Establish and maintain the most efficient planing/lift-off attitude, and correct for porpoising or skipping (ASES, AMES)"
PA.IV.A.S7a,phak,explanation,auto,from the Task A References line,"a. Establish and maintain the most efficient planing/lift-off attitude, and correct for porpoising or skipping (ASES, AMES)"
PA.IV.A.S7a,risk-management,explanation,auto,from the Task A References line,"a. Establish and maintain the most efficient planing/lift-off attitude, and correct for porpoising or skipping (ASES, AMES)"
PA.IV.A.S7a,seaplane,explanation,auto,from the Task A References line,"a. Establish and maintain the most efficient planing/lift-off attitude, and correct for porpoising or skipping (ASES, AMES)"
PA.IV.A.S8,afh,explanation,auto,from the Task A References line,"Avoid excessive water spray on the propeller(s) (ASES, AMES)."
PA.IV.A.S8,aim,guidance,auto,from the Task A References line,"Avoid excessive water spray on the propeller(s) (ASES, AMES)."
PA.IV.A.S8,phak,explanation,auto,from the Task A References line,"Avoid excessive water spray on the propeller(s) (ASES, AMES)."
PA.IV.A.S8,risk-management,explanation,auto,from the Task A References line,"Avoid excessive water spray on the propeller(s) (ASES, AMES)."
PA.IV.A.S8,seaplane,explanation,auto,from the Task A References line,"Avoid excessive water spray on the propeller(s) (ASES, AMES)."
PA.IV.A.S9,afh,explanation,auto,from the Task A References line,Rotate and lift off at the recommended airspeed and accelerate to VY.
PA.IV.A.S9,aim,guidance,auto,from the Task A References line,Rotate and lift off at the recommended airspeed and accelerate to VY.
PA.IV.A.S9,phak,explanation,auto,from the Task A References line,Rotate and lift off at the recommended airspeed and accelerate to VY.
PA.IV.A.S9,risk-management,explanation,auto,from the Task A References line,Rotate and lift off at the recommended airspeed and accelerate to VY.
PA.IV.A.S9,seaplane,explanation,auto,from the Task A References line,Rotate and lift off at the recommended airspeed and accelerate to VY.
PA.IV.B.K1,afh,explanation,auto,from the Task B References line,"A stabilized approach, including energy management concepts."
PA.IV.B.K1,aim,guidance,auto,from the Task B References line,"A stabilized approach, including energy management concepts."
PA.IV.B.K1,phak,explanation,auto,from the Task B References line,"A stabilized approach, including energy management concepts."
PA.IV.B.K1,risk-management,explanation,auto,from the Task B References line,"A stabilized approach, including energy management concepts."
PA.IV.B.K1,seaplane,explanation,auto,from the Task B References line,"A stabilized approach, including energy management concepts."
PA.IV.B.K2,afh,explanation,auto,from the Task B References line,"Effects of atmospheric conditions, including wind, on approach and landing performance."
PA.IV.B.K2,aim,guidance,auto,from the Task B References line,"Effects of atmospheric conditions, including wind, on approach and landing performance."
PA.IV.B.K2,phak,explanation,auto,from the Task B References line,"Effects of atmospheric conditions, including wind, on approach and landing performance."
PA.IV.B.K2,risk-management,explanation,auto,from the Task B References line,"Effects of atmospheric conditions, including wind, on approach and landing performance."
PA.IV.B.K2,seaplane,explanation,auto,from the Task B References line,"Effects of atmospheric conditions, including wind, on approach and landing performance."
PA.IV.B.K3,afh,explanation,auto,from the Task B References line,Wind correction techniques on approach and landing.
PA.IV.B.K3,aim,guidance,auto,from the Task B References line,Wind correction techniques on approach and landing.
PA.IV.B.K3,phak,explanation,auto,from the Task B References line,Wind correction techniques on approach and landing.
PA.IV.B.K3,risk-management,explanation,auto,from the Task B References line,Wind correction techniques on approach and landing.
PA.IV.B.K3,seaplane,explanation,auto,from the Task B References line,Wind correction techniques on approach and landing.
PA.IV.B.R1,afh,explanation,auto,from the Task B References line,"Selection of runway/landing surface, approach path, and touchdown area based on pilot capability, aircraft performance and limitations, available distance, and wind."
PA.IV.B.R1,aim,guidance,auto,from the Task B References line,"Selection of runway/landing surface, approach path, and touchdown area based on pilot capability, aircraft performance and limitations, available distance, and wind."
PA.IV.B.R1,phak,explanation,auto,from the Task B References line,"Selection of runway/landing surface, approach path, and touchdown area based on pilot capability, aircraft performance and limitations, available distance, and wind."
PA.IV.B.R1,risk-management,explanation,auto,from the Task B References line,"Selection of runway/landing surface, approach path, and touchdown area based on pilot capability, aircraft performance and limitations, available distance, and wind."
PA.IV.B.R1,seaplane,explanation,auto,from the Task B References line,"Selection of runway/landing surface, approach path, and touchdown area based on pilot capability, aircraft performance and limitations, available distance, and wind."
PA.IV.B.R2,afh,explanation,auto,from the Task B References line,Effects of:
PA.IV.B.R2,aim,guidance,auto,from the Task B References line,Effects of:
PA.IV.B.R2,phak,explanation,auto,from the Task B References line,Effects of:
PA.IV.B.R2,risk-management,explanation,auto,from the Task B References line,Effects of:
PA.IV.B.R2,seaplane,explanation,auto,from the Task B References line,Effects of:
PA.IV.B.R2a,afh,explanation,auto,from the Task B References line,a. Crosswind
PA.IV.B.R2a,aim,guidance,auto,from the Task B References line,a. Crosswind
PA.IV.B.R2a,phak,explanation,auto,from the Task B References line,a. Crosswind
PA.IV.B.R2a,risk-management,explanation,auto,from the Task B References line,a. Crosswind
PA.IV.B.R2a,seaplane,explanation,auto,from the Task B References line,a. Crosswind
PA.IV.B.R2b,afh,explanation,auto,from the Task B References line,b. Windshear
PA.IV.B.R2b,aim,guidance,auto,from the Task B References line,b. Windshear
PA.IV.B.R2b,phak,explanation,auto,from the Task B References line,b. Windshear
PA.IV.B.R2b,risk-management,explanation,auto,from the Task B References line,b. Windshear
PA.IV.B.R2b,seaplane,explanation,auto,from the Task B References line,b. Windshear
PA.IV.B.R2c,afh,explanation,auto,from the Task B References line,c. Tailwind
PA.IV.B.R2c,aim,guidance,auto,from the Task B References line,c. Tailwind
PA.IV.B.R2c,phak,explanation,auto,from the Task B References line,c. Tailwind
PA.IV.B.R2c,risk-management,explanation,auto,from the Task B References line,c. Tailwind
PA.IV.B.R2c,seaplane,explanation,auto,from the Task B References line,c. Tailwind
PA.IV.B.R2d,afh,explanation,auto,from the Task B References line,d. Wake turbulence Private Pilot for Airplane Category ACS (FAA-S-ACS-6C) 20
PA.IV.B.R2d,aim,guidance,auto,from the Task B References line,d. Wake turbulence Private Pilot for Airplane Category ACS (FAA-S-ACS-6C) 20
PA.IV.B.R2d,phak,explanation,auto,from the Task B References line,d. Wake turbulence Private Pilot for Airplane Category ACS (FAA-S-ACS-6C) 20
PA.IV.B.R2d,risk-management,explanation,auto,from the Task B References line,d. Wake turbulence Private Pilot for Airplane Category ACS (FAA-S-ACS-6C) 20
PA.IV.B.R2d,seaplane,explanation,auto,from the Task B References line,d. Wake turbulence Private Pilot for Airplane Category ACS (FAA-S-ACS-6C) 20
PA.IV.B.R2e,afh,explanation,auto,from the Task B References line,e. Landing surface/condition
PA.IV.B.R2e,aim,guidance,auto,from the Task B References line,e. Landing surface/condition
PA.IV.B.R2e,phak,explanation,auto,from the Task B References line,e. Landing surface/condition
PA.IV.B.R2e,risk-management,explanation,auto,from the Task B References line,e. Landing surface/condition
PA.IV.B.R2e,seaplane,explanation,auto,from the Task B References line,e. Landing surface/condition
PA.IV.B.R3,afh,explanation,auto,from the Task B References line,Planning for:
PA.IV.B.R3,aim,guidance,auto,from the Task B References line,Planning for:
PA.IV.B.R3,phak,explanation,auto,from the Task B References line,Planning for:
PA.IV.B.R3,risk-management,explanation,auto,from the Task B References line,Planning for:
PA.IV.B.R3,seaplane,explanation,auto,from the Task B References line,Planning for:
PA.IV.B.R3a,afh,explanation,auto,from the Task B References line,a. Rejected landing and go-around
PA.IV.B.R3a,aim,guidance,auto,from the Task B References line,a. Rejected landing and go-around
PA.IV.B.R3a,phak,explanation,auto,from the Task B References line,a. Rejected landing and go-around
PA.IV.B.R3a,risk-management,explanation,auto,from the Task B References line,a. Rejected landing and go-around
PA.IV.B.R3a,seaplane,explanation,auto,from the Task B References line,a. Rejected landing and go-around
PA.IV.B.R3b,afh,explanation,auto,from the Task B References line,b. Land and hold short operations (LAHSO)
PA.IV.B.R3b,aim,guidance,auto,from the Task B References line,b. Land and hold short operations (LAHSO)
PA.IV.B.R3b,phak,explanation,auto,from the Task B References line,b. Land and hold short operations (LAHSO)
PA.IV.B.R3b,risk-management,explanation,auto,from the Task B References line,b. Land and hold short operations (LAHSO)
PA.IV.B.R3b,seaplane,explanation,auto,from the Task B References line,b. Land and hold short operations (LAHSO)
PA.IV.B.R4,afh,explanation,auto,from the Task B References line,Collision hazards.
PA.IV.B.R4,aim,guidance,auto,from the Task B References line,Collision hazards.
PA.IV.B.R4,phak,explanation,auto,from the Task B References line,Collision hazards.
PA.IV.B.R4,risk-management,explanation,auto,from the Task B References line,Collision hazards.
PA.IV.B.R4,seaplane,explanation,auto,from the Task B References line,Collision hazards.
PA.IV.B.R5,afh,explanation,auto,from the Task B References line,"Low altitude maneuvering, including stall, spin, or controlled flight into terrain (CFIT)."
PA.IV.B.R5,aim,guidance,auto,from the Task B References line,"Low altitude maneuvering, including stall, spin, or controlled flight into terrain (CFIT)."
PA.IV.B.R5,phak,explanation,auto,from the Task B References line,"Low altitude maneuvering, including stall, spin, or controlled flight into terrain (CFIT)."
PA.IV.B.R5,risk-management,explanation,auto,from the Task B References line,"Low altitude maneuvering, including stall, spin, or controlled flight into terrain (CFIT)."
PA.IV.B.R5,seaplane,explanation,auto,from the Task B References line,"Low altitude maneuvering, including stall, spin, or controlled flight into terrain (CFIT)."
PA.IV.B.R6,afh,explanation,auto,from the Task B References line,"Distractions, task prioritization, loss of situational awareness, or disorientation."
PA.IV.B.R6,aim,guidance,auto,from the Task B References line,"Distractions, task prioritization, loss of situational awareness, or disorientation."
PA.IV.B.R6,phak,explanation,auto,from the Task B References line,"Distractions, task prioritization, loss of situational awareness, or disorientation."
PA.IV.B.R6,risk-management,explanation,auto,from the Task B References line,"Distractions, task prioritization, loss of situational awareness, or disorientation."
PA.IV.B.R6,seaplane,explanation,auto,from the Task B References line,"Distractions, task prioritization, loss of situational awareness, or disorientation."
PA.IV.B.S1,afh,explanation,auto,from the Task B References line,Complete the appropriate checklist(s).
PA.IV.B.S1,aim,guidance,auto,from the Task B References line,Complete the appropriate checklist(s).
PA.IV.B.S1,phak,explanation,auto,from the Task B References line,Complete the appropriate checklist(s).
PA.IV.B.S1,risk-management,explanation,auto,from the Task B References line,Complete the appropriate checklist(s).
PA.IV.B.S1,seaplane,explanation,auto,from the Task B References line,Complete the appropriate checklist(s).
PA.IV.B.S10,afh,explanation,auto,from the Task B References line,"Touch down at a proper pitch attitude, within 400 feet beyond or on the specified point, with no side drift, and with the airplane’s longitudinal axis aligned with and over the runway center/landing path."
PA.IV.B.S10,aim,guidance,auto,from the Task B References line,"Touch down at a proper pitch attitude, within 400 feet beyond or on the specified point, with no side drift, and with the airplane’s longitudinal axis aligned with and over the runway center/landing path."
PA.IV.B.S10,phak,explanation,auto,from the Task B References line,"Touch down at a proper pitch attitude, within 400 feet beyond or on the specified point, with no side drift, and with the airplane’s longitudinal axis aligned with and over the runway center/landing path."
PA.IV.B.S10,risk-management,explanation,auto,from the Task B References line,"Touch down at a proper pitch attitude, within 400 feet beyond or on the specified point, with no side drift, and with the airplane’s longitudinal axis aligned with and over the runway center/landing path."
PA.IV.B.S10,seaplane,explanation,auto,from the Task B References line,"Touch down at a proper pitch attitude, within 400 feet beyond or on the specified point, with no side drift, and with the airplane’s longitudinal axis aligned with and over the runway center/landing path."
PA.IV.B.S11,afh,explanation,auto,from the Task B References line,Execute a timely go-around if the approach cannot be made within the tolerances specified above or for any other condition that may result in an unsafe approach or landing.
PA.IV.B.S11,aim,guidance,auto,from the Task B References line,Execute a timely go-around if the approach cannot be made within the tolerances specified above or for any other condition that may result in an unsafe approach or landing.
PA.IV.B.S11,phak,explanation,auto,from the Task B References line,Execute a timely go-around if the approach cannot be made within the tolerances specified above or for any other condition that may result in an unsafe approach or landing.
PA.IV.B.S11,risk-management,explanation,auto,from the Task B References line,Execute a timely go-around if the approach cannot be made within the tolerances specified above or for any other condition that may result in an unsafe approach or landing.
PA.IV.B.S11,seaplane,explanation,auto,from the Task B References line,Execute a timely go-around if the approach cannot be made within the tolerances specified above or for any other condition that may result in an unsafe approach or landing.
PA.IV.B.S12,afh,explanation,auto,from the Task B References line,"Use runway incursion avoidance procedures, if applicable."
PA.IV.B.S12,aim,guidance,auto,from the Task B References line,"Use runway incursion avoidance procedures, if applicable."
PA.IV.B.S12,phak,explanation,auto,from the Task B References line,"Use runway incursion avoidance procedures, if applicable."
PA.IV.B.S12,risk-management,explanation,auto,from the Task B References line,"Use runway incursion avoidance procedures, if applicable."
PA.IV.B.S12,seaplane,explanation,auto,from the Task B References line,"Use runway incursion avoidance procedures, if applicable."
PA.IV.B.S2,afh,explanation,auto,from the Task B References line,Make radio calls as appropriate.
PA.IV.B.S2,aim,guidance,auto,from the Task B References line,Make radio calls as appropriate.
PA.IV.B.S2,phak,explanation,auto,from the Task B References line,Make radio calls as appropriate.
PA.IV.B.S2,risk-management,explanation,auto,from the Task B References line,Make radio calls as appropriate.
PA.IV.B.S2,seaplane,explanation,auto,from the Task B References line,Make radio calls as appropriate.
PA.IV.B.S3,afh,explanation,auto,from the Task B References line,Ensure the airplane is aligned with the correct/assigned runway or landing surface.
PA.IV.B.S3,aim,guidance,auto,from the Task B References line,Ensure the airplane is aligned with the correct/assigned runway or landing surface.
PA.IV.B.S3,phak,explanation,auto,from the Task B References line,Ensure the airplane is aligned with the correct/assigned runway or landing surface.
PA.IV.B.S3,risk-management,explanation,auto,from the Task B References line,Ensure the airplane is aligned with the correct/assigned runway or landing surface.
PA.IV.B.S3,seaplane,explanation,auto,from the Task B References line,Ensure the airplane is aligned with the correct/assigned runway or landing surface.
PA.IV.B.S4,afh,explanation,auto,from the Task B References line,Scan the runway or landing surface and adjoining area for traffic and obstructions.
PA.IV.B.S4,aim,guidance,auto,from the Task B References line,Scan the runway or landing surface and adjoining area for traffic and obstructions.
PA.IV.B.S4,phak,explanation,auto,from the Task B References line,Scan the runway or landing surface and adjoining area for traffic and obstructions.
PA.IV.B.S4,risk-management,explanation,auto,from the Task B References line,Scan the runway or landing surface and adjoining area for traffic and obstructions.
PA.IV.B.S4,seaplane,explanation,auto,from the Task B References line,Scan the runway or landing surface and adjoining area for traffic and obstructions.
PA.IV.B.S5,afh,explanation,auto,from the Task B References line,"Select and aim for a suitable touchdown point considering the wind conditions, landing surface, and obstructions."
PA.IV.B.S5,aim,guidance,auto,from the Task B References line,"Select and aim for a suitable touchdown point considering the wind conditions, landing surface, and obstructions."
PA.IV.B.S5,phak,explanation,auto,from the Task B References line,"Select and aim for a suitable touchdown point considering the wind conditions, landing surface, and obstructions."
PA.IV.B.S5,risk-management,explanation,auto,from the Task B References line,"Select and aim for a suitable touchdown point considering the wind conditions, landing surface, and obstructions."
PA.IV.B.S5,seaplane,explanation,auto,from the Task B References line,"Select and aim for a suitable touchdown point considering the wind conditions, landing surface, and obstructions."
PA.IV.B.S6,afh,explanation,auto,from the Task B References line,"Establish the recommended approach and landing configuration, airspeed, and trim, and adjust pitch attitude and power as required to maintain a stabilized approach."
PA.IV.B.S6,aim,guidance,auto,from the Task B References line,"Establish the recommended approach and landing configuration, airspeed, and trim, and adjust pitch attitude and power as required to maintain a stabilized approach."
PA.IV.B.S6,phak,explanation,auto,from the Task B References line,"Establish the recommended approach and landing configuration, airspeed, and trim, and adjust pitch attitude and power as required to maintain a stabilized approach."
PA.IV.B.S6,risk-management,explanation,auto,from the Task B References line,"Establish the recommended approach and landing configuration, airspeed, and trim, and adjust pitch attitude and power as required to maintain a stabilized approach."
PA.IV.B.S6,seaplane,explanation,auto,from the Task B References line,"Establish the recommended approach and landing configuration, airspeed, and trim, and adjust pitch attitude and power as required to maintain a stabilized approach."
PA.IV.B.S7,afh,explanation,auto,from the Task B References line,"Maintain manufacturer’s published approach airspeed or in its absence not more than 1.3 times the stalling speed or the minimum steady flight speed in the landing configuration (VSO), +10/-5 knots with gust factor applied."
PA.IV.B.S7,aim,guidance,auto,from the Task B References line,"Maintain manufacturer’s published approach airspeed or in its absence not more than 1.3 times the stalling speed or the minimum steady flight speed in the landing configuration (VSO), +10/-5 knots with gust factor applied."
PA.IV.B.S7,phak,explanation,auto,from the Task B References line,"Maintain manufacturer’s published approach airspeed or in its absence not more than 1.3 times the stalling speed or the minimum steady flight speed in the landing configuration (VSO), +10/-5 knots with gust factor applied."
PA.IV.B.S7,risk-management,explanation,auto,from the Task B References line,"Maintain manufacturer’s published approach airspeed or in its absence not more than 1.3 times the stalling speed or the minimum steady flight speed in the landing configuration (VSO), +10/-5 knots with gust factor applied."
PA.IV.B.S7,seaplane,explanation,auto,from the Task B References line,"Maintain manufacturer’s published approach airspeed or in its absence not more than 1.3 times the stalling speed or the minimum steady flight speed in the landing configuration (VSO), +10/-5 knots with gust factor applied."
PA.IV.B.S8,afh,explanation,auto,from the Task B References line,Maintain directional control and appropriate crosswind correction throughout the approach and landing.
PA.IV.B.S8,aim,guidance,auto,from the Task B References line,Maintain directional control and appropriate crosswind correction throughout the approach and landing.
PA.IV.B.S8,phak,explanation,auto,from the Task B References line,Maintain directional control and appropriate crosswind correction throughout the approach and landing.
PA.IV.B.S8,risk-management,explanation,auto,from the Task B References line,Maintain directional control and appropriate crosswind correction throughout the approach and landing.
PA.IV.B.S8,seaplane,explanation,auto,from the Task B References line,Maintain directional control and appropriate crosswind correction throughout the approach and landing.
PA.IV.B.S9,afh,explanation,auto,from the Task B References line,"Make smooth, timely, and correct control application during round out and touchdown."
PA.IV.B.S9,aim,guidance,auto,from the Task B References line,"Make smooth, timely, and correct control application during round out and touchdown."
PA.IV.B.S9,phak,explanation,auto,from the Task B References line,"Make smooth, timely, and correct control application during round out and touchdown."
PA.IV.B.S9,risk-management,explanation,auto,from the Task B References line,"Make smooth, timely, and correct control application during round out and touchdown."
PA.IV.B.S9,seaplane,explanation,auto,from the Task B References line,"Make smooth, timely, and correct control application during round out and touchdown."
PA.IV.C.K1,afh,explanation,auto,from the Task C References line,"Effects of atmospheric conditions, including wind, on takeoff and climb performance."
PA.IV.C.K1,aim,guidance,auto,from the Task C References line,"Effects of atmospheric conditions, including wind, on takeoff and climb performance."
PA.IV.C.K1,phak,explanation,auto,from the Task C References line,"Effects of atmospheric conditions, including wind, on takeoff and climb performance."
PA.IV.C.K1,risk-management,explanation,auto,from the Task C References line,"Effects of atmospheric conditions, including wind, on takeoff and climb performance."
PA.IV.C.K2,afh,explanation,auto,from the Task C References line,Best angle of climb speed (VX) and best rate of climb speed (VY).
PA.IV.C.K2,aim,guidance,auto,from the Task C References line,Best angle of climb speed (VX) and best rate of climb speed (VY).
PA.IV.C.K2,phak,explanation,auto,from the Task C References line,Best angle of climb speed (VX) and best rate of climb speed (VY).
PA.IV.C.K2,risk-management,explanation,auto,from the Task C References line,Best angle of climb speed (VX) and best rate of climb speed (VY).
PA.IV.C.K3,afh,explanation,auto,from the Task C References line,Appropriate airplane configuration. Private Pilot for Airplane Category ACS (FAA-S-ACS-6C) 21
PA.IV.C.K3,aim,guidance,auto,from the Task C References line,Appropriate airplane configuration. Private Pilot for Airplane Category ACS (FAA-S-ACS-6C) 21
PA.IV.C.K3,phak,explanation,auto,from the Task C References line,Appropriate airplane configuration. Private Pilot for Airplane Category ACS (FAA-S-ACS-6C) 21
PA.IV.C.K3,risk-management,explanation,auto,from the Task C References line,Appropriate airplane configuration. Private Pilot for Airplane Category ACS (FAA-S-ACS-6C) 21
PA.IV.C.K4,afh,explanation,auto,from the Task C References line,Ground effect.
PA.IV.C.K4,aim,guidance,auto,from the Task C References line,Ground effect.
PA.IV.C.K4,phak,explanation,auto,from the Task C References line,Ground effect.
PA.IV.C.K4,risk-management,explanation,auto,from the Task C References line,Ground effect.
PA.IV.C.K5,afh,explanation,auto,from the Task C References line,Importance of weight transfer from wheels to wings.
PA.IV.C.K5,aim,guidance,auto,from the Task C References line,Importance of weight transfer from wheels to wings.
PA.IV.C.K5,phak,explanation,auto,from the Task C References line,Importance of weight transfer from wheels to wings.
PA.IV.C.K5,risk-management,explanation,auto,from the Task C References line,Importance of weight transfer from wheels to wings.
PA.IV.C.K6,afh,explanation,auto,from the Task C References line,Left turning tendencies.
PA.IV.C.K6,aim,guidance,auto,from the Task C References line,Left turning tendencies.
PA.IV.C.K6,phak,explanation,auto,from the Task C References line,Left turning tendencies.
PA.IV.C.K6,risk-management,explanation,auto,from the Task C References line,Left turning tendencies.
PA.IV.C.R1,afh,explanation,auto,from the Task C References line,"Selection of runway based on pilot capability, airplane performance and limitations, available distance, and wind."
PA.IV.C.R1,aim,guidance,auto,from the Task C References line,"Selection of runway based on pilot capability, airplane performance and limitations, available distance, and wind."
PA.IV.C.R1,phak,explanation,auto,from the Task C References line,"Selection of runway based on pilot capability, airplane performance and limitations, available distance, and wind."
PA.IV.C.R1,risk-management,explanation,auto,from the Task C References line,"Selection of runway based on pilot capability, airplane performance and limitations, available distance, and wind."
PA.IV.C.R2,afh,explanation,auto,from the Task C References line,Effects of:
PA.IV.C.R2,aim,guidance,auto,from the Task C References line,Effects of:
PA.IV.C.R2,phak,explanation,auto,from the Task C References line,Effects of:
PA.IV.C.R2,risk-management,explanation,auto,from the Task C References line,Effects of:
PA.IV.C.R2a,afh,explanation,auto,from the Task C References line,a. Crosswind
PA.IV.C.R2a,aim,guidance,auto,from the Task C References line,a. Crosswind
PA.IV.C.R2a,phak,explanation,auto,from the Task C References line,a. Crosswind
PA.IV.C.R2a,risk-management,explanation,auto,from the Task C References line,a. Crosswind
PA.IV.C.R2b,afh,explanation,auto,from the Task C References line,b. Windshear
PA.IV.C.R2b,aim,guidance,auto,from the Task C References line,b. Windshear
PA.IV.C.R2b,phak,explanation,auto,from the Task C References line,b. Windshear
PA.IV.C.R2b,risk-management,explanation,auto,from the Task C References line,b. Windshear
PA.IV.C.R2c,afh,explanation,auto,from the Task C References line,c. Tailwind
PA.IV.C.R2c,aim,guidance,auto,from the Task C References line,c. Tailwind
PA.IV.C.R2c,phak,explanation,auto,from the Task C References line,c. Tailwind
PA.IV.C.R2c,risk-management,explanation,auto,from the Task C References line,c. Tailwind
PA.IV.C.R2d,afh,explanation,auto,from the Task C References line,d. Wake turbulence
PA.IV.C.R2d,aim,guidance,auto,from the Task C References line,d. Wake turbulence
PA.IV.C.R2d,phak,explanation,auto,from the Task C References line,d. Wake turbulence
PA.IV.C.R2d,risk-management,explanation,auto,from the Task C References line,d. Wake turbulence
PA.IV.C.R2e,afh,explanation,auto,from the Task C References line,e. Takeoff surface/condition
PA.IV.C.R2e,aim,guidance,auto,from the Task C References line,e. Takeoff surface/condition
PA.IV.C.R2e,phak,explanation,auto,from the Task C References line,e. Takeoff surface/condition
PA.IV.C.R2e,risk-management,explanation,auto,from the Task C References line,e. Takeoff surface/condition
PA.IV.C.R3,afh,explanation,auto,from the Task C References line,"Abnormal operations, including planning for:"
PA.IV.C.R3,aim,guidance,auto,from the Task C References line,"Abnormal operations, including planning for:"
PA.IV.C.R3,phak,explanation,auto,from the Task C References line,"Abnormal operations, including planning for:"
PA.IV.C.R3,risk-management,explanation,auto,from the Task C References line,"Abnormal operations, including planning for:"
PA.IV.C.R3a,afh,explanation,auto,from the Task C References line,a. Rejected takeoff
PA.IV.C.R3a,aim,guidance,auto,from the Task C References line,a. Rejected takeoff
PA.IV.C.R3a,phak,explanation,auto,from the Task C References line,a. Rejected takeoff
PA.IV.C.R3a,risk-management,explanation,auto,from the Task C References line,a. Rejected takeoff
PA.IV.C.R3b,afh,explanation,auto,from the Task C References line,b. Potential engine failure in takeoff/climb phase of flight
PA.IV.C.R3b,aim,guidance,auto,from the Task C References line,b. Potential engine failure in takeoff/climb phase of flight
PA.IV.C.R3b,phak,explanation,auto,from the Task C References line,b. Potential engine failure in takeoff/climb phase of flight
PA.IV.C.R3b,risk-management,explanation,auto,from the Task C References line,b. Potential engine failure in takeoff/climb phase of flight
PA.IV.C.R4,afh,explanation,auto,from the Task C References line,Collision hazards.
PA.IV.C.R4,aim,guidance,auto,from the Task C References line,Collision hazards.
PA.IV.C.R4,phak,explanation,auto,from the Task C References line,Collision hazards.
PA.IV.C.R4,risk-management,explanation,auto,from the Task C References line,Collision hazards.
PA.IV.C.R5,afh,explanation,auto,from the Task C References line,"Low altitude maneuvering, including stall, spin, or controlled flight into terrain (CFIT)."
PA.IV.C.R5,aim,guidance,auto,from the Task C References line,"Low altitude maneuvering, including stall, spin, or controlled flight into terrain (CFIT)."
PA.IV.C.R5,phak,explanation,auto,from the Task C References line,"Low altitude maneuvering, including stall, spin, or controlled flight into terrain (CFIT)."
PA.IV.C.R5,risk-management,explanation,auto,from the Task C References line,"Low altitude maneuvering, including stall, spin, or controlled flight into terrain (CFIT)."
PA.IV.C.R6,afh,explanation,auto,from the Task C References line,"Distractions, task prioritization, loss of situational awareness, or disorientation."
PA.IV.C.R6,aim,guidance,auto,from the Task C References line,"Distractions, task prioritization, loss of situational awareness, or disorientation."
PA.IV.C.R6,phak,explanation,auto,from the Task C References line,"Distractions, task prioritization, loss of situational awareness, or disorientation."
PA.IV.C.R6,risk-management,explanation,auto,from the Task C References line,"Distractions, task prioritization, loss of situational awareness, or disorientation."
PA.IV.C.S1,afh,explanation,auto,from the Task C References line,Complete the appropriate checklist(s).
PA.IV.C.S1,aim,guidance,auto,from the Task C References line,Complete the appropriate checklist(s).
PA.IV.C.S1,phak,explanation,auto,from the Task C References line,Complete the appropriate checklist(s).
PA.IV.C.S1,risk-management,explanation,auto,from the Task C References line,Complete the appropriate checklist(s).
PA.IV.C.S10,afh,explanation,auto,from the Task C References line,"Establish a pitch attitude for VX or VY, as appropriate, and maintain selected airspeed +10/-5 knots during the climb. Private Pilot for Airplane Category ACS (FAA-S-ACS-6C) 22"
PA.IV.C.S10,aim,guidance,auto,from the Task C References line,"Establish a pitch attitude for VX or VY, as appropriate, and maintain selected airspeed +10/-5 knots during the climb. Private Pilot for Airplane Category ACS (FAA-S-ACS-6C) 22"
PA.IV.C.S10,phak,explanation,auto,from the Task C References line,"Establish a pitch attitude for VX or VY, as appropriate, and maintain selected airspeed +10/-5 knots during the climb. Private Pilot for Airplane Category ACS (FAA-S-ACS-6C) 22"
PA.IV.C.S10,risk-management,explanation,auto,from the Task C References line,"Establish a pitch attitude for VX or VY, as appropriate, and maintain selected airspeed +10/-5 knots during the climb. Private Pilot for Airplane Category ACS (FAA-S-ACS-6C) 22"
PA.IV.C.S11,afh,explanation,auto,from the Task C References line,Configure the airplane after a positive rate of climb has been verified or in accordance with airplane manufacturer’s instructions.
PA.IV.C.S11,aim,guidance,auto,from the Task C References line,Configure the airplane after a positive rate of climb has been verified or in accordance with airplane manufacturer’s instructions.
PA.IV.C.S11,phak,explanation,auto,from the Task C References line,Configure the airplane after a positive rate of climb has been verified or in accordance with airplane manufacturer’s instructions.
PA.IV.C.S11,risk-management,explanation,auto,from the Task C References line,Configure the airplane after a positive rate of climb has been verified or in accordance with airplane manufacturer’s instructions.
PA.IV.C.S12,afh,explanation,auto,from the Task C References line,"Maintain VX or VY, as appropriate, +10/-5 knots to a safe maneuvering altitude."
PA.IV.C.S12,aim,guidance,auto,from the Task C References line,"Maintain VX or VY, as appropriate, +10/-5 knots to a safe maneuvering altitude."
PA.IV.C.S12,phak,explanation,auto,from the Task C References line,"Maintain VX or VY, as appropriate, +10/-5 knots to a safe maneuvering altitude."
PA.IV.C.S12,risk-management,explanation,auto,from the Task C References line,"Maintain VX or VY, as appropriate, +10/-5 knots to a safe maneuvering altitude."
PA.IV.C.S13,afh,explanation,auto,from the Task C References line,Maintain directional control and proper wind-drift correction throughout takeoff and climb.
PA.IV.C.S13,aim,guidance,auto,from the Task C References line,Maintain directional control and proper wind-drift correction throughout takeoff and climb.
PA.IV.C.S13,phak,explanation,auto,from the Task C References line,Maintain directional control and proper wind-drift correction throughout takeoff and climb.
PA.IV.C.S13,risk-management,explanation,auto,from the Task C References line,Maintain directional control and proper wind-drift correction throughout takeoff and climb.
PA.IV.C.S14,afh,explanation,auto,from the Task C References line,"Comply with noise abatement procedures, as applicable."
PA.IV.C.S14,aim,guidance,auto,from the Task C References line,"Comply with noise abatement procedures, as applicable."
PA.IV.C.S14,phak,explanation,auto,from the Task C References line,"Comply with noise abatement procedures, as applicable."
PA.IV.C.S14,risk-management,explanation,auto,from the Task C References line,"Comply with noise abatement procedures, as applicable."
PA.IV.C.S2,afh,explanation,auto,from the Task C References line,Make radio calls as appropriate.
PA.IV.C.S2,aim,guidance,auto,from the Task C References line,Make radio calls as appropriate.
PA.IV.C.S2,phak,explanation,auto,from the Task C References line,Make radio calls as appropriate.
PA.IV.C.S2,risk-management,explanation,auto,from the Task C References line,Make radio calls as appropriate.
PA.IV.C.S3,afh,explanation,auto,from the Task C References line,Verify assigned/correct runway.
PA.IV.C.S3,aim,guidance,auto,from the Task C References line,Verify assigned/correct runway.
PA.IV.C.S3,phak,explanation,auto,from the Task C References line,Verify assigned/correct runway.
PA.IV.C.S3,risk-management,explanation,auto,from the Task C References line,Verify assigned/correct runway.
PA.IV.C.S4,afh,explanation,auto,from the Task C References line,Determine wind direction with or without visible wind direction indicators.
PA.IV.C.S4,aim,guidance,auto,from the Task C References line,Determine wind direction with or without visible wind direction indicators.
PA.IV.C.S4,phak,explanation,auto,from the Task C References line,Determine wind direction with or without visible wind direction indicators.
PA.IV.C.S4,risk-management,explanation,auto,from the Task C References line,Determine wind direction with or without visible wind direction indicators.
PA.IV.C.S5,afh,explanation,auto,from the Task C References line,"Position the flight controls for the existing wind, if applicable."
PA.IV.C.S5,aim,guidance,auto,from the Task C References line,"Position the flight controls for the existing wind, if applicable."
PA.IV.C.S5,phak,explanation,auto,from the Task C References line,"Position the flight controls for the existing wind, if applicable."
PA.IV.C.S5,risk-management,explanation,auto,from the Task C References line,"Position the flight controls for the existing wind, if applicable."
PA.IV.C.S6,afh,explanation,auto,from the Task C References line,"Clear the area, maintain necessary flight control inputs, taxi into takeoff position and align the airplane on the runway centerline without stopping, while advancing the throttle smoothly to takeoff power."
PA.IV.C.S6,aim,guidance,auto,from the Task C References line,"Clear the area, maintain necessary flight control inputs, taxi into takeoff position and align the airplane on the runway centerline without stopping, while advancing the throttle smoothly to takeoff power."
PA.IV.C.S6,phak,explanation,auto,from the Task C References line,"Clear the area, maintain necessary flight control inputs, taxi into takeoff position and align the airplane on the runway centerline without stopping, while advancing the throttle smoothly to takeoff power."
PA.IV.C.S6,risk-management,explanation,auto,from the Task C References line,"Clear the area, maintain necessary flight control inputs, taxi into takeoff position and align the airplane on the runway centerline without stopping, while advancing the throttle smoothly to takeoff power."
PA.IV.C.S7,afh,explanation,auto,from the Task C References line,Confirm takeoff power and proper engine and flight instrument indications.
PA.IV.C.S7,aim,guidance,auto,from the Task C References line,Confirm takeoff power and proper engine and flight instrument indications.
PA.IV.C.S7,phak,explanation,auto,from the Task C References line,Confirm takeoff power and proper engine and flight instrument indications.
PA.IV.C.S7,risk-management,explanation,auto,from the Task C References line,Confirm takeoff power and proper engine and flight instrument indications.
PA.IV.C.S8,afh,explanation,auto,from the Task C References line,Establish and maintain a pitch attitude that transfers the weight of the airplane from the wheels to the wings as rapidly as possible.
PA.IV.C.S8,aim,guidance,auto,from the Task C References line,Establish and maintain a pitch attitude that transfers the weight of the airplane from the wheels to the wings as rapidly as possible.
PA.IV.C.S8,phak,explanation,auto,from the Task C References line,Establish and maintain a pitch attitude that transfers the weight of the airplane from the wheels to the wings as rapidly as possible.
PA.IV.C.S8,risk-management,explanation,auto,from the Task C References line,Establish and maintain a pitch attitude that transfers the weight of the airplane from the wheels to the wings as rapidly as possible.
PA.IV.C.S9,afh,explanation,auto,from the Task C References line,"Lift off at the lowest possible airspeed and remain in ground effect while accelerating to VX or VY, as appropriate."
PA.IV.C.S9,aim,guidance,auto,from the Task C References line,"Lift off at the lowest possible airspeed and remain in ground effect while accelerating to VX or VY, as appropriate."
PA.IV.C.S9,phak,explanation,auto,from the Task C References line,"Lift off at the lowest possible airspeed and remain in ground effect while accelerating to VX or VY, as appropriate."
PA.IV.C.S9,risk-management,explanation,auto,from the Task C References line,"Lift off at the lowest possible airspeed and remain in ground effect while accelerating to VX or VY, as appropriate."
PA.IV.D.K1,afh,explanation,auto,from the Task D References line,"A stabilized approach, including energy management concepts."
PA.IV.D.K1,aim,guidance,auto,from the Task D References line,"A stabilized approach, including energy management concepts."
PA.IV.D.K1,phak,explanation,auto,from the Task D References line,"A stabilized approach, including energy management concepts."
PA.IV.D.K1,risk-management,explanation,auto,from the Task D References line,"A stabilized approach, including energy management concepts."
PA.IV.D.K2,afh,explanation,auto,from the Task D References line,"Effects of atmospheric conditions, including wind, on approach and landing performance."
PA.IV.D.K2,aim,guidance,auto,from the Task D References line,"Effects of atmospheric conditions, including wind, on approach and landing performance."
PA.IV.D.K2,phak,explanation,auto,from the Task D References line,"Effects of atmospheric conditions, including wind, on approach and landing performance."
PA.IV.D.K2,risk-management,explanation,auto,from the Task D References line,"Effects of atmospheric conditions, including wind, on approach and landing performance."
PA.IV.D.K3,afh,explanation,auto,from the Task D References line,Wind correction techniques on approach and landing.
PA.IV.D.K3,aim,guidance,auto,from the Task D References line,Wind correction techniques on approach and landing.
PA.IV.D.K3,phak,explanation,auto,from the Task D References line,Wind correction techniques on approach and landing.
PA.IV.D.K3,risk-management,explanation,auto,from the Task D References line,Wind correction techniques on approach and landing.
PA.IV.D.R1,afh,explanation,auto,from the Task D References line,"Selection of runway based on pilot capability, airplane performance and limitations, available distance, and wind."
PA.IV.D.R1,aim,guidance,auto,from the Task D References line,"Selection of runway based on pilot capability, airplane performance and limitations, available distance, and wind."
PA.IV.D.R1,phak,explanation,auto,from the Task D References line,"Selection of runway based on pilot capability, airplane performance and limitations, available distance, and wind."
PA.IV.D.R1,risk-management,explanation,auto,from the Task D References line,"Selection of runway based on pilot capability, airplane performance and limitations, available distance, and wind."
PA.IV.D.R2,afh,explanation,auto,from the Task D References line,Effects of:
PA.IV.D.R2,aim,guidance,auto,from the Task D References line,Effects of:
PA.IV.D.R2,phak,explanation,auto,from the Task D References line,Effects of:
PA.IV.D.R2,risk-management,explanation,auto,from the Task D References line,Effects of:
PA.IV.D.R2a,afh,explanation,auto,from the Task D References line,a. Crosswind
PA.IV.D.R2a,aim,guidance,auto,from the Task D References line,a. Crosswind
PA.IV.D.R2a,phak,explanation,auto,from the Task D References line,a. Crosswind
PA.IV.D.R2a,risk-management,explanation,auto,from the Task D References line,a. Crosswind
PA.IV.D.R2b,afh,explanation,auto,from the Task D References line,b. Windshear
PA.IV.D.R2b,aim,guidance,auto,from the Task D References line,b. Windshear
PA.IV.D.R2b,phak,explanation,auto,from the Task D References line,b. Windshear
PA.IV.D.R2b,risk-management,explanation,auto,from the Task D References line,b. Windshear
PA.IV.D.R2c,afh,explanation,auto,from the Task D References line,c. Tailwind
PA.IV.D.R2c,aim,guidance,auto,from the Task D References line,c. Tailwind
PA.IV.D.R2c,phak,explanation,auto,from the Task D References line,c. Tailwind
PA.IV.D.R2c,risk-management,explanation,auto,from the Task D References line,c. Tailwind
PA.IV.D.R2d,afh,explanation,auto,from the Task D References line,d. Wake turbulence
PA.IV.D.R2d,aim,guidance,auto,from the Task D References line,d. Wake turbulence
PA.IV.D.R2d,phak,explanation,auto,from the Task D References line,d. Wake turbulence
PA.IV.D.R2d,risk-management,explanation,auto,from the Task D References line,d. Wake turbulence
PA.IV.D.R2e,afh,explanation,auto,from the Task D References line,e. Landing surface/condition
PA.IV.D.R2e,aim,guidance,auto,from the Task D References line,e. Landing surface/condition
PA.IV.D.R2e,phak,explanation,auto,from the Task D References line,e. Landing surface/condition
PA.IV.D.R2e,risk-management,explanation,auto,from the Task D References line,e. Landing surface/condition
PA.IV.D.R3,afh,explanation,auto,from the Task D References line,Planning for:
PA.IV.D.R3,aim,guidance,auto,from the Task D References line,Planning for:
PA.IV.D.R3,phak,explanation,auto,from the Task D References line,Planning for:
PA.IV.D.R3,risk-management,explanation,auto,from the Task D References line,Planning for:
PA.IV.D.R3a,afh,explanation,auto,from the Task D References line,a. Rejected landing and go-around
PA.IV.D.R3a,aim,guidance,auto,from the Task D References line,a. Rejected landing and go-around
PA.IV.D.R3a,phak,explanation,auto,from the Task D References line,a. Rejected landing and go-around
PA.IV.D.R3a,risk-management,explanation,auto,from the Task D References line,a. Rejected landing and go-around
PA.IV.D.R3b,afh,explanation,auto,from the Task D References line,b. Land and hold short operations (LAHSO)
PA.IV.D.R3b,aim,guidance,auto,from the Task D References line,b. Land and hold short operations (LAHSO)
PA.IV.D.R3b,phak,explanation,auto,from the Task D References line,b. Land and hold short operations (LAHSO)
PA.IV.D.R3b,risk-management,explanation,auto,from the Task D References line,b. Land and hold short operations (LAHSO)
PA.IV.D.R4,afh,explanation,auto,from the Task D References line,Collision hazards.
PA.IV.D.R4,aim,guidance,auto,from the Task D References line,Collision hazards.
PA.IV.D.R4,phak,explanation,auto,from the Task D References line,Collision hazards.
PA.IV.D.R4,risk-management,explanation,auto,from the Task D References line,Collision hazards.
PA.IV.D.R5,afh,explanation,auto,from the Task D References line,"Low altitude maneuvering, including stall, spin, or controlled flight into terrain (CFIT)."
PA.IV.D.R5,aim,guidance,auto,from the Task D References line,"Low altitude maneuvering, including stall, spin, or controlled flight into terrain (CFIT)."
PA.IV.D.R5,phak,explanation,auto,from the Task D References line,"Low altitude maneuvering, including stall, spin, or controlled flight into terrain (CFIT)."
PA.IV.D.R5,risk-management,explanation,auto,from the Task D References line,"Low altitude maneuvering, including stall, spin, or controlled flight into terrain (CFIT)."
PA.IV.D.R6,afh,explanation,auto,from the Task D References line,"Distractions, task prioritization, loss of situational awareness, or disorientation."
PA.IV.D.R6,aim,guidance,auto,from the Task D References line,"Distractions, task prioritization, loss of situational awareness, or disorientation."
PA.IV.D.R6,phak,explanation,auto,from the Task D References line,"Distractions, task prioritization, loss of situational awareness, or disorientation."
PA.IV.D.R6,risk-management,explanation,auto,from the Task D References line,"Distractions, task prioritization, loss of situational awareness, or disorientation."
PA.IV.D.S1,afh,explanation,auto,from the Task D References line,Complete the appropriate checklist(s).
PA.IV.D.S1,aim,guidance,auto,from the Task D References line,Complete the appropriate checklist(s).
PA.IV.D.S1,phak,explanation,auto,from the Task D References line,Complete the appropriate checklist(s).
PA.IV.D.S1,risk-management,explanation,auto,from the Task D References line,Complete the appropriate checklist(s).
PA.IV.D.S10,afh,explanation,auto,from the Task D References line,"Touch down at a proper pitch attitude with minimum sink rate, no side drift, and with the airplane’s longitudinal axis aligned with the center of the runway."
PA.IV.D.S10,aim,guidance,auto,from the Task D References line,"Touch down at a proper pitch attitude with minimum sink rate, no side drift, and with the airplane’s longitudinal axis aligned with the center of the runway."
PA.IV.D.S10,phak,explanation,auto,from the Task D References line,"Touch down at a proper pitch attitude with minimum sink rate, no side drift, and with the airplane’s longitudinal axis aligned with the center of the runway."
PA.IV.D.S10,risk-management,explanation,auto,from the Task D References line,"Touch down at a proper pitch attitude with minimum sink rate, no side drift, and with the airplane’s longitudinal axis aligned with the center of the runway."
PA.IV.D.S11,afh,explanation,auto,from the Task D References line,Maintain elevator as recommended by manufacturer during rollout and exit the “soft” area at a speed that would preclude sinking into the surface.
PA.IV.D.S11,aim,guidance,auto,from the Task D References line,Maintain elevator as recommended by manufacturer during rollout and exit the “soft” area at a speed that would preclude sinking into the surface.
PA.IV.D.S11,phak,explanation,auto,from the Task D References line,Maintain elevator as recommended by manufacturer during rollout and exit the “soft” area at a speed that would preclude sinking into the surface.
PA.IV.D.S11,risk-management,explanation,auto,from the Task D References line,Maintain elevator as recommended by manufacturer during rollout and exit the “soft” area at a speed that would preclude sinking into the surface.
PA.IV.D.S12,afh,explanation,auto,from the Task D References line,Execute a timely go-around if the approach cannot be made within the tolerances specified above or for any other condition that may result in an unsafe approach or landing.
PA.IV.D.S12,aim,guidance,auto,from the Task D References line,Execute a timely go-around if the approach cannot be made within the tolerances specified above or for any other condition that may result in an unsafe approach or landing.
PA.IV.D.S12,phak,explanation,auto,from the Task D References line,Execute a timely go-around if the approach cannot be made within the tolerances specified above or for any other condition that may result in an unsafe approach or landing.
PA.IV.D.S12,risk-management,explanation,auto,from the Task D References line,Execute a timely go-around if the approach cannot be made within the tolerances specified above or for any other condition that may result in an unsafe approach or landing.
PA.IV.D.S13,afh,explanation,auto,from the Task D References line,Maintain proper position of the flight controls and sufficient speed to taxi while on the soft surface.
PA.IV.D.S13,aim,guidance,auto,from the Task D References line,Maintain proper position of the flight controls and sufficient speed to taxi while on the soft surface.
PA.IV.D.S13,phak,explanation,auto,from the Task D References line,Maintain proper position of the flight controls and sufficient speed to taxi while on the soft surface.
PA.IV.D.S13,risk-management,explanation,auto,from the Task D References line,Maintain proper position of the flight controls and sufficient speed to taxi while on the soft surface.
PA.IV.D.S2,afh,explanation,auto,from the Task D References line,Make radio calls as appropriate.
PA.IV.D.S2,aim,guidance,auto,from the Task D References line,Make radio calls as appropriate.
PA.IV.D.S2,phak,explanation,auto,from the Task D References line,Make radio calls as appropriate.
PA.IV.D.S2,risk-management,explanation,auto,from the Task D References line,Make radio calls as appropriate.
PA.IV.D.S3,afh,explanation,auto,from the Task D References line,Ensure the airplane is aligned with the correct/assigned runway. Private Pilot for Airplane Category ACS (FAA-S-ACS-6C) 23
PA.IV.D.S3,aim,guidance,auto,from the Task D References line,Ensure the airplane is aligned with the correct/assigned runway. Private Pilot for Airplane Category ACS (FAA-S-ACS-6C) 23
PA.IV.D.S3,phak,explanation,auto,from the Task D References line,Ensure the airplane is aligned with the correct/assigned runway. Private Pilot for Airplane Category ACS (FAA-S-ACS-6C) 23
PA.IV.D.S3,risk-management,explanation,auto,from the Task D References line,Ensure the airplane is aligned with the correct/assigned runway. Private Pilot for Airplane Category ACS (FAA-S-ACS-6C) 23
PA.IV.D.S4,afh,explanation,auto,from the Task D References line,Scan the landing runway and adjoining area for traffic and obstructions.
PA.IV.D.S4,aim,guidance,auto,from the Task D References line,Scan the landing runway and adjoining area for traffic and obstructions.
PA.IV.D.S4,phak,explanation,auto,from the Task D References line,Scan the landing runway and adjoining area for traffic and obstructions.
PA.IV.D.S4,risk-management,explanation,auto,from the Task D References line,Scan the landing runway and adjoining area for traffic and obstructions.
PA.IV.D.S5,afh,explanation,auto,from the Task D References line,"Select and aim for a suitable touchdown point considering the wind conditions, landing surface, and obstructions."
PA.IV.D.S5,aim,guidance,auto,from the Task D References line,"Select and aim for a suitable touchdown point considering the wind conditions, landing surface, and obstructions."
PA.IV.D.S5,phak,explanation,auto,from the Task D References line,"Select and aim for a suitable touchdown point considering the wind conditions, landing surface, and obstructions."
PA.IV.D.S5,risk-management,explanation,auto,from the Task D References line,"Select and aim for a suitable touchdown point considering the wind conditions, landing surface, and obstructions."
PA.IV.D.S6,afh,explanation,auto,from the Task D References line,"Establish the recommended approach and landing configuration, airspeed, and trim, and adjust pitch attitude and power as required to maintain a stabilized approach."
PA.IV.D.S6,aim,guidance,auto,from the Task D References line,"Establish the recommended approach and landing configuration, airspeed, and trim, and adjust pitch attitude and power as required to maintain a stabilized approach."
PA.IV.D.S6,phak,explanation,auto,from the Task D References line,"Establish the recommended approach and landing configuration, airspeed, and trim, and adjust pitch attitude and power as required to maintain a stabilized approach."
PA.IV.D.S6,risk-management,explanation,auto,from the Task D References line,"Establish the recommended approach and landing configuration, airspeed, and trim, and adjust pitch attitude and power as required to maintain a stabilized approach."
PA.IV.D.S7,afh,explanation,auto,from the Task D References line,"Maintain manufacturer’s published approach airspeed or in its absence not more than 1.3 VSO, +10/-5 knots with gust factor applied."
PA.IV.D.S7,aim,guidance,auto,from the Task D References line,"Maintain manufacturer’s published approach airspeed or in its absence not more than 1.3 VSO, +10/-5 knots with gust factor applied."
PA.IV.D.S7,phak,explanation,auto,from the Task D References line,"Maintain manufacturer’s published approach airspeed or in its absence not more than 1.3 VSO, +10/-5 knots with gust factor applied."
PA.IV.D.S7,risk-management,explanation,auto,from the Task D References line,"Maintain manufacturer’s published approach airspeed or in its absence not more than 1.3 VSO, +10/-5 knots with gust factor applied."
PA.IV.D.S8,afh,explanation,auto,from the Task D References line,Maintain directional control and appropriate crosswind correction throughout the approach and landing.
PA.IV.D.S8,aim,guidance,auto,from the Task D References line,Maintain directional control and appropriate crosswind correction throughout the approach and landing.
PA.IV.D.S8,phak,explanation,auto,from the Task D References line,Maintain directional control and appropriate crosswind correction throughout the approach and landing.
PA.IV.D.S8,risk-management,explanation,auto,from the Task D References line,Maintain directional control and appropriate crosswind correction throughout the approach and landing.
PA.IV.D.S9,afh,explanation,auto,from the Task D References line,"Make smooth, timely, and correct control inputs during the round out and touchdown, and, for tricycle gear airplanes, keep the nose wheel off the surface until loss of elevator effectiveness."
PA.IV.D.S9,aim,guidance,auto,from the Task D References line,"Make smooth, timely, and correct control inputs during the round out and touchdown, and, for tricycle gear airplanes, keep the nose wheel off the surface until loss of elevator effectiveness."
PA.IV.D.S9,phak,explanation,auto,from the Task D References line,"Make smooth, timely, and correct control inputs during the round out and touchdown, and, for tricycle gear airplanes, keep the nose wheel off the surface until loss of elevator effectiveness."
PA.IV.D.S9,risk-management,explanation,auto,from the Task D References line,"Make smooth, timely, and correct control inputs during the round out and touchdown, and, for tricycle gear airplanes, keep the nose wheel off the surface until loss of elevator effectiveness."
PA.IV.E.K1,afh,explanation,auto,from the Task E References line,"Effects of atmospheric conditions, including wind, on takeoff and climb performance."
PA.IV.E.K1,aim,guidance,auto,from the Task E References line,"Effects of atmospheric conditions, including wind, on takeoff and climb performance."
PA.IV.E.K1,phak,explanation,auto,from the Task E References line,"Effects of atmospheric conditions, including wind, on takeoff and climb performance."
PA.IV.E.K1,risk-management,explanation,auto,from the Task E References line,"Effects of atmospheric conditions, including wind, on takeoff and climb performance."
PA.IV.E.K2,afh,explanation,auto,from the Task E References line,Best angle of climb speed (VX) and best rate of climb speed (VY).
PA.IV.E.K2,aim,guidance,auto,from the Task E References line,Best angle of climb speed (VX) and best rate of climb speed (VY).
PA.IV.E.K2,phak,explanation,auto,from the Task E References line,Best angle of climb speed (VX) and best rate of climb speed (VY).
PA.IV.E.K2,risk-management,explanation,auto,from the Task E References line,Best angle of climb speed (VX) and best rate of climb speed (VY).
PA.IV.E.K3,afh,explanation,auto,from the Task E References line,Appropriate airplane configuration.
PA.IV.E.K3,aim,guidance,auto,from the Task E References line,Appropriate airplane configuration.
PA.IV.E.K3,phak,explanation,auto,from the Task E References line,Appropriate airplane configuration.
PA.IV.E.K3,risk-management,explanation,auto,from the Task E References line,Appropriate airplane configuration.
PA.IV.E.R1,afh,explanation,auto,from the Task E References line,"Selection of runway based on pilot capability, airplane performance and limitations, available distance, and wind."
PA.IV.E.R1,aim,guidance,auto,from the Task E References line,"Selection of runway based on pilot capability, airplane performance and limitations, available distance, and wind."
PA.IV.E.R1,phak,explanation,auto,from the Task E References line,"Selection of runway based on pilot capability, airplane performance and limitations, available distance, and wind."
PA.IV.E.R1,risk-management,explanation,auto,from the Task E References line,"Selection of runway based on pilot capability, airplane performance and limitations, available distance, and wind."
PA.IV.E.R2,afh,explanation,auto,from the Task E References line,Effects of:
PA.IV.E.R2,aim,guidance,auto,from the Task E References line,Effects of:
PA.IV.E.R2,phak,explanation,auto,from the Task E References line,Effects of:
PA.IV.E.R2,risk-management,explanation,auto,from the Task E References line,Effects of:
PA.IV.E.R2a,afh,explanation,auto,from the Task E References line,a. Crosswind
PA.IV.E.R2a,aim,guidance,auto,from the Task E References line,a. Crosswind
PA.IV.E.R2a,phak,explanation,auto,from the Task E References line,a. Crosswind
PA.IV.E.R2a,risk-management,explanation,auto,from the Task E References line,a. Crosswind
PA.IV.E.R2b,afh,explanation,auto,from the Task E References line,b. Windshear
PA.IV.E.R2b,aim,guidance,auto,from the Task E References line,b. Windshear
PA.IV.E.R2b,phak,explanation,auto,from the Task E References line,b. Windshear
PA.IV.E.R2b,risk-management,explanation,auto,from the Task E References line,b. Windshear
PA.IV.E.R2c,afh,explanation,auto,from the Task E References line,c. Tailwind
PA.IV.E.R2c,aim,guidance,auto,from the Task E References line,c. Tailwind
PA.IV.E.R2c,phak,explanation,auto,from the Task E References line,c. Tailwind
PA.IV.E.R2c,risk-management,explanation,auto,from the Task E References line,c. Tailwind
PA.IV.E.R2d,afh,explanation,auto,from the Task E References line,d. Wake turbulence
PA.IV.E.R2d,aim,guidance,auto,from the Task E References line,d. Wake turbulence
PA.IV.E.R2d,phak,explanation,auto,from the Task E References line,d. Wake turbulence
PA.IV.E.R2d,risk-management,explanation,auto,from the Task E References line,d. Wake turbulence
PA.IV.E.R2e,afh,explanation,auto,from the Task E References line,e. Takeoff surface/condition Private Pilot for Airplane Category ACS (FAA-S-ACS-6C) 24
PA.IV.E.R2e,aim,guidance,auto,from the Task E References line,e. Takeoff surface/condition Private Pilot for Airplane Category ACS (FAA-S-ACS-6C) 24
PA.IV.E.R2e,phak,explanation,auto,from the Task E References line,e. Takeoff surface/condition Private Pilot for Airplane Category ACS (FAA-S-ACS-6C) 24
PA.IV.E.R2e,risk-management,explanation,auto,from the Task E References line,e. Takeoff surface/condition Private Pilot for Airplane Category ACS (FAA-S-ACS-6C) 24
PA.IV.E.R3,afh,explanation,auto,from the Task E References line,"Abnormal operations, including planning for:"
PA.IV.E.R3,aim,guidance,auto,from the Task E References line,"Abnormal operations, including planning for:"
PA.IV.E.R3,phak,explanation,auto,from the Task E References line,"Abnormal operations, including planning for:"
PA.IV.E.R3,risk-management,explanation,auto,from the Task E References line,"Abnormal operations, including planning for:"
PA.IV.E.R3a,afh,explanation,auto,from the Task E References line,a. Rejected takeoff
PA.IV.E.R3a,aim,guidance,auto,from the Task E References line,a. Rejected takeoff
PA.IV.E.R3a,phak,explanation,auto,from the Task E References line,a. Rejected takeoff
PA.IV.E.R3a,risk-management,explanation,auto,from the Task E References line,a. Rejected takeoff
PA.IV.E.R3b,afh,explanation,auto,from the Task E References line,b. Potential engine failure in takeoff/climb phase of flight
PA.IV.E.R3b,aim,guidance,auto,from the Task E References line,b. Potential engine failure in takeoff/climb phase of flight
PA.IV.E.R3b,phak,explanation,auto,from the Task E References line,b. Potential engine failure in takeoff/climb phase of flight
PA.IV.E.R3b,risk-management,explanation,auto,from the Task E References line,b. Potential engine failure in takeoff/climb phase of flight
PA.IV.E.R4,afh,explanation,auto,from the Task E References line,Collision hazards.
PA.IV.E.R4,aim,guidance,auto,from the Task E References line,Collision hazards.
PA.IV.E.R4,phak,explanation,auto,from the Task E References line,Collision hazards.
PA.IV.E.R4,risk-management,explanation,auto,from the Task E References line,Collision hazards.
PA.IV.E.R5,afh,explanation,auto,from the Task E References line,"Low altitude maneuvering, including stall, spin, or controlled flight into terrain (CFIT)."
PA.IV.E.R5,aim,guidance,auto,from the Task E References line,"Low altitude maneuvering, including stall, spin, or controlled flight into terrain (CFIT)."
PA.IV.E.R5,phak,explanation,auto,from the Task E References line,"Low altitude maneuvering, including stall, spin, or controlled flight into terrain (CFIT)."
PA.IV.E.R5,risk-management,explanation,auto,from the Task E References line,"Low altitude maneuvering, including stall, spin, or controlled flight into terrain (CFIT)."
PA.IV.E.R6,afh,explanation,auto,from the Task E References line,"Distractions, task prioritization, loss of situational awareness, or disorientation."
PA.IV.E.R6,aim,guidance,auto,from the Task E References line,"Distractions, task prioritization, loss of situational awareness, or disorientation."
PA.IV.E.R6,phak,explanation,auto,from the Task E References line,"Distractions, task prioritization, loss of situational awareness, or disorientation."
PA.IV.E.R6,risk-management,explanation,auto,from the Task E References line,"Distractions, task prioritization, loss of situational awareness, or disorientation."
PA.IV.E.S1,afh,explanation,auto,from the Task E References line,Complete the appropriate checklist(s).
PA.IV.E.S1,aim,guidance,auto,from the Task E References line,Complete the appropriate checklist(s).
PA.IV.E.S1,phak,explanation,auto,from the Task E References line,Complete the appropriate checklist(s).
PA.IV.E.S1,risk-management,explanation,auto,from the Task E References line,Complete the appropriate checklist(s).
PA.IV.E.S10,afh,explanation,auto,from the Task E References line,"Establish a pitch attitude to maintain the recommended obstacle clearance airspeed or VX, +10/-5 knots until the obstacle is cleared or until the airplane is 50 feet above the surface."
PA.IV.E.S10,aim,guidance,auto,from the Task E References line,"Establish a pitch attitude to maintain the recommended obstacle clearance airspeed or VX, +10/-5 knots until the obstacle is cleared or until the airplane is 50 feet above the surface."
PA.IV.E.S10,phak,explanation,auto,from the Task E References line,"Establish a pitch attitude to maintain the recommended obstacle clearance airspeed or VX, +10/-5 knots until the obstacle is cleared or until the airplane is 50 feet above the surface."
PA.IV.E.S10,risk-management,explanation,auto,from the Task E References line,"Establish a pitch attitude to maintain the recommended obstacle clearance airspeed or VX, +10/-5 knots until the obstacle is cleared or until the airplane is 50 feet above the surface."
PA.IV.E.S11,afh,explanation,auto,from the Task E References line,Establish a pitch attitude for VY and accelerate to VY +10/-5 knots after clearing the obstacle or at 50 feet AGL if simulating an obstacle.
PA.IV.E.S11,aim,guidance,auto,from the Task E References line,Establish a pitch attitude for VY and accelerate to VY +10/-5 knots after clearing the obstacle or at 50 feet AGL if simulating an obstacle.
PA.IV.E.S11,phak,explanation,auto,from the Task E References line,Establish a pitch attitude for VY and accelerate to VY +10/-5 knots after clearing the obstacle or at 50 feet AGL if simulating an obstacle.
PA.IV.E.S11,risk-management,explanation,auto,from the Task E References line,Establish a pitch attitude for VY and accelerate to VY +10/-5 knots after clearing the obstacle or at 50 feet AGL if simulating an obstacle.
PA.IV.E.S12,afh,explanation,auto,from the Task E References line,Configure the airplane in accordance with the manufacturer’s guidance after a positive rate of climb has been verified.
PA.IV.E.S12,aim,guidance,auto,from the Task E References line,Configure the airplane in accordance with the manufacturer’s guidance after a positive rate of climb has been verified.
PA.IV.E.S12,phak,explanation,auto,from the Task E References line,Configure the airplane in accordance with the manufacturer’s guidance after a positive rate of climb has been verified.
PA.IV.E.S12,risk-management,explanation,auto,from the Task E References line,Configure the airplane in accordance with the manufacturer’s guidance after a positive rate of climb has been verified.
PA.IV.E.S13,afh,explanation,auto,from the Task E References line,Maintain VY +10/-5 knots to a safe maneuvering altitude.
PA.IV.E.S13,aim,guidance,auto,from the Task E References line,Maintain VY +10/-5 knots to a safe maneuvering altitude.
PA.IV.E.S13,phak,explanation,auto,from the Task E References line,Maintain VY +10/-5 knots to a safe maneuvering altitude.
PA.IV.E.S13,risk-management,explanation,auto,from the Task E References line,Maintain VY +10/-5 knots to a safe maneuvering altitude.
PA.IV.E.S14,afh,explanation,auto,from the Task E References line,Maintain directional control and proper wind-drift correction throughout takeoff and climb.
PA.IV.E.S14,aim,guidance,auto,from the Task E References line,Maintain directional control and proper wind-drift correction throughout takeoff and climb.
PA.IV.E.S14,phak,explanation,auto,from the Task E References line,Maintain directional control and proper wind-drift correction throughout takeoff and climb.
PA.IV.E.S14,risk-management,explanation,auto,from the Task E References line,Maintain directional control and proper wind-drift correction throughout takeoff and climb.
PA.IV.E.S15,afh,explanation,auto,from the Task E References line,"Comply with noise abatement procedures, as applicable."
PA.IV.E.S15,aim,guidance,auto,from the Task E References line,"Comply with noise abatement procedures, as applicable."
PA.IV.E.S15,phak,explanation,auto,from the Task E References line,"Comply with noise abatement procedures, as applicable."
PA.IV.E.S15,risk-management,explanation,auto,from the Task E References line,"Comply with noise abatement procedures, as applicable."
PA.IV.E.S2,afh,explanation,auto,from the Task E References line,Make radio calls as appropriate.
PA.IV.E.S2,aim,guidance,auto,from the Task E References line,Make radio calls as appropriate.
PA.IV.E.S2,phak,explanation,auto,from the Task E References line,Make radio calls as appropriate.
PA.IV.E.S2,risk-management,explanation,auto,from the Task E References line,Make radio calls as appropriate.
PA.IV.E.S3,afh,explanation,auto,from the Task E References line,Verify assigned/correct runway.
PA.IV.E.S3,aim,guidance,auto,from the Task E References line,Verify assigned/correct runway.
PA.IV.E.S3,phak,explanation,auto,from the Task E References line,Verify assigned/correct runway.
PA.IV.E.S3,risk-management,explanation,auto,from the Task E References line,Verify assigned/correct runway.
PA.IV.E.S4,afh,explanation,auto,from the Task E References line,Determine wind direction with or without visible wind direction indicators.
PA.IV.E.S4,aim,guidance,auto,from the Task E References line,Determine wind direction with or without visible wind direction indicators.
PA.IV.E.S4,phak,explanation,auto,from the Task E References line,Determine wind direction with or without visible wind direction indicators.
PA.IV.E.S4,risk-management,explanation,auto,from the Task E References line,Determine wind direction with or without visible wind direction indicators.
PA.IV.E.S5,afh,explanation,auto,from the Task E References line,"Position the flight controls for the existing wind, if applicable."
PA.IV.E.S5,aim,guidance,auto,from the Task E References line,"Position the flight controls for the existing wind, if applicable."
PA.IV.E.S5,phak,explanation,auto,from the Task E References line,"Position the flight controls for the existing wind, if applicable."
PA.IV.E.S5,risk-management,explanation,auto,from the Task E References line,"Position the flight controls for the existing wind, if applicable."
PA.IV.E.S6,afh,explanation,auto,from the Task E References line,"Clear the area, taxi into takeoff position, and align the airplane on the runway centerline utilizing maximum available takeoff area."
PA.IV.E.S6,aim,guidance,auto,from the Task E References line,"Clear the area, taxi into takeoff position, and align the airplane on the runway centerline utilizing maximum available takeoff area."
PA.IV.E.S6,phak,explanation,auto,from the Task E References line,"Clear the area, taxi into takeoff position, and align the airplane on the runway centerline utilizing maximum available takeoff area."
PA.IV.E.S6,risk-management,explanation,auto,from the Task E References line,"Clear the area, taxi into takeoff position, and align the airplane on the runway centerline utilizing maximum available takeoff area."
PA.IV.E.S7,afh,explanation,auto,from the Task E References line,Apply brakes while setting engine power to achieve maximum performance.
PA.IV.E.S7,aim,guidance,auto,from the Task E References line,Apply brakes while setting engine power to achieve maximum performance.
PA.IV.E.S7,phak,explanation,auto,from the Task E References line,Apply brakes while setting engine power to achieve maximum performance.
PA.IV.E.S7,risk-management,explanation,auto,from the Task E References line,Apply brakes while setting engine power to achieve maximum performance.
PA.IV.E.S8,afh,explanation,auto,from the Task E References line,Confirm takeoff power prior to brake release and verify proper engine and flight instrument indications prior to rotation.
PA.IV.E.S8,aim,guidance,auto,from the Task E References line,Confirm takeoff power prior to brake release and verify proper engine and flight instrument indications prior to rotation.
PA.IV.E.S8,phak,explanation,auto,from the Task E References line,Confirm takeoff power prior to brake release and verify proper engine and flight instrument indications prior to rotation.
PA.IV.E.S8,risk-management,explanation,auto,from the Task E References line,Confirm takeoff power prior to brake release and verify proper engine and flight instrument indications prior to rotation.
PA.IV.E.S9,afh,explanation,auto,from the Task E References line,"Rotate and lift off at the recommended airspeed and accelerate to the recommended obstacle clearance airspeed or VX, +10/-5 knots."
PA.IV.E.S9,aim,guidance,auto,from the Task E References line,"Rotate and lift off at the recommended airspeed and accelerate to the recommended obstacle clearance airspeed or VX, +10/-5 knots."
PA.IV.E.S9,phak,explanation,auto,from the Task E References line,"Rotate and lift off at the recommended airspeed and accelerate to the recommended obstacle clearance airspeed or VX, +10/-5 knots."
PA.IV.E.S9,risk-management,explanation,auto,from the Task E References line,"Rotate and lift off at the recommended airspeed and accelerate to the recommended obstacle clearance airspeed or VX, +10/-5 knots."
PA.IV.F.K1,afh,explanation,auto,from the Task F References line,"A stabilized approach, including energy management concepts. Private Pilot for Airplane Category ACS (FAA-S-ACS-6C) 25"
PA.IV.F.K1,aim,guidance,auto,from the Task F References line,"A stabilized approach, including energy management concepts. Private Pilot for Airplane Category ACS (FAA-S-ACS-6C) 25"
PA.IV.F.K1,phak,explanation,auto,from the Task F References line,"A stabilized approach, including energy management concepts. Private Pilot for Airplane Category ACS (FAA-S-ACS-6C) 25"
PA.IV.F.K1,risk-management,explanation,auto,from the Task F References line,"A stabilized approach, including energy management concepts. Private Pilot for Airplane Category ACS (FAA-S-ACS-6C) 25"
PA.IV.F.K2,afh,explanation,auto,from the Task F References line,"Effects of atmospheric conditions, including wind, on approach and landing performance."
PA.IV.F.K2,aim,guidance,auto,from the Task F References line,"Effects of atmospheric conditions, including wind, on approach and landing performance."
PA.IV.F.K2,phak,explanation,auto,from the Task F References line,"Effects of atmospheric conditions, including wind, on approach and landing performance."
PA.IV.F.K2,risk-management,explanation,auto,from the Task F References line,"Effects of atmospheric conditions, including wind, on approach and landing performance."
PA.IV.F.K3,afh,explanation,auto,from the Task F References line,Wind correction techniques on approach and landing.
PA.IV.F.K3,aim,guidance,auto,from the Task F References line,Wind correction techniques on approach and landing.
PA.IV.F.K3,phak,explanation,auto,from the Task F References line,Wind correction techniques on approach and landing.
PA.IV.F.K3,risk-management,explanation,auto,from the Task F References line,Wind correction techniques on approach and landing.
PA.IV.F.R1,afh,explanation,auto,from the Task F References line,"Selection of runway based on pilot capability, airplane performance and limitations, available distance, and wind."
PA.IV.F.R1,aim,guidance,auto,from the Task F References line,"Selection of runway based on pilot capability, airplane performance and limitations, available distance, and wind."
PA.IV.F.R1,phak,explanation,auto,from the Task F References line,"Selection of runway based on pilot capability, airplane performance and limitations, available distance, and wind."
PA.IV.F.R1,risk-management,explanation,auto,from the Task F References line,"Selection of runway based on pilot capability, airplane performance and limitations, available distance, and wind."
PA.IV.F.R2,afh,explanation,auto,from the Task F References line,Effects of:
PA.IV.F.R2,aim,guidance,auto,from the Task F References line,Effects of:
PA.IV.F.R2,phak,explanation,auto,from the Task F References line,Effects of:
PA.IV.F.R2,risk-management,explanation,auto,from the Task F References line,Effects of:
PA.IV.F.R2a,afh,explanation,auto,from the Task F References line,a. Crosswind
PA.IV.F.R2a,aim,guidance,auto,from the Task F References line,a. Crosswind
PA.IV.F.R2a,phak,explanation,auto,from the Task F References line,a. Crosswind
PA.IV.F.R2a,risk-management,explanation,auto,from the Task F References line,a. Crosswind
PA.IV.F.R2b,afh,explanation,auto,from the Task F References line,b. Windshear
PA.IV.F.R2b,aim,guidance,auto,from the Task F References line,b. Windshear
PA.IV.F.R2b,phak,explanation,auto,from the Task F References line,b. Windshear
PA.IV.F.R2b,risk-management,explanation,auto,from the Task F References line,b. Windshear
PA.IV.F.R2c,afh,explanation,auto,from the Task F References line,c. Tailwind
PA.IV.F.R2c,aim,guidance,auto,from the Task F References line,c. Tailwind
PA.IV.F.R2c,phak,explanation,auto,from the Task F References line,c. Tailwind
PA.IV.F.R2c,risk-management,explanation,auto,from the Task F References line,c. Tailwind
PA.IV.F.R2d,afh,explanation,auto,from the Task F References line,d. Wake turbulence
PA.IV.F.R2d,aim,guidance,auto,from the Task F References line,d. Wake turbulence
PA.IV.F.R2d,phak,explanation,auto,from the Task F References line,d. Wake turbulence
PA.IV.F.R2d,risk-management,explanation,auto,from the Task F References line,d. Wake turbulence
PA.IV.F.R2e,afh,explanation,auto,from the Task F References line,e. Landing surface/condition
PA.IV.F.R2e,aim,guidance,auto,from the Task F References line,e. Landing surface/condition
PA.IV.F.R2e,phak,explanation,auto,from the Task F References line,e. Landing surface/condition
PA.IV.F.R2e,risk-management,explanation,auto,from the Task F References line,e. Landing surface/condition
PA.IV.F.R3,afh,explanation,auto,from the Task F References line,Planning for:
PA.IV.F.R3,aim,guidance,auto,from the Task F References line,Planning for:
PA.IV.F.R3,phak,explanation,auto,from the Task F References line,Planning for:
PA.IV.F.R3,risk-management,explanation,auto,from the Task F References line,Planning for:
PA.IV.F.R3a,afh,explanation,auto,from the Task F References line,a. Rejected landing and go-around
PA.IV.F.R3a,aim,guidance,auto,from the Task F References line,a. Rejected landing and go-around
PA.IV.F.R3a,phak,explanation,auto,from the Task F References line,a. Rejected landing and go-around
PA.IV.F.R3a,risk-management,explanation,auto,from the Task F References line,a. Rejected landing and go-around
PA.IV.F.R3b,afh,explanation,auto,from the Task F References line,b. Land and hold short operations (LAHSO)
PA.IV.F.R3b,aim,guidance,auto,from the Task F References line,b. Land and hold short operations (LAHSO)
PA.IV.F.R3b,phak,explanation,auto,from the Task F References line,b. Land and hold short operations (LAHSO)
PA.IV.F.R3b,risk-management,explanation,auto,from the Task F References line,b. Land and hold short operations (LAHSO)
PA.IV.F.R4,afh,explanation,auto,from the Task F References line,Collision hazards.
PA.IV.F.R4,aim,guidance,auto,from the Task F References line,Collision hazards.
PA.IV.F.R4,phak,explanation,auto,from the Task F References line,Collision hazards.
PA.IV.F.R4,risk-management,explanation,auto,from the Task F References line,Collision hazards.
PA.IV.F.R5,afh,explanation,auto,from the Task F References line,"Low altitude maneuvering, including stall, spin, or controlled flight into terrain (CFIT)."
PA.IV.F.R5,aim,guidance,auto,from the Task F References line,"Low altitude maneuvering, including stall, spin, or controlled flight into terrain (CFIT)."
PA.IV.F.R5,phak,explanation,auto,from the Task F References line,"Low altitude maneuvering, including stall, spin, or controlled flight into terrain (CFIT)."
PA.IV.F.R5,risk-management,explanation,auto,from the Task F References line,"Low altitude maneuvering, including stall, spin, or controlled flight into terrain (CFIT)."
PA.IV.F.R6,afh,explanation,auto,from the Task F References line,"Distractions, task prioritization, loss of situational awareness, or disorientation."
PA.IV.F.R6,aim,guidance,auto,from the Task F References line,"Distractions, task prioritization, loss of situational awareness, or disorientation."
PA.IV.F.R6,phak,explanation,auto,from the Task F References line,"Distractions, task prioritization, loss of situational awareness, or disorientation."
PA.IV.F.R6,risk-management,explanation,auto,from the Task F References line,"Distractions, task prioritization, loss of situational awareness, or disorientation."
PA.IV.F.S1,afh,explanation,auto,from the Task F References line,Complete the appropriate checklist(s).
PA.IV.F.S1,aim,guidance,auto,from the Task F References line,Complete the appropriate checklist(s).
PA.IV.F.S1,phak,explanation,auto,from the Task F References line,Complete the appropriate checklist(s).
PA.IV.F.S1,risk-management,explanation,auto,from the Task F References line,Complete the appropriate checklist(s).
PA.IV.F.S10,afh,explanation,auto,from the Task F References line,"Touch down at a proper pitch attitude within 200 feet beyond or on the specified point, threshold markings, or runway numbers, with no side drift, minimum float, and with the airplane's longitudinal axis aligned with and over the runway centerline."
PA.IV.F.S10,aim,guidance,auto,from the Task F References line,"Touch down at a proper pitch attitude within 200 feet beyond or on the specified point, threshold markings, or runway numbers, with no side drift, minimum float, and with the airplane's longitudinal axis aligned with and over the runway centerline."
PA.IV.F.S10,phak,explanation,auto,from the Task F References line,"Touch down at a proper pitch attitude within 200 feet beyond or on the specified point, threshold markings, or runway numbers, with no side drift, minimum float, and with the airplane's longitudinal axis aligned with and over the runway centerline."
PA.IV.F.S10,risk-management,explanation,auto,from the Task F References line,"Touch down at a proper pitch attitude within 200 feet beyond or on the specified point, threshold markings, or runway numbers, with no side drift, minimum float, and with the airplane's longitudinal axis aligned with and over the runway centerline."
PA.IV.F.S11,afh,explanation,auto,from the Task F References line,Use manufacturer’s recommended procedures for airplane configuration and braking. Private Pilot for Airplane Category ACS (FAA-S-ACS-6C) 26
PA.IV.F.S11,aim,guidance,auto,from the Task F References line,Use manufacturer’s recommended procedures for airplane configuration and braking. Private Pilot for Airplane Category ACS (FAA-S-ACS-6C) 26
PA.IV.F.S11,phak,explanation,auto,from the Task F References line,Use manufacturer’s recommended procedures for airplane configuration and braking. Private Pilot for Airplane Category ACS (FAA-S-ACS-6C) 26
PA.IV.F.S11,risk-management,explanation,auto,from the Task F References line,Use manufacturer’s recommended procedures for airplane configuration and braking. Private Pilot for Airplane Category ACS (FAA-S-ACS-6C) 26
PA.IV.F.S12,afh,explanation,auto,from the Task F References line,Execute a timely go-around if the approach cannot be made within the tolerances specified above or for any other condition that may result in an unsafe approach or landing.
PA.IV.F.S12,aim,guidance,auto,from the Task F References line,Execute a timely go-around if the approach cannot be made within the tolerances specified above or for any other condition that may result in an unsafe approach or landing.
PA.IV.F.S12,phak,explanation,auto,from the Task F References line,Execute a timely go-around if the approach cannot be made within the tolerances specified above or for any other condition that may result in an unsafe approach or landing.
PA.IV.F.S12,risk-management,explanation,auto,from the Task F References line,Execute a timely go-around if the approach cannot be made within the tolerances specified above or for any other condition that may result in an unsafe approach or landing.
PA.IV.F.S13,afh,explanation,auto,from the Task F References line,"Use runway incursion avoidance procedures, if applicable."
PA.IV.F.S13,aim,guidance,auto,from the Task F References line,"Use runway incursion avoidance procedures, if applicable."
PA.IV.F.S13,phak,explanation,auto,from the Task F References line,"Use runway incursion avoidance procedures, if applicable."
PA.IV.F.S13,risk-management,explanation,auto,from the Task F References line,"Use runway incursion avoidance procedures, if applicable."
PA.IV.F.S2,afh,explanation,auto,from the Task F References line,Make radio calls as appropriate.
PA.IV.F.S2,aim,guidance,auto,from the Task F References line,Make radio calls as appropriate.
PA.IV.F.S2,phak,explanation,auto,from the Task F References line,Make radio calls as appropriate.
PA.IV.F.S2,risk-management,explanation,auto,from the Task F References line,Make radio calls as appropriate.
PA.IV.F.S3,afh,explanation,auto,from the Task F References line,Ensure the airplane is aligned with the correct/assigned runway.
PA.IV.F.S3,aim,guidance,auto,from the Task F References line,Ensure the airplane is aligned with the correct/assigned runway.
PA.IV.F.S3,phak,explanation,auto,from the Task F References line,Ensure the airplane is aligned with the correct/assigned runway.
PA.IV.F.S3,risk-management,explanation,auto,from the Task F References line,Ensure the airplane is aligned with the correct/assigned runway.
PA.IV.F.S4,afh,explanation,auto,from the Task F References line,Scan the landing runway and adjoining area for traffic and obstructions.
PA.IV.F.S4,aim,guidance,auto,from the Task F References line,Scan the landing runway and adjoining area for traffic and obstructions.
PA.IV.F.S4,phak,explanation,auto,from the Task F References line,Scan the landing runway and adjoining area for traffic and obstructions.
PA.IV.F.S4,risk-management,explanation,auto,from the Task F References line,Scan the landing runway and adjoining area for traffic and obstructions.
PA.IV.F.S5,afh,explanation,auto,from the Task F References line,"Select and aim for a suitable touchdown point considering the wind conditions, landing surface, and obstructions."
PA.IV.F.S5,aim,guidance,auto,from the Task F References line,"Select and aim for a suitable touchdown point considering the wind conditions, landing surface, and obstructions."
PA.IV.F.S5,phak,explanation,auto,from the Task F References line,"Select and aim for a suitable touchdown point considering the wind conditions, landing surface, and obstructions."
PA.IV.F.S5,risk-management,explanation,auto,from the Task F References line,"Select and aim for a suitable touchdown point considering the wind conditions, landing surface, and obstructions."
PA.IV.F.S6,afh,explanation,auto,from the Task F References line,"Establish the recommended approach and landing configuration, airspeed, and trim, and adjust pitch attitude and power as required to maintain a stabilized approach."
PA.IV.F.S6,aim,guidance,auto,from the Task F References line,"Establish the recommended approach and landing configuration, airspeed, and trim, and adjust pitch attitude and power as required to maintain a stabilized approach."
PA.IV.F.S6,phak,explanation,auto,from the Task F References line,"Establish the recommended approach and landing configuration, airspeed, and trim, and adjust pitch attitude and power as required to maintain a stabilized approach."
PA.IV.F.S6,risk-management,explanation,auto,from the Task F References line,"Establish the recommended approach and landing configuration, airspeed, and trim, and adjust pitch attitude and power as required to maintain a stabilized approach."
PA.IV.F.S7,afh,explanation,auto,from the Task F References line,"Maintain manufacturer’s published approach airspeed or in its absence not more than 1.3 VSO, +10/-5 knots with gust factor applied."
PA.IV.F.S7,aim,guidance,auto,from the Task F References line,"Maintain manufacturer’s published approach airspeed or in its absence not more than 1.3 VSO, +10/-5 knots with gust factor applied."
PA.IV.F.S7,phak,explanation,auto,from the Task F References line,"Maintain manufacturer’s published approach airspeed or in its absence not more than 1.3 VSO, +10/-5 knots with gust factor applied."
PA.IV.F.S7,risk-management,explanation,auto,from the Task F References line,"Maintain manufacturer’s published approach airspeed or in its absence not more than 1.3 VSO, +10/-5 knots with gust factor applied."
PA.IV.F.S8,afh,explanation,auto,from the Task F References line,Maintain directional control and appropriate crosswind correction throughout the approach and landing.
PA.IV.F.S8,aim,guidance,auto,from the Task F References line,Maintain directional control and appropriate crosswind correction throughout the approach and landing.
PA.IV.F.S8,phak,explanation,auto,from the Task F References line,Maintain directional control and appropriate crosswind correction throughout the approach and landing.
PA.IV.F.S8,risk-management,explanation,auto,from the Task F References line,Maintain directional control and appropriate crosswind correction throughout the approach and landing.
PA.IV.F.S9,afh,explanation,auto,from the Task F References line,"Make smooth, timely, and correct control application before, during, and after touchdown."
PA.IV.F.S9,aim,guidance,auto,from the Task F References line,"Make smooth, timely, and correct control application before, during, and after touchdown."
PA.IV.F.S9,phak,explanation,auto,from the Task F References line,"Make smooth, timely, and correct control application before, during, and after touchdown."
PA.IV.F.S9,risk-management,explanation,auto,from the Task F References line,"Make smooth, timely, and correct control application before, during, and after touchdown."
PA.IV.G.K1,afh,explanation,auto,from the Task G References line,"Effects of atmospheric conditions, including wind, on takeoff and climb performance."
PA.IV.G.K1,aim,guidance,auto,from the Task G References line,"Effects of atmospheric conditions, including wind, on takeoff and climb performance."
PA.IV.G.K1,phak,explanation,auto,from the Task G References line,"Effects of atmospheric conditions, including wind, on takeoff and climb performance."
PA.IV.G.K1,risk-management,explanation,auto,from the Task G References line,"Effects of atmospheric conditions, including wind, on takeoff and climb performance."
PA.IV.G.K1,seaplane,explanation,auto,from the Task G References line,"Effects of atmospheric conditions, including wind, on takeoff and climb performance."
PA.IV.G.K2,afh,explanation,auto,from the Task G References line,Best angle of climb speed (VX) and best rate of climb speed (VY).
PA.IV.G.K2,aim,guidance,auto,from the Task G References line,Best angle of climb speed (VX) and best rate of climb speed (VY).
PA.IV.G.K2,phak,explanation,auto,from the Task G References line,Best angle of climb speed (VX) and best rate of climb speed (VY).
PA.IV.G.K2,risk-management,explanation,auto,from the Task G References line,Best angle of climb speed (VX) and best rate of climb speed (VY).
PA.IV.G.K2,seaplane,explanation,auto,from the Task G References line,Best angle of climb speed (VX) and best rate of climb speed (VY).
PA.IV.G.K3,afh,explanation,auto,from the Task G References line,Appropriate airplane configuration.
PA.IV.G.K3,aim,guidance,auto,from the Task G References line,Appropriate airplane configuration.
PA.IV.G.K3,phak,explanation,auto,from the Task G References line,Appropriate airplane configuration.
PA.IV.G.K3,risk-management,explanation,auto,from the Task G References line,Appropriate airplane configuration.
PA.IV.G.K3,seaplane,explanation,auto,from the Task G References line,Appropriate airplane configuration.
PA.IV.G.K4,afh,explanation,auto,from the Task G References line,Effects of water surface.
PA.IV.G.K4,aim,guidance,auto,from the Task G References line,Effects of water surface.
PA.IV.G.K4,phak,explanation,auto,from the Task G References line,Effects of water surface.
PA.IV.G.K4,risk-management,explanation,auto,from the Task G References line,Effects of water surface.
PA.IV.G.K4,seaplane,explanation,auto,from the Task G References line,Effects of water surface.
PA.IV.G.R1,afh,explanation,auto,from the Task G References line,"Selection of takeoff path based on pilot capability, airplane performance and limitations, available distance, and wind."
PA.IV.G.R1,aim,guidance,auto,from the Task G References line,"Selection of takeoff path based on pilot capability, airplane performance and limitations, available distance, and wind."
PA.IV.G.R1,phak,explanation,auto,from the Task G References line,"Selection of takeoff path based on pilot capability, airplane performance and limitations, available distance, and wind."
PA.IV.G.R1,risk-management,explanation,auto,from the Task G References line,"Selection of takeoff path based on pilot capability, airplane performance and limitations, available distance, and wind."
PA.IV.G.R1,seaplane,explanation,auto,from the Task G References line,"Selection of takeoff path based on pilot capability, airplane performance and limitations, available distance, and wind."
PA.IV.G.R2,afh,explanation,auto,from the Task G References line,Effects of:
PA.IV.G.R2,aim,guidance,auto,from the Task G References line,Effects of:
PA.IV.G.R2,phak,explanation,auto,from the Task G References line,Effects of:
PA.IV.G.R2,risk-management,explanation,auto,from the Task G References line,Effects of:
PA.IV.G.R2,seaplane,explanation,auto,from the Task G References line,Effects of:
PA.IV.G.R2a,afh,explanation,auto,from the Task G References line,a. Crosswind
PA.IV.G.R2a,aim,guidance,auto,from the Task G References line,a. Crosswind
PA.IV.G.R2a,phak,explanation,auto,from the Task G References line,a. Crosswind
PA.IV.G.R2a,risk-management,explanation,auto,from the Task G References line,a. Crosswind
PA.IV.G.R2a,seaplane,explanation,auto,from the Task G References line,a. Crosswind
PA.IV.G.R2b,afh,explanation,auto,from the Task G References line,b. Windshear
PA.IV.G.R2b,aim,guidance,auto,from the Task G References line,b. Windshear
PA.IV.G.R2b,phak,explanation,auto,from the Task G References line,b. Windshear
PA.IV.G.R2b,risk-management,explanation,auto,from the Task G References line,b. Windshear
PA.IV.G.R2b,seaplane,explanation,auto,from the Task G References line,b. Windshear
PA.IV.G.R2c,afh,explanation,auto,from the Task G References line,c. Tailwind
PA.IV.G.R2c,aim,guidance,auto,from the Task G References line,c. Tailwind
PA.IV.G.R2c,phak,explanation,auto,from the Task G References line,c. Tailwind
PA.IV.G.R2c,risk-management,explanation,auto,from the Task G References line,c. Tailwind
PA.IV.G.R2c,seaplane,explanation,auto,from the Task G References line,c. Tailwind
PA.IV.G.R2d,afh,explanation,auto,from the Task G References line,d. Wake turbulence
PA.IV.G.R2d,aim,guidance,auto,from the Task G References line,d. Wake turbulence
PA.IV.G.R2d,phak,explanation,auto,from the Task G References line,d. Wake turbulence
PA.IV.G.R2d,risk-management,explanation,auto,from the Task G References line,d. Wake turbulence
PA.IV.G.R2d,seaplane,explanation,auto,from the Task G References line,d. Wake turbulence
PA.IV.G.R2e,afh,explanation,auto,from the Task G References line,e. Water surface/condition
PA.IV.G.R2e,aim,guidance,auto,from the Task G References line,e. Water surface/condition
PA.IV.G.R2e,phak,explanation,auto,from the Task G References line,e. Water surface/condition
PA.IV.G.R2e,risk-management,explanation,auto,from the Task G References line,e. Water surface/condition
PA.IV.G.R2e,seaplane,explanation,auto,from the Task G References line,e. Water surface/condition
PA.IV.G.R3,afh,explanation,auto,from the Task G References line,"Abnormal operations, including planning for:"
PA.IV.G.R3,aim,guidance,auto,from the Task G References line,"Abnormal operations, including planning for:"
PA.IV.G.R3,phak,explanation,auto,from the Task G References line,"Abnormal operations, including planning for:"
PA.IV.G.R3,risk-management,explanation,auto,from the Task G References line,"Abnormal operations, including planning for:"
PA.IV.G.R3,seaplane,explanation,auto,from the Task G References line,"Abnormal operations, including planning for:"
PA.IV.G.R3a,afh,explanation,auto,from the Task G References line,a. Rejected takeoff
PA.IV.G.R3a,aim,guidance,auto,from the Task G References line,a. Rejected takeoff
PA.IV.G.R3a,phak,explanation,auto,from the Task G References line,a. Rejected takeoff
PA.IV.G.R3a,risk-management,explanation,auto,from the Task G References line,a. Rejected takeoff
PA.IV.G.R3a,seaplane,explanation,auto,from the Task G References line,a. Rejected takeoff
PA.IV.G.R3b,afh,explanation,auto,from the Task G References line,b. Potential engine failure in takeoff/climb phase of flight
PA.IV.G.R3b,aim,guidance,auto,from the Task G References line,b. Potential engine failure in takeoff/climb phase of flight
PA.IV.G.R3b,phak,explanation,auto,from the Task G References line,b. Potential engine failure in takeoff/climb phase of flight
PA.IV.G.R3b,risk-management,explanation,auto,from the Task G References line,b. Potential engine failure in takeoff/climb phase of flight
PA.IV.G.R3b,seaplane,explanation,auto,from the Task G References line,b. Potential engine failure in takeoff/climb phase of flight
PA.IV.G.R4,afh,explanation,auto,from the Task G References line,Collision hazards.
PA.IV.G.R4,aim,guidance,auto,from the Task G References line,Collision hazards.
PA.IV.G.R4,phak,explanation,auto,from the Task G References line,Collision hazards.
PA.IV.G.R4,risk-management,explanation,auto,from the Task G References line,Collision hazards.
PA.IV.G.R4,seaplane,explanation,auto,from the Task G References line,Collision hazards.
PA.IV.G.R5,afh,explanation,auto,from the Task G References line,"Low altitude maneuvering, including stall, spin, or controlled flight into terrain (CFIT)."
PA.IV.G.R5,aim,guidance,auto,from the Task G References line,"Low altitude maneuvering, including stall, spin, or controlled flight into terrain (CFIT)."
PA.IV.G.R5,phak,explanation,auto,from the Task G References line,"Low altitude maneuvering, including stall, spin, or controlled flight into terrain (CFIT)."
PA.IV.G.R5,risk-management,explanation,auto,from the Task G References line,"Low altitude maneuvering, including stall, spin, or controlled flight into terrain (CFIT)."
PA.IV.G.R5,seaplane,explanation,auto,from the Task G References line,"Low altitude maneuvering, including stall, spin, or controlled flight into terrain (CFIT)."
PA.IV.G.R6,afh,explanation,auto,from the Task G References line,"Distractions, task prioritization, loss of situational awareness, or disorientation."
PA.IV.G.R6,aim,guidance,auto,from the Task G References line,"Distractions, task prioritization, loss of situational awareness, or disorientation."
PA.IV.G.R6,phak,explanation,auto,from the Task G References line,"Distractions, task prioritization, loss of situational awareness, or disorientation."
PA.IV.G.R6,risk-management,explanation,auto,from the Task G References line,"Distractions, task prioritization, loss of situational awareness, or disorientation."
PA.IV.G.R6,seaplane,explanation,auto,from the Task G References line,"Distractions, task prioritization, loss of situational awareness, or disorientation."
PA.IV.G.S1,afh,explanation,auto,from the Task G References line,Complete the appropriate checklist(s).
PA.IV.G.S1,aim,guidance,auto,from the Task G References line,Complete the appropriate checklist(s).
PA.IV.G.S1,phak,explanation,auto,from the Task G References line,Complete the appropriate checklist(s).
PA.IV.G.S1,risk-management,explanation,auto,from the Task G References line,Complete the appropriate checklist(s).
PA.IV.G.S1,seaplane,explanation,auto,from the Task G References line,Complete the appropriate checklist(s).
PA.IV.G.S10,afh,explanation,auto,from the Task G References line,"Rotate and lift off at the recommended airspeed, and accelerate to the recommended obstacle clearance airspeed or VX."
PA.IV.G.S10,aim,guidance,auto,from the Task G References line,"Rotate and lift off at the recommended airspeed, and accelerate to the recommended obstacle clearance airspeed or VX."
PA.IV.G.S10,phak,explanation,auto,from the Task G References line,"Rotate and lift off at the recommended airspeed, and accelerate to the recommended obstacle clearance airspeed or VX."
PA.IV.G.S10,risk-management,explanation,auto,from the Task G References line,"Rotate and lift off at the recommended airspeed, and accelerate to the recommended obstacle clearance airspeed or VX."
PA.IV.G.S10,seaplane,explanation,auto,from the Task G References line,"Rotate and lift off at the recommended airspeed, and accelerate to the recommended obstacle clearance airspeed or VX."
PA.IV.G.S11,afh,explanation,auto,from the Task G References line,"Establish a pitch attitude to maintain the recommended obstacle clearance airspeed or VX, +10/-5 knots until the obstacle is cleared or until the airplane is 50 feet above the surface."
PA.IV.G.S11,aim,guidance,auto,from the Task G References line,"Establish a pitch attitude to maintain the recommended obstacle clearance airspeed or VX, +10/-5 knots until the obstacle is cleared or until the airplane is 50 feet above the surface."
PA.IV.G.S11,phak,explanation,auto,from the Task G References line,"Establish a pitch attitude to maintain the recommended obstacle clearance airspeed or VX, +10/-5 knots until the obstacle is cleared or until the airplane is 50 feet above the surface."
PA.IV.G.S11,risk-management,explanation,auto,from the Task G References line,"Establish a pitch attitude to maintain the recommended obstacle clearance airspeed or VX, +10/-5 knots until the obstacle is cleared or until the airplane is 50 feet above the surface."
PA.IV.G.S11,seaplane,explanation,auto,from the Task G References line,"Establish a pitch attitude to maintain the recommended obstacle clearance airspeed or VX, +10/-5 knots until the obstacle is cleared or until the airplane is 50 feet above the surface."
PA.IV.G.S12,afh,explanation,auto,from the Task G References line,Establish a pitch attitude for VY and accelerate to VY +10/-5 knots after clearing the obstacle or at 50 feet AGL if simulating an obstacle.
PA.IV.G.S12,aim,guidance,auto,from the Task G References line,Establish a pitch attitude for VY and accelerate to VY +10/-5 knots after clearing the obstacle or at 50 feet AGL if simulating an obstacle.
PA.IV.G.S12,phak,explanation,auto,from the Task G References line,Establish a pitch attitude for VY and accelerate to VY +10/-5 knots after clearing the obstacle or at 50 feet AGL if simulating an obstacle.
PA.IV.G.S12,risk-management,explanation,auto,from the Task G References line,Establish a pitch attitude for VY and accelerate to VY +10/-5 knots after clearing the obstacle or at 50 feet AGL if simulating an obstacle.
PA.IV.G.S12,seaplane,explanation,auto,from the Task G References line,Establish a pitch attitude for VY and accelerate to VY +10/-5 knots after clearing the obstacle or at 50 feet AGL if simulating an obstacle.
PA.IV.G.S13,afh,explanation,auto,from the Task G References line,"Retract flaps, if extended, after a positive rate of climb has been verified or in accordance with airplane manufacturer’s guidance."
PA.IV.G.S13,aim,guidance,auto,from the Task G References line,"Retract flaps, if extended, after a positive rate of climb has been verified or in accordance with airplane manufacturer’s guidance."
PA.IV.G.S13,phak,explanation,auto,from the Task G References line,"Retract flaps, if extended, after a positive rate of climb has been verified or in accordance with airplane manufacturer’s guidance."
PA.IV.G.S13,risk-management,explanation,auto,from the Task G References line,"Retract flaps, if extended, after a positive rate of climb has been verified or in accordance with airplane manufacturer’s guidance."
PA.IV.G.S13,seaplane,explanation,auto,from the Task G References line,"Retract flaps, if extended, after a positive rate of climb has been verified or in accordance with airplane manufacturer’s guidance."
PA.IV.G.S14,afh,explanation,auto,from the Task G References line,Maintain VY +10/-5 knots to a safe maneuvering altitude.
PA.IV.G.S14,aim,guidance,auto,from the Task G References line,Maintain VY +10/-5 knots to a safe maneuvering altitude.
PA.IV.G.S14,phak,explanation,auto,from the Task G References line,Maintain VY +10/-5 knots to a safe maneuvering altitude.
PA.IV.G.S14,risk-management,explanation,auto,from the Task G References line,Maintain VY +10/-5 knots to a safe maneuvering altitude.
PA.IV.G.S14,seaplane,explanation,auto,from the Task G References line,Maintain VY +10/-5 knots to a safe maneuvering altitude.
PA.IV.G.S15,afh,explanation,auto,from the Task G References line,Maintain directional control and proper wind-drift correction throughout takeoff and climb.
PA.IV.G.S15,aim,guidance,auto,from the Task G References line,Maintain directional control and proper wind-drift correction throughout takeoff and climb.
PA.IV.G.S15,phak,explanation,auto,from the Task G References line,Maintain directional control and proper wind-drift correction throughout takeoff and climb.
PA.IV.G.S15,risk-management,explanation,auto,from the Task G References line,Maintain directional control and proper wind-drift correction throughout takeoff and climb.
PA.IV.G.S15,seaplane,explanation,auto,from the Task G References line,Maintain directional control and proper wind-drift correction throughout takeoff and climb.
PA.IV.G.S16,afh,explanation,auto,from the Task G References line,"Comply with noise abatement procedures, as applicable."
PA.IV.G.S16,aim,guidance,auto,from the Task G References line,"Comply with noise abatement procedures, as applicable."
PA.IV.G.S16,phak,explanation,auto,from the Task G References line,"Comply with noise abatement procedures, as applicable."
PA.IV.G.S16,risk-management,explanation,auto,from the Task G References line,"Comply with noise abatement procedures, as applicable."
PA.IV.G.S16,seaplane,explanation,auto,from the Task G References line,"Comply with noise abatement procedures, as applicable."
PA.IV.G.S2,afh,explanation,auto,from the Task G References line,Make radio calls as appropriate.
PA.IV.G.S2,aim,guidance,auto,from the Task G References line,Make radio calls as appropriate.
PA.IV.G.S2,phak,explanation,auto,from the Task G References line,Make radio calls as appropriate.
PA.IV.G.S2,risk-management,explanation,auto,from the Task G References line,Make radio calls as appropriate.
PA.IV.G.S2,seaplane,explanation,auto,from the Task G References line,Make radio calls as appropriate.
PA.IV.G.S3,afh,explanation,auto,from the Task G References line,Verify assigned/correct takeoff path.
PA.IV.G.S3,aim,guidance,auto,from the Task G References line,Verify assigned/correct takeoff path.
PA.IV.G.S3,phak,explanation,auto,from the Task G References line,Verify assigned/correct takeoff path.
PA.IV.G.S3,risk-management,explanation,auto,from the Task G References line,Verify assigned/correct takeoff path.
PA.IV.G.S3,seaplane,explanation,auto,from the Task G References line,Verify assigned/correct takeoff path.
PA.IV.G.S4,afh,explanation,auto,from the Task G References line,Determine wind direction with or without visible wind direction indicators. Private Pilot for Airplane Category ACS (FAA-S-ACS-6C) 27
PA.IV.G.S4,aim,guidance,auto,from the Task G References line,Determine wind direction with or without visible wind direction indicators. Private Pilot for Airplane Category ACS (FAA-S-ACS-6C) 27
PA.IV.G.S4,phak,explanation,auto,from the Task G References line,Determine wind direction with or without visible wind direction indicators. Private Pilot for Airplane Category ACS (FAA-S-ACS-6C) 27
PA.IV.G.S4,risk-management,explanation,auto,from the Task G References line,Determine wind direction with or without visible wind direction indicators. Private Pilot for Airplane Category ACS (FAA-S-ACS-6C) 27
PA.IV.G.S4,seaplane,explanation,auto,from the Task G References line,Determine wind direction with or without visible wind direction indicators. Private Pilot for Airplane Category ACS (FAA-S-ACS-6C) 27
PA.IV.G.S5,afh,explanation,auto,from the Task G References line,"Position the flight controls for the existing wind, if applicable."
PA.IV.G.S5,aim,guidance,auto,from the Task G References line,"Position the flight controls for the existing wind, if applicable."
PA.IV.G.S5,phak,explanation,auto,from the Task G References line,"Position the flight controls for the existing wind, if applicable."
PA.IV.G.S5,risk-management,explanation,auto,from the Task G References line,"Position the flight controls for the existing wind, if applicable."
PA.IV.G.S5,seaplane,explanation,auto,from the Task G References line,"Position the flight controls for the existing wind, if applicable."
PA.IV.G.S6,afh,explanation,auto,from the Task G References line,"Clear the area, taxi into takeoff position utilizing maximum available takeoff area, and align the airplane on the takeoff path."
PA.IV.G.S6,aim,guidance,auto,from the Task G References line,"Clear the area, taxi into takeoff position utilizing maximum available takeoff area, and align the airplane on the takeoff path."
PA.IV.G.S6,phak,explanation,auto,from the Task G References line,"Clear the area, taxi into takeoff position utilizing maximum available takeoff area, and align the airplane on the takeoff path."
PA.IV.G.S6,risk-management,explanation,auto,from the Task G References line,"Clear the area, taxi into takeoff position utilizing maximum available takeoff area, and align the airplane on the takeoff path."
PA.IV.G.S6,seaplane,explanation,auto,from the Task G References line,"Clear the area, taxi into takeoff position utilizing maximum available takeoff area, and align the airplane on the takeoff path."
PA.IV.G.S6a,afh,explanation,auto,from the Task G References line,"a. Retract the water rudders, as appropriate"
PA.IV.G.S6a,aim,guidance,auto,from the Task G References line,"a. Retract the water rudders, as appropriate"
PA.IV.G.S6a,phak,explanation,auto,from the Task G References line,"a. Retract the water rudders, as appropriate"
PA.IV.G.S6a,risk-management,explanation,auto,from the Task G References line,"a. Retract the water rudders, as appropriate"
PA.IV.G.S6a,seaplane,explanation,auto,from the Task G References line,"a. Retract the water rudders, as appropriate"
PA.IV.G.S7,afh,explanation,auto,from the Task G References line,Advance the throttle smoothly to takeoff power and confirm proper engine and flight instrument indications prior to rotation.
PA.IV.G.S7,aim,guidance,auto,from the Task G References line,Advance the throttle smoothly to takeoff power and confirm proper engine and flight instrument indications prior to rotation.
PA.IV.G.S7,phak,explanation,auto,from the Task G References line,Advance the throttle smoothly to takeoff power and confirm proper engine and flight instrument indications prior to rotation.
PA.IV.G.S7,risk-management,explanation,auto,from the Task G References line,Advance the throttle smoothly to takeoff power and confirm proper engine and flight instrument indications prior to rotation.
PA.IV.G.S7,seaplane,explanation,auto,from the Task G References line,Advance the throttle smoothly to takeoff power and confirm proper engine and flight instrument indications prior to rotation.
PA.IV.G.S8,afh,explanation,auto,from the Task G References line,Establish a pitch attitude that maintains the most efficient planing/lift-off attitude and correct for porpoising and skipping.
PA.IV.G.S8,aim,guidance,auto,from the Task G References line,Establish a pitch attitude that maintains the most efficient planing/lift-off attitude and correct for porpoising and skipping.
PA.IV.G.S8,phak,explanation,auto,from the Task G References line,Establish a pitch attitude that maintains the most efficient planing/lift-off attitude and correct for porpoising and skipping.
PA.IV.G.S8,risk-management,explanation,auto,from the Task G References line,Establish a pitch attitude that maintains the most efficient planing/lift-off attitude and correct for porpoising and skipping.
PA.IV.G.S8,seaplane,explanation,auto,from the Task G References line,Establish a pitch attitude that maintains the most efficient planing/lift-off attitude and correct for porpoising and skipping.
PA.IV.G.S9,afh,explanation,auto,from the Task G References line,Avoid excessive water spray on the propeller(s).
PA.IV.G.S9,aim,guidance,auto,from the Task G References line,Avoid excessive water spray on the propeller(s).
PA.IV.G.S9,phak,explanation,auto,from the Task G References line,Avoid excessive water spray on the propeller(s).
PA.IV.G.S9,risk-management,explanation,auto,from the Task G References line,Avoid excessive water spray on the propeller(s).
PA.IV.G.S9,seaplane,explanation,auto,from the Task G References line,Avoid excessive water spray on the propeller(s).
PA.IV.H.K1,afh,explanation,auto,from the Task H References line,"A stabilized approach, including energy management concepts."
PA.IV.H.K1,aim,guidance,auto,from the Task H References line,"A stabilized approach, including energy management concepts."
PA.IV.H.K1,phak,explanation,auto,from the Task H References line,"A stabilized approach, including energy management concepts."
PA.IV.H.K1,risk-management,explanation,auto,from the Task H References line,"A stabilized approach, including energy management concepts."
PA.IV.H.K1,seaplane,explanation,auto,from the Task H References line,"A stabilized approach, including energy management concepts."
PA.IV.H.K2,afh,explanation,auto,from the Task H References line,"Effects of atmospheric conditions, including wind, on approach and landing performance."
PA.IV.H.K2,aim,guidance,auto,from the Task H References line,"Effects of atmospheric conditions, including wind, on approach and landing performance."
PA.IV.H.K2,phak,explanation,auto,from the Task H References line,"Effects of atmospheric conditions, including wind, on approach and landing performance."
PA.IV.H.K2,risk-management,explanation,auto,from the Task H References line,"Effects of atmospheric conditions, including wind, on approach and landing performance."
PA.IV.H.K2,seaplane,explanation,auto,from the Task H References line,"Effects of atmospheric conditions, including wind, on approach and landing performance."
PA.IV.H.K3,afh,explanation,auto,from the Task H References line,Wind correction techniques on approach and landing.
PA.IV.H.K3,aim,guidance,auto,from the Task H References line,Wind correction techniques on approach and landing.
PA.IV.H.K3,phak,explanation,auto,from the Task H References line,Wind correction techniques on approach and landing.
PA.IV.H.K3,risk-management,explanation,auto,from the Task H References line,Wind correction techniques on approach and landing.
PA.IV.H.K3,seaplane,explanation,auto,from the Task H References line,Wind correction techniques on approach and landing.
PA.IV.H.R1,afh,explanation,auto,from the Task H References line,"Selection of approach path and touchdown area based on pilot capability, airplane performance and limitations, available distance, and wind."
PA.IV.H.R1,aim,guidance,auto,from the Task H References line,"Selection of approach path and touchdown area based on pilot capability, airplane performance and limitations, available distance, and wind."
PA.IV.H.R1,phak,explanation,auto,from the Task H References line,"Selection of approach path and touchdown area based on pilot capability, airplane performance and limitations, available distance, and wind."
PA.IV.H.R1,risk-management,explanation,auto,from the Task H References line,"Selection of approach path and touchdown area based on pilot capability, airplane performance and limitations, available distance, and wind."
PA.IV.H.R1,seaplane,explanation,auto,from the Task H References line,"Selection of approach path and touchdown area based on pilot capability, airplane performance and limitations, available distance, and wind."
PA.IV.H.R2,afh,explanation,auto,from the Task H References line,Effects of:
PA.IV.H.R2,aim,guidance,auto,from the Task H References line,Effects of:
PA.IV.H.R2,phak,explanation,auto,from the Task H References line,Effects of:
PA.IV.H.R2,risk-management,explanation,auto,from the Task H References line,Effects of:
PA.IV.H.R2,seaplane,explanation,auto,from the Task H References line,Effects of:
PA.IV.H.R2a,afh,explanation,auto,from the Task H References line,a. Crosswind
PA.IV.H.R2a,aim,guidance,auto,from the Task H References line,a. Crosswind
PA.IV.H.R2a,phak,explanation,auto,from the Task H References line,a. Crosswind
PA.IV.H.R2a,risk-management,explanation,auto,from the Task H References line,a. Crosswind
PA.IV.H.R2a,seaplane,explanation,auto,from the Task H References line,a. Crosswind
PA.IV.H.R2b,afh,explanation,auto,from the Task H References line,b. Windshear
PA.IV.H.R2b,aim,guidance,auto,from the Task H References line,b. Windshear
PA.IV.H.R2b,phak,explanation,auto,from the Task H References line,b. Windshear
PA.IV.H.R2b,risk-management,explanation,auto,from the Task H References line,b. Windshear
PA.IV.H.R2b,seaplane,explanation,auto,from the Task H References line,b. Windshear
PA.IV.H.R2c,afh,explanation,auto,from the Task H References line,c. Tailwind Private Pilot for Airplane Category ACS (FAA-S-ACS-6C) 28
PA.IV.H.R2c,aim,guidance,auto,from the Task H References line,c. Tailwind Private Pilot for Airplane Category ACS (FAA-S-ACS-6C) 28
PA.IV.H.R2c,phak,explanation,auto,from the Task H References line,c. Tailwind Private Pilot for Airplane Category ACS (FAA-S-ACS-6C) 28
PA.IV.H.R2c,risk-management,explanation,auto,from the Task H References line,c. Tailwind Private Pilot for Airplane Category ACS (FAA-S-ACS-6C) 28
PA.IV.H.R2c,seaplane,explanation,auto,from the Task H References line,c. Tailwind Private Pilot for Airplane Category ACS (FAA-S-ACS-6C) 28
PA.IV.H.R2d,afh,explanation,auto,from the Task H References line,d. Wake turbulence
PA.IV.H.R2d,aim,guidance,auto,from the Task H References line,d. Wake turbulence
PA.IV.H.R2d,phak,explanation,auto,from the Task H References line,d. Wake turbulence
PA.IV.H.R2d,risk-management,explanation,auto,from the Task H References line,d. Wake turbulence
PA.IV.H.R2d,seaplane,explanation,auto,from the Task H References line,d. Wake turbulence
PA.IV.H.R2e,afh,explanation,auto,from the Task H References line,e. Water surface/condition
PA.IV.H.R2e,aim,guidance,auto,from the Task H References line,e. Water surface/condition
PA.IV.H.R2e,phak,explanation,auto,from the Task H References line,e. Water surface/condition
PA.IV.H.R2e,risk-management,explanation,auto,from the Task H References line,e. Water surface/condition
PA.IV.H.R2e,seaplane,explanation,auto,from the Task H References line,e. Water surface/condition
PA.IV.H.R3,afh,explanation,auto,from the Task H References line,Planning for a go-around and rejected landing.
PA.IV.H.R3,aim,guidance,auto,from the Task H References line,Planning for a go-around and rejected landing.
PA.IV.H.R3,phak,explanation,auto,from the Task H References line,Planning for a go-around and rejected landing.
PA.IV.H.R3,risk-management,explanation,auto,from the Task H References line,Planning for a go-around and rejected landing.
PA.IV.H.R3,seaplane,explanation,auto,from the Task H References line,Planning for a go-around and rejected landing.
PA.IV.H.R4,afh,explanation,auto,from the Task H References line,Collision hazards.
PA.IV.H.R4,aim,guidance,auto,from the Task H References line,Collision hazards.
PA.IV.H.R4,phak,explanation,auto,from the Task H References line,Collision hazards.
PA.IV.H.R4,risk-management,explanation,auto,from the Task H References line,Collision hazards.
PA.IV.H.R4,seaplane,explanation,auto,from the Task H References line,Collision hazards.
PA.IV.H.R5,afh,explanation,auto,from the Task H References line,"Low altitude maneuvering, including stall, spin, or controlled flight into terrain (CFIT)."
PA.IV.H.R5,aim,guidance,auto,from the Task H References line,"Low altitude maneuvering, including stall, spin, or controlled flight into terrain (CFIT)."
PA.IV.H.R5,phak,explanation,auto,from the Task H References line,"Low altitude maneuvering, including stall, spin, or controlled flight into terrain (CFIT)."
PA.IV.H.R5,risk-management,explanation,auto,from the Task H References line,"Low altitude maneuvering, including stall, spin, or controlled flight into terrain (CFIT)."
PA.IV.H.R5,seaplane,explanation,auto,from the Task H References line,"Low altitude maneuvering, including stall, spin, or controlled flight into terrain (CFIT)."
PA.IV.H.R6,afh,explanation,auto,from the Task H References line,"Distractions, task prioritization, loss of situational awareness, or disorientation."
PA.IV.H.R6,aim,guidance,auto,from the Task H References line,"Distractions, task prioritization, loss of situational awareness, or disorientation."
PA.IV.H.R6,phak,explanation,auto,from the Task H References line,"Distractions, task prioritization, loss of situational awareness, or disorientation."
PA.IV.H.R6,risk-management,explanation,auto,from the Task H References line,"Distractions, task prioritization, loss of situational awareness, or disorientation."
PA.IV.H.R6,seaplane,explanation,auto,from the Task H References line,"Distractions, task prioritization, loss of situational awareness, or disorientation."
PA.IV.H.S1,afh,explanation,auto,from the Task H References line,Complete the appropriate checklist(s).
PA.IV.H.S1,aim,guidance,auto,from the Task H References line,Complete the appropriate checklist(s).
PA.IV.H.S1,phak,explanation,auto,from the Task H References line,Complete the appropriate checklist(s).
PA.IV.H.S1,risk-management,explanation,auto,from the Task H References line,Complete the appropriate checklist(s).
PA.IV.H.S1,seaplane,explanation,auto,from the Task H References line,Complete the appropriate checklist(s).
PA.IV.H.S10,afh,explanation,auto,from the Task H References line,Contact the water at the recommended airspeed with a proper pitch attitude for the surface conditions.
PA.IV.H.S10,aim,guidance,auto,from the Task H References line,Contact the water at the recommended airspeed with a proper pitch attitude for the surface conditions.
PA.IV.H.S10,phak,explanation,auto,from the Task H References line,Contact the water at the recommended airspeed with a proper pitch attitude for the surface conditions.
PA.IV.H.S10,risk-management,explanation,auto,from the Task H References line,Contact the water at the recommended airspeed with a proper pitch attitude for the surface conditions.
PA.IV.H.S10,seaplane,explanation,auto,from the Task H References line,Contact the water at the recommended airspeed with a proper pitch attitude for the surface conditions.
PA.IV.H.S11,afh,explanation,auto,from the Task H References line,"Touch down at a proper pitch attitude, within 200 feet beyond or on the specified point, with no side drift, minimum float, and with the airplane’s longitudinal axis aligned with the projected landing path."
PA.IV.H.S11,aim,guidance,auto,from the Task H References line,"Touch down at a proper pitch attitude, within 200 feet beyond or on the specified point, with no side drift, minimum float, and with the airplane’s longitudinal axis aligned with the projected landing path."
PA.IV.H.S11,phak,explanation,auto,from the Task H References line,"Touch down at a proper pitch attitude, within 200 feet beyond or on the specified point, with no side drift, minimum float, and with the airplane’s longitudinal axis aligned with the projected landing path."
PA.IV.H.S11,risk-management,explanation,auto,from the Task H References line,"Touch down at a proper pitch attitude, within 200 feet beyond or on the specified point, with no side drift, minimum float, and with the airplane’s longitudinal axis aligned with the projected landing path."
PA.IV.H.S11,seaplane,explanation,auto,from the Task H References line,"Touch down at a proper pitch attitude, within 200 feet beyond or on the specified point, with no side drift, minimum float, and with the airplane’s longitudinal axis aligned with the projected landing path."
PA.IV.H.S12,afh,explanation,auto,from the Task H References line,Execute a timely go-around if the approach cannot be made within the tolerances specified above or for any other condition that may result in an unsafe approach or landing.
PA.IV.H.S12,aim,guidance,auto,from the Task H References line,Execute a timely go-around if the approach cannot be made within the tolerances specified above or for any other condition that may result in an unsafe approach or landing.
PA.IV.H.S12,phak,explanation,auto,from the Task H References line,Execute a timely go-around if the approach cannot be made within the tolerances specified above or for any other condition that may result in an unsafe approach or landing.
PA.IV.H.S12,risk-management,explanation,auto,from the Task H References line,Execute a timely go-around if the approach cannot be made within the tolerances specified above or for any other condition that may result in an unsafe approach or landing.
PA.IV.H.S12,seaplane,explanation,auto,from the Task H References line,Execute a timely go-around if the approach cannot be made within the tolerances specified above or for any other condition that may result in an unsafe approach or landing.
PA.IV.H.S13,afh,explanation,auto,from the Task H References line,Apply elevator control as necessary to stop in the shortest distance consistent with safety.
PA.IV.H.S13,aim,guidance,auto,from the Task H References line,Apply elevator control as necessary to stop in the shortest distance consistent with safety.
PA.IV.H.S13,phak,explanation,auto,from the Task H References line,Apply elevator control as necessary to stop in the shortest distance consistent with safety.
PA.IV.H.S13,risk-management,explanation,auto,from the Task H References line,Apply elevator control as necessary to stop in the shortest distance consistent with safety.
PA.IV.H.S13,seaplane,explanation,auto,from the Task H References line,Apply elevator control as necessary to stop in the shortest distance consistent with safety.
PA.IV.H.S2,afh,explanation,auto,from the Task H References line,Make radio calls as appropriate.
PA.IV.H.S2,aim,guidance,auto,from the Task H References line,Make radio calls as appropriate.
PA.IV.H.S2,phak,explanation,auto,from the Task H References line,Make radio calls as appropriate.
PA.IV.H.S2,risk-management,explanation,auto,from the Task H References line,Make radio calls as appropriate.
PA.IV.H.S2,seaplane,explanation,auto,from the Task H References line,Make radio calls as appropriate.
PA.IV.H.S3,afh,explanation,auto,from the Task H References line,Ensure the airplane is aligned for an approach to the correct/assigned landing surface.
PA.IV.H.S3,aim,guidance,auto,from the Task H References line,Ensure the airplane is aligned for an approach to the correct/assigned landing surface.
PA.IV.H.S3,phak,explanation,auto,from the Task H References line,Ensure the airplane is aligned for an approach to the correct/assigned landing surface.
PA.IV.H.S3,risk-management,explanation,auto,from the Task H References line,Ensure the airplane is aligned for an approach to the correct/assigned landing surface.
PA.IV.H.S3,seaplane,explanation,auto,from the Task H References line,Ensure the airplane is aligned for an approach to the correct/assigned landing surface.
PA.IV.H.S4,afh,explanation,auto,from the Task H References line,Scan the landing area for traffic and obstructions.
PA.IV.H.S4,aim,guidance,auto,from the Task H References line,Scan the landing area for traffic and obstructions.
PA.IV.H.S4,phak,explanation,auto,from the Task H References line,Scan the landing area for traffic and obstructions.
PA.IV.H.S4,risk-management,explanation,auto,from the Task H References line,Scan the landing area for traffic and obstructions.
PA.IV.H.S4,seaplane,explanation,auto,from the Task H References line,Scan the landing area for traffic and obstructions.
PA.IV.H.S5,afh,explanation,auto,from the Task H References line,"Select and aim for a suitable touchdown point considering the wind conditions, landing surface, and obstructions."
PA.IV.H.S5,aim,guidance,auto,from the Task H References line,"Select and aim for a suitable touchdown point considering the wind conditions, landing surface, and obstructions."
PA.IV.H.S5,phak,explanation,auto,from the Task H References line,"Select and aim for a suitable touchdown point considering the wind conditions, landing surface, and obstructions."
PA.IV.H.S5,risk-management,explanation,auto,from the Task H References line,"Select and aim for a suitable touchdown point considering the wind conditions, landing surface, and obstructions."
PA.IV.H.S5,seaplane,explanation,auto,from the Task H References line,"Select and aim for a suitable touchdown point considering the wind conditions, landing surface, and obstructions."
PA.IV.H.S6,afh,explanation,auto,from the Task H References line,"Establish the recommended approach and landing configuration, airspeed, and trim, and adjust pitch attitude and power as required to maintain a stabilized approach."
PA.IV.H.S6,aim,guidance,auto,from the Task H References line,"Establish the recommended approach and landing configuration, airspeed, and trim, and adjust pitch attitude and power as required to maintain a stabilized approach."
PA.IV.H.S6,phak,explanation,auto,from the Task H References line,"Establish the recommended approach and landing configuration, airspeed, and trim, and adjust pitch attitude and power as required to maintain a stabilized approach."
PA.IV.H.S6,risk-management,explanation,auto,from the Task H References line,"Establish the recommended approach and landing configuration, airspeed, and trim, and adjust pitch attitude and power as required to maintain a stabilized approach."
PA.IV.H.S6,seaplane,explanation,auto,from the Task H References line,"Establish the recommended approach and landing configuration, airspeed, and trim, and adjust pitch attitude and power as required to maintain a stabilized approach."
PA.IV.H.S7,afh,explanation,auto,from the Task H References line,"Maintain manufacturer’s published approach airspeed or in its absence not more than 1.3 VSO, +10/-5 knots with gust factor applied."
PA.IV.H.S7,aim,guidance,auto,from the Task H References line,"Maintain manufacturer’s published approach airspeed or in its absence not more than 1.3 VSO, +10/-5 knots with gust factor applied."
PA.IV.H.S7,phak,explanation,auto,from the Task H References line,"Maintain manufacturer’s published approach airspeed or in its absence not more than 1.3 VSO, +10/-5 knots with gust factor applied."
PA.IV.H.S7,risk-management,explanation,auto,from the Task H References line,"Maintain manufacturer’s published approach airspeed or in its absence not more than 1.3 VSO, +10/-5 knots with gust factor applied."
PA.IV.H.S7,seaplane,explanation,auto,from the Task H References line,"Maintain manufacturer’s published approach airspeed or in its absence not more than 1.3 VSO, +10/-5 knots with gust factor applied."
PA.IV.H.S8,afh,explanation,auto,from the Task H References line,Maintain directional control and appropriate crosswind correction throughout the approach and landing.
PA.IV.H.S8,aim,guidance,auto,from the Task H References line,Maintain directional control and appropriate crosswind correction throughout the approach and landing.
PA.IV.H.S8,phak,explanation,auto,from the Task H References line,Maintain directional control and appropriate crosswind correction throughout the approach and landing.
PA.IV.H.S8,risk-management,explanation,auto,from the Task H References line,Maintain directional control and appropriate crosswind correction throughout the approach and landing.
PA.IV.H.S8,seaplane,explanation,auto,from the Task H References line,Maintain directional control and appropriate crosswind correction throughout the approach and landing.
PA.IV.H.S9,afh,explanation,auto,from the Task H References line,"Make smooth, timely, and correct control application before, during, and after touchdown."
PA.IV.H.S9,aim,guidance,auto,from the Task H References line,"Make smooth, timely, and correct control application before, during, and after touchdown."
PA.IV.H.S9,phak,explanation,auto,from the Task H References line,"Make smooth, timely, and correct control application before, during, and after touchdown."
PA.IV.H.S9,risk-management,explanation,auto,from the Task H References line,"Make smooth, timely, and correct control application before, during, and after touchdown."
PA.IV.H.S9,seaplane,explanation,auto,from the Task H References line,"Make smooth, timely, and correct control application before, during, and after touchdown."
PA.IV.I.K1,afh,explanation,auto,from the Task I References line,"Effects of atmospheric conditions, including wind, on takeoff and climb performance."
PA.IV.I.K1,aim,guidance,auto,from the Task I References line,"Effects of atmospheric conditions, including wind, on takeoff and climb performance."
PA.IV.I.K1,phak,explanation,auto,from the Task I References line,"Effects of atmospheric conditions, including wind, on takeoff and climb performance."
PA.IV.I.K1,risk-management,explanation,auto,from the Task I References line,"Effects of atmospheric conditions, including wind, on takeoff and climb performance."
PA.IV.I.K1,seaplane,explanation,auto,from the Task I References line,"Effects of atmospheric conditions, including wind, on takeoff and climb performance."
PA.IV.I.K2,afh,explanation,auto,from the Task I References line,Best angle of climb speed (VX) and best rate of climb speed (VY). Private Pilot for Airplane Category ACS (FAA-S-ACS-6C) 29
PA.IV.I.K2,aim,guidance,auto,from the Task I References line,Best angle of climb speed (VX) and best rate of climb speed (VY). Private Pilot for Airplane Category ACS (FAA-S-ACS-6C) 29
PA.IV.I.K2,phak,explanation,auto,from the Task I References line,Best angle of climb speed (VX) and best rate of climb speed (VY). Private Pilot for Airplane Category ACS (FAA-S-ACS-6C) 29
PA.IV.I.K2,risk-management,explanation,auto,from the Task I References line,Best angle of climb speed (VX) and best rate of climb speed (VY). Private Pilot for Airplane Category ACS (FAA-S-ACS-6C) 29
PA.IV.I.K2,seaplane,explanation,auto,from the Task I References line,Best angle of climb speed (VX) and best rate of climb speed (VY). Private Pilot for Airplane Category ACS (FAA-S-ACS-6C) 29
PA.IV.I.K3,afh,explanation,auto,from the Task I References line,Appropriate airplane configuration.
PA.IV.I.K3,aim,guidance,auto,from the Task I References line,Appropriate airplane configuration.
PA.IV.I.K3,phak,explanation,auto,from the Task I References line,Appropriate airplane configuration.
PA.IV.I.K3,risk-management,explanation,auto,from the Task I References line,Appropriate airplane configuration.
PA.IV.I.K3,seaplane,explanation,auto,from the Task I References line,Appropriate airplane configuration.
PA.IV.I.K4,afh,explanation,auto,from the Task I References line,Appropriate use of glassy water takeoff and climb technique.
PA.IV.I.K4,aim,guidance,auto,from the Task I References line,Appropriate use of glassy water takeoff and climb technique.
PA.IV.I.K4,phak,explanation,auto,from the Task I References line,Appropriate use of glassy water takeoff and climb technique.
PA.IV.I.K4,risk-management,explanation,auto,from the Task I References line,Appropriate use of glassy water takeoff and climb technique.
PA.IV.I.K4,seaplane,explanation,auto,from the Task I References line,Appropriate use of glassy water takeoff and climb technique.
PA.IV.I.R1,afh,explanation,auto,from the Task I References line,"Selection of takeoff path based on pilot capability, airplane performance and limitations, and available distance."
PA.IV.I.R1,aim,guidance,auto,from the Task I References line,"Selection of takeoff path based on pilot capability, airplane performance and limitations, and available distance."
PA.IV.I.R1,phak,explanation,auto,from the Task I References line,"Selection of takeoff path based on pilot capability, airplane performance and limitations, and available distance."
PA.IV.I.R1,risk-management,explanation,auto,from the Task I References line,"Selection of takeoff path based on pilot capability, airplane performance and limitations, and available distance."
PA.IV.I.R1,seaplane,explanation,auto,from the Task I References line,"Selection of takeoff path based on pilot capability, airplane performance and limitations, and available distance."
PA.IV.I.R2,afh,explanation,auto,from the Task I References line,Water surface/condition.
PA.IV.I.R2,aim,guidance,auto,from the Task I References line,Water surface/condition.
PA.IV.I.R2,phak,explanation,auto,from the Task I References line,Water surface/condition.
PA.IV.I.R2,risk-management,explanation,auto,from the Task I References line,Water surface/condition.
PA.IV.I.R2,seaplane,explanation,auto,from the Task I References line,Water surface/condition.
PA.IV.I.R3,afh,explanation,auto,from the Task I References line,"Abnormal operations, including planning for:"
PA.IV.I.R3,aim,guidance,auto,from the Task I References line,"Abnormal operations, including planning for:"
PA.IV.I.R3,phak,explanation,auto,from the Task I References line,"Abnormal operations, including planning for:"
PA.IV.I.R3,risk-management,explanation,auto,from the Task I References line,"Abnormal operations, including planning for:"
PA.IV.I.R3,seaplane,explanation,auto,from the Task I References line,"Abnormal operations, including planning for:"
PA.IV.I.R3a,afh,explanation,auto,from the Task I References line,a. Rejected takeoff
PA.IV.I.R3a,aim,guidance,auto,from the Task I References line,a. Rejected takeoff
PA.IV.I.R3a,phak,explanation,auto,from the Task I References line,a. Rejected takeoff
PA.IV.I.R3a,risk-management,explanation,auto,from the Task I References line,a. Rejected takeoff
PA.IV.I.R3a,seaplane,explanation,auto,from the Task I References line,a. Rejected takeoff
PA.IV.I.R3b,afh,explanation,auto,from the Task I References line,b. Potential engine failure in takeoff/climb phase of flight
PA.IV.I.R3b,aim,guidance,auto,from the Task I References line,b. Potential engine failure in takeoff/climb phase of flight
PA.IV.I.R3b,phak,explanation,auto,from the Task I References line,b. Potential engine failure in takeoff/climb phase of flight
PA.IV.I.R3b,risk-management,explanation,auto,from the Task I References line,b. Potential engine failure in takeoff/climb phase of flight
PA.IV.I.R3b,seaplane,explanation,auto,from the Task I References line,b. Potential engine failure in takeoff/climb phase of flight
PA.IV.I.R4,afh,explanation,auto,from the Task I References line,Collision hazards.
PA.IV.I.R4,aim,guidance,auto,from the Task I References line,Collision hazards.
PA.IV.I.R4,phak,explanation,auto,from the Task I References line,Collision hazards.
PA.IV.I.R4,risk-management,explanation,auto,from the Task I References line,Collision hazards.
PA.IV.I.R4,seaplane,explanation,auto,from the Task I References line,Collision hazards.
PA.IV.I.R5,afh,explanation,auto,from the Task I References line,"Low altitude maneuvering, including stall, spin, or controlled flight into terrain (CFIT)."
PA.IV.I.R5,aim,guidance,auto,from the Task I References line,"Low altitude maneuvering, including stall, spin, or controlled flight into terrain (CFIT)."
PA.IV.I.R5,phak,explanation,auto,from the Task I References line,"Low altitude maneuvering, including stall, spin, or controlled flight into terrain (CFIT)."
PA.IV.I.R5,risk-management,explanation,auto,from the Task I References line,"Low altitude maneuvering, including stall, spin, or controlled flight into terrain (CFIT)."
PA.IV.I.R5,seaplane,explanation,auto,from the Task I References line,"Low altitude maneuvering, including stall, spin, or controlled flight into terrain (CFIT)."
PA.IV.I.R6,afh,explanation,auto,from the Task I References line,"Distractions, task prioritization, loss of situational awareness, or disorientation."
PA.IV.I.R6,aim,guidance,auto,from the Task I References line,"Distractions, task prioritization, loss of situational awareness, or disorientation."
PA.IV.I.R6,phak,explanation,auto,from the Task I References line,"Distractions, task prioritization, loss of situational awareness, or disorientation."
PA.IV.I.R6,risk-management,explanation,auto,from the Task I References line,"Distractions, task prioritization, loss of situational awareness, or disorientation."
PA.IV.I.R6,seaplane,explanation,auto,from the Task I References line,"Distractions, task prioritization, loss of situational awareness, or disorientation."
PA.IV.I.R7,afh,explanation,auto,from the Task I References line,Gear position in an amphibious airplane.
PA.IV.I.R7,aim,guidance,auto,from the Task I References line,Gear position in an amphibious airplane.
PA.IV.I.R7,phak,explanation,auto,from the Task I References line,Gear position in an amphibious airplane.
PA.IV.I.R7,risk-management,explanation,auto,from the Task I References line,Gear position in an amphibious airplane.
PA.IV.I.R7,seaplane,explanation,auto,from the Task I References line,Gear position in an amphibious airplane.
PA.IV.I.S1,afh,explanation,auto,from the Task I References line,Complete the appropriate checklist(s).
PA.IV.I.S1,aim,guidance,auto,from the Task I References line,Complete the appropriate checklist(s).
PA.IV.I.S1,phak,explanation,auto,from the Task I References line,Complete the appropriate checklist(s).
PA.IV.I.S1,risk-management,explanation,auto,from the Task I References line,Complete the appropriate checklist(s).
PA.IV.I.S1,seaplane,explanation,auto,from the Task I References line,Complete the appropriate checklist(s).
PA.IV.I.S10,afh,explanation,auto,from the Task I References line,Configure the airplane after a positive rate of climb has been verified or in accordance with airplane manufacturer’s instructions.
PA.IV.I.S10,aim,guidance,auto,from the Task I References line,Configure the airplane after a positive rate of climb has been verified or in accordance with airplane manufacturer’s instructions.
PA.IV.I.S10,phak,explanation,auto,from the Task I References line,Configure the airplane after a positive rate of climb has been verified or in accordance with airplane manufacturer’s instructions.
PA.IV.I.S10,risk-management,explanation,auto,from the Task I References line,Configure the airplane after a positive rate of climb has been verified or in accordance with airplane manufacturer’s instructions.
PA.IV.I.S10,seaplane,explanation,auto,from the Task I References line,Configure the airplane after a positive rate of climb has been verified or in accordance with airplane manufacturer’s instructions.
PA.IV.I.S11,afh,explanation,auto,from the Task I References line,Maintain VY +10/-5 knots to a safe maneuvering altitude.
PA.IV.I.S11,aim,guidance,auto,from the Task I References line,Maintain VY +10/-5 knots to a safe maneuvering altitude.
PA.IV.I.S11,phak,explanation,auto,from the Task I References line,Maintain VY +10/-5 knots to a safe maneuvering altitude.
PA.IV.I.S11,risk-management,explanation,auto,from the Task I References line,Maintain VY +10/-5 knots to a safe maneuvering altitude.
PA.IV.I.S11,seaplane,explanation,auto,from the Task I References line,Maintain VY +10/-5 knots to a safe maneuvering altitude.
PA.IV.I.S12,afh,explanation,auto,from the Task I References line,Maintain directional control throughout takeoff and climb. Private Pilot for Airplane Category ACS (FAA-S-ACS-6C) 30
PA.IV.I.S12,aim,guidance,auto,from the Task I References line,Maintain directional control throughout takeoff and climb. Private Pilot for Airplane Category ACS (FAA-S-ACS-6C) 30
PA.IV.I.S12,phak,explanation,auto,from the Task I References line,Maintain directional control throughout takeoff and climb. Private Pilot for Airplane Category ACS (FAA-S-ACS-6C) 30
PA.IV.I.S12,risk-management,explanation,auto,from the Task I References line,Maintain directional control throughout takeoff and climb. Private Pilot for Airplane Category ACS (FAA-S-ACS-6C) 30
PA.IV.I.S12,seaplane,explanation,auto,from the Task I References line,Maintain directional control throughout takeoff and climb. Private Pilot for Airplane Category ACS (FAA-S-ACS-6C) 30
PA.IV.I.S2,afh,explanation,auto,from the Task I References line,Make radio calls as appropriate.
PA.IV.I.S2,aim,guidance,auto,from the Task I References line,Make radio calls as appropriate.
PA.IV.I.S2,phak,explanation,auto,from the Task I References line,Make radio calls as appropriate.
PA.IV.I.S2,risk-management,explanation,auto,from the Task I References line,Make radio calls as appropriate.
PA.IV.I.S2,seaplane,explanation,auto,from the Task I References line,Make radio calls as appropriate.
PA.IV.I.S3,afh,explanation,auto,from the Task I References line,Position flight controls and configure the aircraft for the existing conditions.
PA.IV.I.S3,aim,guidance,auto,from the Task I References line,Position flight controls and configure the aircraft for the existing conditions.
PA.IV.I.S3,phak,explanation,auto,from the Task I References line,Position flight controls and configure the aircraft for the existing conditions.
PA.IV.I.S3,risk-management,explanation,auto,from the Task I References line,Position flight controls and configure the aircraft for the existing conditions.
PA.IV.I.S3,seaplane,explanation,auto,from the Task I References line,Position flight controls and configure the aircraft for the existing conditions.
PA.IV.I.S4,afh,explanation,auto,from the Task I References line,"Clear the area, select appropriate takeoff path considering surface hazards or vessels and surface conditions:"
PA.IV.I.S4,aim,guidance,auto,from the Task I References line,"Clear the area, select appropriate takeoff path considering surface hazards or vessels and surface conditions:"
PA.IV.I.S4,phak,explanation,auto,from the Task I References line,"Clear the area, select appropriate takeoff path considering surface hazards or vessels and surface conditions:"
PA.IV.I.S4,risk-management,explanation,auto,from the Task I References line,"Clear the area, select appropriate takeoff path considering surface hazards or vessels and surface conditions:"
PA.IV.I.S4,seaplane,explanation,auto,from the Task I References line,"Clear the area, select appropriate takeoff path considering surface hazards or vessels and surface conditions:"
PA.IV.I.S4a,afh,explanation,auto,from the Task I References line,"a. Retract the water rudders, as appropriate"
PA.IV.I.S4a,aim,guidance,auto,from the Task I References line,"a. Retract the water rudders, as appropriate"
PA.IV.I.S4a,phak,explanation,auto,from the Task I References line,"a. Retract the water rudders, as appropriate"
PA.IV.I.S4a,risk-management,explanation,auto,from the Task I References line,"a. Retract the water rudders, as appropriate"
PA.IV.I.S4a,seaplane,explanation,auto,from the Task I References line,"a. Retract the water rudders, as appropriate"
PA.IV.I.S4b,afh,explanation,auto,from the Task I References line,b. Advance the throttle smoothly to takeoff power and confirm proper engine and flight instrument indications prior to rotation
PA.IV.I.S4b,aim,guidance,auto,from the Task I References line,b. Advance the throttle smoothly to takeoff power and confirm proper engine and flight instrument indications prior to rotation
PA.IV.I.S4b,phak,explanation,auto,from the Task I References line,b. Advance the throttle smoothly to takeoff power and confirm proper engine and flight instrument indications prior to rotation
PA.IV.I.S4b,risk-management,explanation,auto,from the Task I References line,b. Advance the throttle smoothly to takeoff power and confirm proper engine and flight instrument indications prior to rotation
PA.IV.I.S4b,seaplane,explanation,auto,from the Task I References line,b. Advance the throttle smoothly to takeoff power and confirm proper engine and flight instrument indications prior to rotation
PA.IV.I.S5,afh,explanation,auto,from the Task I References line,[Archived]
PA.IV.I.S5,aim,guidance,auto,from the Task I References line,[Archived]
PA.IV.I.S5,phak,explanation,auto,from the Task I References line,[Archived]
PA.IV.I.S5,risk-management,explanation,auto,from the Task I References line,[Archived]
PA.IV.I.S5,seaplane,explanation,auto,from the Task I References line,[Archived]
PA.IV.I.S6,afh,explanation,auto,from the Task I References line,"Establish and maintain an appropriate planing attitude, directional control, and correct for porpoising, skipping, and increase in water drag."
PA.IV.I.S6,aim,guidance,auto,from the Task I References line,"Establish and maintain an appropriate planing attitude, directional control, and correct for porpoising, skipping, and increase in water drag."
PA.IV.I.S6,phak,explanation,auto,from the Task I References line,"Establish and maintain an appropriate planing attitude, directional control, and correct for porpoising, skipping, and increase in water drag."
PA.IV.I.S6,risk-management,explanation,auto,from the Task I References line,"Establish and maintain an appropriate planing attitude, directional control, and correct for porpoising, skipping, and increase in water drag."
PA.IV.I.S6,seaplane,explanation,auto,from the Task I References line,"Establish and maintain an appropriate planing attitude, directional control, and correct for porpoising, skipping, and increase in water drag."
PA.IV.I.S7,afh,explanation,auto,from the Task I References line,Avoid excessive water spray on the propeller(s).
PA.IV.I.S7,aim,guidance,auto,from the Task I References line,Avoid excessive water spray on the propeller(s).
PA.IV.I.S7,phak,explanation,auto,from the Task I References line,Avoid excessive water spray on the propeller(s).
PA.IV.I.S7,risk-management,explanation,auto,from the Task I References line,Avoid excessive water spray on the propeller(s).
PA.IV.I.S7,seaplane,explanation,auto,from the Task I References line,Avoid excessive water spray on the propeller(s).
PA.IV.I.S8,afh,explanation,auto,from the Task I References line,Use appropriate techniques to lift seaplane from the water considering surface conditions.
PA.IV.I.S8,aim,guidance,auto,from the Task I References line,Use appropriate techniques to lift seaplane from the water considering surface conditions.
PA.IV.I.S8,phak,explanation,auto,from the Task I References line,Use appropriate techniques to lift seaplane from the water considering surface conditions.
PA.IV.I.S8,risk-management,explanation,auto,from the Task I References line,Use appropriate techniques to lift seaplane from the water considering surface conditions.
PA.IV.I.S8,seaplane,explanation,auto,from the Task I References line,Use appropriate techniques to lift seaplane from the water considering surface conditions.
PA.IV.I.S9,afh,explanation,auto,from the Task I References line,Establish proper attitude/airspeed and accelerate to VY +10/-5 knots during the climb.
PA.IV.I.S9,aim,guidance,auto,from the Task I References line,Establish proper attitude/airspeed and accelerate to VY +10/-5 knots during the climb.
PA.IV.I.S9,phak,explanation,auto,from the Task I References line,Establish proper attitude/airspeed and accelerate to VY +10/-5 knots during the climb.
PA.IV.I.S9,risk-management,explanation,auto,from the Task I References line,Establish proper attitude/airspeed and accelerate to VY +10/-5 knots during the climb.
PA.IV.I.S9,seaplane,explanation,auto,from the Task I References line,Establish proper attitude/airspeed and accelerate to VY +10/-5 knots during the climb.
PA.IV.J.K1,afh,explanation,auto,from the Task J References line,"A stabilized approach, including energy management concepts."
PA.IV.J.K1,aim,guidance,auto,from the Task J References line,"A stabilized approach, including energy management concepts."
PA.IV.J.K1,phak,explanation,auto,from the Task J References line,"A stabilized approach, including energy management concepts."
PA.IV.J.K1,risk-management,explanation,auto,from the Task J References line,"A stabilized approach, including energy management concepts."
PA.IV.J.K1,seaplane,explanation,auto,from the Task J References line,"A stabilized approach, including energy management concepts."
PA.IV.J.K2,afh,explanation,auto,from the Task J References line,"Effects of atmospheric conditions, including wind, on approach and landing performance."
PA.IV.J.K2,aim,guidance,auto,from the Task J References line,"Effects of atmospheric conditions, including wind, on approach and landing performance."
PA.IV.J.K2,phak,explanation,auto,from the Task J References line,"Effects of atmospheric conditions, including wind, on approach and landing performance."
PA.IV.J.K2,risk-management,explanation,auto,from the Task J References line,"Effects of atmospheric conditions, including wind, on approach and landing performance."
PA.IV.J.K2,seaplane,explanation,auto,from the Task J References line,"Effects of atmospheric conditions, including wind, on approach and landing performance."
PA.IV.J.K3,afh,explanation,auto,from the Task J References line,When and why glassy water techniques are used.
PA.IV.J.K3,aim,guidance,auto,from the Task J References line,When and why glassy water techniques are used.
PA.IV.J.K3,phak,explanation,auto,from the Task J References line,When and why glassy water techniques are used.
PA.IV.J.K3,risk-management,explanation,auto,from the Task J References line,When and why glassy water techniques are used.
PA.IV.J.K3,seaplane,explanation,auto,from the Task J References line,When and why glassy water techniques are used.
PA.IV.J.K4,afh,explanation,auto,from the Task J References line,How a glassy water approach and landing is executed.
PA.IV.J.K4,aim,guidance,auto,from the Task J References line,How a glassy water approach and landing is executed.
PA.IV.J.K4,phak,explanation,auto,from the Task J References line,How a glassy water approach and landing is executed.
PA.IV.J.K4,risk-management,explanation,auto,from the Task J References line,How a glassy water approach and landing is executed.
PA.IV.J.K4,seaplane,explanation,auto,from the Task J References line,How a glassy water approach and landing is executed.
PA.IV.J.R1,afh,explanation,auto,from the Task J References line,"Selection of approach path and touchdown area based on pilot capability, airplane performance and limitations, and available distance."
PA.IV.J.R1,aim,guidance,auto,from the Task J References line,"Selection of approach path and touchdown area based on pilot capability, airplane performance and limitations, and available distance."
PA.IV.J.R1,phak,explanation,auto,from the Task J References line,"Selection of approach path and touchdown area based on pilot capability, airplane performance and limitations, and available distance."
PA.IV.J.R1,risk-management,explanation,auto,from the Task J References line,"Selection of approach path and touchdown area based on pilot capability, airplane performance and limitations, and available distance."
PA.IV.J.R1,seaplane,explanation,auto,from the Task J References line,"Selection of approach path and touchdown area based on pilot capability, airplane performance and limitations, and available distance."
PA.IV.J.R2,afh,explanation,auto,from the Task J References line,Water surface/condition.
PA.IV.J.R2,aim,guidance,auto,from the Task J References line,Water surface/condition.
PA.IV.J.R2,phak,explanation,auto,from the Task J References line,Water surface/condition.
PA.IV.J.R2,risk-management,explanation,auto,from the Task J References line,Water surface/condition.
PA.IV.J.R2,seaplane,explanation,auto,from the Task J References line,Water surface/condition.
PA.IV.J.R3,afh,explanation,auto,from the Task J References line,Planning for a go-around and rejected landing.
PA.IV.J.R3,aim,guidance,auto,from the Task J References line,Planning for a go-around and rejected landing.
PA.IV.J.R3,phak,explanation,auto,from the Task J References line,Planning for a go-around and rejected landing.
PA.IV.J.R3,risk-management,explanation,auto,from the Task J References line,Planning for a go-around and rejected landing.
PA.IV.J.R3,seaplane,explanation,auto,from the Task J References line,Planning for a go-around and rejected landing.
PA.IV.J.R4,afh,explanation,auto,from the Task J References line,Collision hazards.
PA.IV.J.R4,aim,guidance,auto,from the Task J References line,Collision hazards.
PA.IV.J.R4,phak,explanation,auto,from the Task J References line,Collision hazards.
PA.IV.J.R4,risk-management,explanation,auto,from the Task J References line,Collision hazards.
PA.IV.J.R4,seaplane,explanation,auto,from the Task J References line,Collision hazards.
PA.IV.J.R5,afh,explanation,auto,from the Task J References line,"Low altitude maneuvering, including stall, spin, or controlled flight into terrain (CFIT)."
PA.IV.J.R5,aim,guidance,auto,from the Task J References line,"Low altitude maneuvering, including stall, spin, or controlled flight into terrain (CFIT)."
PA.IV.J.R5,phak,explanation,auto,from the Task J References line,"Low altitude maneuvering, including stall, spin, or controlled flight into terrain (CFIT)."
PA.IV.J.R5,risk-management,explanation,auto,from the Task J References line,"Low altitude maneuvering, including stall, spin, or controlled flight into terrain (CFIT)."
PA.IV.J.R5,seaplane,explanation,auto,from the Task J References line,"Low altitude maneuvering, including stall, spin, or controlled flight into terrain (CFIT)."
PA.IV.J.R6,afh,explanation,auto,from the Task J References line,"Distractions, task prioritization, loss of situational awareness, or disorientation."
PA.IV.J.R6,aim,guidance,auto,from the Task J References line,"Distractions, task prioritization, loss of situational awareness, or disorientation."
PA.IV.J.R6,phak,explanation,auto,from the Task J References line,"Distractions, task prioritization, loss of situational awareness, or disorientation."
PA.IV.J.R6,risk-management,explanation,auto,from the Task J References line,"Distractions, task prioritization, loss of situational awareness, or disorientation."
PA.IV.J.R6,seaplane,explanation,auto,from the Task J References line,"Distractions, task prioritization, loss of situational awareness, or disorientation."
PA.IV.J.R7,afh,explanation,auto,from the Task J References line,Gear position in an amphibious airplane.
PA.IV.J.R7,aim,guidance,auto,from the Task J References line,Gear position in an amphibious airplane.
PA.IV.J.R7,phak,explanation,auto,from the Task J References line,Gear position in an amphibious airplane.
PA.IV.J.R7,risk-management,explanation,auto,from the Task J References line,Gear position in an amphibious airplane.
PA.IV.J.R7,seaplane,explanation,auto,from the Task J References line,Gear position in an amphibious airplane.
PA.IV.J.S1,afh,explanation,auto,from the Task J References line,Complete the appropriate checklist(s).
PA.IV.J.S1,aim,guidance,auto,from the Task J References line,Complete the appropriate checklist(s).
PA.IV.J.S1,phak,explanation,auto,from the Task J References line,Complete the appropriate checklist(s).
PA.IV.J.S1,risk-management,explanation,auto,from the Task J References line,Complete the appropriate checklist(s).
PA.IV.J.S1,seaplane,explanation,auto,from the Task J References line,Complete the appropriate checklist(s).
PA.IV.J.S2,afh,explanation,auto,from the Task J References line,Make radio calls as appropriate.
PA.IV.J.S2,aim,guidance,auto,from the Task J References line,Make radio calls as appropriate.
PA.IV.J.S2,phak,explanation,auto,from the Task J References line,Make radio calls as appropriate.
PA.IV.J.S2,risk-management,explanation,auto,from the Task J References line,Make radio calls as appropriate.
PA.IV.J.S2,seaplane,explanation,auto,from the Task J References line,Make radio calls as appropriate.
PA.IV.J.S3,afh,explanation,auto,from the Task J References line,Scan the landing area for traffic and obstructions.
PA.IV.J.S3,aim,guidance,auto,from the Task J References line,Scan the landing area for traffic and obstructions.
PA.IV.J.S3,phak,explanation,auto,from the Task J References line,Scan the landing area for traffic and obstructions.
PA.IV.J.S3,risk-management,explanation,auto,from the Task J References line,Scan the landing area for traffic and obstructions.
PA.IV.J.S3,seaplane,explanation,auto,from the Task J References line,Scan the landing area for traffic and obstructions.
PA.IV.J.S4,afh,explanation,auto,from the Task J References line,"Select a proper approach and landing path considering the landing surface, visual attitude references, water depth, and collision hazards."
PA.IV.J.S4,aim,guidance,auto,from the Task J References line,"Select a proper approach and landing path considering the landing surface, visual attitude references, water depth, and collision hazards."
PA.IV.J.S4,phak,explanation,auto,from the Task J References line,"Select a proper approach and landing path considering the landing surface, visual attitude references, water depth, and collision hazards."
PA.IV.J.S4,risk-management,explanation,auto,from the Task J References line,"Select a proper approach and landing path considering the landing surface, visual attitude references, water depth, and collision hazards."
PA.IV.J.S4,seaplane,explanation,auto,from the Task J References line,"Select a proper approach and landing path considering the landing surface, visual attitude references, water depth, and collision hazards."
PA.IV.J.S5,afh,explanation,auto,from the Task J References line,"Establish the recommended approach and landing configuration, airspeed, and trim, and adjust pitch attitude and power as required to maintain a stabilized approach."
PA.IV.J.S5,aim,guidance,auto,from the Task J References line,"Establish the recommended approach and landing configuration, airspeed, and trim, and adjust pitch attitude and power as required to maintain a stabilized approach."
PA.IV.J.S5,phak,explanation,auto,from the Task J References line,"Establish the recommended approach and landing configuration, airspeed, and trim, and adjust pitch attitude and power as required to maintain a stabilized approach."
PA.IV.J.S5,risk-management,explanation,auto,from the Task J References line,"Establish the recommended approach and landing configuration, airspeed, and trim, and adjust pitch attitude and power as required to maintain a stabilized approach."
PA.IV.J.S5,seaplane,explanation,auto,from the Task J References line,"Establish the recommended approach and landing configuration, airspeed, and trim, and adjust pitch attitude and power as required to maintain a stabilized approach."
PA.IV.J.S6,afh,explanation,auto,from the Task J References line,"Maintain manufacturer’s published approach airspeed or in its absence not more than 1.3 VSO, +10/-5 knots."
PA.IV.J.S6,aim,guidance,auto,from the Task J References line,"Maintain manufacturer’s published approach airspeed or in its absence not more than 1.3 VSO, +10/-5 knots."
PA.IV.J.S6,phak,explanation,auto,from the Task J References line,"Maintain manufacturer’s published approach airspeed or in its absence not more than 1.3 VSO, +10/-5 knots."
PA.IV.J.S6,risk-management,explanation,auto,from the Task J References line,"Maintain manufacturer’s published approach airspeed or in its absence not more than 1.3 VSO, +10/-5 knots."
PA.IV.J.S6,seaplane,explanation,auto,from the Task J References line,"Maintain manufacturer’s published approach airspeed or in its absence not more than 1.3 VSO, +10/-5 knots."
PA.IV.J.S7,afh,explanation,auto,from the Task J References line,"Make smooth, timely, and correct power and control adjustments to maintain proper pitch attitude and rate of descent to touchdown."
PA.IV.J.S7,aim,guidance,auto,from the Task J References line,"Make smooth, timely, and correct power and control adjustments to maintain proper pitch attitude and rate of descent to touchdown."
PA.IV.J.S7,phak,explanation,auto,from the Task J References line,"Make smooth, timely, and correct power and control adjustments to maintain proper pitch attitude and rate of descent to touchdown."
PA.IV.J.S7,risk-management,explanation,auto,from the Task J References line,"Make smooth, timely, and correct power and control adjustments to maintain proper pitch attitude and rate of descent to touchdown."
PA.IV.J.S7,seaplane,explanation,auto,from the Task J References line,"Make smooth, timely, and correct power and control adjustments to maintain proper pitch attitude and rate of descent to touchdown."
PA.IV.J.S8,afh,explanation,auto,from the Task J References line,"Contact the water in a proper pitch attitude, and slow to idle taxi speed."
PA.IV.J.S8,aim,guidance,auto,from the Task J References line,"Contact the water in a proper pitch attitude, and slow to idle taxi speed."
PA.IV.J.S8,phak,explanation,auto,from the Task J References line,"Contact the water in a proper pitch attitude, and slow to idle taxi speed."
PA.IV.J.S8,risk-management,explanation,auto,from the Task J References line,"Contact the water in a proper pitch attitude, and slow to idle taxi speed."
PA.IV.J.S8,seaplane,explanation,auto,from the Task J References line,"Contact the water in a proper pitch attitude, and slow to idle taxi speed."
PA.IV.J.S9,afh,explanation,auto,from the Task J References line,Maintain directional control throughout the approach and landing. Private Pilot for Airplane Category ACS (FAA-S-ACS-6C) 31
PA.IV.J.S9,aim,guidance,auto,from the Task J References line,Maintain directional control throughout the approach and landing. Private Pilot for Airplane Category ACS (FAA-S-ACS-6C) 31
PA.IV.J.S9,phak,explanation,auto,from the Task J References line,Maintain directional control throughout the approach and landing. Private Pilot for Airplane Category ACS (FAA-S-ACS-6C) 31
PA.IV.J.S9,risk-management,explanation,auto,from the Task J References line,Maintain directional control throughout the approach and landing. Private Pilot for Airplane Category ACS (FAA-S-ACS-6C) 31
PA.IV.J.S9,seaplane,explanation,auto,from the Task J References line,Maintain directional control throughout the approach and landing. Private Pilot for Airplane Category ACS (FAA-S-ACS-6C) 31
PA.IV.K.K1,afh,explanation,auto,from the Task K References line,"Effects of atmospheric conditions, including wind, on takeoff and climb performance."
PA.IV.K.K1,aim,guidance,auto,from the Task K References line,"Effects of atmospheric conditions, including wind, on takeoff and climb performance."
PA.IV.K.K1,phak,explanation,auto,from the Task K References line,"Effects of atmospheric conditions, including wind, on takeoff and climb performance."
PA.IV.K.K1,risk-management,explanation,auto,from the Task K References line,"Effects of atmospheric conditions, including wind, on takeoff and climb performance."
PA.IV.K.K1,seaplane,explanation,auto,from the Task K References line,"Effects of atmospheric conditions, including wind, on takeoff and climb performance."
PA.IV.K.K2,afh,explanation,auto,from the Task K References line,Best angle of climb speed (VX) and best rate of climb speed (VY).
PA.IV.K.K2,aim,guidance,auto,from the Task K References line,Best angle of climb speed (VX) and best rate of climb speed (VY).
PA.IV.K.K2,phak,explanation,auto,from the Task K References line,Best angle of climb speed (VX) and best rate of climb speed (VY).
PA.IV.K.K2,risk-management,explanation,auto,from the Task K References line,Best angle of climb speed (VX) and best rate of climb speed (VY).
PA.IV.K.K2,seaplane,explanation,auto,from the Task K References line,Best angle of climb speed (VX) and best rate of climb speed (VY).
PA.IV.K.K3,afh,explanation,auto,from the Task K References line,Appropriate airplane configuration.
PA.IV.K.K3,aim,guidance,auto,from the Task K References line,Appropriate airplane configuration.
PA.IV.K.K3,phak,explanation,auto,from the Task K References line,Appropriate airplane configuration.
PA.IV.K.K3,risk-management,explanation,auto,from the Task K References line,Appropriate airplane configuration.
PA.IV.K.K3,seaplane,explanation,auto,from the Task K References line,Appropriate airplane configuration.
PA.IV.K.K4,afh,explanation,auto,from the Task K References line,Appropriate use of rough water takeoff and climb technique.
PA.IV.K.K4,aim,guidance,auto,from the Task K References line,Appropriate use of rough water takeoff and climb technique.
PA.IV.K.K4,phak,explanation,auto,from the Task K References line,Appropriate use of rough water takeoff and climb technique.
PA.IV.K.K4,risk-management,explanation,auto,from the Task K References line,Appropriate use of rough water takeoff and climb technique.
PA.IV.K.K4,seaplane,explanation,auto,from the Task K References line,Appropriate use of rough water takeoff and climb technique.
PA.IV.K.R1,afh,explanation,auto,from the Task K References line,"Selection of takeoff path based on pilot capability, airplane performance and limitations, available distance, and wind."
PA.IV.K.R1,aim,guidance,auto,from the Task K References line,"Selection of takeoff path based on pilot capability, airplane performance and limitations, available distance, and wind."
PA.IV.K.R1,phak,explanation,auto,from the Task K References line,"Selection of takeoff path based on pilot capability, airplane performance and limitations, available distance, and wind."
PA.IV.K.R1,risk-management,explanation,auto,from the Task K References line,"Selection of takeoff path based on pilot capability, airplane performance and limitations, available distance, and wind."
PA.IV.K.R1,seaplane,explanation,auto,from the Task K References line,"Selection of takeoff path based on pilot capability, airplane performance and limitations, available distance, and wind."
PA.IV.K.R2,afh,explanation,auto,from the Task K References line,Effects of:
PA.IV.K.R2,aim,guidance,auto,from the Task K References line,Effects of:
PA.IV.K.R2,phak,explanation,auto,from the Task K References line,Effects of:
PA.IV.K.R2,risk-management,explanation,auto,from the Task K References line,Effects of:
PA.IV.K.R2,seaplane,explanation,auto,from the Task K References line,Effects of:
PA.IV.K.R2a,afh,explanation,auto,from the Task K References line,a. Crosswind
PA.IV.K.R2a,aim,guidance,auto,from the Task K References line,a. Crosswind
PA.IV.K.R2a,phak,explanation,auto,from the Task K References line,a. Crosswind
PA.IV.K.R2a,risk-management,explanation,auto,from the Task K References line,a. Crosswind
PA.IV.K.R2a,seaplane,explanation,auto,from the Task K References line,a. Crosswind
PA.IV.K.R2b,afh,explanation,auto,from the Task K References line,b. Windshear
PA.IV.K.R2b,aim,guidance,auto,from the Task K References line,b. Windshear
PA.IV.K.R2b,phak,explanation,auto,from the Task K References line,b. Windshear
PA.IV.K.R2b,risk-management,explanation,auto,from the Task K References line,b. Windshear
PA.IV.K.R2b,seaplane,explanation,auto,from the Task K References line,b. Windshear
PA.IV.K.R2c,afh,explanation,auto,from the Task K References line,c. Tailwind
PA.IV.K.R2c,aim,guidance,auto,from the Task K References line,c. Tailwind
PA.IV.K.R2c,phak,explanation,auto,from the Task K References line,c. Tailwind
PA.IV.K.R2c,risk-management,explanation,auto,from the Task K References line,c. Tailwind
PA.IV.K.R2c,seaplane,explanation,auto,from the Task K References line,c. Tailwind
PA.IV.K.R2d,afh,explanation,auto,from the Task K References line,d. Wake turbulence
PA.IV.K.R2d,aim,guidance,auto,from the Task K References line,d. Wake turbulence
PA.IV.K.R2d,phak,explanation,auto,from the Task K References line,d. Wake turbulence
PA.IV.K.R2d,risk-management,explanation,auto,from the Task K References line,d. Wake turbulence
PA.IV.K.R2d,seaplane,explanation,auto,from the Task K References line,d. Wake turbulence
PA.IV.K.R2e,afh,explanation,auto,from the Task K References line,e. Water surface/condition
PA.IV.K.R2e,aim,guidance,auto,from the Task K References line,e. Water surface/condition
PA.IV.K.R2e,phak,explanation,auto,from the Task K References line,e. Water surface/condition
PA.IV.K.R2e,risk-management,explanation,auto,from the Task K References line,e. Water surface/condition
PA.IV.K.R2e,seaplane,explanation,auto,from the Task K References line,e. Water surface/condition
PA.IV.K.R3,afh,explanation,auto,from the Task K References line,"Abnormal operations, including planning for:"
PA.IV.K.R3,aim,guidance,auto,from the Task K References line,"Abnormal operations, including planning for:"
PA.IV.K.R3,phak,explanation,auto,from the Task K References line,"Abnormal operations, including planning for:"
PA.IV.K.R3,risk-management,explanation,auto,from the Task K References line,"Abnormal operations, including planning for:"
PA.IV.K.R3,seaplane,explanation,auto,from the Task K References line,"Abnormal operations, including planning for:"
PA.IV.K.R3a,afh,explanation,auto,from the Task K References line,a. Rejected takeoff
PA.IV.K.R3a,aim,guidance,auto,from the Task K References line,a. Rejected takeoff
PA.IV.K.R3a,phak,explanation,auto,from the Task K References line,a. Rejected takeoff
PA.IV.K.R3a,risk-management,explanation,auto,from the Task K References line,a. Rejected takeoff
PA.IV.K.R3a,seaplane,explanation,auto,from the Task K References line,a. Rejected takeoff
PA.IV.K.R3b,afh,explanation,auto,from the Task K References line,b. Potential engine failure in takeoff/climb phase of flight
PA.IV.K.R3b,aim,guidance,auto,from the Task K References line,b. Potential engine failure in takeoff/climb phase of flight
PA.IV.K.R3b,phak,explanation,auto,from the Task K References line,b. Potential engine failure in takeoff/climb phase of flight
PA.IV.K.R3b,risk-management,explanation,auto,from the Task K References line,b. Potential engine failure in takeoff/climb phase of flight
PA.IV.K.R3b,seaplane,explanation,auto,from the Task K References line,b. Potential engine failure in takeoff/climb phase of flight
PA.IV.K.R4,afh,explanation,auto,from the Task K References line,Collision hazards.
PA.IV.K.R4,aim,guidance,auto,from the Task K References line,Collision hazards.
PA.IV.K.R4,phak,explanation,auto,from the Task K References line,Collision hazards.
PA.IV.K.R4,risk-management,explanation,auto,from the Task K References line,Collision hazards.
PA.IV.K.R4,seaplane,explanation,auto,from the Task K References line,Collision hazards.
PA.IV.K.R5,afh,explanation,auto,from the Task K References line,"Low altitude maneuvering, including stall, spin, or controlled flight into terrain (CFIT)."
PA.IV.K.R5,aim,guidance,auto,from the Task K References line,"Low altitude maneuvering, including stall, spin, or controlled flight into terrain (CFIT)."
PA.IV.K.R5,phak,explanation,auto,from the Task K References line,"Low altitude maneuvering, including stall, spin, or controlled flight into terrain (CFIT)."
PA.IV.K.R5,risk-management,explanation,auto,from the Task K References line,"Low altitude maneuvering, including stall, spin, or controlled flight into terrain (CFIT)."
PA.IV.K.R5,seaplane,explanation,auto,from the Task K References line,"Low altitude maneuvering, including stall, spin, or controlled flight into terrain (CFIT)."
PA.IV.K.R6,afh,explanation,auto,from the Task K References line,"Distractions, task prioritization, loss of situational awareness, or disorientation."
PA.IV.K.R6,aim,guidance,auto,from the Task K References line,"Distractions, task prioritization, loss of situational awareness, or disorientation."
PA.IV.K.R6,phak,explanation,auto,from the Task K References line,"Distractions, task prioritization, loss of situational awareness, or disorientation."
PA.IV.K.R6,risk-management,explanation,auto,from the Task K References line,"Distractions, task prioritization, loss of situational awareness, or disorientation."
PA.IV.K.R6,seaplane,explanation,auto,from the Task K References line,"Distractions, task prioritization, loss of situational awareness, or disorientation."
PA.IV.K.R7,afh,explanation,auto,from the Task K References line,Gear position in an amphibious airplane.
PA.IV.K.R7,aim,guidance,auto,from the Task K References line,Gear position in an amphibious airplane.
PA.IV.K.R7,phak,explanation,auto,from the Task K References line,Gear position in an amphibious airplane.
PA.IV.K.R7,risk-management,explanation,auto,from the Task K References line,Gear position in an amphibious airplane.
PA.IV.K.R7,seaplane,explanation,auto,from the Task K References line,Gear position in an amphibious airplane.
PA.IV.K.S1,afh,explanation,auto,from the Task K References line,Complete the appropriate checklist(s).
PA.IV.K.S1,aim,guidance,auto,from the Task K References line,Complete the appropriate checklist(s).
PA.IV.K.S1,phak,explanation,auto,from the Task K References line,Complete the appropriate checklist(s).
PA.IV.K.S1,risk-management,explanation,auto,from the Task K References line,Complete the appropriate checklist(s).
PA.IV.K.S1,seaplane,explanation,auto,from the Task K References line,Complete the appropriate checklist(s).
PA.IV.K.S10,afh,explanation,auto,from the Task K References line,Lift off at minimum airspeed and accelerate to VY +10/- 5 knots before leaving ground effect.
PA.IV.K.S10,aim,guidance,auto,from the Task K References line,Lift off at minimum airspeed and accelerate to VY +10/- 5 knots before leaving ground effect.
PA.IV.K.S10,phak,explanation,auto,from the Task K References line,Lift off at minimum airspeed and accelerate to VY +10/- 5 knots before leaving ground effect.
PA.IV.K.S10,risk-management,explanation,auto,from the Task K References line,Lift off at minimum airspeed and accelerate to VY +10/- 5 knots before leaving ground effect.
PA.IV.K.S10,seaplane,explanation,auto,from the Task K References line,Lift off at minimum airspeed and accelerate to VY +10/- 5 knots before leaving ground effect.
PA.IV.K.S11,afh,explanation,auto,from the Task K References line,Configure the airplane after a positive rate of climb has been verified or in accordance with airplane manufacturer’s instructions.
PA.IV.K.S11,aim,guidance,auto,from the Task K References line,Configure the airplane after a positive rate of climb has been verified or in accordance with airplane manufacturer’s instructions.
PA.IV.K.S11,phak,explanation,auto,from the Task K References line,Configure the airplane after a positive rate of climb has been verified or in accordance with airplane manufacturer’s instructions.
PA.IV.K.S11,risk-management,explanation,auto,from the Task K References line,Configure the airplane after a positive rate of climb has been verified or in accordance with airplane manufacturer’s instructions.
PA.IV.K.S11,seaplane,explanation,auto,from the Task K References line,Configure the airplane after a positive rate of climb has been verified or in accordance with airplane manufacturer’s instructions.
PA.IV.K.S12,afh,explanation,auto,from the Task K References line,Maintain VY +10/-5 knots to a safe maneuvering altitude.
PA.IV.K.S12,aim,guidance,auto,from the Task K References line,Maintain VY +10/-5 knots to a safe maneuvering altitude.
PA.IV.K.S12,phak,explanation,auto,from the Task K References line,Maintain VY +10/-5 knots to a safe maneuvering altitude.
PA.IV.K.S12,risk-management,explanation,auto,from the Task K References line,Maintain VY +10/-5 knots to a safe maneuvering altitude.
PA.IV.K.S12,seaplane,explanation,auto,from the Task K References line,Maintain VY +10/-5 knots to a safe maneuvering altitude.
PA.IV.K.S13,afh,explanation,auto,from the Task K References line,Maintain directional control and proper wind-drift correction throughout takeoff and climb.
PA.IV.K.S13,aim,guidance,auto,from the Task K References line,Maintain directional control and proper wind-drift correction throughout takeoff and climb.
PA.IV.K.S13,phak,explanation,auto,from the Task K References line,Maintain directional control and proper wind-drift correction throughout takeoff and climb.
PA.IV.K.S13,risk-management,explanation,auto,from the Task K References line,Maintain directional control and proper wind-drift correction throughout takeoff and climb.
PA.IV.K.S13,seaplane,explanation,auto,from the Task K References line,Maintain directional control and proper wind-drift correction throughout takeoff and climb.
PA.IV.K.S2,afh,explanation,auto,from the Task K References line,Make radio calls as appropriate.
PA.IV.K.S2,aim,guidance,auto,from the Task K References line,Make radio calls as appropriate.
PA.IV.K.S2,phak,explanation,auto,from the Task K References line,Make radio calls as appropriate.
PA.IV.K.S2,risk-management,explanation,auto,from the Task K References line,Make radio calls as appropriate.
PA.IV.K.S2,seaplane,explanation,auto,from the Task K References line,Make radio calls as appropriate.
PA.IV.K.S3,afh,explanation,auto,from the Task K References line,Verify assigned/correct takeoff path.
PA.IV.K.S3,aim,guidance,auto,from the Task K References line,Verify assigned/correct takeoff path.
PA.IV.K.S3,phak,explanation,auto,from the Task K References line,Verify assigned/correct takeoff path.
PA.IV.K.S3,risk-management,explanation,auto,from the Task K References line,Verify assigned/correct takeoff path.
PA.IV.K.S3,seaplane,explanation,auto,from the Task K References line,Verify assigned/correct takeoff path.
PA.IV.K.S4,afh,explanation,auto,from the Task K References line,Determine wind direction with or without visible wind direction indicators.
PA.IV.K.S4,aim,guidance,auto,from the Task K References line,Determine wind direction with or without visible wind direction indicators.
PA.IV.K.S4,phak,explanation,auto,from the Task K References line,Determine wind direction with or without visible wind direction indicators.
PA.IV.K.S4,risk-management,explanation,auto,from the Task K References line,Determine wind direction with or without visible wind direction indicators.
PA.IV.K.S4,seaplane,explanation,auto,from the Task K References line,Determine wind direction with or without visible wind direction indicators.
PA.IV.K.S5,afh,explanation,auto,from the Task K References line,Position flight controls and configure the airplane for the existing conditions. Private Pilot for Airplane Category ACS (FAA-S-ACS-6C) 32
PA.IV.K.S5,aim,guidance,auto,from the Task K References line,Position flight controls and configure the airplane for the existing conditions. Private Pilot for Airplane Category ACS (FAA-S-ACS-6C) 32
PA.IV.K.S5,phak,explanation,auto,from the Task K References line,Position flight controls and configure the airplane for the existing conditions. Private Pilot for Airplane Category ACS (FAA-S-ACS-6C) 32
PA.IV.K.S5,risk-management,explanation,auto,from the Task K References line,Position flight controls and configure the airplane for the existing conditions. Private Pilot for Airplane Category ACS (FAA-S-ACS-6C) 32
PA.IV.K.S5,seaplane,explanation,auto,from the Task K References line,Position flight controls and configure the airplane for the existing conditions. Private Pilot for Airplane Category ACS (FAA-S-ACS-6C) 32
PA.IV.K.S6,afh,explanation,auto,from the Task K References line,"Clear the area, select an appropriate takeoff path considering wind, swells, surface hazards, or vessels."
PA.IV.K.S6,aim,guidance,auto,from the Task K References line,"Clear the area, select an appropriate takeoff path considering wind, swells, surface hazards, or vessels."
PA.IV.K.S6,phak,explanation,auto,from the Task K References line,"Clear the area, select an appropriate takeoff path considering wind, swells, surface hazards, or vessels."
PA.IV.K.S6,risk-management,explanation,auto,from the Task K References line,"Clear the area, select an appropriate takeoff path considering wind, swells, surface hazards, or vessels."
PA.IV.K.S6,seaplane,explanation,auto,from the Task K References line,"Clear the area, select an appropriate takeoff path considering wind, swells, surface hazards, or vessels."
PA.IV.K.S6a,afh,explanation,auto,from the Task K References line,"a. Retract the water rudders, as appropriate"
PA.IV.K.S6a,aim,guidance,auto,from the Task K References line,"a. Retract the water rudders, as appropriate"
PA.IV.K.S6a,phak,explanation,auto,from the Task K References line,"a. Retract the water rudders, as appropriate"
PA.IV.K.S6a,risk-management,explanation,auto,from the Task K References line,"a. Retract the water rudders, as appropriate"
PA.IV.K.S6a,seaplane,explanation,auto,from the Task K References line,"a. Retract the water rudders, as appropriate"
PA.IV.K.S6b,afh,explanation,auto,from the Task K References line,b. Advance the throttle smoothly to takeoff power and confirm proper engine and flight instrument indications prior to rotation
PA.IV.K.S6b,aim,guidance,auto,from the Task K References line,b. Advance the throttle smoothly to takeoff power and confirm proper engine and flight instrument indications prior to rotation
PA.IV.K.S6b,phak,explanation,auto,from the Task K References line,b. Advance the throttle smoothly to takeoff power and confirm proper engine and flight instrument indications prior to rotation
PA.IV.K.S6b,risk-management,explanation,auto,from the Task K References line,b. Advance the throttle smoothly to takeoff power and confirm proper engine and flight instrument indications prior to rotation
PA.IV.K.S6b,seaplane,explanation,auto,from the Task K References line,b. Advance the throttle smoothly to takeoff power and confirm proper engine and flight instrument indications prior to rotation
PA.IV.K.S7,afh,explanation,auto,from the Task K References line,[Archived]
PA.IV.K.S7,aim,guidance,auto,from the Task K References line,[Archived]
PA.IV.K.S7,phak,explanation,auto,from the Task K References line,[Archived]
PA.IV.K.S7,risk-management,explanation,auto,from the Task K References line,[Archived]
PA.IV.K.S7,seaplane,explanation,auto,from the Task K References line,[Archived]
PA.IV.K.S8,afh,explanation,auto,from the Task K References line,"Establish and maintain an appropriate planing attitude, directional control, and correct for porpoising, skipping, and increase in water drag."
PA.IV.K.S8,aim,guidance,auto,from the Task K References line,"Establish and maintain an appropriate planing attitude, directional control, and correct for porpoising, skipping, and increase in water drag."
PA.IV.K.S8,phak,explanation,auto,from the Task K References line,"Establish and maintain an appropriate planing attitude, directional control, and correct for porpoising, skipping, and increase in water drag."
PA.IV.K.S8,risk-management,explanation,auto,from the Task K References line,"Establish and maintain an appropriate planing attitude, directional control, and correct for porpoising, skipping, and increase in water drag."
PA.IV.K.S8,seaplane,explanation,auto,from the Task K References line,"Establish and maintain an appropriate planing attitude, directional control, and correct for porpoising, skipping, and increase in water drag."
PA.IV.K.S9,afh,explanation,auto,from the Task K References line,Avoid excessive water spray on the propeller(s).
PA.IV.K.S9,aim,guidance,auto,from the Task K References line,Avoid excessive water spray on the propeller(s).
PA.IV.K.S9,phak,explanation,auto,from the Task K References line,Avoid excessive water spray on the propeller(s).
PA.IV.K.S9,risk-management,explanation,auto,from the Task K References line,Avoid excessive water spray on the propeller(s).
PA.IV.K.S9,seaplane,explanation,auto,from the Task K References line,Avoid excessive water spray on the propeller(s).
PA.IV.L.K1,afh,explanation,auto,from the Task L References line,"A stabilized approach, including energy management concepts."
PA.IV.L.K1,aim,guidance,auto,from the Task L References line,"A stabilized approach, including energy management concepts."
PA.IV.L.K1,phak,explanation,auto,from the Task L References line,"A stabilized approach, including energy management concepts."
PA.IV.L.K1,risk-management,explanation,auto,from the Task L References line,"A stabilized approach, including energy management concepts."
PA.IV.L.K1,seaplane,explanation,auto,from the Task L References line,"A stabilized approach, including energy management concepts."
PA.IV.L.K2,afh,explanation,auto,from the Task L References line,"Effects of atmospheric conditions, including wind, on approach and landing performance."
PA.IV.L.K2,aim,guidance,auto,from the Task L References line,"Effects of atmospheric conditions, including wind, on approach and landing performance."
PA.IV.L.K2,phak,explanation,auto,from the Task L References line,"Effects of atmospheric conditions, including wind, on approach and landing performance."
PA.IV.L.K2,risk-management,explanation,auto,from the Task L References line,"Effects of atmospheric conditions, including wind, on approach and landing performance."
PA.IV.L.K2,seaplane,explanation,auto,from the Task L References line,"Effects of atmospheric conditions, including wind, on approach and landing performance."
PA.IV.L.K3,afh,explanation,auto,from the Task L References line,Wind correction techniques on approach and landing.
PA.IV.L.K3,aim,guidance,auto,from the Task L References line,Wind correction techniques on approach and landing.
PA.IV.L.K3,phak,explanation,auto,from the Task L References line,Wind correction techniques on approach and landing.
PA.IV.L.K3,risk-management,explanation,auto,from the Task L References line,Wind correction techniques on approach and landing.
PA.IV.L.K3,seaplane,explanation,auto,from the Task L References line,Wind correction techniques on approach and landing.
PA.IV.L.K4,afh,explanation,auto,from the Task L References line,When and why rough water techniques are used.
PA.IV.L.K4,aim,guidance,auto,from the Task L References line,When and why rough water techniques are used.
PA.IV.L.K4,phak,explanation,auto,from the Task L References line,When and why rough water techniques are used.
PA.IV.L.K4,risk-management,explanation,auto,from the Task L References line,When and why rough water techniques are used.
PA.IV.L.K4,seaplane,explanation,auto,from the Task L References line,When and why rough water techniques are used.
PA.IV.L.K5,afh,explanation,auto,from the Task L References line,How to perform a proper rough water approach and landing.
PA.IV.L.K5,aim,guidance,auto,from the Task L References line,How to perform a proper rough water approach and landing.
PA.IV.L.K5,phak,explanation,auto,from the Task L References line,How to perform a proper rough water approach and landing.
PA.IV.L.K5,risk-management,explanation,auto,from the Task L References line,How to perform a proper rough water approach and landing.
PA.IV.L.K5,seaplane,explanation,auto,from the Task L References line,How to perform a proper rough water approach and landing.
PA.IV.L.R1,afh,explanation,auto,from the Task L References line,"Selection of approach path and touchdown area based on pilot capability, airplane performance and limitations, available distance, and wind."
PA.IV.L.R1,aim,guidance,auto,from the Task L References line,"Selection of approach path and touchdown area based on pilot capability, airplane performance and limitations, available distance, and wind."
PA.IV.L.R1,phak,explanation,auto,from the Task L References line,"Selection of approach path and touchdown area based on pilot capability, airplane performance and limitations, available distance, and wind."
PA.IV.L.R1,risk-management,explanation,auto,from the Task L References line,"Selection of approach path and touchdown area based on pilot capability, airplane performance and limitations, available distance, and wind."
PA.IV.L.R1,seaplane,explanation,auto,from the Task L References line,"Selection of approach path and touchdown area based on pilot capability, airplane performance and limitations, available distance, and wind."
PA.IV.L.R2,afh,explanation,auto,from the Task L References line,Effects of:
PA.IV.L.R2,aim,guidance,auto,from the Task L References line,Effects of:
PA.IV.L.R2,phak,explanation,auto,from the Task L References line,Effects of:
PA.IV.L.R2,risk-management,explanation,auto,from the Task L References line,Effects of:
PA.IV.L.R2,seaplane,explanation,auto,from the Task L References line,Effects of:
PA.IV.L.R2a,afh,explanation,auto,from the Task L References line,a. Crosswind
PA.IV.L.R2a,aim,guidance,auto,from the Task L References line,a. Crosswind
PA.IV.L.R2a,phak,explanation,auto,from the Task L References line,a. Crosswind
PA.IV.L.R2a,risk-management,explanation,auto,from the Task L References line,a. Crosswind
PA.IV.L.R2a,seaplane,explanation,auto,from the Task L References line,a. Crosswind
PA.IV.L.R2b,afh,explanation,auto,from the Task L References line,b. Windshear
PA.IV.L.R2b,aim,guidance,auto,from the Task L References line,b. Windshear
PA.IV.L.R2b,phak,explanation,auto,from the Task L References line,b. Windshear
PA.IV.L.R2b,risk-management,explanation,auto,from the Task L References line,b. Windshear
PA.IV.L.R2b,seaplane,explanation,auto,from the Task L References line,b. Windshear
PA.IV.L.R2c,afh,explanation,auto,from the Task L References line,c. Tailwind
PA.IV.L.R2c,aim,guidance,auto,from the Task L References line,c. Tailwind
PA.IV.L.R2c,phak,explanation,auto,from the Task L References line,c. Tailwind
PA.IV.L.R2c,risk-management,explanation,auto,from the Task L References line,c. Tailwind
PA.IV.L.R2c,seaplane,explanation,auto,from the Task L References line,c. Tailwind
PA.IV.L.R2d,afh,explanation,auto,from the Task L References line,d. Wake turbulence
PA.IV.L.R2d,aim,guidance,auto,from the Task L References line,d. Wake turbulence
PA.IV.L.R2d,phak,explanation,auto,from the Task L References line,d. Wake turbulence
PA.IV.L.R2d,risk-management,explanation,auto,from the Task L References line,d. Wake turbulence
PA.IV.L.R2d,seaplane,explanation,auto,from the Task L References line,d. Wake turbulence
PA.IV.L.R2e,afh,explanation,auto,from the Task L References line,e. Water surface/condition Private Pilot for Airplane Category ACS (FAA-S-ACS-6C) 33
PA.IV.L.R2e,aim,guidance,auto,from the Task L References line,e. Water surface/condition Private Pilot for Airplane Category ACS (FAA-S-ACS-6C) 33
PA.IV.L.R2e,phak,explanation,auto,from the Task L References line,e. Water surface/condition Private Pilot for Airplane Category ACS (FAA-S-ACS-6C) 33
PA.IV.L.R2e,risk-management,explanation,auto,from the Task L References line,e. Water surface/condition Private Pilot for Airplane Category ACS (FAA-S-ACS-6C) 33
PA.IV.L.R2e,seaplane,explanation,auto,from the Task L References line,e. Water surface/condition Private Pilot for Airplane Category ACS (FAA-S-ACS-6C) 33
PA.IV.L.R3,afh,explanation,auto,from the Task L References line,Planning for a go-around and rejected landing.
PA.IV.L.R3,aim,guidance,auto,from the Task L References line,Planning for a go-around and rejected landing.
PA.IV.L.R3,phak,explanation,auto,from the Task L References line,Planning for a go-around and rejected landing.
PA.IV.L.R3,risk-management,explanation,auto,from the Task L References line,Planning for a go-around and rejected landing.
PA.IV.L.R3,seaplane,explanation,auto,from the Task L References line,Planning for a go-around and rejected landing.
PA.IV.L.R4,afh,explanation,auto,from the Task L References line,Collision hazards.
PA.IV.L.R4,aim,guidance,auto,from the Task L References line,Collision hazards.
PA.IV.L.R4,phak,explanation,auto,from the Task L References line,Collision hazards.
PA.IV.L.R4,risk-management,explanation,auto,from the Task L References line,Collision hazards.
PA.IV.L.R4,seaplane,explanation,auto,from the Task L References line,Collision hazards.
PA.IV.L.R5,afh,explanation,auto,from the Task L References line,"Low altitude maneuvering, including stall, spin, or controlled flight into terrain (CFIT)."
PA.IV.L.R5,aim,guidance,auto,from the Task L References line,"Low altitude maneuvering, including stall, spin, or controlled flight into terrain (CFIT)."
PA.IV.L.R5,phak,explanation,auto,from the Task L References line,"Low altitude maneuvering, including stall, spin, or controlled flight into terrain (CFIT)."
PA.IV.L.R5,risk-management,explanation,auto,from the Task L References line,"Low altitude maneuvering, including stall, spin, or controlled flight into terrain (CFIT)."
PA.IV.L.R5,seaplane,explanation,auto,from the Task L References line,"Low altitude maneuvering, including stall, spin, or controlled flight into terrain (CFIT)."
PA.IV.L.R6,afh,explanation,auto,from the Task L References line,"Distractions, task prioritization, loss of situational awareness, or disorientation."
PA.IV.L.R6,aim,guidance,auto,from the Task L References line,"Distractions, task prioritization, loss of situational awareness, or disorientation."
PA.IV.L.R6,phak,explanation,auto,from the Task L References line,"Distractions, task prioritization, loss of situational awareness, or disorientation."
PA.IV.L.R6,risk-management,explanation,auto,from the Task L References line,"Distractions, task prioritization, loss of situational awareness, or disorientation."
PA.IV.L.R6,seaplane,explanation,auto,from the Task L References line,"Distractions, task prioritization, loss of situational awareness, or disorientation."
PA.IV.L.R7,afh,explanation,auto,from the Task L References line,Gear position in an amphibious airplane.
PA.IV.L.R7,aim,guidance,auto,from the Task L References line,Gear position in an amphibious airplane.
PA.IV.L.R7,phak,explanation,auto,from the Task L References line,Gear position in an amphibious airplane.
PA.IV.L.R7,risk-management,explanation,auto,from the Task L References line,Gear position in an amphibious airplane.
PA.IV.L.R7,seaplane,explanation,auto,from the Task L References line,Gear position in an amphibious airplane.
PA.IV.L.S1,afh,explanation,auto,from the Task L References line,Complete the appropriate checklist(s).
PA.IV.L.S1,aim,guidance,auto,from the Task L References line,Complete the appropriate checklist(s).
PA.IV.L.S1,phak,explanation,auto,from the Task L References line,Complete the appropriate checklist(s).
PA.IV.L.S1,risk-management,explanation,auto,from the Task L References line,Complete the appropriate checklist(s).
PA.IV.L.S1,seaplane,explanation,auto,from the Task L References line,Complete the appropriate checklist(s).
PA.IV.L.S10,afh,explanation,auto,from the Task L References line,"Contact the water in a proper pitch attitude, considering the type of rough water."
PA.IV.L.S10,aim,guidance,auto,from the Task L References line,"Contact the water in a proper pitch attitude, considering the type of rough water."
PA.IV.L.S10,phak,explanation,auto,from the Task L References line,"Contact the water in a proper pitch attitude, considering the type of rough water."
PA.IV.L.S10,risk-management,explanation,auto,from the Task L References line,"Contact the water in a proper pitch attitude, considering the type of rough water."
PA.IV.L.S10,seaplane,explanation,auto,from the Task L References line,"Contact the water in a proper pitch attitude, considering the type of rough water."
PA.IV.L.S2,afh,explanation,auto,from the Task L References line,Make radio calls as appropriate.
PA.IV.L.S2,aim,guidance,auto,from the Task L References line,Make radio calls as appropriate.
PA.IV.L.S2,phak,explanation,auto,from the Task L References line,Make radio calls as appropriate.
PA.IV.L.S2,risk-management,explanation,auto,from the Task L References line,Make radio calls as appropriate.
PA.IV.L.S2,seaplane,explanation,auto,from the Task L References line,Make radio calls as appropriate.
PA.IV.L.S3,afh,explanation,auto,from the Task L References line,Ensure the airplane is aligned with the correct/assigned waterway.
PA.IV.L.S3,aim,guidance,auto,from the Task L References line,Ensure the airplane is aligned with the correct/assigned waterway.
PA.IV.L.S3,phak,explanation,auto,from the Task L References line,Ensure the airplane is aligned with the correct/assigned waterway.
PA.IV.L.S3,risk-management,explanation,auto,from the Task L References line,Ensure the airplane is aligned with the correct/assigned waterway.
PA.IV.L.S3,seaplane,explanation,auto,from the Task L References line,Ensure the airplane is aligned with the correct/assigned waterway.
PA.IV.L.S4,afh,explanation,auto,from the Task L References line,Scan the landing area for traffic and obstructions.
PA.IV.L.S4,aim,guidance,auto,from the Task L References line,Scan the landing area for traffic and obstructions.
PA.IV.L.S4,phak,explanation,auto,from the Task L References line,Scan the landing area for traffic and obstructions.
PA.IV.L.S4,risk-management,explanation,auto,from the Task L References line,Scan the landing area for traffic and obstructions.
PA.IV.L.S4,seaplane,explanation,auto,from the Task L References line,Scan the landing area for traffic and obstructions.
PA.IV.L.S5,afh,explanation,auto,from the Task L References line,"Select and aim for a suitable touchdown point considering the wind conditions, landing surface, and obstructions."
PA.IV.L.S5,aim,guidance,auto,from the Task L References line,"Select and aim for a suitable touchdown point considering the wind conditions, landing surface, and obstructions."
PA.IV.L.S5,phak,explanation,auto,from the Task L References line,"Select and aim for a suitable touchdown point considering the wind conditions, landing surface, and obstructions."
PA.IV.L.S5,risk-management,explanation,auto,from the Task L References line,"Select and aim for a suitable touchdown point considering the wind conditions, landing surface, and obstructions."
PA.IV.L.S5,seaplane,explanation,auto,from the Task L References line,"Select and aim for a suitable touchdown point considering the wind conditions, landing surface, and obstructions."
PA.IV.L.S6,afh,explanation,auto,from the Task L References line,"Establish the recommended approach and landing configuration, airspeed, and trim, and adjust pitch attitude and power as required to maintain a stabilized approach."
PA.IV.L.S6,aim,guidance,auto,from the Task L References line,"Establish the recommended approach and landing configuration, airspeed, and trim, and adjust pitch attitude and power as required to maintain a stabilized approach."
PA.IV.L.S6,phak,explanation,auto,from the Task L References line,"Establish the recommended approach and landing configuration, airspeed, and trim, and adjust pitch attitude and power as required to maintain a stabilized approach."
PA.IV.L.S6,risk-management,explanation,auto,from the Task L References line,"Establish the recommended approach and landing configuration, airspeed, and trim, and adjust pitch attitude and power as required to maintain a stabilized approach."
PA.IV.L.S6,seaplane,explanation,auto,from the Task L References line,"Establish the recommended approach and landing configuration, airspeed, and trim, and adjust pitch attitude and power as required to maintain a stabilized approach."
PA.IV.L.S7,afh,explanation,auto,from the Task L References line,"Maintain manufacturer’s published approach airspeed or in its absence not more than 1.3 VSO, +10/-5 knots with gust factor applied."
PA.IV.L.S7,aim,guidance,auto,from the Task L References line,"Maintain manufacturer’s published approach airspeed or in its absence not more than 1.3 VSO, +10/-5 knots with gust factor applied."
PA.IV.L.S7,phak,explanation,auto,from the Task L References line,"Maintain manufacturer’s published approach airspeed or in its absence not more than 1.3 VSO, +10/-5 knots with gust factor applied."
PA.IV.L.S7,risk-management,explanation,auto,from the Task L References line,"Maintain manufacturer’s published approach airspeed or in its absence not more than 1.3 VSO, +10/-5 knots with gust factor applied."
PA.IV.L.S7,seaplane,explanation,auto,from the Task L References line,"Maintain manufacturer’s published approach airspeed or in its absence not more than 1.3 VSO, +10/-5 knots with gust factor applied."
PA.IV.L.S8,afh,explanation,auto,from the Task L References line,Maintain directional control and appropriate crosswind correction throughout the approach and landing.
PA.IV.L.S8,aim,guidance,auto,from the Task L References line,Maintain directional control and appropriate crosswind correction throughout the approach and landing.
PA.IV.L.S8,phak,explanation,auto,from the Task L References line,Maintain directional control and appropriate crosswind correction throughout the approach and landing.
PA.IV.L.S8,risk-management,explanation,auto,from the Task L References line,Maintain directional control and appropriate crosswind correction throughout the approach and landing.
PA.IV.L.S8,seaplane,explanation,auto,from the Task L References line,Maintain directional control and appropriate crosswind correction throughout the approach and landing.
PA.IV.L.S9,afh,explanation,auto,from the Task L References line,"Make smooth, timely, and correct power and control adjustments to maintain proper pitch attitude and rate of descent to touchdown."
PA.IV.L.S9,aim,guidance,auto,from the Task L References line,"Make smooth, timely, and correct power and control adjustments to maintain proper pitch attitude and rate of descent to touchdown."
PA.IV.L.S9,phak,explanation,auto,from the Task L References line,"Make smooth, timely, and correct power and control adjustments to maintain proper pitch attitude and rate of descent to touchdown."
PA.IV.L.S9,risk-management,explanation,auto,from the Task L References line,"Make smooth, timely, and correct power and control adjustments to maintain proper pitch attitude and rate of descent to touchdown."
PA.IV.L.S9,seaplane,explanation,auto,from the Task L References line,"Make smooth, timely, and correct power and control adjustments to maintain proper pitch attitude and rate of descent to touchdown."
PA.IV.M.K1,afh,explanation,auto,from the Task M References line,Concepts of energy management during a forward slip approach.
PA.IV.M.K1,aim,guidance,auto,from the Task M References line,Concepts of energy management during a forward slip approach.
PA.IV.M.K1,phak,explanation,auto,from the Task M References line,Concepts of energy management during a forward slip approach.
PA.IV.M.K1,risk-management,explanation,auto,from the Task M References line,Concepts of energy management during a forward slip approach.
PA.IV.M.K2,afh,explanation,auto,from the Task M References line,"Effects of atmospheric conditions, including wind, on approach and landing performance."
PA.IV.M.K2,aim,guidance,auto,from the Task M References line,"Effects of atmospheric conditions, including wind, on approach and landing performance."
PA.IV.M.K2,phak,explanation,auto,from the Task M References line,"Effects of atmospheric conditions, including wind, on approach and landing performance."
PA.IV.M.K2,risk-management,explanation,auto,from the Task M References line,"Effects of atmospheric conditions, including wind, on approach and landing performance."
PA.IV.M.K3,afh,explanation,auto,from the Task M References line,Wind correction techniques during forward slip.
PA.IV.M.K3,aim,guidance,auto,from the Task M References line,Wind correction techniques during forward slip.
PA.IV.M.K3,phak,explanation,auto,from the Task M References line,Wind correction techniques during forward slip.
PA.IV.M.K3,risk-management,explanation,auto,from the Task M References line,Wind correction techniques during forward slip.
PA.IV.M.K4,afh,explanation,auto,from the Task M References line,When and why a forward slip approach is used during an approach.
PA.IV.M.K4,aim,guidance,auto,from the Task M References line,When and why a forward slip approach is used during an approach.
PA.IV.M.K4,phak,explanation,auto,from the Task M References line,When and why a forward slip approach is used during an approach.
PA.IV.M.K4,risk-management,explanation,auto,from the Task M References line,When and why a forward slip approach is used during an approach.
PA.IV.M.R1,afh,explanation,auto,from the Task M References line,"Selection of runway/landing surface, approach path, and touchdown area based on pilot capability, aircraft performance and limitations, available distance, and wind."
PA.IV.M.R1,aim,guidance,auto,from the Task M References line,"Selection of runway/landing surface, approach path, and touchdown area based on pilot capability, aircraft performance and limitations, available distance, and wind."
PA.IV.M.R1,phak,explanation,auto,from the Task M References line,"Selection of runway/landing surface, approach path, and touchdown area based on pilot capability, aircraft performance and limitations, available distance, and wind."
PA.IV.M.R1,risk-management,explanation,auto,from the Task M References line,"Selection of runway/landing surface, approach path, and touchdown area based on pilot capability, aircraft performance and limitations, available distance, and wind."
PA.IV.M.R2,afh,explanation,auto,from the Task M References line,Effects of: Private Pilot for Airplane Category ACS (FAA-S-ACS-6C) 34
PA.IV.M.R2,aim,guidance,auto,from the Task M References line,Effects of: Private Pilot for Airplane Category ACS (FAA-S-ACS-6C) 34
PA.IV.M.R2,phak,explanation,auto,from the Task M References line,Effects of: Private Pilot for Airplane Category ACS (FAA-S-ACS-6C) 34
PA.IV.M.R2,risk-management,explanation,auto,from the Task M References line,Effects of: Private Pilot for Airplane Category ACS (FAA-S-ACS-6C) 34
PA.IV.M.R2a,afh,explanation,auto,from the Task M References line,a. Crosswind
PA.IV.M.R2a,aim,guidance,auto,from the Task M References line,a. Crosswind
PA.IV.M.R2a,phak,explanation,auto,from the Task M References line,a. Crosswind
PA.IV.M.R2a,risk-management,explanation,auto,from the Task M References line,a. Crosswind
PA.IV.M.R2b,afh,explanation,auto,from the Task M References line,b. Windshear
PA.IV.M.R2b,aim,guidance,auto,from the Task M References line,b. Windshear
PA.IV.M.R2b,phak,explanation,auto,from the Task M References line,b. Windshear
PA.IV.M.R2b,risk-management,explanation,auto,from the Task M References line,b. Windshear
PA.IV.M.R2c,afh,explanation,auto,from the Task M References line,c. Tailwind
PA.IV.M.R2c,aim,guidance,auto,from the Task M References line,c. Tailwind
PA.IV.M.R2c,phak,explanation,auto,from the Task M References line,c. Tailwind
PA.IV.M.R2c,risk-management,explanation,auto,from the Task M References line,c. Tailwind
PA.IV.M.R2d,afh,explanation,auto,from the Task M References line,d. Wake turbulence
PA.IV.M.R2d,aim,guidance,auto,from the Task M References line,d. Wake turbulence
PA.IV.M.R2d,phak,explanation,auto,from the Task M References line,d. Wake turbulence
PA.IV.M.R2d,risk-management,explanation,auto,from the Task M References line,d. Wake turbulence
PA.IV.M.R2e,afh,explanation,auto,from the Task M References line,e. Landing surface/condition
PA.IV.M.R2e,aim,guidance,auto,from the Task M References line,e. Landing surface/condition
PA.IV.M.R2e,phak,explanation,auto,from the Task M References line,e. Landing surface/condition
PA.IV.M.R2e,risk-management,explanation,auto,from the Task M References line,e. Landing surface/condition
PA.IV.M.R3,afh,explanation,auto,from the Task M References line,Planning for:
PA.IV.M.R3,aim,guidance,auto,from the Task M References line,Planning for:
PA.IV.M.R3,phak,explanation,auto,from the Task M References line,Planning for:
PA.IV.M.R3,risk-management,explanation,auto,from the Task M References line,Planning for:
PA.IV.M.R3a,afh,explanation,auto,from the Task M References line,a. Rejected landing and go-around
PA.IV.M.R3a,aim,guidance,auto,from the Task M References line,a. Rejected landing and go-around
PA.IV.M.R3a,phak,explanation,auto,from the Task M References line,a. Rejected landing and go-around
PA.IV.M.R3a,risk-management,explanation,auto,from the Task M References line,a. Rejected landing and go-around
PA.IV.M.R3b,afh,explanation,auto,from the Task M References line,b. Land and hold short operations (LAHSO)
PA.IV.M.R3b,aim,guidance,auto,from the Task M References line,b. Land and hold short operations (LAHSO)
PA.IV.M.R3b,phak,explanation,auto,from the Task M References line,b. Land and hold short operations (LAHSO)
PA.IV.M.R3b,risk-management,explanation,auto,from the Task M References line,b. Land and hold short operations (LAHSO)
PA.IV.M.R4,afh,explanation,auto,from the Task M References line,Collision hazards.
PA.IV.M.R4,aim,guidance,auto,from the Task M References line,Collision hazards.
PA.IV.M.R4,phak,explanation,auto,from the Task M References line,Collision hazards.
PA.IV.M.R4,risk-management,explanation,auto,from the Task M References line,Collision hazards.
PA.IV.M.R5,afh,explanation,auto,from the Task M References line,"Low altitude maneuvering, including stall, spin, or controlled flight into terrain (CFIT)."
PA.IV.M.R5,aim,guidance,auto,from the Task M References line,"Low altitude maneuvering, including stall, spin, or controlled flight into terrain (CFIT)."
PA.IV.M.R5,phak,explanation,auto,from the Task M References line,"Low altitude maneuvering, including stall, spin, or controlled flight into terrain (CFIT)."
PA.IV.M.R5,risk-management,explanation,auto,from the Task M References line,"Low altitude maneuvering, including stall, spin, or controlled flight into terrain (CFIT)."
PA.IV.M.R6,afh,explanation,auto,from the Task M References line,"Distractions, task prioritization, loss of situational awareness, or disorientation."
PA.IV.M.R6,aim,guidance,auto,from the Task M References line,"Distractions, task prioritization, loss of situational awareness, or disorientation."
PA.IV.M.R6,phak,explanation,auto,from the Task M References line,"Distractions, task prioritization, loss of situational awareness, or disorientation."
PA.IV.M.R6,risk-management,explanation,auto,from the Task M References line,"Distractions, task prioritization, loss of situational awareness, or disorientation."
PA.IV.M.R7,afh,explanation,auto,from the Task M References line,"Forward slip operations, including fuel flowage, tail stalls with flaps, and airspeed control."
PA.IV.M.R7,aim,guidance,auto,from the Task M References line,"Forward slip operations, including fuel flowage, tail stalls with flaps, and airspeed control."
PA.IV.M.R7,phak,explanation,auto,from the Task M References line,"Forward slip operations, including fuel flowage, tail stalls with flaps, and airspeed control."
PA.IV.M.R7,risk-management,explanation,auto,from the Task M References line,"Forward slip operations, including fuel flowage, tail stalls with flaps, and airspeed control."
PA.IV.M.R8,afh,explanation,auto,from the Task M References line,Surface contact with the airplane’s longitudinal axis misaligned.
PA.IV.M.R8,aim,guidance,auto,from the Task M References line,Surface contact with the airplane’s longitudinal axis misaligned.
PA.IV.M.R8,phak,explanation,auto,from the Task M References line,Surface contact with the airplane’s longitudinal axis misaligned.
PA.IV.M.R8,risk-management,explanation,auto,from the Task M References line,Surface contact with the airplane’s longitudinal axis misaligned.
PA.IV.M.R9,afh,explanation,auto,from the Task M References line,Unstable approach.
PA.IV.M.R9,aim,guidance,auto,from the Task M References line,Unstable approach.
PA.IV.M.R9,phak,explanation,auto,from the Task M References line,Unstable approach.
PA.IV.M.R9,risk-management,explanation,auto,from the Task M References line,Unstable approach.
PA.IV.M.S1,afh,explanation,auto,from the Task M References line,Complete the appropriate checklist(s).
PA.IV.M.S1,aim,guidance,auto,from the Task M References line,Complete the appropriate checklist(s).
PA.IV.M.S1,phak,explanation,auto,from the Task M References line,Complete the appropriate checklist(s).
PA.IV.M.S1,risk-management,explanation,auto,from the Task M References line,Complete the appropriate checklist(s).
PA.IV.M.S2,afh,explanation,auto,from the Task M References line,Make radio calls as appropriate.
PA.IV.M.S2,aim,guidance,auto,from the Task M References line,Make radio calls as appropriate.
PA.IV.M.S2,phak,explanation,auto,from the Task M References line,Make radio calls as appropriate.
PA.IV.M.S2,risk-management,explanation,auto,from the Task M References line,Make radio calls as appropriate.
PA.IV.M.S3,afh,explanation,auto,from the Task M References line,"Plan and follow a flightpath to the selected landing area considering altitude, wind, terrain, and obstructions."
PA.IV.M.S3,aim,guidance,auto,from the Task M References line,"Plan and follow a flightpath to the selected landing area considering altitude, wind, terrain, and obstructions."
PA.IV.M.S3,phak,explanation,auto,from the Task M References line,"Plan and follow a flightpath to the selected landing area considering altitude, wind, terrain, and obstructions."
PA.IV.M.S3,risk-management,explanation,auto,from the Task M References line,"Plan and follow a flightpath to the selected landing area considering altitude, wind, terrain, and obstructions."
PA.IV.M.S4,afh,explanation,auto,from the Task M References line,"Select the most suitable touchdown point based on wind, landing surface, obstructions, and airplane limitations."
PA.IV.M.S4,aim,guidance,auto,from the Task M References line,"Select the most suitable touchdown point based on wind, landing surface, obstructions, and airplane limitations."
PA.IV.M.S4,phak,explanation,auto,from the Task M References line,"Select the most suitable touchdown point based on wind, landing surface, obstructions, and airplane limitations."
PA.IV.M.S4,risk-management,explanation,auto,from the Task M References line,"Select the most suitable touchdown point based on wind, landing surface, obstructions, and airplane limitations."
PA.IV.M.S5,afh,explanation,auto,from the Task M References line,"Position airplane on downwind leg, parallel to landing runway or selected landing surface."
PA.IV.M.S5,aim,guidance,auto,from the Task M References line,"Position airplane on downwind leg, parallel to landing runway or selected landing surface."
PA.IV.M.S5,phak,explanation,auto,from the Task M References line,"Position airplane on downwind leg, parallel to landing runway or selected landing surface."
PA.IV.M.S5,risk-management,explanation,auto,from the Task M References line,"Position airplane on downwind leg, parallel to landing runway or selected landing surface."
PA.IV.M.S6,afh,explanation,auto,from the Task M References line,Configure the airplane correctly.
PA.IV.M.S6,aim,guidance,auto,from the Task M References line,Configure the airplane correctly.
PA.IV.M.S6,phak,explanation,auto,from the Task M References line,Configure the airplane correctly.
PA.IV.M.S6,risk-management,explanation,auto,from the Task M References line,Configure the airplane correctly.
PA.IV.M.S7,afh,explanation,auto,from the Task M References line,"As necessary, correlate crosswind with direction of forward slip and transition to side slip before touchdown."
PA.IV.M.S7,aim,guidance,auto,from the Task M References line,"As necessary, correlate crosswind with direction of forward slip and transition to side slip before touchdown."
PA.IV.M.S7,phak,explanation,auto,from the Task M References line,"As necessary, correlate crosswind with direction of forward slip and transition to side slip before touchdown."
PA.IV.M.S7,risk-management,explanation,auto,from the Task M References line,"As necessary, correlate crosswind with direction of forward slip and transition to side slip before touchdown."
PA.IV.M.S8,afh,explanation,auto,from the Task M References line,"Touch down at a proper pitch attitude, within 400 feet beyond or on the specified point, with no side drift, and with the airplane’s longitudinal axis aligned with and over the runway center/landing path."
PA.IV.M.S8,aim,guidance,auto,from the Task M References line,"Touch down at a proper pitch attitude, within 400 feet beyond or on the specified point, with no side drift, and with the airplane’s longitudinal axis aligned with and over the runway center/landing path."
PA.IV.M.S8,phak,explanation,auto,from the Task M References line,"Touch down at a proper pitch attitude, within 400 feet beyond or on the specified point, with no side drift, and with the airplane’s longitudinal axis aligned with and over the runway center/landing path."
PA.IV.M.S8,risk-management,explanation,auto,from the Task M References line,"Touch down at a proper pitch attitude, within 400 feet beyond or on the specified point, with no side drift, and with the airplane’s longitudinal axis aligned with and over the runway center/landing path."
PA.IV.M.S9,afh,explanation,auto,from the Task M References line,Maintain a ground track aligned with the runway center/landing path.
PA.IV.M.S9,aim,guidance,auto,from the Task M References line,Maintain a ground track aligned with the runway center/landing path.
PA.IV.M.S9,phak,explanation,auto,from the Task M References line,Maintain a ground track aligned with the runway center/landing path.
PA.IV.M.S9,risk-management,explanation,auto,from the Task M References line,Maintain a ground track aligned with the runway center/landing path.
PA.IV.N.K1,afh,explanation,auto,from the Task N References line,"A stabilized approach, including energy management concepts."
PA.IV.N.K1,aim,guidance,auto,from the Task N References line,"A stabilized approach, including energy management concepts."
PA.IV.N.K1,phak,explanation,auto,from the Task N References line,"A stabilized approach, including energy management concepts."
PA.IV.N.K1,risk-management,explanation,auto,from the Task N References line,"A stabilized approach, including energy management concepts."
PA.IV.N.K1,seaplane,explanation,auto,from the Task N References line,"A stabilized approach, including energy management concepts."
PA.IV.N.K2,afh,explanation,auto,from the Task N References line,"Effects of atmospheric conditions, including wind and density altitude, on a go-around or rejected landing."
PA.IV.N.K2,aim,guidance,auto,from the Task N References line,"Effects of atmospheric conditions, including wind and density altitude, on a go-around or rejected landing."
PA.IV.N.K2,phak,explanation,auto,from the Task N References line,"Effects of atmospheric conditions, including wind and density altitude, on a go-around or rejected landing."
PA.IV.N.K2,risk-management,explanation,auto,from the Task N References line,"Effects of atmospheric conditions, including wind and density altitude, on a go-around or rejected landing."
PA.IV.N.K2,seaplane,explanation,auto,from the Task N References line,"Effects of atmospheric conditions, including wind and density altitude, on a go-around or rejected landing."
PA.IV.N.K3,afh,explanation,auto,from the Task N References line,Wind correction techniques on takeoff/departure and approach/landing.
PA.IV.N.K3,aim,guidance,auto,from the Task N References line,Wind correction techniques on takeoff/departure and approach/landing.
PA.IV.N.K3,phak,explanation,auto,from the Task N References line,Wind correction techniques on takeoff/departure and approach/landing.
PA.IV.N.K3,risk-management,explanation,auto,from the Task N References line,Wind correction techniques on takeoff/departure and approach/landing.
PA.IV.N.K3,seaplane,explanation,auto,from the Task N References line,Wind correction techniques on takeoff/departure and approach/landing.
PA.IV.N.R1,afh,explanation,auto,from the Task N References line,Delayed recognition of the need for a go-around/rejected landing.
PA.IV.N.R1,aim,guidance,auto,from the Task N References line,Delayed recognition of the need for a go-around/rejected landing.
PA.IV.N.R1,phak,explanation,auto,from the Task N References line,Delayed recognition of the need for a go-around/rejected landing.
PA.IV.N.R1,risk-management,explanation,auto,from the Task N References line,Delayed recognition of the need for a go-around/rejected landing.
PA.IV.N.R1,seaplane,explanation,auto,from the Task N References line,Delayed recognition of the need for a go-around/rejected landing.
PA.IV.N.R2,afh,explanation,auto,from the Task N References line,Delayed performance of a go-around at low altitude.
PA.IV.N.R2,aim,guidance,auto,from the Task N References line,Delayed performance of a go-around at low altitude.
PA.IV.N.R2,phak,explanation,auto,from the Task N References line,Delayed performance of a go-around at low altitude.
PA.IV.N.R2,risk-management,explanation,auto,from the Task N References line,Delayed performance of a go-around at low altitude.
PA.IV.N.R2,seaplane,explanation,auto,from the Task N References line,Delayed performance of a go-around at low altitude.
PA.IV.N.R3,afh,explanation,auto,from the Task N References line,Power application.
PA.IV.N.R3,aim,guidance,auto,from the Task N References line,Power application.
PA.IV.N.R3,phak,explanation,auto,from the Task N References line,Power application.
PA.IV.N.R3,risk-management,explanation,auto,from the Task N References line,Power application.
PA.IV.N.R3,seaplane,explanation,auto,from the Task N References line,Power application.
PA.IV.N.R4,afh,explanation,auto,from the Task N References line,Configuring the airplane.
PA.IV.N.R4,aim,guidance,auto,from the Task N References line,Configuring the airplane.
PA.IV.N.R4,phak,explanation,auto,from the Task N References line,Configuring the airplane.
PA.IV.N.R4,risk-management,explanation,auto,from the Task N References line,Configuring the airplane.
PA.IV.N.R4,seaplane,explanation,auto,from the Task N References line,Configuring the airplane.
PA.IV.N.R5,afh,explanation,auto,from the Task N References line,Collision hazards.
PA.IV.N.R5,aim,guidance,auto,from the Task N References line,Collision hazards.
PA.IV.N.R5,phak,explanation,auto,from the Task N References line,Collision hazards.
PA.IV.N.R5,risk-management,explanation,auto,from the Task N References line,Collision hazards.
PA.IV.N.R5,seaplane,explanation,auto,from the Task N References line,Collision hazards.
PA.IV.N.R6,afh,explanation,auto,from the Task N References line,"Low altitude maneuvering, including stall, spin, or controlled flight into terrain (CFIT)."
PA.IV.N.R6,aim,guidance,auto,from the Task N References line,"Low altitude maneuvering, including stall, spin, or controlled flight into terrain (CFIT)."
PA.IV.N.R6,phak,explanation,auto,from the Task N References line,"Low altitude maneuvering, including stall, spin, or controlled flight into terrain (CFIT)."
PA.IV.N.R6,risk-management,explanation,auto,from the Task N References line,"Low altitude maneuvering, including stall, spin, or controlled flight into terrain (CFIT)."
PA.IV.N.R6,seaplane,explanation,auto,from the Task N References line,"Low altitude maneuvering, including stall, spin, or controlled flight into terrain (CFIT)."
PA.IV.N.R7,afh,explanation,auto,from the Task N References line,"Distractions, task prioritization, loss of situational awareness, or disorientation."
PA.IV.N.R7,aim,guidance,auto,from the Task N References line,"Distractions, task prioritization, loss of situational awareness, or disorientation."
PA.IV.N.R7,phak,explanation,auto,from the Task N References line,"Distractions, task prioritization, loss of situational awareness, or disorientation."
PA.IV.N.R7,risk-management,explanation,auto,from the Task N References line,"Distractions, task prioritization, loss of situational awareness, or disorientation."
PA.IV.N.R7,seaplane,explanation,auto,from the Task N References line,"Distractions, task prioritization, loss of situational awareness, or disorientation."
PA.IV.N.R8,afh,explanation,auto,from the Task N References line,Runway incursion.
PA.IV.N.R8,aim,guidance,auto,from the Task N References line,Runway incursion.
PA.IV.N.R8,phak,explanation,auto,from the Task N References line,Runway incursion.
PA.IV.N.R8,risk-management,explanation,auto,from the Task N References line,Runway incursion.
PA.IV.N.R8,seaplane,explanation,auto,from the Task N References line,Runway incursion.
PA.IV.N.R9,afh,explanation,auto,from the Task N References line,Managing a go-around/rejected landing after accepting a LAHSO clearance.
PA.IV.N.R9,aim,guidance,auto,from the Task N References line,Managing a go-around/rejected landing after accepting a LAHSO clearance.
PA.IV.N.R9,phak,explanation,auto,from the Task N References line,Managing a go-around/rejected landing after accepting a LAHSO clearance.
PA.IV.N.R9,risk-management,explanation,auto,from the Task N References line,Managing a go-around/rejected landing after accepting a LAHSO clearance.
PA.IV.N.R9,seaplane,explanation,auto,from the Task N References line,Managing a go-around/rejected landing after accepting a LAHSO clearance.
PA.IV.N.S1,afh,explanation,auto,from the Task N References line,Complete the appropriate checklist(s).
PA.IV.N.S1,aim,guidance,auto,from the Task N References line,Complete the appropriate checklist(s).
PA.IV.N.S1,phak,explanation,auto,from the Task N References line,Complete the appropriate checklist(s).
PA.IV.N.S1,risk-management,explanation,auto,from the Task N References line,Complete the appropriate checklist(s).
PA.IV.N.S1,seaplane,explanation,auto,from the Task N References line,Complete the appropriate checklist(s).
PA.IV.N.S2,afh,explanation,auto,from the Task N References line,Make radio calls as appropriate.
PA.IV.N.S2,aim,guidance,auto,from the Task N References line,Make radio calls as appropriate.
PA.IV.N.S2,phak,explanation,auto,from the Task N References line,Make radio calls as appropriate.
PA.IV.N.S2,risk-management,explanation,auto,from the Task N References line,Make radio calls as appropriate.
PA.IV.N.S2,seaplane,explanation,auto,from the Task N References line,Make radio calls as appropriate.
PA.IV.N.S3,afh,explanation,auto,from the Task N References line,Make a timely decision to discontinue the approach to landing.
PA.IV.N.S3,aim,guidance,auto,from the Task N References line,Make a timely decision to discontinue the approach to landing.
PA.IV.N.S3,phak,explanation,auto,from the Task N References line,Make a timely decision to discontinue the approach to landing.
PA.IV.N.S3,risk-management,explanation,auto,from the Task N References line,Make a timely decision to discontinue the approach to landing.
PA.IV.N.S3,seaplane,explanation,auto,from the Task N References line,Make a timely decision to discontinue the approach to landing.
PA.IV.N.S4,afh,explanation,auto,from the Task N References line,Apply takeoff power immediately and transition to climb pitch attitude for VX or VY as appropriate +10/-5 knots.
PA.IV.N.S4,aim,guidance,auto,from the Task N References line,Apply takeoff power immediately and transition to climb pitch attitude for VX or VY as appropriate +10/-5 knots.
PA.IV.N.S4,phak,explanation,auto,from the Task N References line,Apply takeoff power immediately and transition to climb pitch attitude for VX or VY as appropriate +10/-5 knots.
PA.IV.N.S4,risk-management,explanation,auto,from the Task N References line,Apply takeoff power immediately and transition to climb pitch attitude for VX or VY as appropriate +10/-5 knots.
PA.IV.N.S4,seaplane,explanation,auto,from the Task N References line,Apply takeoff power immediately and transition to climb pitch attitude for VX or VY as appropriate +10/-5 knots.
PA.IV.N.S5,afh,explanation,auto,from the Task N References line,Configure the airplane after a positive rate of climb has been verified or in accordance with airplane manufacturer’s instructions.
PA.IV.N.S5,aim,guidance,auto,from the Task N References line,Configure the airplane after a positive rate of climb has been verified or in accordance with airplane manufacturer’s instructions.
PA.IV.N.S5,phak,explanation,auto,from the Task N References line,Configure the airplane after a positive rate of climb has been verified or in accordance with airplane manufacturer’s instructions.
PA.IV.N.S5,risk-management,explanation,auto,from the Task N References line,Configure the airplane after a positive rate of climb has been verified or in accordance with airplane manufacturer’s instructions.
PA.IV.N.S5,seaplane,explanation,auto,from the Task N References line,Configure the airplane after a positive rate of climb has been verified or in accordance with airplane manufacturer’s instructions.
PA.IV.N.S6,afh,explanation,auto,from the Task N References line,Maneuver to the side of the runway/landing area when necessary to clear and avoid conflicting traffic.
PA.IV.N.S6,aim,guidance,auto,from the Task N References line,Maneuver to the side of the runway/landing area when necessary to clear and avoid conflicting traffic.
PA.IV.N.S6,phak,explanation,auto,from the Task N References line,Maneuver to the side of the runway/landing area when necessary to clear and avoid conflicting traffic.
PA.IV.N.S6,risk-management,explanation,auto,from the Task N References line,Maneuver to the side of the runway/landing area when necessary to clear and avoid conflicting traffic.
PA.IV.N.S6,seaplane,explanation,auto,from the Task N References line,Maneuver to the side of the runway/landing area when necessary to clear and avoid conflicting traffic.
PA.IV.N.S7,afh,explanation,auto,from the Task N References line,Maintain VY +10/-5 knots to a safe maneuvering altitude.
PA.IV.N.S7,aim,guidance,auto,from the Task N References line,Maintain VY +10/-5 knots to a safe maneuvering altitude.
PA.IV.N.S7,phak,explanation,auto,from the Task N References line,Maintain VY +10/-5 knots to a safe maneuvering altitude.
PA.IV.N.S7,risk-management,explanation,auto,from the Task N References line,Maintain VY +10/-5 knots to a safe maneuvering altitude.
PA.IV.N.S7,seaplane,explanation,auto,from the Task N References line,Maintain VY +10/-5 knots to a safe maneuvering altitude.
PA.IV.N.S8,afh,explanation,auto,from the Task N References line,Maintain directional control and proper wind-drift correction throughout the climb.
PA.IV.N.S8,aim,guidance,auto,from the Task N References line,Maintain directional control and proper wind-drift correction throughout the climb.
PA.IV.N.S8,phak,explanation,auto,from the Task N References line,Maintain directional control and proper wind-drift correction throughout the climb.
PA.IV.N.S8,risk-management,explanation,auto,from the Task N References line,Maintain directional control and proper wind-drift correction throughout the climb.
PA.IV.N.S8,seaplane,explanation,auto,from the Task N References line,Maintain directional control and proper wind-drift correction throughout the climb.
PA.IV.N.S9,afh,explanation,auto,from the Task N References line,"Use runway incursion avoidance procedures, if applicable. Private Pilot for Airplane Category ACS (FAA-S-ACS-6C) 36"
PA.IV.N.S9,aim,guidance,auto,from the Task N References line,"Use runway incursion avoidance procedures, if applicable. Private Pilot for Airplane Category ACS (FAA-S-ACS-6C) 36"
PA.IV.N.S9,phak,explanation,auto,from the Task N References line,"Use runway incursion avoidance procedures, if applicable. Private Pilot for Airplane Category ACS (FAA-S-ACS-6C) 36"
PA.IV.N.S9,risk-management,explanation,auto,from the Task N References line,"Use runway incursion avoidance procedures, if applicable. Private Pilot for Airplane Category ACS (FAA-S-ACS-6C) 36"
PA.IV.N.S9,seaplane,explanation,auto,from the Task N References line,"Use runway incursion avoidance procedures, if applicable. Private Pilot for Airplane Category ACS (FAA-S-ACS-6C) 36"
PA.IX.A.K1,afh,explanation,auto,from the Task A References line,"Situations that would require an emergency descent (e.g., depressurization, smoke, or engine fire)."
PA.IX.A.K1,phak,explanation,auto,from the Task A References line,"Situations that would require an emergency descent (e.g., depressurization, smoke, or engine fire)."
PA.IX.A.K1,risk-management,explanation,auto,from the Task A References line,"Situations that would require an emergency descent (e.g., depressurization, smoke, or engine fire)."
PA.IX.A.K2,afh,explanation,auto,from the Task A References line,Immediate action items and emergency procedures.
PA.IX.A.K2,phak,explanation,auto,from the Task A References line,Immediate action items and emergency procedures.
PA.IX.A.K2,risk-management,explanation,auto,from the Task A References line,Immediate action items and emergency procedures.
PA.IX.A.K3,afh,explanation,auto,from the Task A References line,"Airspeed, including airspeed limitations."
PA.IX.A.K3,phak,explanation,auto,from the Task A References line,"Airspeed, including airspeed limitations."
PA.IX.A.K3,risk-management,explanation,auto,from the Task A References line,"Airspeed, including airspeed limitations."
PA.IX.A.K4,afh,explanation,auto,from the Task A References line,Aircraft performance and limitations.
PA.IX.A.K4,phak,explanation,auto,from the Task A References line,Aircraft performance and limitations.
PA.IX.A.K4,risk-management,explanation,auto,from the Task A References line,Aircraft performance and limitations.
PA.IX.A.R1,afh,explanation,auto,from the Task A References line,"Altitude, wind, terrain, obstructions, gliding distance, and available landing distance considerations."
PA.IX.A.R1,phak,explanation,auto,from the Task A References line,"Altitude, wind, terrain, obstructions, gliding distance, and available landing distance considerations."
PA.IX.A.R1,risk-management,explanation,auto,from the Task A References line,"Altitude, wind, terrain, obstructions, gliding distance, and available landing distance considerations."
PA.IX.A.R2,afh,explanation,auto,from the Task A References line,Collision hazards.
PA.IX.A.R2,phak,explanation,auto,from the Task A References line,Collision hazards.
PA.IX.A.R2,risk-management,explanation,auto,from the Task A References line,Collision hazards.
PA.IX.A.R3,afh,explanation,auto,from the Task A References line,Configuring the airplane.
PA.IX.A.R3,phak,explanation,auto,from the Task A References line,Configuring the airplane.
PA.IX.A.R3,risk-management,explanation,auto,from the Task A References line,Configuring the airplane.
PA.IX.A.R4,afh,explanation,auto,from the Task A References line,"Distractions, task prioritization, loss of situational awareness, or disorientation."
PA.IX.A.R4,phak,explanation,auto,from the Task A References line,"Distractions, task prioritization, loss of situational awareness, or disorientation."
PA.IX.A.R4,risk-management,explanation,auto,from the Task A References line,"Distractions, task prioritization, loss of situational awareness, or disorientation."
PA.IX.A.S1,afh,explanation,auto,from the Task A References line,Clear the area.
PA.IX.A.S1,phak,explanation,auto,from the Task A References line,Clear the area.
PA.IX.A.S1,risk-management,explanation,auto,from the Task A References line,Clear the area.
PA.IX.A.S2,afh,explanation,auto,from the Task A References line,Establish and maintain the appropriate airspeed and configuration appropriate to the scenario specified by the evaluator and as covered in Pilot's Operating Handbook (POH)/Airplane Flight Manual (AFM) for the emergency descent.
PA.IX.A.S2,phak,explanation,auto,from the Task A References line,Establish and maintain the appropriate airspeed and configuration appropriate to the scenario specified by the evaluator and as covered in Pilot's Operating Handbook (POH)/Airplane Flight Manual (AFM) for the emergency descent.
PA.IX.A.S2,risk-management,explanation,auto,from the Task A References line,Establish and maintain the appropriate airspeed and configuration appropriate to the scenario specified by the evaluator and as covered in Pilot's Operating Handbook (POH)/Airplane Flight Manual (AFM) for the emergency descent.
PA.IX.A.S3,afh,explanation,auto,from the Task A References line,"Maintain orientation, divide attention appropriately, and plan and execute a smooth recovery."
PA.IX.A.S3,phak,explanation,auto,from the Task A References line,"Maintain orientation, divide attention appropriately, and plan and execute a smooth recovery."
PA.IX.A.S3,risk-management,explanation,auto,from the Task A References line,"Maintain orientation, divide attention appropriately, and plan and execute a smooth recovery."
PA.IX.A.S4,afh,explanation,auto,from the Task A References line,Use bank angle between 30° and 45° to maintain positive load factors during the descent.
PA.IX.A.S4,phak,explanation,auto,from the Task A References line,Use bank angle between 30° and 45° to maintain positive load factors during the descent.
PA.IX.A.S4,risk-management,explanation,auto,from the Task A References line,Use bank angle between 30° and 45° to maintain positive load factors during the descent.
PA.IX.A.S5,afh,explanation,auto,from the Task A References line,"Maintain appropriate airspeed +0/-10 knots, and level off at a specified altitude ±100 feet."
PA.IX.A.S5,phak,explanation,auto,from the Task A References line,"Maintain appropriate airspeed +0/-10 knots, and level off at a specified altitude ±100 feet."
PA.IX.A.S5,risk-management,explanation,auto,from the Task A References line,"Maintain appropriate airspeed +0/-10 knots, and level off at a specified altitude ±100 feet."
PA.IX.A.S6,afh,explanation,auto,from the Task A References line,Complete the appropriate checklist(s).
PA.IX.A.S6,phak,explanation,auto,from the Task A References line,Complete the appropriate checklist(s).
PA.IX.A.S6,risk-management,explanation,auto,from the Task A References line,Complete the appropriate checklist(s).
PA.IX.A.S7,afh,explanation,auto,from the Task A References line,Make radio calls as appropriate.
PA.IX.A.S7,phak,explanation,auto,from the Task A References line,Make radio calls as appropriate.
PA.IX.A.S7,risk-management,explanation,auto,from the Task A References line,Make radio calls as appropriate.
PA.IX.A.S8,afh,explanation,auto,from the Task A References line,"Use single-pilot resource management (SRM) or crew resource management (CRM), as appropriate."
PA.IX.A.S8,phak,explanation,auto,from the Task A References line,"Use single-pilot resource management (SRM) or crew resource management (CRM), as appropriate."
PA.IX.A.S8,risk-management,explanation,auto,from the Task A References line,"Use single-pilot resource management (SRM) or crew resource management (CRM), as appropriate."
PA.IX.B.K1,afh,explanation,auto,from the Task B References line,Immediate action items and emergency procedures.
PA.IX.B.K1,phak,explanation,auto,from the Task B References line,Immediate action items and emergency procedures.
PA.IX.B.K1,risk-management,explanation,auto,from the Task B References line,Immediate action items and emergency procedures.
PA.IX.B.K2,afh,explanation,auto,from the Task B References line,"Airspeed, including:"
PA.IX.B.K2,phak,explanation,auto,from the Task B References line,"Airspeed, including:"
PA.IX.B.K2,risk-management,explanation,auto,from the Task B References line,"Airspeed, including:"
PA.IX.B.K2a,afh,explanation,auto,from the Task B References line,a. Importance of best glide speed and its relationship to distance
PA.IX.B.K2a,phak,explanation,auto,from the Task B References line,a. Importance of best glide speed and its relationship to distance
PA.IX.B.K2a,risk-management,explanation,auto,from the Task B References line,a. Importance of best glide speed and its relationship to distance
PA.IX.B.K2b,afh,explanation,auto,from the Task B References line,b. Difference between best glide speed and minimum sink speed
PA.IX.B.K2b,phak,explanation,auto,from the Task B References line,b. Difference between best glide speed and minimum sink speed
PA.IX.B.K2b,risk-management,explanation,auto,from the Task B References line,b. Difference between best glide speed and minimum sink speed
PA.IX.B.K2c,afh,explanation,auto,from the Task B References line,c. Effects of wind on glide distance
PA.IX.B.K2c,phak,explanation,auto,from the Task B References line,c. Effects of wind on glide distance
PA.IX.B.K2c,risk-management,explanation,auto,from the Task B References line,c. Effects of wind on glide distance
PA.IX.B.K3,afh,explanation,auto,from the Task B References line,Effects of atmospheric conditions on emergency approach and landing.
PA.IX.B.K3,phak,explanation,auto,from the Task B References line,Effects of atmospheric conditions on emergency approach and landing.
PA.IX.B.K3,risk-management,explanation,auto,from the Task B References line,Effects of atmospheric conditions on emergency approach and landing.
PA.IX.B.K4,afh,explanation,auto,from the Task B References line,"A stabilized approach, including energy management concepts."
PA.IX.B.K4,phak,explanation,auto,from the Task B References line,"A stabilized approach, including energy management concepts."
PA.IX.B.K4,risk-management,explanation,auto,from the Task B References line,"A stabilized approach, including energy management concepts."
PA.IX.B.K5,afh,explanation,auto,from the Task B References line,Emergency Locator Transmitters (ELTs) and other emergency locating devices.
PA.IX.B.K5,phak,explanation,auto,from the Task B References line,Emergency Locator Transmitters (ELTs) and other emergency locating devices.
PA.IX.B.K5,risk-management,explanation,auto,from the Task B References line,Emergency Locator Transmitters (ELTs) and other emergency locating devices.
PA.IX.B.K6,afh,explanation,auto,from the Task B References line,Air traffic control (ATC) services to aircraft in distress.
PA.IX.B.K6,phak,explanation,auto,from the Task B References line,Air traffic control (ATC) services to aircraft in distress.
PA.IX.B.K6,risk-management,explanation,auto,from the Task B References line,Air traffic control (ATC) services to aircraft in distress.
PA.IX.B.R1,afh,explanation,auto,from the Task B References line,"Altitude, wind, terrain, obstructions, gliding distance, and available landing distance considerations."
PA.IX.B.R1,phak,explanation,auto,from the Task B References line,"Altitude, wind, terrain, obstructions, gliding distance, and available landing distance considerations."
PA.IX.B.R1,risk-management,explanation,auto,from the Task B References line,"Altitude, wind, terrain, obstructions, gliding distance, and available landing distance considerations."
PA.IX.B.R2,afh,explanation,auto,from the Task B References line,Following or changing the planned flightpath to the selected landing area.
PA.IX.B.R2,phak,explanation,auto,from the Task B References line,Following or changing the planned flightpath to the selected landing area.
PA.IX.B.R2,risk-management,explanation,auto,from the Task B References line,Following or changing the planned flightpath to the selected landing area.
PA.IX.B.R3,afh,explanation,auto,from the Task B References line,Collision hazards.
PA.IX.B.R3,phak,explanation,auto,from the Task B References line,Collision hazards.
PA.IX.B.R3,risk-management,explanation,auto,from the Task B References line,Collision hazards.
PA.IX.B.R4,afh,explanation,auto,from the Task B References line,Configuring the airplane.
PA.IX.B.R4,phak,explanation,auto,from the Task B References line,Configuring the airplane.
PA.IX.B.R4,risk-management,explanation,auto,from the Task B References line,Configuring the airplane.
PA.IX.B.R5,afh,explanation,auto,from the Task B References line,"Low altitude maneuvering, including stall, spin, or controlled flight into terrain (CFIT)."
PA.IX.B.R5,phak,explanation,auto,from the Task B References line,"Low altitude maneuvering, including stall, spin, or controlled flight into terrain (CFIT)."
PA.IX.B.R5,risk-management,explanation,auto,from the Task B References line,"Low altitude maneuvering, including stall, spin, or controlled flight into terrain (CFIT)."
PA.IX.B.R6,afh,explanation,auto,from the Task B References line,"Distractions, task prioritization, loss of situational awareness, or disorientation."
PA.IX.B.R6,phak,explanation,auto,from the Task B References line,"Distractions, task prioritization, loss of situational awareness, or disorientation."
PA.IX.B.R6,risk-management,explanation,auto,from the Task B References line,"Distractions, task prioritization, loss of situational awareness, or disorientation."
PA.IX.B.S1,afh,explanation,auto,from the Task B References line,"Establish and maintain the recommended best glide airspeed, ±10 knots."
PA.IX.B.S1,phak,explanation,auto,from the Task B References line,"Establish and maintain the recommended best glide airspeed, ±10 knots."
PA.IX.B.S1,risk-management,explanation,auto,from the Task B References line,"Establish and maintain the recommended best glide airspeed, ±10 knots."
PA.IX.B.S2,afh,explanation,auto,from the Task B References line,Configure the airplane in accordance with the Pilot's Operating Handbook (POH)\Airplane Flight Manual (AFM) and existing conditions.
PA.IX.B.S2,phak,explanation,auto,from the Task B References line,Configure the airplane in accordance with the Pilot's Operating Handbook (POH)\Airplane Flight Manual (AFM) and existing conditions.
PA.IX.B.S2,risk-management,explanation,auto,from the Task B References line,Configure the airplane in accordance with the Pilot's Operating Handbook (POH)\Airplane Flight Manual (AFM) and existing conditions.
PA.IX.B.S3,afh,explanation,auto,from the Task B References line,"Select a suitable landing area considering altitude, wind, terrain, obstructions, and available glide distance."
PA.IX.B.S3,phak,explanation,auto,from the Task B References line,"Select a suitable landing area considering altitude, wind, terrain, obstructions, and available glide distance."
PA.IX.B.S3,risk-management,explanation,auto,from the Task B References line,"Select a suitable landing area considering altitude, wind, terrain, obstructions, and available glide distance."
PA.IX.B.S4,afh,explanation,auto,from the Task B References line,"Plan and follow a flightpath to the selected landing area considering altitude, wind, terrain, and obstructions."
PA.IX.B.S4,phak,explanation,auto,from the Task B References line,"Plan and follow a flightpath to the selected landing area considering altitude, wind, terrain, and obstructions."
PA.IX.B.S4,risk-management,explanation,auto,from the Task B References line,"Plan and follow a flightpath to the selected landing area considering altitude, wind, terrain, and obstructions."
PA.IX.B.S5,afh,explanation,auto,from the Task B References line,Prepare for landing as specified by the evaluator.
PA.IX.B.S5,phak,explanation,auto,from the Task B References line,Prepare for landing as specified by the evaluator.
PA.IX.B.S5,risk-management,explanation,auto,from the Task B References line,Prepare for landing as specified by the evaluator.
PA.IX.B.S6,afh,explanation,auto,from the Task B References line,Complete the appropriate checklist(s).
PA.IX.B.S6,phak,explanation,auto,from the Task B References line,Complete the appropriate checklist(s).
PA.IX.B.S6,risk-management,explanation,auto,from the Task B References line,Complete the appropriate checklist(s).
PA.IX.C.K1,afh,explanation,auto,from the Task C References line,Causes of partial or complete power loss related to the specific type of powerplant(s).
PA.IX.C.K1,phak,explanation,auto,from the Task C References line,Causes of partial or complete power loss related to the specific type of powerplant(s).
PA.IX.C.K1,risk-management,explanation,auto,from the Task C References line,Causes of partial or complete power loss related to the specific type of powerplant(s).
PA.IX.C.K1a,afh,explanation,auto,from the Task C References line,a. [Archived]
PA.IX.C.K1a,phak,explanation,auto,from the Task C References line,a. [Archived]
PA.IX.C.K1a,risk-management,explanation,auto,from the Task C References line,a. [Archived]
PA.IX.C.K1b,afh,explanation,auto,from the Task C References line,b. [Archived]
PA.IX.C.K1b,phak,explanation,auto,from the Task C References line,b. [Archived]
PA.IX.C.K1b,risk-management,explanation,auto,from the Task C References line,b. [Archived]
PA.IX.C.K1c,afh,explanation,auto,from the Task C References line,c. [Archived]
PA.IX.C.K1c,phak,explanation,auto,from the Task C References line,c. [Archived]
PA.IX.C.K1c,risk-management,explanation,auto,from the Task C References line,c. [Archived]
PA.IX.C.K1d,afh,explanation,auto,from the Task C References line,d. [Archived]
PA.IX.C.K1d,phak,explanation,auto,from the Task C References line,d. [Archived]
PA.IX.C.K1d,risk-management,explanation,auto,from the Task C References line,d. [Archived]
PA.IX.C.K2,afh,explanation,auto,from the Task C References line,"System and equipment malfunctions specific to the aircraft, including:"
PA.IX.C.K2,phak,explanation,auto,from the Task C References line,"System and equipment malfunctions specific to the aircraft, including:"
PA.IX.C.K2,risk-management,explanation,auto,from the Task C References line,"System and equipment malfunctions specific to the aircraft, including:"
PA.IX.C.K2a,afh,explanation,auto,from the Task C References line,a. Electrical malfunction
PA.IX.C.K2a,phak,explanation,auto,from the Task C References line,a. Electrical malfunction
PA.IX.C.K2a,risk-management,explanation,auto,from the Task C References line,a. Electrical malfunction
PA.IX.C.K2b,afh,explanation,auto,from the Task C References line,b. Vacuum/pressure and associated flight instrument malfunctions
PA.IX.C.K2b,phak,explanation,auto,from the Task C References line,b. Vacuum/pressure and associated flight instrument malfunctions
PA.IX.C.K2b,risk-management,explanation,auto,from the Task C References line,b. Vacuum/pressure and associated flight instrument malfunctions
PA.IX.C.K2c,afh,explanation,auto,from the Task C References line,c. Pitot-static system malfunction
PA.IX.C.K2c,phak,explanation,auto,from the Task C References line,c. Pitot-static system malfunction
PA.IX.C.K2c,risk-management,explanation,auto,from the Task C References line,c. Pitot-static system malfunction
PA.IX.C.K2d,afh,explanation,auto,from the Task C References line,d. Electronic flight deck display malfunction
PA.IX.C.K2d,phak,explanation,auto,from the Task C References line,d. Electronic flight deck display malfunction
PA.IX.C.K2d,risk-management,explanation,auto,from the Task C References line,d. Electronic flight deck display malfunction
PA.IX.C.K2e,afh,explanation,auto,from the Task C References line,e. Landing gear or flap malfunction
PA.IX.C.K2e,phak,explanation,auto,from the Task C References line,e. Landing gear or flap malfunction
PA.IX.C.K2e,risk-management,explanation,auto,from the Task C References line,e. Landing gear or flap malfunction
PA.IX.C.K2f,afh,explanation,auto,from the Task C References line,f. Inoperative trim
PA.IX.C.K2f,phak,explanation,auto,from the Task C References line,f. Inoperative trim
PA.IX.C.K2f,risk-management,explanation,auto,from the Task C References line,f. Inoperative trim
PA.IX.C.K3,afh,explanation,auto,from the Task C References line,Causes and remedies for smoke or fire onboard the aircraft.
PA.IX.C.K3,phak,explanation,auto,from the Task C References line,Causes and remedies for smoke or fire onboard the aircraft.
PA.IX.C.K3,risk-management,explanation,auto,from the Task C References line,Causes and remedies for smoke or fire onboard the aircraft.
PA.IX.C.K4,afh,explanation,auto,from the Task C References line,"Any other system specific to the aircraft (e.g., supplemental oxygen, deicing)."
PA.IX.C.K4,phak,explanation,auto,from the Task C References line,"Any other system specific to the aircraft (e.g., supplemental oxygen, deicing)."
PA.IX.C.K4,risk-management,explanation,auto,from the Task C References line,"Any other system specific to the aircraft (e.g., supplemental oxygen, deicing)."
PA.IX.C.K5,afh,explanation,auto,from the Task C References line,Inadvertent door or window opening.
PA.IX.C.K5,phak,explanation,auto,from the Task C References line,Inadvertent door or window opening.
PA.IX.C.K5,risk-management,explanation,auto,from the Task C References line,Inadvertent door or window opening.
PA.IX.C.R1,afh,explanation,auto,from the Task C References line,Checklist usage for a system or equipment malfunction.
PA.IX.C.R1,phak,explanation,auto,from the Task C References line,Checklist usage for a system or equipment malfunction.
PA.IX.C.R1,risk-management,explanation,auto,from the Task C References line,Checklist usage for a system or equipment malfunction.
PA.IX.C.R2,afh,explanation,auto,from the Task C References line,"Distractions, task prioritization, loss of situational awareness, or disorientation."
PA.IX.C.R2,phak,explanation,auto,from the Task C References line,"Distractions, task prioritization, loss of situational awareness, or disorientation."
PA.IX.C.R2,risk-management,explanation,auto,from the Task C References line,"Distractions, task prioritization, loss of situational awareness, or disorientation."
PA.IX.C.R3,afh,explanation,auto,from the Task C References line,Undesired aircraft state.
PA.IX.C.R3,phak,explanation,auto,from the Task C References line,Undesired aircraft state.
PA.IX.C.R3,risk-management,explanation,auto,from the Task C References line,Undesired aircraft state.
PA.IX.C.R4,afh,explanation,auto,from the Task C References line,Startle response.
PA.IX.C.R4,phak,explanation,auto,from the Task C References line,Startle response.
PA.IX.C.R4,risk-management,explanation,auto,from the Task C References line,Startle response.
PA.IX.C.S1,afh,explanation,auto,from the Task C References line,"Determine appropriate action for simulated emergencies specified by the evaluator, from at least three of the elements or sub-elements listed in K1 through K5."
PA.IX.C.S1,phak,explanation,auto,from the Task C References line,"Determine appropriate action for simulated emergencies specified by the evaluator, from at least three of the elements or sub-elements listed in K1 through K5."
PA.IX.C.S1,risk-management,explanation,auto,from the Task C References line,"Determine appropriate action for simulated emergencies specified by the evaluator, from at least three of the elements or sub-elements listed in K1 through K5."
PA.IX.C.S2,afh,explanation,auto,from the Task C References line,Complete the appropriate checklist(s).
PA.IX.C.S2,phak,explanation,auto,from the Task C References line,Complete the appropriate checklist(s).
PA.IX.C.S2,risk-management,explanation,auto,from the Task C References line,Complete the appropriate checklist(s).
PA.IX.D.K1,afh,explanation,auto,from the Task D References line,"Emergency Locator Transmitter (ELT) operations, limitations, and testing requirements. Private Pilot for Airplane Category ACS (FAA-S-ACS-6C) 54"
PA.IX.D.K1,phak,explanation,auto,from the Task D References line,"Emergency Locator Transmitter (ELT) operations, limitations, and testing requirements. Private Pilot for Airplane Category ACS (FAA-S-ACS-6C) 54"
PA.IX.D.K1,risk-management,explanation,auto,from the Task D References line,"Emergency Locator Transmitter (ELT) operations, limitations, and testing requirements. Private Pilot for Airplane Category ACS (FAA-S-ACS-6C) 54"
PA.IX.D.K2,afh,explanation,auto,from the Task D References line,Fire extinguisher operations and limitations.
PA.IX.D.K2,phak,explanation,auto,from the Task D References line,Fire extinguisher operations and limitations.
PA.IX.D.K2,risk-management,explanation,auto,from the Task D References line,Fire extinguisher operations and limitations.
PA.IX.D.K3,afh,explanation,auto,from the Task D References line,Emergency equipment and survival gear needed for:
PA.IX.D.K3,phak,explanation,auto,from the Task D References line,Emergency equipment and survival gear needed for:
PA.IX.D.K3,risk-management,explanation,auto,from the Task D References line,Emergency equipment and survival gear needed for:
PA.IX.D.K3a,afh,explanation,auto,from the Task D References line,a. Climate extremes (hot/cold)
PA.IX.D.K3a,phak,explanation,auto,from the Task D References line,a. Climate extremes (hot/cold)
PA.IX.D.K3a,risk-management,explanation,auto,from the Task D References line,a. Climate extremes (hot/cold)
PA.IX.D.K3b,afh,explanation,auto,from the Task D References line,b. Mountainous terrain
PA.IX.D.K3b,phak,explanation,auto,from the Task D References line,b. Mountainous terrain
PA.IX.D.K3b,risk-management,explanation,auto,from the Task D References line,b. Mountainous terrain
PA.IX.D.K3c,afh,explanation,auto,from the Task D References line,c. Overwater operations
PA.IX.D.K3c,phak,explanation,auto,from the Task D References line,c. Overwater operations
PA.IX.D.K3c,risk-management,explanation,auto,from the Task D References line,c. Overwater operations
PA.IX.D.K4,afh,explanation,auto,from the Task D References line,"When to deploy a ballistic parachute and associated passenger briefings, if equipped."
PA.IX.D.K4,phak,explanation,auto,from the Task D References line,"When to deploy a ballistic parachute and associated passenger briefings, if equipped."
PA.IX.D.K4,risk-management,explanation,auto,from the Task D References line,"When to deploy a ballistic parachute and associated passenger briefings, if equipped."
PA.IX.D.K5,afh,explanation,auto,from the Task D References line,"When to activate an emergency auto-land system and brief passengers, if equipped."
PA.IX.D.K5,phak,explanation,auto,from the Task D References line,"When to activate an emergency auto-land system and brief passengers, if equipped."
PA.IX.D.K5,risk-management,explanation,auto,from the Task D References line,"When to activate an emergency auto-land system and brief passengers, if equipped."
PA.IX.D.R1,afh,explanation,auto,from the Task D References line,"Survival gear (water, clothing, shelter) for 48 to 72 hours."
PA.IX.D.R1,phak,explanation,auto,from the Task D References line,"Survival gear (water, clothing, shelter) for 48 to 72 hours."
PA.IX.D.R1,risk-management,explanation,auto,from the Task D References line,"Survival gear (water, clothing, shelter) for 48 to 72 hours."
PA.IX.D.R2,afh,explanation,auto,from the Task D References line,Use of a ballistic parachute system.
PA.IX.D.R2,phak,explanation,auto,from the Task D References line,Use of a ballistic parachute system.
PA.IX.D.R2,risk-management,explanation,auto,from the Task D References line,Use of a ballistic parachute system.
PA.IX.D.R3,afh,explanation,auto,from the Task D References line,"Use of an emergency auto-land system, if installed."
PA.IX.D.R3,phak,explanation,auto,from the Task D References line,"Use of an emergency auto-land system, if installed."
PA.IX.D.R3,risk-management,explanation,auto,from the Task D References line,"Use of an emergency auto-land system, if installed."
PA.IX.D.S1,afh,explanation,auto,from the Task D References line,Identify appropriate equipment and personal gear.
PA.IX.D.S1,phak,explanation,auto,from the Task D References line,Identify appropriate equipment and personal gear.
PA.IX.D.S1,risk-management,explanation,auto,from the Task D References line,Identify appropriate equipment and personal gear.
PA.IX.D.S2,afh,explanation,auto,from the Task D References line,Brief passengers on proper use of on-board emergency equipment and survival gear.
PA.IX.D.S2,phak,explanation,auto,from the Task D References line,Brief passengers on proper use of on-board emergency equipment and survival gear.
PA.IX.D.S2,risk-management,explanation,auto,from the Task D References line,Brief passengers on proper use of on-board emergency equipment and survival gear.
PA.IX.D.S3,afh,explanation,auto,from the Task D References line,"Simulate ballistic parachute deployment procedures, if equipped."
PA.IX.D.S3,phak,explanation,auto,from the Task D References line,"Simulate ballistic parachute deployment procedures, if equipped."
PA.IX.D.S3,risk-management,explanation,auto,from the Task D References line,"Simulate ballistic parachute deployment procedures, if equipped."
PA.IX.E.K1,afh,explanation,auto,from the Task E References line,Factors affecting minimum control airspeed with an inoperative engine (VMC).
PA.IX.E.K1,phak,explanation,auto,from the Task E References line,Factors affecting minimum control airspeed with an inoperative engine (VMC).
PA.IX.E.K1,risk-management,explanation,auto,from the Task E References line,Factors affecting minimum control airspeed with an inoperative engine (VMC).
PA.IX.E.K2,afh,explanation,auto,from the Task E References line,VMC (red line) and best single-engine rate of climb airspeed (VYSE) (blue line).
PA.IX.E.K2,phak,explanation,auto,from the Task E References line,VMC (red line) and best single-engine rate of climb airspeed (VYSE) (blue line).
PA.IX.E.K2,risk-management,explanation,auto,from the Task E References line,VMC (red line) and best single-engine rate of climb airspeed (VYSE) (blue line).
PA.IX.E.K3,afh,explanation,auto,from the Task E References line,Accelerate/stop distance.
PA.IX.E.K3,phak,explanation,auto,from the Task E References line,Accelerate/stop distance.
PA.IX.E.K3,risk-management,explanation,auto,from the Task E References line,Accelerate/stop distance.
PA.IX.E.R1,afh,explanation,auto,from the Task E References line,Potential engine failure during takeoff.
PA.IX.E.R1,phak,explanation,auto,from the Task E References line,Potential engine failure during takeoff.
PA.IX.E.R1,risk-management,explanation,auto,from the Task E References line,Potential engine failure during takeoff.
PA.IX.E.R2,afh,explanation,auto,from the Task E References line,Configuring the airplane.
PA.IX.E.R2,phak,explanation,auto,from the Task E References line,Configuring the airplane.
PA.IX.E.R2,risk-management,explanation,auto,from the Task E References line,Configuring the airplane.
PA.IX.E.R3,afh,explanation,auto,from the Task E References line,"Distractions, task prioritization, loss of situational awareness, or disorientation."
PA.IX.E.R3,phak,explanation,auto,from the Task E References line,"Distractions, task prioritization, loss of situational awareness, or disorientation."
PA.IX.E.R3,risk-management,explanation,auto,from the Task E References line,"Distractions, task prioritization, loss of situational awareness, or disorientation."
PA.IX.E.S1,afh,explanation,auto,from the Task E References line,Close the throttles smoothly and promptly when a simulated engine failure occurs.
PA.IX.E.S1,phak,explanation,auto,from the Task E References line,Close the throttles smoothly and promptly when a simulated engine failure occurs.
PA.IX.E.S1,risk-management,explanation,auto,from the Task E References line,Close the throttles smoothly and promptly when a simulated engine failure occurs.
PA.IX.E.S2,afh,explanation,auto,from the Task E References line,"Maintain directional control and apply brakes (AMEL), or flight controls (AMES), as necessary."
PA.IX.E.S2,phak,explanation,auto,from the Task E References line,"Maintain directional control and apply brakes (AMEL), or flight controls (AMES), as necessary."
PA.IX.E.S2,risk-management,explanation,auto,from the Task E References line,"Maintain directional control and apply brakes (AMEL), or flight controls (AMES), as necessary."
PA.IX.F.K1,afh,explanation,auto,from the Task F References line,Factors affecting minimum controllable speed (VMC).
PA.IX.F.K1,phak,explanation,auto,from the Task F References line,Factors affecting minimum controllable speed (VMC).
PA.IX.F.K1,risk-management,explanation,auto,from the Task F References line,Factors affecting minimum controllable speed (VMC).
PA.IX.F.K2,afh,explanation,auto,from the Task F References line,"VMC (red line), VYSE (blue line), and safe single-engine speed (VSSE)."
PA.IX.F.K2,phak,explanation,auto,from the Task F References line,"VMC (red line), VYSE (blue line), and safe single-engine speed (VSSE)."
PA.IX.F.K2,risk-management,explanation,auto,from the Task F References line,"VMC (red line), VYSE (blue line), and safe single-engine speed (VSSE)."
PA.IX.F.K3,afh,explanation,auto,from the Task F References line,Accelerate/stop and accelerate/go distances.
PA.IX.F.K3,phak,explanation,auto,from the Task F References line,Accelerate/stop and accelerate/go distances.
PA.IX.F.K3,risk-management,explanation,auto,from the Task F References line,Accelerate/stop and accelerate/go distances.
PA.IX.F.K4,afh,explanation,auto,from the Task F References line,"How to identify, verify, feather, and secure an inoperative engine."
PA.IX.F.K4,phak,explanation,auto,from the Task F References line,"How to identify, verify, feather, and secure an inoperative engine."
PA.IX.F.K4,risk-management,explanation,auto,from the Task F References line,"How to identify, verify, feather, and secure an inoperative engine."
PA.IX.F.K5,afh,explanation,auto,from the Task F References line,"Importance of drag reduction, including propeller feathering, gear and flap retraction, the manufacturer’s recommended control input and its relation to zero sideslip."
PA.IX.F.K5,phak,explanation,auto,from the Task F References line,"Importance of drag reduction, including propeller feathering, gear and flap retraction, the manufacturer’s recommended control input and its relation to zero sideslip."
PA.IX.F.K5,risk-management,explanation,auto,from the Task F References line,"Importance of drag reduction, including propeller feathering, gear and flap retraction, the manufacturer’s recommended control input and its relation to zero sideslip."
PA.IX.F.K6,afh,explanation,auto,from the Task F References line,Simulated propeller feathering and the evaluator’s zero-thrust procedures and responsibilities.
PA.IX.F.K6,phak,explanation,auto,from the Task F References line,Simulated propeller feathering and the evaluator’s zero-thrust procedures and responsibilities.
PA.IX.F.K6,risk-management,explanation,auto,from the Task F References line,Simulated propeller feathering and the evaluator’s zero-thrust procedures and responsibilities.
PA.IX.F.R1,afh,explanation,auto,from the Task F References line,Potential engine failure after lift-off.
PA.IX.F.R1,phak,explanation,auto,from the Task F References line,Potential engine failure after lift-off.
PA.IX.F.R1,risk-management,explanation,auto,from the Task F References line,Potential engine failure after lift-off.
PA.IX.F.R2,afh,explanation,auto,from the Task F References line,Collision hazards.
PA.IX.F.R2,phak,explanation,auto,from the Task F References line,Collision hazards.
PA.IX.F.R2,risk-management,explanation,auto,from the Task F References line,Collision hazards.
PA.IX.F.R3,afh,explanation,auto,from the Task F References line,Configuring the airplane.
PA.IX.F.R3,phak,explanation,auto,from the Task F References line,Configuring the airplane.
PA.IX.F.R3,risk-management,explanation,auto,from the Task F References line,Configuring the airplane.
PA.IX.F.R4,afh,explanation,auto,from the Task F References line,"Low altitude maneuvering, including stall, spin, or controlled flight into terrain (CFIT)."
PA.IX.F.R4,phak,explanation,auto,from the Task F References line,"Low altitude maneuvering, including stall, spin, or controlled flight into terrain (CFIT)."
PA.IX.F.R4,risk-management,explanation,auto,from the Task F References line,"Low altitude maneuvering, including stall, spin, or controlled flight into terrain (CFIT)."
PA.IX.F.R5,afh,explanation,auto,from the Task F References line,"Distractions, task prioritization, loss of situational awareness, or disorientation."
PA.IX.F.R5,phak,explanation,auto,from the Task F References line,"Distractions, task prioritization, loss of situational awareness, or disorientation."
PA.IX.F.R5,risk-management,explanation,auto,from the Task F References line,"Distractions, task prioritization, loss of situational awareness, or disorientation."
PA.IX.F.S1,afh,explanation,auto,from the Task F References line,"Promptly recognize an engine failure, maintain control, and use appropriate emergency procedures."
PA.IX.F.S1,phak,explanation,auto,from the Task F References line,"Promptly recognize an engine failure, maintain control, and use appropriate emergency procedures."
PA.IX.F.S1,risk-management,explanation,auto,from the Task F References line,"Promptly recognize an engine failure, maintain control, and use appropriate emergency procedures."
PA.IX.F.S10,afh,explanation,auto,from the Task F References line,Complete the appropriate checklist(s).
PA.IX.F.S10,phak,explanation,auto,from the Task F References line,Complete the appropriate checklist(s).
PA.IX.F.S10,risk-management,explanation,auto,from the Task F References line,Complete the appropriate checklist(s).
PA.IX.F.S2,afh,explanation,auto,from the Task F References line,"Establish VYSE; if obstructions are present, establish best single-engine angle of climb speed (VXSE) or VMC +5 knots, whichever is greater, until obstructions are cleared. Then transition to VYSE."
PA.IX.F.S2,phak,explanation,auto,from the Task F References line,"Establish VYSE; if obstructions are present, establish best single-engine angle of climb speed (VXSE) or VMC +5 knots, whichever is greater, until obstructions are cleared. Then transition to VYSE."
PA.IX.F.S2,risk-management,explanation,auto,from the Task F References line,"Establish VYSE; if obstructions are present, establish best single-engine angle of climb speed (VXSE) or VMC +5 knots, whichever is greater, until obstructions are cleared. Then transition to VYSE."
PA.IX.F.S3,afh,explanation,auto,from the Task F References line,Reduce drag by retracting landing gear and flaps in accordance with the manufacturer’s guidance.
PA.IX.F.S3,phak,explanation,auto,from the Task F References line,Reduce drag by retracting landing gear and flaps in accordance with the manufacturer’s guidance.
PA.IX.F.S3,risk-management,explanation,auto,from the Task F References line,Reduce drag by retracting landing gear and flaps in accordance with the manufacturer’s guidance.
PA.IX.F.S4,afh,explanation,auto,from the Task F References line,Simulate feathering the propeller on the inoperative engine (evaluator should then establish zero thrust on the inoperative engine).
PA.IX.F.S4,phak,explanation,auto,from the Task F References line,Simulate feathering the propeller on the inoperative engine (evaluator should then establish zero thrust on the inoperative engine).
PA.IX.F.S4,risk-management,explanation,auto,from the Task F References line,Simulate feathering the propeller on the inoperative engine (evaluator should then establish zero thrust on the inoperative engine).
PA.IX.F.S5,afh,explanation,auto,from the Task F References line,"Use flight controls in the proper combination as recommended by the manufacturer, or as required to maintain best performance, and trim as required."
PA.IX.F.S5,phak,explanation,auto,from the Task F References line,"Use flight controls in the proper combination as recommended by the manufacturer, or as required to maintain best performance, and trim as required."
PA.IX.F.S5,risk-management,explanation,auto,from the Task F References line,"Use flight controls in the proper combination as recommended by the manufacturer, or as required to maintain best performance, and trim as required."
PA.IX.F.S6,afh,explanation,auto,from the Task F References line,Monitor the operating engine and aircraft systems and make adjustments as necessary. Private Pilot for Airplane Category ACS (FAA-S-ACS-6C) 56
PA.IX.F.S6,phak,explanation,auto,from the Task F References line,Monitor the operating engine and aircraft systems and make adjustments as necessary. Private Pilot for Airplane Category ACS (FAA-S-ACS-6C) 56
PA.IX.F.S6,risk-management,explanation,auto,from the Task F References line,Monitor the operating engine and aircraft systems and make adjustments as necessary. Private Pilot for Airplane Category ACS (FAA-S-ACS-6C) 56
PA.IX.F.S7,afh,explanation,auto,from the Task F References line,"Recognize the airplane’s performance capabilities. If a climb is not possible at VYSE, maintain VYSE and return to the departure airport for landing, or initiate an approach to the most suitable landing area available."
PA.IX.F.S7,phak,explanation,auto,from the Task F References line,"Recognize the airplane’s performance capabilities. If a climb is not possible at VYSE, maintain VYSE and return to the departure airport for landing, or initiate an approach to the most suitable landing area available."
PA.IX.F.S7,risk-management,explanation,auto,from the Task F References line,"Recognize the airplane’s performance capabilities. If a climb is not possible at VYSE, maintain VYSE and return to the departure airport for landing, or initiate an approach to the most suitable landing area available."
PA.IX.F.S8,afh,explanation,auto,from the Task F References line,Simulate securing the inoperative engine.
PA.IX.F.S8,phak,explanation,auto,from the Task F References line,Simulate securing the inoperative engine.
PA.IX.F.S8,risk-management,explanation,auto,from the Task F References line,Simulate securing the inoperative engine.
PA.IX.F.S9,afh,explanation,auto,from the Task F References line,Maintain heading ±10° and airspeed ±5 knots.
PA.IX.F.S9,phak,explanation,auto,from the Task F References line,Maintain heading ±10° and airspeed ±5 knots.
PA.IX.F.S9,risk-management,explanation,auto,from the Task F References line,Maintain heading ±10° and airspeed ±5 knots.
PA.IX.G.K1,afh,explanation,auto,from the Task G References line,Factors affecting minimum controllable speed (VMC).
PA.IX.G.K1,phak,explanation,auto,from the Task G References line,Factors affecting minimum controllable speed (VMC).
PA.IX.G.K1,risk-management,explanation,auto,from the Task G References line,Factors affecting minimum controllable speed (VMC).
PA.IX.G.K2,afh,explanation,auto,from the Task G References line,VMC (red line) and best single-engine rate of climb airspeed (VYSE) (blue line).
PA.IX.G.K2,phak,explanation,auto,from the Task G References line,VMC (red line) and best single-engine rate of climb airspeed (VYSE) (blue line).
PA.IX.G.K2,risk-management,explanation,auto,from the Task G References line,VMC (red line) and best single-engine rate of climb airspeed (VYSE) (blue line).
PA.IX.G.K3,afh,explanation,auto,from the Task G References line,"How to identify, verify, feather, and secure an inoperative engine."
PA.IX.G.K3,phak,explanation,auto,from the Task G References line,"How to identify, verify, feather, and secure an inoperative engine."
PA.IX.G.K3,risk-management,explanation,auto,from the Task G References line,"How to identify, verify, feather, and secure an inoperative engine."
PA.IX.G.K4,afh,explanation,auto,from the Task G References line,"Importance of drag reduction, including propeller feathering, gear and flap retraction, the manufacturer’s recommended control input and its relation to zero sideslip."
PA.IX.G.K4,phak,explanation,auto,from the Task G References line,"Importance of drag reduction, including propeller feathering, gear and flap retraction, the manufacturer’s recommended control input and its relation to zero sideslip."
PA.IX.G.K4,risk-management,explanation,auto,from the Task G References line,"Importance of drag reduction, including propeller feathering, gear and flap retraction, the manufacturer’s recommended control input and its relation to zero sideslip."
PA.IX.G.K5,afh,explanation,auto,from the Task G References line,Applicant responsibilities during simulated feathering.
PA.IX.G.K5,phak,explanation,auto,from the Task G References line,Applicant responsibilities during simulated feathering.
PA.IX.G.K5,risk-management,explanation,auto,from the Task G References line,Applicant responsibilities during simulated feathering.
PA.IX.G.R1,afh,explanation,auto,from the Task G References line,Potential engine failure inflight or during an approach.
PA.IX.G.R1,phak,explanation,auto,from the Task G References line,Potential engine failure inflight or during an approach.
PA.IX.G.R1,risk-management,explanation,auto,from the Task G References line,Potential engine failure inflight or during an approach.
PA.IX.G.R2,afh,explanation,auto,from the Task G References line,Collision hazards.
PA.IX.G.R2,phak,explanation,auto,from the Task G References line,Collision hazards.
PA.IX.G.R2,risk-management,explanation,auto,from the Task G References line,Collision hazards.
PA.IX.G.R3,afh,explanation,auto,from the Task G References line,Configuring the airplane.
PA.IX.G.R3,phak,explanation,auto,from the Task G References line,Configuring the airplane.
PA.IX.G.R3,risk-management,explanation,auto,from the Task G References line,Configuring the airplane.
PA.IX.G.R4,afh,explanation,auto,from the Task G References line,"Low altitude maneuvering, including stall, spin, or controlled flight into terrain (CFIT)."
PA.IX.G.R4,phak,explanation,auto,from the Task G References line,"Low altitude maneuvering, including stall, spin, or controlled flight into terrain (CFIT)."
PA.IX.G.R4,risk-management,explanation,auto,from the Task G References line,"Low altitude maneuvering, including stall, spin, or controlled flight into terrain (CFIT)."
PA.IX.G.R5,afh,explanation,auto,from the Task G References line,"Distractions, task prioritization, loss of situational awareness, or disorientation."
PA.IX.G.R5,phak,explanation,auto,from the Task G References line,"Distractions, task prioritization, loss of situational awareness, or disorientation."
PA.IX.G.R5,risk-management,explanation,auto,from the Task G References line,"Distractions, task prioritization, loss of situational awareness, or disorientation."
PA.IX.G.R6,afh,explanation,auto,from the Task G References line,Possible single-engine go-around.
PA.IX.G.R6,phak,explanation,auto,from the Task G References line,Possible single-engine go-around.
PA.IX.G.R6,risk-management,explanation,auto,from the Task G References line,Possible single-engine go-around.
PA.IX.G.S1,afh,explanation,auto,from the Task G References line,Promptly recognize an engine failure and maintain positive aircraft control.
PA.IX.G.S1,phak,explanation,auto,from the Task G References line,Promptly recognize an engine failure and maintain positive aircraft control.
PA.IX.G.S1,risk-management,explanation,auto,from the Task G References line,Promptly recognize an engine failure and maintain positive aircraft control.
PA.IX.G.S10,afh,explanation,auto,from the Task G References line,Complete the appropriate checklist(s). Private Pilot for Airplane Category ACS (FAA-S-ACS-6C) 58
PA.IX.G.S10,phak,explanation,auto,from the Task G References line,Complete the appropriate checklist(s). Private Pilot for Airplane Category ACS (FAA-S-ACS-6C) 58
PA.IX.G.S10,risk-management,explanation,auto,from the Task G References line,Complete the appropriate checklist(s). Private Pilot for Airplane Category ACS (FAA-S-ACS-6C) 58
PA.IX.G.S2,afh,explanation,auto,from the Task G References line,"Set the engine controls, reduce drag, identify and verify the inoperative engine, and simulate feathering of the propeller on the inoperative engine (evaluator should then establish zero thrust on the inoperative engine)."
PA.IX.G.S2,phak,explanation,auto,from the Task G References line,"Set the engine controls, reduce drag, identify and verify the inoperative engine, and simulate feathering of the propeller on the inoperative engine (evaluator should then establish zero thrust on the inoperative engine)."
PA.IX.G.S2,risk-management,explanation,auto,from the Task G References line,"Set the engine controls, reduce drag, identify and verify the inoperative engine, and simulate feathering of the propeller on the inoperative engine (evaluator should then establish zero thrust on the inoperative engine)."
PA.IX.G.S3,afh,explanation,auto,from the Task G References line,"Use flight controls in the proper combination as recommended by the manufacturer, or as required to maintain best performance, and trim as required."
PA.IX.G.S3,phak,explanation,auto,from the Task G References line,"Use flight controls in the proper combination as recommended by the manufacturer, or as required to maintain best performance, and trim as required."
PA.IX.G.S3,risk-management,explanation,auto,from the Task G References line,"Use flight controls in the proper combination as recommended by the manufacturer, or as required to maintain best performance, and trim as required."
PA.IX.G.S4,afh,explanation,auto,from the Task G References line,Follow the manufacturer’s recommended emergency procedures and complete the appropriate checklist. Private Pilot for Airplane Category ACS (FAA-S-ACS-6C) 57
PA.IX.G.S4,phak,explanation,auto,from the Task G References line,Follow the manufacturer’s recommended emergency procedures and complete the appropriate checklist. Private Pilot for Airplane Category ACS (FAA-S-ACS-6C) 57
PA.IX.G.S4,risk-management,explanation,auto,from the Task G References line,Follow the manufacturer’s recommended emergency procedures and complete the appropriate checklist. Private Pilot for Airplane Category ACS (FAA-S-ACS-6C) 57
PA.IX.G.S5,afh,explanation,auto,from the Task G References line,Monitor the operating engine and aircraft systems and make adjustments as necessary.
PA.IX.G.S5,phak,explanation,auto,from the Task G References line,Monitor the operating engine and aircraft systems and make adjustments as necessary.
PA.IX.G.S5,risk-management,explanation,auto,from the Task G References line,Monitor the operating engine and aircraft systems and make adjustments as necessary.
PA.IX.G.S6,afh,explanation,auto,from the Task G References line,"Maintain the manufacturer’s recommended approach airspeed +10/-5 knots, in the landing configuration with a stabilized approach, until landing is assured."
PA.IX.G.S6,phak,explanation,auto,from the Task G References line,"Maintain the manufacturer’s recommended approach airspeed +10/-5 knots, in the landing configuration with a stabilized approach, until landing is assured."
PA.IX.G.S6,risk-management,explanation,auto,from the Task G References line,"Maintain the manufacturer’s recommended approach airspeed +10/-5 knots, in the landing configuration with a stabilized approach, until landing is assured."
PA.IX.G.S7,afh,explanation,auto,from the Task G References line,"Make smooth, timely, and correct control application before, during, and after touchdown."
PA.IX.G.S7,phak,explanation,auto,from the Task G References line,"Make smooth, timely, and correct control application before, during, and after touchdown."
PA.IX.G.S7,risk-management,explanation,auto,from the Task G References line,"Make smooth, timely, and correct control application before, during, and after touchdown."
PA.IX.G.S8,afh,explanation,auto,from the Task G References line,"Touch down on the first one-third of available runway/landing surface, with no drift, and the airplane’s longitudinal axis aligned with and over the runway center or landing path."
PA.IX.G.S8,phak,explanation,auto,from the Task G References line,"Touch down on the first one-third of available runway/landing surface, with no drift, and the airplane’s longitudinal axis aligned with and over the runway center or landing path."
PA.IX.G.S8,risk-management,explanation,auto,from the Task G References line,"Touch down on the first one-third of available runway/landing surface, with no drift, and the airplane’s longitudinal axis aligned with and over the runway center or landing path."
PA.IX.G.S9,afh,explanation,auto,from the Task G References line,Maintain directional control and appropriate crosswind correction throughout the approach and landing.
PA.IX.G.S9,phak,explanation,auto,from the Task G References line,Maintain directional control and appropriate crosswind correction throughout the approach and landing.
PA.IX.G.S9,risk-management,explanation,auto,from the Task G References line,Maintain directional control and appropriate crosswind correction throughout the approach and landing.
PA.V.A.K1,afh,explanation,auto,from the Task A References line,How to conduct a proper steep turn.
PA.V.A.K1,phak,explanation,auto,from the Task A References line,How to conduct a proper steep turn.
PA.V.A.K1,risk-management,explanation,auto,from the Task A References line,How to conduct a proper steep turn.
PA.V.A.K2,afh,explanation,auto,from the Task A References line,"Aerodynamics associated with steep turns, including:"
PA.V.A.K2,phak,explanation,auto,from the Task A References line,"Aerodynamics associated with steep turns, including:"
PA.V.A.K2,risk-management,explanation,auto,from the Task A References line,"Aerodynamics associated with steep turns, including:"
PA.V.A.K2a,afh,explanation,auto,from the Task A References line,a. Maintaining coordinated flight
PA.V.A.K2a,phak,explanation,auto,from the Task A References line,a. Maintaining coordinated flight
PA.V.A.K2a,risk-management,explanation,auto,from the Task A References line,a. Maintaining coordinated flight
PA.V.A.K2b,afh,explanation,auto,from the Task A References line,b. Overbanking tendencies
PA.V.A.K2b,phak,explanation,auto,from the Task A References line,b. Overbanking tendencies
PA.V.A.K2b,risk-management,explanation,auto,from the Task A References line,b. Overbanking tendencies
PA.V.A.K2c,afh,explanation,auto,from the Task A References line,"c. Maneuvering speed, including the impact of weight changes"
PA.V.A.K2c,phak,explanation,auto,from the Task A References line,"c. Maneuvering speed, including the impact of weight changes"
PA.V.A.K2c,risk-management,explanation,auto,from the Task A References line,"c. Maneuvering speed, including the impact of weight changes"
PA.V.A.K2d,afh,explanation,auto,from the Task A References line,d. Load factor and accelerated stalls
PA.V.A.K2d,phak,explanation,auto,from the Task A References line,d. Load factor and accelerated stalls
PA.V.A.K2d,risk-management,explanation,auto,from the Task A References line,d. Load factor and accelerated stalls
PA.V.A.K2e,afh,explanation,auto,from the Task A References line,e. Rate and radius of turn
PA.V.A.K2e,phak,explanation,auto,from the Task A References line,e. Rate and radius of turn
PA.V.A.K2e,risk-management,explanation,auto,from the Task A References line,e. Rate and radius of turn
PA.V.A.R1,afh,explanation,auto,from the Task A References line,Division of attention between aircraft control and orientation.
PA.V.A.R1,phak,explanation,auto,from the Task A References line,Division of attention between aircraft control and orientation.
PA.V.A.R1,risk-management,explanation,auto,from the Task A References line,Division of attention between aircraft control and orientation.
PA.V.A.R2,afh,explanation,auto,from the Task A References line,Collision hazards.
PA.V.A.R2,phak,explanation,auto,from the Task A References line,Collision hazards.
PA.V.A.R2,risk-management,explanation,auto,from the Task A References line,Collision hazards.
PA.V.A.R3,afh,explanation,auto,from the Task A References line,"Low altitude maneuvering, including stall, spin, or controlled flight into terrain (CFIT)."
PA.V.A.R3,phak,explanation,auto,from the Task A References line,"Low altitude maneuvering, including stall, spin, or controlled flight into terrain (CFIT)."
PA.V.A.R3,risk-management,explanation,auto,from the Task A References line,"Low altitude maneuvering, including stall, spin, or controlled flight into terrain (CFIT)."
PA.V.A.R4,afh,explanation,auto,from the Task A References line,"Distractions, task prioritization, loss of situational awareness, or disorientation."
PA.V.A.R4,phak,explanation,auto,from the Task A References line,"Distractions, task prioritization, loss of situational awareness, or disorientation."
PA.V.A.R4,risk-management,explanation,auto,from the Task A References line,"Distractions, task prioritization, loss of situational awareness, or disorientation."
PA.V.A.R5,afh,explanation,auto,from the Task A References line,Uncoordinated flight.
PA.V.A.R5,phak,explanation,auto,from the Task A References line,Uncoordinated flight.
PA.V.A.R5,risk-management,explanation,auto,from the Task A References line,Uncoordinated flight.
PA.V.A.S1,afh,explanation,auto,from the Task A References line,Clear the area.
PA.V.A.S1,phak,explanation,auto,from the Task A References line,Clear the area.
PA.V.A.S1,risk-management,explanation,auto,from the Task A References line,Clear the area.
PA.V.A.S2,afh,explanation,auto,from the Task A References line,"Establish the manufacturer's recommended airspeed; or if one is not available, an airspeed not to exceed the maneuvering speed (VA)."
PA.V.A.S2,phak,explanation,auto,from the Task A References line,"Establish the manufacturer's recommended airspeed; or if one is not available, an airspeed not to exceed the maneuvering speed (VA)."
PA.V.A.S2,risk-management,explanation,auto,from the Task A References line,"Establish the manufacturer's recommended airspeed; or if one is not available, an airspeed not to exceed the maneuvering speed (VA)."
PA.V.A.S3,afh,explanation,auto,from the Task A References line,Roll into a coordinated 360° steep turn with approximately a 45° bank.
PA.V.A.S3,phak,explanation,auto,from the Task A References line,Roll into a coordinated 360° steep turn with approximately a 45° bank.
PA.V.A.S3,risk-management,explanation,auto,from the Task A References line,Roll into a coordinated 360° steep turn with approximately a 45° bank.
PA.V.A.S4,afh,explanation,auto,from the Task A References line,"Perform the Task in the opposite direction, as specified by evaluator."
PA.V.A.S4,phak,explanation,auto,from the Task A References line,"Perform the Task in the opposite direction, as specified by evaluator."
PA.V.A.S4,risk-management,explanation,auto,from the Task A References line,"Perform the Task in the opposite direction, as specified by evaluator."
PA.V.A.S5,afh,explanation,auto,from the Task A References line,"Maintain the entry altitude ±100 feet, airspeed ±10 knots, bank ±5°, and roll out on the entry heading ±10°."
PA.V.A.S5,phak,explanation,auto,from the Task A References line,"Maintain the entry altitude ±100 feet, airspeed ±10 knots, bank ±5°, and roll out on the entry heading ±10°."
PA.V.A.S5,risk-management,explanation,auto,from the Task A References line,"Maintain the entry altitude ±100 feet, airspeed ±10 knots, bank ±5°, and roll out on the entry heading ±10°."
PA.V.B.K1,14cfr:part-61,regulation,auto,from the Task B References line,Purpose of ground reference maneuvers.
PA.V.B.K1,afh,explanation,auto,from the Task B References line,Purpose of ground reference maneuvers.
PA.V.B.K1,phak,explanation,auto,from the Task B References line,Purpose of ground reference maneuvers.
PA.V.B.K1,risk-management,explanation,auto,from the Task B References line,Purpose of ground reference maneuvers.
PA.V.B.K2,14cfr:part-61,regulation,auto,from the Task B References line,Effects of wind on ground track and relation to a ground reference.
PA.V.B.K2,afh,explanation,auto,from the Task B References line,Effects of wind on ground track and relation to a ground reference.
PA.V.B.K2,phak,explanation,auto,from the Task B References line,Effects of wind on ground track and relation to a ground reference.
PA.V.B.K2,risk-management,explanation,auto,from the Task B References line,Effects of wind on ground track and relation to a ground reference.
PA.V.B.K3,14cfr:part-61,regulation,auto,from the Task B References line,Effects of bank angle and groundspeed on rate and radius of turn.
PA.V.B.K3,afh,explanation,auto,from the Task B References line,Effects of bank angle and groundspeed on rate and radius of turn.
PA.V.B.K3,phak,explanation,auto,from the Task B References line,Effects of bank angle and groundspeed on rate and radius of turn.
PA.V.B.K3,risk-management,explanation,auto,from the Task B References line,Effects of bank angle and groundspeed on rate and radius of turn.
PA.V.B.K4,14cfr:part-61,regulation,auto,from the Task B References line,Relationship of rectangular course to airport traffic pattern.
PA.V.B.K4,afh,explanation,auto,from the Task B References line,Relationship of rectangular course to airport traffic pattern.
PA.V.B.K4,phak,explanation,auto,from the Task B References line,Relationship of rectangular course to airport traffic pattern.
PA.V.B.K4,risk-management,explanation,auto,from the Task B References line,Relationship of rectangular course to airport traffic pattern.
PA.V.B.R1,14cfr:part-61,regulation,auto,from the Task B References line,Division of attention between aircraft control and orientation.
PA.V.B.R1,afh,explanation,auto,from the Task B References line,Division of attention between aircraft control and orientation.
PA.V.B.R1,phak,explanation,auto,from the Task B References line,Division of attention between aircraft control and orientation.
PA.V.B.R1,risk-management,explanation,auto,from the Task B References line,Division of attention between aircraft control and orientation.
PA.V.B.R2,14cfr:part-61,regulation,auto,from the Task B References line,Collision hazards.
PA.V.B.R2,afh,explanation,auto,from the Task B References line,Collision hazards.
PA.V.B.R2,phak,explanation,auto,from the Task B References line,Collision hazards.
PA.V.B.R2,risk-management,explanation,auto,from the Task B References line,Collision hazards.
PA.V.B.R3,14cfr:part-61,regulation,auto,from the Task B References line,"Low altitude maneuvering, including stall, spin, or controlled flight into terrain (CFIT)."
PA.V.B.R3,afh,explanation,auto,from the Task B References line,"Low altitude maneuvering, including stall, spin, or controlled flight into terrain (CFIT)."
PA.V.B.R3,phak,explanation,auto,from the Task B References line,"Low altitude maneuvering, including stall, spin, or controlled flight into terrain (CFIT)."
PA.V.B.R3,risk-management,explanation,auto,from the Task B References line,"Low altitude maneuvering, including stall, spin, or controlled flight into terrain (CFIT)."
PA.V.B.R4,14cfr:part-61,regulation,auto,from the Task B References line,"Distractions, task prioritization, loss of situational awareness, or disorientation."
PA.V.B.R4,afh,explanation,auto,from the Task B References line,"Distractions, task prioritization, loss of situational awareness, or disorientation."
PA.V.B.R4,phak,explanation,auto,from the Task B References line,"Distractions, task prioritization, loss of situational awareness, or disorientation."
PA.V.B.R4,risk-management,explanation,auto,from the Task B References line,"Distractions, task prioritization, loss of situational awareness, or disorientation."
PA.V.B.R5,14cfr:part-61,regulation,auto,from the Task B References line,Uncoordinated flight.
PA.V.B.R5,afh,explanation,auto,from the Task B References line,Uncoordinated flight.
PA.V.B.R5,phak,explanation,auto,from the Task B References line,Uncoordinated flight.
PA.V.B.R5,risk-management,explanation,auto,from the Task B References line,Uncoordinated flight.
PA.V.B.S1,14cfr:part-61,regulation,auto,from the Task B References line,Clear the area.
PA.V.B.S1,afh,explanation,auto,from the Task B References line,Clear the area.
PA.V.B.S1,phak,explanation,auto,from the Task B References line,Clear the area.
PA.V.B.S1,risk-management,explanation,auto,from the Task B References line,Clear the area.
PA.V.B.S2,14cfr:part-61,regulation,auto,from the Task B References line,"Select a suitable ground reference area, line, or point as appropriate."
PA.V.B.S2,afh,explanation,auto,from the Task B References line,"Select a suitable ground reference area, line, or point as appropriate."
PA.V.B.S2,phak,explanation,auto,from the Task B References line,"Select a suitable ground reference area, line, or point as appropriate."
PA.V.B.S2,risk-management,explanation,auto,from the Task B References line,"Select a suitable ground reference area, line, or point as appropriate."
PA.V.B.S3,14cfr:part-61,regulation,auto,from the Task B References line,Plan the maneuver:
PA.V.B.S3,afh,explanation,auto,from the Task B References line,Plan the maneuver:
PA.V.B.S3,phak,explanation,auto,from the Task B References line,Plan the maneuver:
PA.V.B.S3,risk-management,explanation,auto,from the Task B References line,Plan the maneuver:
PA.V.B.S3a,14cfr:part-61,regulation,auto,from the Task B References line,"a. Rectangular course: enter a left or right pattern, 600 to 1,000 feet above ground level (AGL) at an appropriate distance from the selected reference area, 45° to the downwind leg"
PA.V.B.S3a,afh,explanation,auto,from the Task B References line,"a. Rectangular course: enter a left or right pattern, 600 to 1,000 feet above ground level (AGL) at an appropriate distance from the selected reference area, 45° to the downwind leg"
PA.V.B.S3a,phak,explanation,auto,from the Task B References line,"a. Rectangular course: enter a left or right pattern, 600 to 1,000 feet above ground level (AGL) at an appropriate distance from the selected reference area, 45° to the downwind leg"
PA.V.B.S3a,risk-management,explanation,auto,from the Task B References line,"a. Rectangular course: enter a left or right pattern, 600 to 1,000 feet above ground level (AGL) at an appropriate distance from the selected reference area, 45° to the downwind leg"
PA.V.B.S3b,14cfr:part-61,regulation,auto,from the Task B References line,"b. S-turns: enter perpendicular to the selected reference line, 600 to 1,000 feet AGL at an appropriate distance from the selected reference area"
PA.V.B.S3b,afh,explanation,auto,from the Task B References line,"b. S-turns: enter perpendicular to the selected reference line, 600 to 1,000 feet AGL at an appropriate distance from the selected reference area"
PA.V.B.S3b,phak,explanation,auto,from the Task B References line,"b. S-turns: enter perpendicular to the selected reference line, 600 to 1,000 feet AGL at an appropriate distance from the selected reference area"
PA.V.B.S3b,risk-management,explanation,auto,from the Task B References line,"b. S-turns: enter perpendicular to the selected reference line, 600 to 1,000 feet AGL at an appropriate distance from the selected reference area"
PA.V.B.S3c,14cfr:part-61,regulation,auto,from the Task B References line,"c. Turns around a point: enter at an appropriate distance from the reference point, 600 to 1,000 feet AGL at an appropriate distance from the selected reference area"
PA.V.B.S3c,afh,explanation,auto,from the Task B References line,"c. Turns around a point: enter at an appropriate distance from the reference point, 600 to 1,000 feet AGL at an appropriate distance from the selected reference area"
PA.V.B.S3c,phak,explanation,auto,from the Task B References line,"c. Turns around a point: enter at an appropriate distance from the reference point, 600 to 1,000 feet AGL at an appropriate distance from the selected reference area"
PA.V.B.S3c,risk-management,explanation,auto,from the Task B References line,"c. Turns around a point: enter at an appropriate distance from the reference point, 600 to 1,000 feet AGL at an appropriate distance from the selected reference area"
PA.V.B.S4,14cfr:part-61,regulation,auto,from the Task B References line,"Apply adequate wind-drift correction during straight and turning flight to maintain a constant ground track around a rectangular reference area, or to maintain a constant radius turn on each side of a selected reference line or point."
PA.V.B.S4,afh,explanation,auto,from the Task B References line,"Apply adequate wind-drift correction during straight and turning flight to maintain a constant ground track around a rectangular reference area, or to maintain a constant radius turn on each side of a selected reference line or point."
PA.V.B.S4,phak,explanation,auto,from the Task B References line,"Apply adequate wind-drift correction during straight and turning flight to maintain a constant ground track around a rectangular reference area, or to maintain a constant radius turn on each side of a selected reference line or point."
PA.V.B.S4,risk-management,explanation,auto,from the Task B References line,"Apply adequate wind-drift correction during straight and turning flight to maintain a constant ground track around a rectangular reference area, or to maintain a constant radius turn on each side of a selected reference line or point."
PA.V.B.S5,14cfr:part-61,regulation,auto,from the Task B References line,"If performing S-Turns, reverse the turn directly over the selected reference line; if performing turns around a point, complete turns in either direction, as specified by the evaluator."
PA.V.B.S5,afh,explanation,auto,from the Task B References line,"If performing S-Turns, reverse the turn directly over the selected reference line; if performing turns around a point, complete turns in either direction, as specified by the evaluator."
PA.V.B.S5,phak,explanation,auto,from the Task B References line,"If performing S-Turns, reverse the turn directly over the selected reference line; if performing turns around a point, complete turns in either direction, as specified by the evaluator."
PA.V.B.S5,risk-management,explanation,auto,from the Task B References line,"If performing S-Turns, reverse the turn directly over the selected reference line; if performing turns around a point, complete turns in either direction, as specified by the evaluator."
PA.V.B.S6,14cfr:part-61,regulation,auto,from the Task B References line,"Divide attention between airplane control, traffic avoidance and the ground track while maintaining coordinated flight."
PA.V.B.S6,afh,explanation,auto,from the Task B References line,"Divide attention between airplane control, traffic avoidance and the ground track while maintaining coordinated flight."
PA.V.B.S6,phak,explanation,auto,from the Task B References line,"Divide attention between airplane control, traffic avoidance and the ground track while maintaining coordinated flight."
PA.V.B.S6,risk-management,explanation,auto,from the Task B References line,"Divide attention between airplane control, traffic avoidance and the ground track while maintaining coordinated flight."
PA.V.B.S7,14cfr:part-61,regulation,auto,from the Task B References line,Maintain altitude ±100 feet; maintain airspeed ±10 knots. Private Pilot for Airplane Category ACS (FAA-S-ACS-6C) 38
PA.V.B.S7,afh,explanation,auto,from the Task B References line,Maintain altitude ±100 feet; maintain airspeed ±10 knots. Private Pilot for Airplane Category ACS (FAA-S-ACS-6C) 38
PA.V.B.S7,phak,explanation,auto,from the Task B References line,Maintain altitude ±100 feet; maintain airspeed ±10 knots. Private Pilot for Airplane Category ACS (FAA-S-ACS-6C) 38
PA.V.B.S7,risk-management,explanation,auto,from the Task B References line,Maintain altitude ±100 feet; maintain airspeed ±10 knots. Private Pilot for Airplane Category ACS (FAA-S-ACS-6C) 38
PA.VI.A.K1,afh,explanation,auto,from the Task A References line,Pilotage and dead reckoning.
PA.VI.A.K1,phak,explanation,auto,from the Task A References line,Pilotage and dead reckoning.
PA.VI.A.K1,risk-management,explanation,auto,from the Task A References line,Pilotage and dead reckoning.
PA.VI.A.K2,afh,explanation,auto,from the Task A References line,Magnetic compass errors.
PA.VI.A.K2,phak,explanation,auto,from the Task A References line,Magnetic compass errors.
PA.VI.A.K2,risk-management,explanation,auto,from the Task A References line,Magnetic compass errors.
PA.VI.A.K3,afh,explanation,auto,from the Task A References line,Topography.
PA.VI.A.K3,phak,explanation,auto,from the Task A References line,Topography.
PA.VI.A.K3,risk-management,explanation,auto,from the Task A References line,Topography.
PA.VI.A.K4,afh,explanation,auto,from the Task A References line,Selection of appropriate:
PA.VI.A.K4,phak,explanation,auto,from the Task A References line,Selection of appropriate:
PA.VI.A.K4,risk-management,explanation,auto,from the Task A References line,Selection of appropriate:
PA.VI.A.K4a,afh,explanation,auto,from the Task A References line,a. Route
PA.VI.A.K4a,phak,explanation,auto,from the Task A References line,a. Route
PA.VI.A.K4a,risk-management,explanation,auto,from the Task A References line,a. Route
PA.VI.A.K4b,afh,explanation,auto,from the Task A References line,b. Altitude(s)
PA.VI.A.K4b,phak,explanation,auto,from the Task A References line,b. Altitude(s)
PA.VI.A.K4b,risk-management,explanation,auto,from the Task A References line,b. Altitude(s)
PA.VI.A.K4c,afh,explanation,auto,from the Task A References line,c. Checkpoints
PA.VI.A.K4c,phak,explanation,auto,from the Task A References line,c. Checkpoints
PA.VI.A.K4c,risk-management,explanation,auto,from the Task A References line,c. Checkpoints
PA.VI.A.K5,afh,explanation,auto,from the Task A References line,"Plotting a course, including:"
PA.VI.A.K5,phak,explanation,auto,from the Task A References line,"Plotting a course, including:"
PA.VI.A.K5,risk-management,explanation,auto,from the Task A References line,"Plotting a course, including:"
PA.VI.A.K5a,afh,explanation,auto,from the Task A References line,"a. Determining heading, speed, and course"
PA.VI.A.K5a,phak,explanation,auto,from the Task A References line,"a. Determining heading, speed, and course"
PA.VI.A.K5a,risk-management,explanation,auto,from the Task A References line,"a. Determining heading, speed, and course"
PA.VI.A.K5b,afh,explanation,auto,from the Task A References line,b. Wind correction angle
PA.VI.A.K5b,phak,explanation,auto,from the Task A References line,b. Wind correction angle
PA.VI.A.K5b,risk-management,explanation,auto,from the Task A References line,b. Wind correction angle
PA.VI.A.K5c,afh,explanation,auto,from the Task A References line,"c. Estimating time, speed, and distance"
PA.VI.A.K5c,phak,explanation,auto,from the Task A References line,"c. Estimating time, speed, and distance"
PA.VI.A.K5c,risk-management,explanation,auto,from the Task A References line,"c. Estimating time, speed, and distance"
PA.VI.A.K5d,afh,explanation,auto,from the Task A References line,d. True airspeed and density altitude
PA.VI.A.K5d,phak,explanation,auto,from the Task A References line,d. True airspeed and density altitude
PA.VI.A.K5d,risk-management,explanation,auto,from the Task A References line,d. True airspeed and density altitude
PA.VI.A.K6,afh,explanation,auto,from the Task A References line,Power setting selection.
PA.VI.A.K6,phak,explanation,auto,from the Task A References line,Power setting selection.
PA.VI.A.K6,risk-management,explanation,auto,from the Task A References line,Power setting selection.
PA.VI.A.K7,afh,explanation,auto,from the Task A References line,Planned calculations versus actual results and required corrections.
PA.VI.A.K7,phak,explanation,auto,from the Task A References line,Planned calculations versus actual results and required corrections.
PA.VI.A.K7,risk-management,explanation,auto,from the Task A References line,Planned calculations versus actual results and required corrections.
PA.VI.A.R1,afh,explanation,auto,from the Task A References line,Collision hazards.
PA.VI.A.R1,phak,explanation,auto,from the Task A References line,Collision hazards.
PA.VI.A.R1,risk-management,explanation,auto,from the Task A References line,Collision hazards.
PA.VI.A.R2,afh,explanation,auto,from the Task A References line,"Distractions, task prioritization, loss of situational awareness, or disorientation."
PA.VI.A.R2,phak,explanation,auto,from the Task A References line,"Distractions, task prioritization, loss of situational awareness, or disorientation."
PA.VI.A.R2,risk-management,explanation,auto,from the Task A References line,"Distractions, task prioritization, loss of situational awareness, or disorientation."
PA.VI.A.R3,afh,explanation,auto,from the Task A References line,"Unplanned fuel/power consumption, if applicable."
PA.VI.A.R3,phak,explanation,auto,from the Task A References line,"Unplanned fuel/power consumption, if applicable."
PA.VI.A.R3,risk-management,explanation,auto,from the Task A References line,"Unplanned fuel/power consumption, if applicable."
PA.VI.A.S1,afh,explanation,auto,from the Task A References line,Prepare and use a flight log.
PA.VI.A.S1,phak,explanation,auto,from the Task A References line,Prepare and use a flight log.
PA.VI.A.S1,risk-management,explanation,auto,from the Task A References line,Prepare and use a flight log.
PA.VI.A.S2,afh,explanation,auto,from the Task A References line,Navigate by pilotage.
PA.VI.A.S2,phak,explanation,auto,from the Task A References line,Navigate by pilotage.
PA.VI.A.S2,risk-management,explanation,auto,from the Task A References line,Navigate by pilotage.
PA.VI.A.S3,afh,explanation,auto,from the Task A References line,"Navigate by means of pre-computed headings, groundspeeds, elapsed time, and reference to landmarks or checkpoints."
PA.VI.A.S3,phak,explanation,auto,from the Task A References line,"Navigate by means of pre-computed headings, groundspeeds, elapsed time, and reference to landmarks or checkpoints."
PA.VI.A.S3,risk-management,explanation,auto,from the Task A References line,"Navigate by means of pre-computed headings, groundspeeds, elapsed time, and reference to landmarks or checkpoints."
PA.VI.A.S4,afh,explanation,auto,from the Task A References line,"Use the magnetic direction indicator in navigation, including turns to headings."
PA.VI.A.S4,phak,explanation,auto,from the Task A References line,"Use the magnetic direction indicator in navigation, including turns to headings."
PA.VI.A.S4,risk-management,explanation,auto,from the Task A References line,"Use the magnetic direction indicator in navigation, including turns to headings."
PA.VI.A.S5,afh,explanation,auto,from the Task A References line,Verify position within three nautical miles of the flight-planned route. Private Pilot for Airplane Category ACS (FAA-S-ACS-6C) 39
PA.VI.A.S5,phak,explanation,auto,from the Task A References line,Verify position within three nautical miles of the flight-planned route. Private Pilot for Airplane Category ACS (FAA-S-ACS-6C) 39
PA.VI.A.S5,risk-management,explanation,auto,from the Task A References line,Verify position within three nautical miles of the flight-planned route. Private Pilot for Airplane Category ACS (FAA-S-ACS-6C) 39
PA.VI.A.S6,afh,explanation,auto,from the Task A References line,Arrive at the en route checkpoints within five minutes of the initial or revised estimated time of arrival (ETA) and provide a destination estimate.
PA.VI.A.S6,phak,explanation,auto,from the Task A References line,Arrive at the en route checkpoints within five minutes of the initial or revised estimated time of arrival (ETA) and provide a destination estimate.
PA.VI.A.S6,risk-management,explanation,auto,from the Task A References line,Arrive at the en route checkpoints within five minutes of the initial or revised estimated time of arrival (ETA) and provide a destination estimate.
PA.VI.A.S7,afh,explanation,auto,from the Task A References line,"Maintain the selected altitude, ±200 feet and heading, ±15°."
PA.VI.A.S7,phak,explanation,auto,from the Task A References line,"Maintain the selected altitude, ±200 feet and heading, ±15°."
PA.VI.A.S7,risk-management,explanation,auto,from the Task A References line,"Maintain the selected altitude, ±200 feet and heading, ±15°."
PA.VI.B.K1,ac-91-78a,guidance,auto,from the Task B References line,"Ground-based navigation (identification, orientation, course determination, equipment, tests, regulations, interference, appropriate use of navigation data, and signal integrity)."
PA.VI.B.K1,afh,explanation,auto,from the Task B References line,"Ground-based navigation (identification, orientation, course determination, equipment, tests, regulations, interference, appropriate use of navigation data, and signal integrity)."
PA.VI.B.K1,aim,guidance,auto,from the Task B References line,"Ground-based navigation (identification, orientation, course determination, equipment, tests, regulations, interference, appropriate use of navigation data, and signal integrity)."
PA.VI.B.K1,phak,explanation,auto,from the Task B References line,"Ground-based navigation (identification, orientation, course determination, equipment, tests, regulations, interference, appropriate use of navigation data, and signal integrity)."
PA.VI.B.K1,risk-management,explanation,auto,from the Task B References line,"Ground-based navigation (identification, orientation, course determination, equipment, tests, regulations, interference, appropriate use of navigation data, and signal integrity)."
PA.VI.B.K2,ac-91-78a,guidance,auto,from the Task B References line,"Satellite-based navigation (e.g., equipment, regulations, authorized use of databases, and Receiver Autonomous Integrity Monitoring (RAIM))."
PA.VI.B.K2,afh,explanation,auto,from the Task B References line,"Satellite-based navigation (e.g., equipment, regulations, authorized use of databases, and Receiver Autonomous Integrity Monitoring (RAIM))."
PA.VI.B.K2,aim,guidance,auto,from the Task B References line,"Satellite-based navigation (e.g., equipment, regulations, authorized use of databases, and Receiver Autonomous Integrity Monitoring (RAIM))."
PA.VI.B.K2,phak,explanation,auto,from the Task B References line,"Satellite-based navigation (e.g., equipment, regulations, authorized use of databases, and Receiver Autonomous Integrity Monitoring (RAIM))."
PA.VI.B.K2,risk-management,explanation,auto,from the Task B References line,"Satellite-based navigation (e.g., equipment, regulations, authorized use of databases, and Receiver Autonomous Integrity Monitoring (RAIM))."
PA.VI.B.K3,ac-91-78a,guidance,auto,from the Task B References line,"Radar assistance to visual flight rules (VFR) aircraft (e.g., operations, equipment, available services, traffic advisories)."
PA.VI.B.K3,afh,explanation,auto,from the Task B References line,"Radar assistance to visual flight rules (VFR) aircraft (e.g., operations, equipment, available services, traffic advisories)."
PA.VI.B.K3,aim,guidance,auto,from the Task B References line,"Radar assistance to visual flight rules (VFR) aircraft (e.g., operations, equipment, available services, traffic advisories)."
PA.VI.B.K3,phak,explanation,auto,from the Task B References line,"Radar assistance to visual flight rules (VFR) aircraft (e.g., operations, equipment, available services, traffic advisories)."
PA.VI.B.K3,risk-management,explanation,auto,from the Task B References line,"Radar assistance to visual flight rules (VFR) aircraft (e.g., operations, equipment, available services, traffic advisories)."
PA.VI.B.K4,ac-91-78a,guidance,auto,from the Task B References line,"Transponder (Mode(s) A, C, and S) and Automatic Dependent Surveillance-Broadcast (ADS-B)."
PA.VI.B.K4,afh,explanation,auto,from the Task B References line,"Transponder (Mode(s) A, C, and S) and Automatic Dependent Surveillance-Broadcast (ADS-B)."
PA.VI.B.K4,aim,guidance,auto,from the Task B References line,"Transponder (Mode(s) A, C, and S) and Automatic Dependent Surveillance-Broadcast (ADS-B)."
PA.VI.B.K4,phak,explanation,auto,from the Task B References line,"Transponder (Mode(s) A, C, and S) and Automatic Dependent Surveillance-Broadcast (ADS-B)."
PA.VI.B.K4,risk-management,explanation,auto,from the Task B References line,"Transponder (Mode(s) A, C, and S) and Automatic Dependent Surveillance-Broadcast (ADS-B)."
PA.VI.B.R1,ac-91-78a,guidance,auto,from the Task B References line,Management of automated navigation and autoflight systems.
PA.VI.B.R1,afh,explanation,auto,from the Task B References line,Management of automated navigation and autoflight systems.
PA.VI.B.R1,aim,guidance,auto,from the Task B References line,Management of automated navigation and autoflight systems.
PA.VI.B.R1,phak,explanation,auto,from the Task B References line,Management of automated navigation and autoflight systems.
PA.VI.B.R1,risk-management,explanation,auto,from the Task B References line,Management of automated navigation and autoflight systems.
PA.VI.B.R2,ac-91-78a,guidance,auto,from the Task B References line,"Distractions, task prioritization, loss of situational awareness, or disorientation."
PA.VI.B.R2,afh,explanation,auto,from the Task B References line,"Distractions, task prioritization, loss of situational awareness, or disorientation."
PA.VI.B.R2,aim,guidance,auto,from the Task B References line,"Distractions, task prioritization, loss of situational awareness, or disorientation."
PA.VI.B.R2,phak,explanation,auto,from the Task B References line,"Distractions, task prioritization, loss of situational awareness, or disorientation."
PA.VI.B.R2,risk-management,explanation,auto,from the Task B References line,"Distractions, task prioritization, loss of situational awareness, or disorientation."
PA.VI.B.R3,ac-91-78a,guidance,auto,from the Task B References line,Limitations of the navigation system in use.
PA.VI.B.R3,afh,explanation,auto,from the Task B References line,Limitations of the navigation system in use.
PA.VI.B.R3,aim,guidance,auto,from the Task B References line,Limitations of the navigation system in use.
PA.VI.B.R3,phak,explanation,auto,from the Task B References line,Limitations of the navigation system in use.
PA.VI.B.R3,risk-management,explanation,auto,from the Task B References line,Limitations of the navigation system in use.
PA.VI.B.R4,ac-91-78a,guidance,auto,from the Task B References line,Loss of a navigation signal.
PA.VI.B.R4,afh,explanation,auto,from the Task B References line,Loss of a navigation signal.
PA.VI.B.R4,aim,guidance,auto,from the Task B References line,Loss of a navigation signal.
PA.VI.B.R4,phak,explanation,auto,from the Task B References line,Loss of a navigation signal.
PA.VI.B.R4,risk-management,explanation,auto,from the Task B References line,Loss of a navigation signal.
PA.VI.B.R5,ac-91-78a,guidance,auto,from the Task B References line,"Use of an electronic flight bag (EFB), if used."
PA.VI.B.R5,afh,explanation,auto,from the Task B References line,"Use of an electronic flight bag (EFB), if used."
PA.VI.B.R5,aim,guidance,auto,from the Task B References line,"Use of an electronic flight bag (EFB), if used."
PA.VI.B.R5,phak,explanation,auto,from the Task B References line,"Use of an electronic flight bag (EFB), if used."
PA.VI.B.R5,risk-management,explanation,auto,from the Task B References line,"Use of an electronic flight bag (EFB), if used."
PA.VI.B.S1,ac-91-78a,guidance,auto,from the Task B References line,Use an airborne electronic navigation system.
PA.VI.B.S1,afh,explanation,auto,from the Task B References line,Use an airborne electronic navigation system.
PA.VI.B.S1,aim,guidance,auto,from the Task B References line,Use an airborne electronic navigation system.
PA.VI.B.S1,phak,explanation,auto,from the Task B References line,Use an airborne electronic navigation system.
PA.VI.B.S1,risk-management,explanation,auto,from the Task B References line,Use an airborne electronic navigation system.
PA.VI.B.S2,ac-91-78a,guidance,auto,from the Task B References line,Determine the airplane’s position using the navigation system.
PA.VI.B.S2,afh,explanation,auto,from the Task B References line,Determine the airplane’s position using the navigation system.
PA.VI.B.S2,aim,guidance,auto,from the Task B References line,Determine the airplane’s position using the navigation system.
PA.VI.B.S2,phak,explanation,auto,from the Task B References line,Determine the airplane’s position using the navigation system.
PA.VI.B.S2,risk-management,explanation,auto,from the Task B References line,Determine the airplane’s position using the navigation system.
PA.VI.B.S3,ac-91-78a,guidance,auto,from the Task B References line,"Intercept and track a given course, radial, or bearing."
PA.VI.B.S3,afh,explanation,auto,from the Task B References line,"Intercept and track a given course, radial, or bearing."
PA.VI.B.S3,aim,guidance,auto,from the Task B References line,"Intercept and track a given course, radial, or bearing."
PA.VI.B.S3,phak,explanation,auto,from the Task B References line,"Intercept and track a given course, radial, or bearing."
PA.VI.B.S3,risk-management,explanation,auto,from the Task B References line,"Intercept and track a given course, radial, or bearing."
PA.VI.B.S4,ac-91-78a,guidance,auto,from the Task B References line,Recognize and describe the indication of station or waypoint passage.
PA.VI.B.S4,afh,explanation,auto,from the Task B References line,Recognize and describe the indication of station or waypoint passage.
PA.VI.B.S4,aim,guidance,auto,from the Task B References line,Recognize and describe the indication of station or waypoint passage.
PA.VI.B.S4,phak,explanation,auto,from the Task B References line,Recognize and describe the indication of station or waypoint passage.
PA.VI.B.S4,risk-management,explanation,auto,from the Task B References line,Recognize and describe the indication of station or waypoint passage.
PA.VI.B.S5,ac-91-78a,guidance,auto,from the Task B References line,"Recognize signal loss or interference and take appropriate action, if applicable."
PA.VI.B.S5,afh,explanation,auto,from the Task B References line,"Recognize signal loss or interference and take appropriate action, if applicable."
PA.VI.B.S5,aim,guidance,auto,from the Task B References line,"Recognize signal loss or interference and take appropriate action, if applicable."
PA.VI.B.S5,phak,explanation,auto,from the Task B References line,"Recognize signal loss or interference and take appropriate action, if applicable."
PA.VI.B.S5,risk-management,explanation,auto,from the Task B References line,"Recognize signal loss or interference and take appropriate action, if applicable."
PA.VI.B.S6,ac-91-78a,guidance,auto,from the Task B References line,Use proper communication procedures when utilizing radar services.
PA.VI.B.S6,afh,explanation,auto,from the Task B References line,Use proper communication procedures when utilizing radar services.
PA.VI.B.S6,aim,guidance,auto,from the Task B References line,Use proper communication procedures when utilizing radar services.
PA.VI.B.S6,phak,explanation,auto,from the Task B References line,Use proper communication procedures when utilizing radar services.
PA.VI.B.S6,risk-management,explanation,auto,from the Task B References line,Use proper communication procedures when utilizing radar services.
PA.VI.B.S7,ac-91-78a,guidance,auto,from the Task B References line,"Maintain the selected altitude, ±200 feet and heading, ±15°."
PA.VI.B.S7,afh,explanation,auto,from the Task B References line,"Maintain the selected altitude, ±200 feet and heading, ±15°."
PA.VI.B.S7,aim,guidance,auto,from the Task B References line,"Maintain the selected altitude, ±200 feet and heading, ±15°."
PA.VI.B.S7,phak,explanation,auto,from the Task B References line,"Maintain the selected altitude, ±200 feet and heading, ±15°."
PA.VI.B.S7,risk-management,explanation,auto,from the Task B References line,"Maintain the selected altitude, ±200 feet and heading, ±15°."
PA.VI.C.K1,afh,explanation,auto,from the Task C References line,Selecting an alternate destination.
PA.VI.C.K1,aim,guidance,auto,from the Task C References line,Selecting an alternate destination.
PA.VI.C.K1,phak,explanation,auto,from the Task C References line,Selecting an alternate destination.
PA.VI.C.K1,risk-management,explanation,auto,from the Task C References line,Selecting an alternate destination.
PA.VI.C.K2,afh,explanation,auto,from the Task C References line,Situations that require deviations from flight plan or air traffic control (ATC) instructions.
PA.VI.C.K2,aim,guidance,auto,from the Task C References line,Situations that require deviations from flight plan or air traffic control (ATC) instructions.
PA.VI.C.K2,phak,explanation,auto,from the Task C References line,Situations that require deviations from flight plan or air traffic control (ATC) instructions.
PA.VI.C.K2,risk-management,explanation,auto,from the Task C References line,Situations that require deviations from flight plan or air traffic control (ATC) instructions.
PA.VI.C.R1,afh,explanation,auto,from the Task C References line,Collision hazards.
PA.VI.C.R1,aim,guidance,auto,from the Task C References line,Collision hazards.
PA.VI.C.R1,phak,explanation,auto,from the Task C References line,Collision hazards.
PA.VI.C.R1,risk-management,explanation,auto,from the Task C References line,Collision hazards.
PA.VI.C.R2,afh,explanation,auto,from the Task C References line,"Distractions, task prioritization, loss of situational awareness, or disorientation."
PA.VI.C.R2,aim,guidance,auto,from the Task C References line,"Distractions, task prioritization, loss of situational awareness, or disorientation."
PA.VI.C.R2,phak,explanation,auto,from the Task C References line,"Distractions, task prioritization, loss of situational awareness, or disorientation."
PA.VI.C.R2,risk-management,explanation,auto,from the Task C References line,"Distractions, task prioritization, loss of situational awareness, or disorientation."
PA.VI.C.R3,afh,explanation,auto,from the Task C References line,Circumstances that would make diversion prudent.
PA.VI.C.R3,aim,guidance,auto,from the Task C References line,Circumstances that would make diversion prudent.
PA.VI.C.R3,phak,explanation,auto,from the Task C References line,Circumstances that would make diversion prudent.
PA.VI.C.R3,risk-management,explanation,auto,from the Task C References line,Circumstances that would make diversion prudent.
PA.VI.C.R4,afh,explanation,auto,from the Task C References line,Selecting an appropriate airport or seaplane base.
PA.VI.C.R4,aim,guidance,auto,from the Task C References line,Selecting an appropriate airport or seaplane base.
PA.VI.C.R4,phak,explanation,auto,from the Task C References line,Selecting an appropriate airport or seaplane base.
PA.VI.C.R4,risk-management,explanation,auto,from the Task C References line,Selecting an appropriate airport or seaplane base.
PA.VI.C.R5,afh,explanation,auto,from the Task C References line,"Using available resources (e.g., automation, ATC, and flight deck planning aids)."
PA.VI.C.R5,aim,guidance,auto,from the Task C References line,"Using available resources (e.g., automation, ATC, and flight deck planning aids)."
PA.VI.C.R5,phak,explanation,auto,from the Task C References line,"Using available resources (e.g., automation, ATC, and flight deck planning aids)."
PA.VI.C.R5,risk-management,explanation,auto,from the Task C References line,"Using available resources (e.g., automation, ATC, and flight deck planning aids)."
PA.VI.C.S1,afh,explanation,auto,from the Task C References line,Select a suitable destination and route for diversion.
PA.VI.C.S1,aim,guidance,auto,from the Task C References line,Select a suitable destination and route for diversion.
PA.VI.C.S1,phak,explanation,auto,from the Task C References line,Select a suitable destination and route for diversion.
PA.VI.C.S1,risk-management,explanation,auto,from the Task C References line,Select a suitable destination and route for diversion.
PA.VI.C.S2,afh,explanation,auto,from the Task C References line,"Make a reasonable estimate of heading, groundspeed, arrival time, and fuel required to the “divert to” destination."
PA.VI.C.S2,aim,guidance,auto,from the Task C References line,"Make a reasonable estimate of heading, groundspeed, arrival time, and fuel required to the “divert to” destination."
PA.VI.C.S2,phak,explanation,auto,from the Task C References line,"Make a reasonable estimate of heading, groundspeed, arrival time, and fuel required to the “divert to” destination."
PA.VI.C.S2,risk-management,explanation,auto,from the Task C References line,"Make a reasonable estimate of heading, groundspeed, arrival time, and fuel required to the “divert to” destination."
PA.VI.C.S3,afh,explanation,auto,from the Task C References line,"Maintain the selected altitude, ±200 feet and heading, ±15°."
PA.VI.C.S3,aim,guidance,auto,from the Task C References line,"Maintain the selected altitude, ±200 feet and heading, ±15°."
PA.VI.C.S3,phak,explanation,auto,from the Task C References line,"Maintain the selected altitude, ±200 feet and heading, ±15°."
PA.VI.C.S3,risk-management,explanation,auto,from the Task C References line,"Maintain the selected altitude, ±200 feet and heading, ±15°."
PA.VI.C.S4,afh,explanation,auto,from the Task C References line,Update/interpret weather in flight.
PA.VI.C.S4,aim,guidance,auto,from the Task C References line,Update/interpret weather in flight.
PA.VI.C.S4,phak,explanation,auto,from the Task C References line,Update/interpret weather in flight.
PA.VI.C.S4,risk-management,explanation,auto,from the Task C References line,Update/interpret weather in flight.
PA.VI.C.S5,afh,explanation,auto,from the Task C References line,"Use displays of digital weather and aeronautical information, as applicable to maintain situational awareness."
PA.VI.C.S5,aim,guidance,auto,from the Task C References line,"Use displays of digital weather and aeronautical information, as applicable to maintain situational awareness."
PA.VI.C.S5,phak,explanation,auto,from the Task C References line,"Use displays of digital weather and aeronautical information, as applicable to maintain situational awareness."
PA.VI.C.S5,risk-management,explanation,auto,from the Task C References line,"Use displays of digital weather and aeronautical information, as applicable to maintain situational awareness."
PA.VI.C.S6,afh,explanation,auto,from the Task C References line,Promptly divert toward the destination.
PA.VI.C.S6,aim,guidance,auto,from the Task C References line,Promptly divert toward the destination.
PA.VI.C.S6,phak,explanation,auto,from the Task C References line,Promptly divert toward the destination.
PA.VI.C.S6,risk-management,explanation,auto,from the Task C References line,Promptly divert toward the destination.
PA.VI.D.K1,afh,explanation,auto,from the Task D References line,Methods to determine position.
PA.VI.D.K1,aim,guidance,auto,from the Task D References line,Methods to determine position.
PA.VI.D.K1,phak,explanation,auto,from the Task D References line,Methods to determine position.
PA.VI.D.K1,risk-management,explanation,auto,from the Task D References line,Methods to determine position.
PA.VI.D.K2,afh,explanation,auto,from the Task D References line,"Assistance available if lost (e.g., radar services, communication procedures)."
PA.VI.D.K2,aim,guidance,auto,from the Task D References line,"Assistance available if lost (e.g., radar services, communication procedures)."
PA.VI.D.K2,phak,explanation,auto,from the Task D References line,"Assistance available if lost (e.g., radar services, communication procedures)."
PA.VI.D.K2,risk-management,explanation,auto,from the Task D References line,"Assistance available if lost (e.g., radar services, communication procedures)."
PA.VI.D.R1,afh,explanation,auto,from the Task D References line,Collision hazards.
PA.VI.D.R1,aim,guidance,auto,from the Task D References line,Collision hazards.
PA.VI.D.R1,phak,explanation,auto,from the Task D References line,Collision hazards.
PA.VI.D.R1,risk-management,explanation,auto,from the Task D References line,Collision hazards.
PA.VI.D.R2,afh,explanation,auto,from the Task D References line,"Distractions, task prioritization, loss of situational awareness, or disorientation."
PA.VI.D.R2,aim,guidance,auto,from the Task D References line,"Distractions, task prioritization, loss of situational awareness, or disorientation."
PA.VI.D.R2,phak,explanation,auto,from the Task D References line,"Distractions, task prioritization, loss of situational awareness, or disorientation."
PA.VI.D.R2,risk-management,explanation,auto,from the Task D References line,"Distractions, task prioritization, loss of situational awareness, or disorientation."
PA.VI.D.R3,afh,explanation,auto,from the Task D References line,Recording times over waypoints. Private Pilot for Airplane Category ACS (FAA-S-ACS-6C) 41
PA.VI.D.R3,aim,guidance,auto,from the Task D References line,Recording times over waypoints. Private Pilot for Airplane Category ACS (FAA-S-ACS-6C) 41
PA.VI.D.R3,phak,explanation,auto,from the Task D References line,Recording times over waypoints. Private Pilot for Airplane Category ACS (FAA-S-ACS-6C) 41
PA.VI.D.R3,risk-management,explanation,auto,from the Task D References line,Recording times over waypoints. Private Pilot for Airplane Category ACS (FAA-S-ACS-6C) 41
PA.VI.D.R4,afh,explanation,auto,from the Task D References line,When to seek assistance or declare an emergency in a deteriorating situation.
PA.VI.D.R4,aim,guidance,auto,from the Task D References line,When to seek assistance or declare an emergency in a deteriorating situation.
PA.VI.D.R4,phak,explanation,auto,from the Task D References line,When to seek assistance or declare an emergency in a deteriorating situation.
PA.VI.D.R4,risk-management,explanation,auto,from the Task D References line,When to seek assistance or declare an emergency in a deteriorating situation.
PA.VI.D.S1,afh,explanation,auto,from the Task D References line,Use an appropriate method to determine position.
PA.VI.D.S1,aim,guidance,auto,from the Task D References line,Use an appropriate method to determine position.
PA.VI.D.S1,phak,explanation,auto,from the Task D References line,Use an appropriate method to determine position.
PA.VI.D.S1,risk-management,explanation,auto,from the Task D References line,Use an appropriate method to determine position.
PA.VI.D.S2,afh,explanation,auto,from the Task D References line,Maintain an appropriate heading and climb as necessary.
PA.VI.D.S2,aim,guidance,auto,from the Task D References line,Maintain an appropriate heading and climb as necessary.
PA.VI.D.S2,phak,explanation,auto,from the Task D References line,Maintain an appropriate heading and climb as necessary.
PA.VI.D.S2,risk-management,explanation,auto,from the Task D References line,Maintain an appropriate heading and climb as necessary.
PA.VI.D.S3,afh,explanation,auto,from the Task D References line,Identify prominent landmarks.
PA.VI.D.S3,aim,guidance,auto,from the Task D References line,Identify prominent landmarks.
PA.VI.D.S3,phak,explanation,auto,from the Task D References line,Identify prominent landmarks.
PA.VI.D.S3,risk-management,explanation,auto,from the Task D References line,Identify prominent landmarks.
PA.VI.D.S4,afh,explanation,auto,from the Task D References line,Use navigation systems/facilities or contact an ATC facility for assistance.
PA.VI.D.S4,aim,guidance,auto,from the Task D References line,Use navigation systems/facilities or contact an ATC facility for assistance.
PA.VI.D.S4,phak,explanation,auto,from the Task D References line,Use navigation systems/facilities or contact an ATC facility for assistance.
PA.VI.D.S4,risk-management,explanation,auto,from the Task D References line,Use navigation systems/facilities or contact an ATC facility for assistance.
PA.VI.D.S5,afh,explanation,auto,from the Task D References line,Select an appropriate course of action. Private Pilot for Airplane Category ACS (FAA-S-ACS-6C) 42
PA.VI.D.S5,aim,guidance,auto,from the Task D References line,Select an appropriate course of action. Private Pilot for Airplane Category ACS (FAA-S-ACS-6C) 42
PA.VI.D.S5,phak,explanation,auto,from the Task D References line,Select an appropriate course of action. Private Pilot for Airplane Category ACS (FAA-S-ACS-6C) 42
PA.VI.D.S5,risk-management,explanation,auto,from the Task D References line,Select an appropriate course of action. Private Pilot for Airplane Category ACS (FAA-S-ACS-6C) 42
PA.VII.A.K1,afh,explanation,auto,from the Task A References line,"Aerodynamics associated with slow flight in various airplane configurations, including the relationship between angle of attack, airspeed, load factor, power setting, airplane weight and center of gravity, airplane attitude, and yaw effects."
PA.VII.A.K1,phak,explanation,auto,from the Task A References line,"Aerodynamics associated with slow flight in various airplane configurations, including the relationship between angle of attack, airspeed, load factor, power setting, airplane weight and center of gravity, airplane attitude, and yaw effects."
PA.VII.A.K1,risk-management,explanation,auto,from the Task A References line,"Aerodynamics associated with slow flight in various airplane configurations, including the relationship between angle of attack, airspeed, load factor, power setting, airplane weight and center of gravity, airplane attitude, and yaw effects."
PA.VII.A.R1,afh,explanation,auto,from the Task A References line,"Inadvertent slow flight and flight with a stall warning, which could lead to loss of control."
PA.VII.A.R1,phak,explanation,auto,from the Task A References line,"Inadvertent slow flight and flight with a stall warning, which could lead to loss of control."
PA.VII.A.R1,risk-management,explanation,auto,from the Task A References line,"Inadvertent slow flight and flight with a stall warning, which could lead to loss of control."
PA.VII.A.R2,afh,explanation,auto,from the Task A References line,"Range and limitations of stall warning indicators (e.g., aircraft buffet, stall horn, etc.)."
PA.VII.A.R2,phak,explanation,auto,from the Task A References line,"Range and limitations of stall warning indicators (e.g., aircraft buffet, stall horn, etc.)."
PA.VII.A.R2,risk-management,explanation,auto,from the Task A References line,"Range and limitations of stall warning indicators (e.g., aircraft buffet, stall horn, etc.)."
PA.VII.A.R3,afh,explanation,auto,from the Task A References line,Uncoordinated flight.
PA.VII.A.R3,phak,explanation,auto,from the Task A References line,Uncoordinated flight.
PA.VII.A.R3,risk-management,explanation,auto,from the Task A References line,Uncoordinated flight.
PA.VII.A.R4,afh,explanation,auto,from the Task A References line,"Effect of environmental elements on airplane performance (e.g., turbulence, microbursts, and high- density altitude)."
PA.VII.A.R4,phak,explanation,auto,from the Task A References line,"Effect of environmental elements on airplane performance (e.g., turbulence, microbursts, and high- density altitude)."
PA.VII.A.R4,risk-management,explanation,auto,from the Task A References line,"Effect of environmental elements on airplane performance (e.g., turbulence, microbursts, and high- density altitude)."
PA.VII.A.R5,afh,explanation,auto,from the Task A References line,Collision hazards.
PA.VII.A.R5,phak,explanation,auto,from the Task A References line,Collision hazards.
PA.VII.A.R5,risk-management,explanation,auto,from the Task A References line,Collision hazards.
PA.VII.A.R6,afh,explanation,auto,from the Task A References line,"Distractions, task prioritization, loss of situational awareness, or disorientation."
PA.VII.A.R6,phak,explanation,auto,from the Task A References line,"Distractions, task prioritization, loss of situational awareness, or disorientation."
PA.VII.A.R6,risk-management,explanation,auto,from the Task A References line,"Distractions, task prioritization, loss of situational awareness, or disorientation."
PA.VII.A.S1,afh,explanation,auto,from the Task A References line,Clear the area.
PA.VII.A.S1,phak,explanation,auto,from the Task A References line,Clear the area.
PA.VII.A.S1,risk-management,explanation,auto,from the Task A References line,Clear the area.
PA.VII.A.S2,afh,explanation,auto,from the Task A References line,"Select an entry altitude that allows the Task to be completed no lower than 1,500 feet above ground level (AGL) (ASEL, ASES) or 3,000 feet AGL (AMEL, AMES)."
PA.VII.A.S2,phak,explanation,auto,from the Task A References line,"Select an entry altitude that allows the Task to be completed no lower than 1,500 feet above ground level (AGL) (ASEL, ASES) or 3,000 feet AGL (AMEL, AMES)."
PA.VII.A.S2,risk-management,explanation,auto,from the Task A References line,"Select an entry altitude that allows the Task to be completed no lower than 1,500 feet above ground level (AGL) (ASEL, ASES) or 3,000 feet AGL (AMEL, AMES)."
PA.VII.A.S3,afh,explanation,auto,from the Task A References line,"Establish and maintain an airspeed at which any further increase in angle of attack, increase in load factor, or reduction in power, would result in a stall warning (e.g., aircraft buffet, stall horn, etc.)."
PA.VII.A.S3,phak,explanation,auto,from the Task A References line,"Establish and maintain an airspeed at which any further increase in angle of attack, increase in load factor, or reduction in power, would result in a stall warning (e.g., aircraft buffet, stall horn, etc.)."
PA.VII.A.S3,risk-management,explanation,auto,from the Task A References line,"Establish and maintain an airspeed at which any further increase in angle of attack, increase in load factor, or reduction in power, would result in a stall warning (e.g., aircraft buffet, stall horn, etc.)."
PA.VII.A.S4,afh,explanation,auto,from the Task A References line,"Accomplish coordinated straight-and-level flight, turns, climbs, and descents with the aircraft configured as specified by the evaluator without a stall warning (e.g., aircraft buffet, stall horn, etc.)."
PA.VII.A.S4,phak,explanation,auto,from the Task A References line,"Accomplish coordinated straight-and-level flight, turns, climbs, and descents with the aircraft configured as specified by the evaluator without a stall warning (e.g., aircraft buffet, stall horn, etc.)."
PA.VII.A.S4,risk-management,explanation,auto,from the Task A References line,"Accomplish coordinated straight-and-level flight, turns, climbs, and descents with the aircraft configured as specified by the evaluator without a stall warning (e.g., aircraft buffet, stall horn, etc.)."
PA.VII.A.S5,afh,explanation,auto,from the Task A References line,"Maintain the specified altitude, ±100 feet; specified heading, ±10°; airspeed, +10/-0 knots; and specified angle of bank, ±10°."
PA.VII.A.S5,phak,explanation,auto,from the Task A References line,"Maintain the specified altitude, ±100 feet; specified heading, ±10°; airspeed, +10/-0 knots; and specified angle of bank, ±10°."
PA.VII.A.S5,risk-management,explanation,auto,from the Task A References line,"Maintain the specified altitude, ±100 feet; specified heading, ±10°; airspeed, +10/-0 knots; and specified angle of bank, ±10°."
PA.VII.B.K1,ac-61-67c,guidance,auto,from the Task B References line,"Aerodynamics associated with stalls in various airplane configurations, including the relationship between angle of attack, airspeed, load factor, power setting, airplane weight and center of gravity, airplane attitude, and yaw effects."
PA.VII.B.K1,afh,explanation,auto,from the Task B References line,"Aerodynamics associated with stalls in various airplane configurations, including the relationship between angle of attack, airspeed, load factor, power setting, airplane weight and center of gravity, airplane attitude, and yaw effects."
PA.VII.B.K1,phak,explanation,auto,from the Task B References line,"Aerodynamics associated with stalls in various airplane configurations, including the relationship between angle of attack, airspeed, load factor, power setting, airplane weight and center of gravity, airplane attitude, and yaw effects."
PA.VII.B.K1,risk-management,explanation,auto,from the Task B References line,"Aerodynamics associated with stalls in various airplane configurations, including the relationship between angle of attack, airspeed, load factor, power setting, airplane weight and center of gravity, airplane attitude, and yaw effects."
PA.VII.B.K2,ac-61-67c,guidance,auto,from the Task B References line,"Stall characteristics as they relate to airplane design, and recognition impending stall and full stall indications using sight, sound, or feel."
PA.VII.B.K2,afh,explanation,auto,from the Task B References line,"Stall characteristics as they relate to airplane design, and recognition impending stall and full stall indications using sight, sound, or feel."
PA.VII.B.K2,phak,explanation,auto,from the Task B References line,"Stall characteristics as they relate to airplane design, and recognition impending stall and full stall indications using sight, sound, or feel."
PA.VII.B.K2,risk-management,explanation,auto,from the Task B References line,"Stall characteristics as they relate to airplane design, and recognition impending stall and full stall indications using sight, sound, or feel."
PA.VII.B.K3,ac-61-67c,guidance,auto,from the Task B References line,Factors and situations that can lead to a power-off stall and actions that can be taken to prevent it.
PA.VII.B.K3,afh,explanation,auto,from the Task B References line,Factors and situations that can lead to a power-off stall and actions that can be taken to prevent it.
PA.VII.B.K3,phak,explanation,auto,from the Task B References line,Factors and situations that can lead to a power-off stall and actions that can be taken to prevent it.
PA.VII.B.K3,risk-management,explanation,auto,from the Task B References line,Factors and situations that can lead to a power-off stall and actions that can be taken to prevent it.
PA.VII.B.K4,ac-61-67c,guidance,auto,from the Task B References line,Fundamentals of stall recovery.
PA.VII.B.K4,afh,explanation,auto,from the Task B References line,Fundamentals of stall recovery.
PA.VII.B.K4,phak,explanation,auto,from the Task B References line,Fundamentals of stall recovery.
PA.VII.B.K4,risk-management,explanation,auto,from the Task B References line,Fundamentals of stall recovery.
PA.VII.B.R1,ac-61-67c,guidance,auto,from the Task B References line,"Factors and situations that could lead to an inadvertent power-off stall, spin, and loss of control."
PA.VII.B.R1,afh,explanation,auto,from the Task B References line,"Factors and situations that could lead to an inadvertent power-off stall, spin, and loss of control."
PA.VII.B.R1,phak,explanation,auto,from the Task B References line,"Factors and situations that could lead to an inadvertent power-off stall, spin, and loss of control."
PA.VII.B.R1,risk-management,explanation,auto,from the Task B References line,"Factors and situations that could lead to an inadvertent power-off stall, spin, and loss of control."
PA.VII.B.R2,ac-61-67c,guidance,auto,from the Task B References line,"Range and limitations of stall warning indicators (e.g., aircraft buffet, stall horn, etc.)."
PA.VII.B.R2,afh,explanation,auto,from the Task B References line,"Range and limitations of stall warning indicators (e.g., aircraft buffet, stall horn, etc.)."
PA.VII.B.R2,phak,explanation,auto,from the Task B References line,"Range and limitations of stall warning indicators (e.g., aircraft buffet, stall horn, etc.)."
PA.VII.B.R2,risk-management,explanation,auto,from the Task B References line,"Range and limitations of stall warning indicators (e.g., aircraft buffet, stall horn, etc.)."
PA.VII.B.R3,ac-61-67c,guidance,auto,from the Task B References line,Stall warning(s) during normal operations.
PA.VII.B.R3,afh,explanation,auto,from the Task B References line,Stall warning(s) during normal operations.
PA.VII.B.R3,phak,explanation,auto,from the Task B References line,Stall warning(s) during normal operations.
PA.VII.B.R3,risk-management,explanation,auto,from the Task B References line,Stall warning(s) during normal operations.
PA.VII.B.R4,ac-61-67c,guidance,auto,from the Task B References line,Stall recovery procedure.
PA.VII.B.R4,afh,explanation,auto,from the Task B References line,Stall recovery procedure.
PA.VII.B.R4,phak,explanation,auto,from the Task B References line,Stall recovery procedure.
PA.VII.B.R4,risk-management,explanation,auto,from the Task B References line,Stall recovery procedure.
PA.VII.B.R5,ac-61-67c,guidance,auto,from the Task B References line,"Secondary stalls, accelerated stalls, and cross-control stalls."
PA.VII.B.R5,afh,explanation,auto,from the Task B References line,"Secondary stalls, accelerated stalls, and cross-control stalls."
PA.VII.B.R5,phak,explanation,auto,from the Task B References line,"Secondary stalls, accelerated stalls, and cross-control stalls."
PA.VII.B.R5,risk-management,explanation,auto,from the Task B References line,"Secondary stalls, accelerated stalls, and cross-control stalls."
PA.VII.B.R6,ac-61-67c,guidance,auto,from the Task B References line,"Effect of environmental elements on airplane performance related to power-off stalls (e.g., turbulence, microbursts, and high-density altitude)."
PA.VII.B.R6,afh,explanation,auto,from the Task B References line,"Effect of environmental elements on airplane performance related to power-off stalls (e.g., turbulence, microbursts, and high-density altitude)."
PA.VII.B.R6,phak,explanation,auto,from the Task B References line,"Effect of environmental elements on airplane performance related to power-off stalls (e.g., turbulence, microbursts, and high-density altitude)."
PA.VII.B.R6,risk-management,explanation,auto,from the Task B References line,"Effect of environmental elements on airplane performance related to power-off stalls (e.g., turbulence, microbursts, and high-density altitude)."
PA.VII.B.R7,ac-61-67c,guidance,auto,from the Task B References line,Collision hazards.
PA.VII.B.R7,afh,explanation,auto,from the Task B References line,Collision hazards.
PA.VII.B.R7,phak,explanation,auto,from the Task B References line,Collision hazards.
PA.VII.B.R7,risk-management,explanation,auto,from the Task B References line,Collision hazards.
PA.VII.B.R8,ac-61-67c,guidance,auto,from the Task B References line,"Distractions, task prioritization, loss of situational awareness, or disorientation."
PA.VII.B.R8,afh,explanation,auto,from the Task B References line,"Distractions, task prioritization, loss of situational awareness, or disorientation."
PA.VII.B.R8,phak,explanation,auto,from the Task B References line,"Distractions, task prioritization, loss of situational awareness, or disorientation."
PA.VII.B.R8,risk-management,explanation,auto,from the Task B References line,"Distractions, task prioritization, loss of situational awareness, or disorientation."
PA.VII.B.S1,ac-61-67c,guidance,auto,from the Task B References line,Clear the area.
PA.VII.B.S1,afh,explanation,auto,from the Task B References line,Clear the area.
PA.VII.B.S1,phak,explanation,auto,from the Task B References line,Clear the area.
PA.VII.B.S1,risk-management,explanation,auto,from the Task B References line,Clear the area.
PA.VII.B.S10,ac-61-67c,guidance,auto,from the Task B References line,"Return to the altitude, heading, and airspeed specified by the evaluator."
PA.VII.B.S10,afh,explanation,auto,from the Task B References line,"Return to the altitude, heading, and airspeed specified by the evaluator."
PA.VII.B.S10,phak,explanation,auto,from the Task B References line,"Return to the altitude, heading, and airspeed specified by the evaluator."
PA.VII.B.S10,risk-management,explanation,auto,from the Task B References line,"Return to the altitude, heading, and airspeed specified by the evaluator."
PA.VII.B.S11,ac-61-67c,guidance,auto,from the Task B References line,"Use single-pilot resource management (SRM) or crew resource management (CRM), as appropriate. Private Pilot for Airplane Category ACS (FAA-S-ACS-6C) 44"
PA.VII.B.S11,afh,explanation,auto,from the Task B References line,"Use single-pilot resource management (SRM) or crew resource management (CRM), as appropriate. Private Pilot for Airplane Category ACS (FAA-S-ACS-6C) 44"
PA.VII.B.S11,phak,explanation,auto,from the Task B References line,"Use single-pilot resource management (SRM) or crew resource management (CRM), as appropriate. Private Pilot for Airplane Category ACS (FAA-S-ACS-6C) 44"
PA.VII.B.S11,risk-management,explanation,auto,from the Task B References line,"Use single-pilot resource management (SRM) or crew resource management (CRM), as appropriate. Private Pilot for Airplane Category ACS (FAA-S-ACS-6C) 44"
PA.VII.B.S2,ac-61-67c,guidance,auto,from the Task B References line,"Select an entry altitude that allows the Task to be completed no lower than 1,500 feet above ground level (AGL) (ASEL, ASES) or 3,000 feet AGL (AMEL, AMES)."
PA.VII.B.S2,afh,explanation,auto,from the Task B References line,"Select an entry altitude that allows the Task to be completed no lower than 1,500 feet above ground level (AGL) (ASEL, ASES) or 3,000 feet AGL (AMEL, AMES)."
PA.VII.B.S2,phak,explanation,auto,from the Task B References line,"Select an entry altitude that allows the Task to be completed no lower than 1,500 feet above ground level (AGL) (ASEL, ASES) or 3,000 feet AGL (AMEL, AMES)."
PA.VII.B.S2,risk-management,explanation,auto,from the Task B References line,"Select an entry altitude that allows the Task to be completed no lower than 1,500 feet above ground level (AGL) (ASEL, ASES) or 3,000 feet AGL (AMEL, AMES)."
PA.VII.B.S3,ac-61-67c,guidance,auto,from the Task B References line,"Configure the airplane in the approach or landing configuration, as specified by the evaluator, and maintain coordinated flight throughout the maneuver."
PA.VII.B.S3,afh,explanation,auto,from the Task B References line,"Configure the airplane in the approach or landing configuration, as specified by the evaluator, and maintain coordinated flight throughout the maneuver."
PA.VII.B.S3,phak,explanation,auto,from the Task B References line,"Configure the airplane in the approach or landing configuration, as specified by the evaluator, and maintain coordinated flight throughout the maneuver."
PA.VII.B.S3,risk-management,explanation,auto,from the Task B References line,"Configure the airplane in the approach or landing configuration, as specified by the evaluator, and maintain coordinated flight throughout the maneuver."
PA.VII.B.S4,ac-61-67c,guidance,auto,from the Task B References line,Establish a stabilized descent.
PA.VII.B.S4,afh,explanation,auto,from the Task B References line,Establish a stabilized descent.
PA.VII.B.S4,phak,explanation,auto,from the Task B References line,Establish a stabilized descent.
PA.VII.B.S4,risk-management,explanation,auto,from the Task B References line,Establish a stabilized descent.
PA.VII.B.S5,ac-61-67c,guidance,auto,from the Task B References line,Transition smoothly from the approach or landing attitude to a pitch attitude that induces a stall.
PA.VII.B.S5,afh,explanation,auto,from the Task B References line,Transition smoothly from the approach or landing attitude to a pitch attitude that induces a stall.
PA.VII.B.S5,phak,explanation,auto,from the Task B References line,Transition smoothly from the approach or landing attitude to a pitch attitude that induces a stall.
PA.VII.B.S5,risk-management,explanation,auto,from the Task B References line,Transition smoothly from the approach or landing attitude to a pitch attitude that induces a stall.
PA.VII.B.S6,ac-61-67c,guidance,auto,from the Task B References line,"Maintain a specified heading ±10° if in straight flight; maintain a specified angle of bank not to exceed 20°, ±10° if in turning flight, while inducing the stall."
PA.VII.B.S6,afh,explanation,auto,from the Task B References line,"Maintain a specified heading ±10° if in straight flight; maintain a specified angle of bank not to exceed 20°, ±10° if in turning flight, while inducing the stall."
PA.VII.B.S6,phak,explanation,auto,from the Task B References line,"Maintain a specified heading ±10° if in straight flight; maintain a specified angle of bank not to exceed 20°, ±10° if in turning flight, while inducing the stall."
PA.VII.B.S6,risk-management,explanation,auto,from the Task B References line,"Maintain a specified heading ±10° if in straight flight; maintain a specified angle of bank not to exceed 20°, ±10° if in turning flight, while inducing the stall."
PA.VII.B.S7,ac-61-67c,guidance,auto,from the Task B References line,Acknowledge cues of the impending stall and then recover promptly after a full stall occurs.
PA.VII.B.S7,afh,explanation,auto,from the Task B References line,Acknowledge cues of the impending stall and then recover promptly after a full stall occurs.
PA.VII.B.S7,phak,explanation,auto,from the Task B References line,Acknowledge cues of the impending stall and then recover promptly after a full stall occurs.
PA.VII.B.S7,risk-management,explanation,auto,from the Task B References line,Acknowledge cues of the impending stall and then recover promptly after a full stall occurs.
PA.VII.B.S8,ac-61-67c,guidance,auto,from the Task B References line,Execute a stall recovery in accordance with procedures set forth in the Pilot's Operating Handbook (POH) or Airplane Flight Manual (AFM).
PA.VII.B.S8,afh,explanation,auto,from the Task B References line,Execute a stall recovery in accordance with procedures set forth in the Pilot's Operating Handbook (POH) or Airplane Flight Manual (AFM).
PA.VII.B.S8,phak,explanation,auto,from the Task B References line,Execute a stall recovery in accordance with procedures set forth in the Pilot's Operating Handbook (POH) or Airplane Flight Manual (AFM).
PA.VII.B.S8,risk-management,explanation,auto,from the Task B References line,Execute a stall recovery in accordance with procedures set forth in the Pilot's Operating Handbook (POH) or Airplane Flight Manual (AFM).
PA.VII.B.S9,ac-61-67c,guidance,auto,from the Task B References line,"Configure the airplane as recommended by the manufacturer, and accelerate to best angle of climb speed (VX) or best rate of climb speed (VY)."
PA.VII.B.S9,afh,explanation,auto,from the Task B References line,"Configure the airplane as recommended by the manufacturer, and accelerate to best angle of climb speed (VX) or best rate of climb speed (VY)."
PA.VII.B.S9,phak,explanation,auto,from the Task B References line,"Configure the airplane as recommended by the manufacturer, and accelerate to best angle of climb speed (VX) or best rate of climb speed (VY)."
PA.VII.B.S9,risk-management,explanation,auto,from the Task B References line,"Configure the airplane as recommended by the manufacturer, and accelerate to best angle of climb speed (VX) or best rate of climb speed (VY)."
PA.VII.C.K1,ac-61-67c,guidance,auto,from the Task C References line,"Aerodynamics associated with stalls in various airplane configurations, including the relationship between angle of attack, airspeed, load factor, power setting, airplane weight and center of gravity, airplane attitude, and yaw effects."
PA.VII.C.K1,afh,explanation,auto,from the Task C References line,"Aerodynamics associated with stalls in various airplane configurations, including the relationship between angle of attack, airspeed, load factor, power setting, airplane weight and center of gravity, airplane attitude, and yaw effects."
PA.VII.C.K1,phak,explanation,auto,from the Task C References line,"Aerodynamics associated with stalls in various airplane configurations, including the relationship between angle of attack, airspeed, load factor, power setting, airplane weight and center of gravity, airplane attitude, and yaw effects."
PA.VII.C.K1,risk-management,explanation,auto,from the Task C References line,"Aerodynamics associated with stalls in various airplane configurations, including the relationship between angle of attack, airspeed, load factor, power setting, airplane weight and center of gravity, airplane attitude, and yaw effects."
PA.VII.C.K2,ac-61-67c,guidance,auto,from the Task C References line,"Stall characteristics as they relate to airplane design, and recognition impending stall and full stall indications using sight, sound, or feel."
PA.VII.C.K2,afh,explanation,auto,from the Task C References line,"Stall characteristics as they relate to airplane design, and recognition impending stall and full stall indications using sight, sound, or feel."
PA.VII.C.K2,phak,explanation,auto,from the Task C References line,"Stall characteristics as they relate to airplane design, and recognition impending stall and full stall indications using sight, sound, or feel."
PA.VII.C.K2,risk-management,explanation,auto,from the Task C References line,"Stall characteristics as they relate to airplane design, and recognition impending stall and full stall indications using sight, sound, or feel."
PA.VII.C.K3,ac-61-67c,guidance,auto,from the Task C References line,Factors and situations that can lead to a power-on stall and actions that can be taken to prevent it.
PA.VII.C.K3,afh,explanation,auto,from the Task C References line,Factors and situations that can lead to a power-on stall and actions that can be taken to prevent it.
PA.VII.C.K3,phak,explanation,auto,from the Task C References line,Factors and situations that can lead to a power-on stall and actions that can be taken to prevent it.
PA.VII.C.K3,risk-management,explanation,auto,from the Task C References line,Factors and situations that can lead to a power-on stall and actions that can be taken to prevent it.
PA.VII.C.K4,ac-61-67c,guidance,auto,from the Task C References line,Fundamentals of stall recovery.
PA.VII.C.K4,afh,explanation,auto,from the Task C References line,Fundamentals of stall recovery.
PA.VII.C.K4,phak,explanation,auto,from the Task C References line,Fundamentals of stall recovery.
PA.VII.C.K4,risk-management,explanation,auto,from the Task C References line,Fundamentals of stall recovery.
PA.VII.C.R1,ac-61-67c,guidance,auto,from the Task C References line,"Factors and situations that could lead to an inadvertent power-on stall, spin, and loss of control."
PA.VII.C.R1,afh,explanation,auto,from the Task C References line,"Factors and situations that could lead to an inadvertent power-on stall, spin, and loss of control."
PA.VII.C.R1,phak,explanation,auto,from the Task C References line,"Factors and situations that could lead to an inadvertent power-on stall, spin, and loss of control."
PA.VII.C.R1,risk-management,explanation,auto,from the Task C References line,"Factors and situations that could lead to an inadvertent power-on stall, spin, and loss of control."
PA.VII.C.R2,ac-61-67c,guidance,auto,from the Task C References line,"Range and limitations of stall warning indicators (e.g., aircraft buffet, stall horn, etc.)."
PA.VII.C.R2,afh,explanation,auto,from the Task C References line,"Range and limitations of stall warning indicators (e.g., aircraft buffet, stall horn, etc.)."
PA.VII.C.R2,phak,explanation,auto,from the Task C References line,"Range and limitations of stall warning indicators (e.g., aircraft buffet, stall horn, etc.)."
PA.VII.C.R2,risk-management,explanation,auto,from the Task C References line,"Range and limitations of stall warning indicators (e.g., aircraft buffet, stall horn, etc.)."
PA.VII.C.R3,ac-61-67c,guidance,auto,from the Task C References line,Stall warning(s) during normal operations.
PA.VII.C.R3,afh,explanation,auto,from the Task C References line,Stall warning(s) during normal operations.
PA.VII.C.R3,phak,explanation,auto,from the Task C References line,Stall warning(s) during normal operations.
PA.VII.C.R3,risk-management,explanation,auto,from the Task C References line,Stall warning(s) during normal operations.
PA.VII.C.R4,ac-61-67c,guidance,auto,from the Task C References line,Stall recovery procedure.
PA.VII.C.R4,afh,explanation,auto,from the Task C References line,Stall recovery procedure.
PA.VII.C.R4,phak,explanation,auto,from the Task C References line,Stall recovery procedure.
PA.VII.C.R4,risk-management,explanation,auto,from the Task C References line,Stall recovery procedure.
PA.VII.C.R5,ac-61-67c,guidance,auto,from the Task C References line,"Secondary stalls, accelerated stalls, elevator trim stalls, and cross-control stalls."
PA.VII.C.R5,afh,explanation,auto,from the Task C References line,"Secondary stalls, accelerated stalls, elevator trim stalls, and cross-control stalls."
PA.VII.C.R5,phak,explanation,auto,from the Task C References line,"Secondary stalls, accelerated stalls, elevator trim stalls, and cross-control stalls."
PA.VII.C.R5,risk-management,explanation,auto,from the Task C References line,"Secondary stalls, accelerated stalls, elevator trim stalls, and cross-control stalls."
PA.VII.C.R6,ac-61-67c,guidance,auto,from the Task C References line,"Effect of environmental elements on airplane performance related to power-on stalls (e.g., turbulence, microbursts, and high-density altitude)."
PA.VII.C.R6,afh,explanation,auto,from the Task C References line,"Effect of environmental elements on airplane performance related to power-on stalls (e.g., turbulence, microbursts, and high-density altitude)."
PA.VII.C.R6,phak,explanation,auto,from the Task C References line,"Effect of environmental elements on airplane performance related to power-on stalls (e.g., turbulence, microbursts, and high-density altitude)."
PA.VII.C.R6,risk-management,explanation,auto,from the Task C References line,"Effect of environmental elements on airplane performance related to power-on stalls (e.g., turbulence, microbursts, and high-density altitude)."
PA.VII.C.R7,ac-61-67c,guidance,auto,from the Task C References line,Collision hazards.
PA.VII.C.R7,afh,explanation,auto,from the Task C References line,Collision hazards.
PA.VII.C.R7,phak,explanation,auto,from the Task C References line,Collision hazards.
PA.VII.C.R7,risk-management,explanation,auto,from the Task C References line,Collision hazards.
PA.VII.C.R8,ac-61-67c,guidance,auto,from the Task C References line,"Distractions, task prioritization, loss of situational awareness, or disorientation."
PA.VII.C.R8,afh,explanation,auto,from the Task C References line,"Distractions, task prioritization, loss of situational awareness, or disorientation."
PA.VII.C.R8,phak,explanation,auto,from the Task C References line,"Distractions, task prioritization, loss of situational awareness, or disorientation."
PA.VII.C.R8,risk-management,explanation,auto,from the Task C References line,"Distractions, task prioritization, loss of situational awareness, or disorientation."
PA.VII.C.S1,ac-61-67c,guidance,auto,from the Task C References line,Clear the area.
PA.VII.C.S1,afh,explanation,auto,from the Task C References line,Clear the area.
PA.VII.C.S1,phak,explanation,auto,from the Task C References line,Clear the area.
PA.VII.C.S1,risk-management,explanation,auto,from the Task C References line,Clear the area.
PA.VII.C.S10,ac-61-67c,guidance,auto,from the Task C References line,"Return to the altitude, heading, and airspeed specified by the evaluator."
PA.VII.C.S10,afh,explanation,auto,from the Task C References line,"Return to the altitude, heading, and airspeed specified by the evaluator."
PA.VII.C.S10,phak,explanation,auto,from the Task C References line,"Return to the altitude, heading, and airspeed specified by the evaluator."
PA.VII.C.S10,risk-management,explanation,auto,from the Task C References line,"Return to the altitude, heading, and airspeed specified by the evaluator."
PA.VII.C.S11,ac-61-67c,guidance,auto,from the Task C References line,"Use single-pilot resource management (SRM) or crew resource management (CRM), as appropriate."
PA.VII.C.S11,afh,explanation,auto,from the Task C References line,"Use single-pilot resource management (SRM) or crew resource management (CRM), as appropriate."
PA.VII.C.S11,phak,explanation,auto,from the Task C References line,"Use single-pilot resource management (SRM) or crew resource management (CRM), as appropriate."
PA.VII.C.S11,risk-management,explanation,auto,from the Task C References line,"Use single-pilot resource management (SRM) or crew resource management (CRM), as appropriate."
PA.VII.C.S2,ac-61-67c,guidance,auto,from the Task C References line,"Select an entry altitude that allows the Task to be completed no lower than 1,500 feet above ground level (AGL) (ASEL, ASES) or 3,000 feet AGL (AMEL, AMES)."
PA.VII.C.S2,afh,explanation,auto,from the Task C References line,"Select an entry altitude that allows the Task to be completed no lower than 1,500 feet above ground level (AGL) (ASEL, ASES) or 3,000 feet AGL (AMEL, AMES)."
PA.VII.C.S2,phak,explanation,auto,from the Task C References line,"Select an entry altitude that allows the Task to be completed no lower than 1,500 feet above ground level (AGL) (ASEL, ASES) or 3,000 feet AGL (AMEL, AMES)."
PA.VII.C.S2,risk-management,explanation,auto,from the Task C References line,"Select an entry altitude that allows the Task to be completed no lower than 1,500 feet above ground level (AGL) (ASEL, ASES) or 3,000 feet AGL (AMEL, AMES)."
PA.VII.C.S3,ac-61-67c,guidance,auto,from the Task C References line,"Establish the takeoff, departure, or cruise configuration, as specified by the evaluator, and maintain coordinated flight throughout the maneuver."
PA.VII.C.S3,afh,explanation,auto,from the Task C References line,"Establish the takeoff, departure, or cruise configuration, as specified by the evaluator, and maintain coordinated flight throughout the maneuver."
PA.VII.C.S3,phak,explanation,auto,from the Task C References line,"Establish the takeoff, departure, or cruise configuration, as specified by the evaluator, and maintain coordinated flight throughout the maneuver."
PA.VII.C.S3,risk-management,explanation,auto,from the Task C References line,"Establish the takeoff, departure, or cruise configuration, as specified by the evaluator, and maintain coordinated flight throughout the maneuver."
PA.VII.C.S4,ac-61-67c,guidance,auto,from the Task C References line,Set power (as assigned by the evaluator) to no less than 65 percent power.
PA.VII.C.S4,afh,explanation,auto,from the Task C References line,Set power (as assigned by the evaluator) to no less than 65 percent power.
PA.VII.C.S4,phak,explanation,auto,from the Task C References line,Set power (as assigned by the evaluator) to no less than 65 percent power.
PA.VII.C.S4,risk-management,explanation,auto,from the Task C References line,Set power (as assigned by the evaluator) to no less than 65 percent power.
PA.VII.C.S5,ac-61-67c,guidance,auto,from the Task C References line,Transition smoothly from the takeoff or departure attitude to the pitch attitude that induces a stall.
PA.VII.C.S5,afh,explanation,auto,from the Task C References line,Transition smoothly from the takeoff or departure attitude to the pitch attitude that induces a stall.
PA.VII.C.S5,phak,explanation,auto,from the Task C References line,Transition smoothly from the takeoff or departure attitude to the pitch attitude that induces a stall.
PA.VII.C.S5,risk-management,explanation,auto,from the Task C References line,Transition smoothly from the takeoff or departure attitude to the pitch attitude that induces a stall.
PA.VII.C.S6,ac-61-67c,guidance,auto,from the Task C References line,"Maintain a specified heading, ±10° if in straight flight; maintain a specified angle of bank not to exceed 20°, ±10° if in turning flight, while inducing the stall."
PA.VII.C.S6,afh,explanation,auto,from the Task C References line,"Maintain a specified heading, ±10° if in straight flight; maintain a specified angle of bank not to exceed 20°, ±10° if in turning flight, while inducing the stall."
PA.VII.C.S6,phak,explanation,auto,from the Task C References line,"Maintain a specified heading, ±10° if in straight flight; maintain a specified angle of bank not to exceed 20°, ±10° if in turning flight, while inducing the stall."
PA.VII.C.S6,risk-management,explanation,auto,from the Task C References line,"Maintain a specified heading, ±10° if in straight flight; maintain a specified angle of bank not to exceed 20°, ±10° if in turning flight, while inducing the stall."
PA.VII.C.S7,ac-61-67c,guidance,auto,from the Task C References line,Acknowledge cues of the impending stall and then recover promptly after a full stall occurs. Private Pilot for Airplane Category ACS (FAA-S-ACS-6C) 45
PA.VII.C.S7,afh,explanation,auto,from the Task C References line,Acknowledge cues of the impending stall and then recover promptly after a full stall occurs. Private Pilot for Airplane Category ACS (FAA-S-ACS-6C) 45
PA.VII.C.S7,phak,explanation,auto,from the Task C References line,Acknowledge cues of the impending stall and then recover promptly after a full stall occurs. Private Pilot for Airplane Category ACS (FAA-S-ACS-6C) 45
PA.VII.C.S7,risk-management,explanation,auto,from the Task C References line,Acknowledge cues of the impending stall and then recover promptly after a full stall occurs. Private Pilot for Airplane Category ACS (FAA-S-ACS-6C) 45
PA.VII.C.S8,ac-61-67c,guidance,auto,from the Task C References line,Execute a stall recovery in accordance with procedures set forth in the Pilot's Operating Handbook (POH)/Flight Manual (FM).
PA.VII.C.S8,afh,explanation,auto,from the Task C References line,Execute a stall recovery in accordance with procedures set forth in the Pilot's Operating Handbook (POH)/Flight Manual (FM).
PA.VII.C.S8,phak,explanation,auto,from the Task C References line,Execute a stall recovery in accordance with procedures set forth in the Pilot's Operating Handbook (POH)/Flight Manual (FM).
PA.VII.C.S8,risk-management,explanation,auto,from the Task C References line,Execute a stall recovery in accordance with procedures set forth in the Pilot's Operating Handbook (POH)/Flight Manual (FM).
PA.VII.C.S9,ac-61-67c,guidance,auto,from the Task C References line,"Configure the airplane as recommended by the manufacturer, and accelerate to best angle of climb speed (VX) or best rate of climb speed (VY)."
PA.VII.C.S9,afh,explanation,auto,from the Task C References line,"Configure the airplane as recommended by the manufacturer, and accelerate to best angle of climb speed (VX) or best rate of climb speed (VY)."
PA.VII.C.S9,phak,explanation,auto,from the Task C References line,"Configure the airplane as recommended by the manufacturer, and accelerate to best angle of climb speed (VX) or best rate of climb speed (VY)."
PA.VII.C.S9,risk-management,explanation,auto,from the Task C References line,"Configure the airplane as recommended by the manufacturer, and accelerate to best angle of climb speed (VX) or best rate of climb speed (VY)."
PA.VII.D.K1,ac-61-67c,guidance,auto,from the Task D References line,"Aerodynamics associated with spins in various airplane configurations, including the relationship between angle of attack, airspeed, load factor, power setting, airplane weight and center of gravity, airplane attitude, and yaw effects."
PA.VII.D.K1,afh,explanation,auto,from the Task D References line,"Aerodynamics associated with spins in various airplane configurations, including the relationship between angle of attack, airspeed, load factor, power setting, airplane weight and center of gravity, airplane attitude, and yaw effects."
PA.VII.D.K1,phak,explanation,auto,from the Task D References line,"Aerodynamics associated with spins in various airplane configurations, including the relationship between angle of attack, airspeed, load factor, power setting, airplane weight and center of gravity, airplane attitude, and yaw effects."
PA.VII.D.K1,risk-management,explanation,auto,from the Task D References line,"Aerodynamics associated with spins in various airplane configurations, including the relationship between angle of attack, airspeed, load factor, power setting, airplane weight and center of gravity, airplane attitude, and yaw effects."
PA.VII.D.K2,ac-61-67c,guidance,auto,from the Task D References line,"What causes a spin and how to identify the entry, incipient, and developed phases of a spin."
PA.VII.D.K2,afh,explanation,auto,from the Task D References line,"What causes a spin and how to identify the entry, incipient, and developed phases of a spin."
PA.VII.D.K2,phak,explanation,auto,from the Task D References line,"What causes a spin and how to identify the entry, incipient, and developed phases of a spin."
PA.VII.D.K2,risk-management,explanation,auto,from the Task D References line,"What causes a spin and how to identify the entry, incipient, and developed phases of a spin."
PA.VII.D.K3,ac-61-67c,guidance,auto,from the Task D References line,Spin recovery procedure.
PA.VII.D.K3,afh,explanation,auto,from the Task D References line,Spin recovery procedure.
PA.VII.D.K3,phak,explanation,auto,from the Task D References line,Spin recovery procedure.
PA.VII.D.K3,risk-management,explanation,auto,from the Task D References line,Spin recovery procedure.
PA.VII.D.R1,ac-61-67c,guidance,auto,from the Task D References line,Factors and situations that could lead to inadvertent spin and loss of control.
PA.VII.D.R1,afh,explanation,auto,from the Task D References line,Factors and situations that could lead to inadvertent spin and loss of control.
PA.VII.D.R1,phak,explanation,auto,from the Task D References line,Factors and situations that could lead to inadvertent spin and loss of control.
PA.VII.D.R1,risk-management,explanation,auto,from the Task D References line,Factors and situations that could lead to inadvertent spin and loss of control.
PA.VII.D.R2,ac-61-67c,guidance,auto,from the Task D References line,"Range and limitations of stall warning indicators (e.g., aircraft buffet, stall horn, etc.)."
PA.VII.D.R2,afh,explanation,auto,from the Task D References line,"Range and limitations of stall warning indicators (e.g., aircraft buffet, stall horn, etc.)."
PA.VII.D.R2,phak,explanation,auto,from the Task D References line,"Range and limitations of stall warning indicators (e.g., aircraft buffet, stall horn, etc.)."
PA.VII.D.R2,risk-management,explanation,auto,from the Task D References line,"Range and limitations of stall warning indicators (e.g., aircraft buffet, stall horn, etc.)."
PA.VII.D.R3,ac-61-67c,guidance,auto,from the Task D References line,Spin recovery procedure.
PA.VII.D.R3,afh,explanation,auto,from the Task D References line,Spin recovery procedure.
PA.VII.D.R3,phak,explanation,auto,from the Task D References line,Spin recovery procedure.
PA.VII.D.R3,risk-management,explanation,auto,from the Task D References line,Spin recovery procedure.
PA.VII.D.R4,ac-61-67c,guidance,auto,from the Task D References line,"Effect of environmental elements on airplane performance related to spins (e.g., turbulence, microbursts, and high-density altitude)."
PA.VII.D.R4,afh,explanation,auto,from the Task D References line,"Effect of environmental elements on airplane performance related to spins (e.g., turbulence, microbursts, and high-density altitude)."
PA.VII.D.R4,phak,explanation,auto,from the Task D References line,"Effect of environmental elements on airplane performance related to spins (e.g., turbulence, microbursts, and high-density altitude)."
PA.VII.D.R4,risk-management,explanation,auto,from the Task D References line,"Effect of environmental elements on airplane performance related to spins (e.g., turbulence, microbursts, and high-density altitude)."
PA.VII.D.R5,ac-61-67c,guidance,auto,from the Task D References line,Collision hazards.
PA.VII.D.R5,afh,explanation,auto,from the Task D References line,Collision hazards.
PA.VII.D.R5,phak,explanation,auto,from the Task D References line,Collision hazards.
PA.VII.D.R5,risk-management,explanation,auto,from the Task D References line,Collision hazards.
PA.VII.D.R6,ac-61-67c,guidance,auto,from the Task D References line,"Distractions, task prioritization, loss of situational awareness, or disorientation."
PA.VII.D.R6,afh,explanation,auto,from the Task D References line,"Distractions, task prioritization, loss of situational awareness, or disorientation."
PA.VII.D.R6,phak,explanation,auto,from the Task D References line,"Distractions, task prioritization, loss of situational awareness, or disorientation."
PA.VII.D.R6,risk-management,explanation,auto,from the Task D References line,"Distractions, task prioritization, loss of situational awareness, or disorientation."
PA.VIII.A.K1,afh,explanation,auto,from the Task A References line,Flight instruments as they relate to:
PA.VIII.A.K1,ifh,explanation,auto,from the Task A References line,Flight instruments as they relate to:
PA.VIII.A.K1,phak,explanation,auto,from the Task A References line,Flight instruments as they relate to:
PA.VIII.A.K1,risk-management,explanation,auto,from the Task A References line,Flight instruments as they relate to:
PA.VIII.A.K1a,afh,explanation,auto,from the Task A References line,a. Instrument limitations and potential errors
PA.VIII.A.K1a,ifh,explanation,auto,from the Task A References line,a. Instrument limitations and potential errors
PA.VIII.A.K1a,phak,explanation,auto,from the Task A References line,a. Instrument limitations and potential errors
PA.VIII.A.K1a,risk-management,explanation,auto,from the Task A References line,a. Instrument limitations and potential errors
PA.VIII.A.K1b,afh,explanation,auto,from the Task A References line,b. Indication of the aircraft attitude
PA.VIII.A.K1b,ifh,explanation,auto,from the Task A References line,b. Indication of the aircraft attitude
PA.VIII.A.K1b,phak,explanation,auto,from the Task A References line,b. Indication of the aircraft attitude
PA.VIII.A.K1b,risk-management,explanation,auto,from the Task A References line,b. Indication of the aircraft attitude
PA.VIII.A.K1c,afh,explanation,auto,from the Task A References line,c. Function and operation
PA.VIII.A.K1c,ifh,explanation,auto,from the Task A References line,c. Function and operation
PA.VIII.A.K1c,phak,explanation,auto,from the Task A References line,c. Function and operation
PA.VIII.A.K1c,risk-management,explanation,auto,from the Task A References line,c. Function and operation
PA.VIII.A.K1d,afh,explanation,auto,from the Task A References line,d. Proper instrument cross-check techniques
PA.VIII.A.K1d,ifh,explanation,auto,from the Task A References line,d. Proper instrument cross-check techniques
PA.VIII.A.K1d,phak,explanation,auto,from the Task A References line,d. Proper instrument cross-check techniques
PA.VIII.A.K1d,risk-management,explanation,auto,from the Task A References line,d. Proper instrument cross-check techniques
PA.VIII.A.R1,afh,explanation,auto,from the Task A References line,"Instrument flying hazards, including failure to maintain visual flight rules (VFR), spatial disorientation, loss of control, fatigue, stress, and emergency off airport landings."
PA.VIII.A.R1,ifh,explanation,auto,from the Task A References line,"Instrument flying hazards, including failure to maintain visual flight rules (VFR), spatial disorientation, loss of control, fatigue, stress, and emergency off airport landings."
PA.VIII.A.R1,phak,explanation,auto,from the Task A References line,"Instrument flying hazards, including failure to maintain visual flight rules (VFR), spatial disorientation, loss of control, fatigue, stress, and emergency off airport landings."
PA.VIII.A.R1,risk-management,explanation,auto,from the Task A References line,"Instrument flying hazards, including failure to maintain visual flight rules (VFR), spatial disorientation, loss of control, fatigue, stress, and emergency off airport landings."
PA.VIII.A.R2,afh,explanation,auto,from the Task A References line,When to seek assistance or declare an emergency in a deteriorating situation.
PA.VIII.A.R2,ifh,explanation,auto,from the Task A References line,When to seek assistance or declare an emergency in a deteriorating situation.
PA.VIII.A.R2,phak,explanation,auto,from the Task A References line,When to seek assistance or declare an emergency in a deteriorating situation.
PA.VIII.A.R2,risk-management,explanation,auto,from the Task A References line,When to seek assistance or declare an emergency in a deteriorating situation.
PA.VIII.A.R3,afh,explanation,auto,from the Task A References line,Collision hazards.
PA.VIII.A.R3,ifh,explanation,auto,from the Task A References line,Collision hazards.
PA.VIII.A.R3,phak,explanation,auto,from the Task A References line,Collision hazards.
PA.VIII.A.R3,risk-management,explanation,auto,from the Task A References line,Collision hazards.
PA.VIII.A.R4,afh,explanation,auto,from the Task A References line,"Distractions, task prioritization, loss of situational awareness, or disorientation."
PA.VIII.A.R4,ifh,explanation,auto,from the Task A References line,"Distractions, task prioritization, loss of situational awareness, or disorientation."
PA.VIII.A.R4,phak,explanation,auto,from the Task A References line,"Distractions, task prioritization, loss of situational awareness, or disorientation."
PA.VIII.A.R4,risk-management,explanation,auto,from the Task A References line,"Distractions, task prioritization, loss of situational awareness, or disorientation."
PA.VIII.A.R5,afh,explanation,auto,from the Task A References line,Fixation and omission.
PA.VIII.A.R5,ifh,explanation,auto,from the Task A References line,Fixation and omission.
PA.VIII.A.R5,phak,explanation,auto,from the Task A References line,Fixation and omission.
PA.VIII.A.R5,risk-management,explanation,auto,from the Task A References line,Fixation and omission.
PA.VIII.A.R6,afh,explanation,auto,from the Task A References line,Instrument Interpretation.
PA.VIII.A.R6,ifh,explanation,auto,from the Task A References line,Instrument Interpretation.
PA.VIII.A.R6,phak,explanation,auto,from the Task A References line,Instrument Interpretation.
PA.VIII.A.R6,risk-management,explanation,auto,from the Task A References line,Instrument Interpretation.
PA.VIII.A.R7,afh,explanation,auto,from the Task A References line,Control application solely by reference to instruments.
PA.VIII.A.R7,ifh,explanation,auto,from the Task A References line,Control application solely by reference to instruments.
PA.VIII.A.R7,phak,explanation,auto,from the Task A References line,Control application solely by reference to instruments.
PA.VIII.A.R7,risk-management,explanation,auto,from the Task A References line,Control application solely by reference to instruments.
PA.VIII.A.R8,afh,explanation,auto,from the Task A References line,Trimming the aircraft.
PA.VIII.A.R8,ifh,explanation,auto,from the Task A References line,Trimming the aircraft.
PA.VIII.A.R8,phak,explanation,auto,from the Task A References line,Trimming the aircraft.
PA.VIII.A.R8,risk-management,explanation,auto,from the Task A References line,Trimming the aircraft.
PA.VIII.A.S1,afh,explanation,auto,from the Task A References line,"Maintain straight-and-level flight using proper instrument cross-check and interpretation, and coordinated control application."
PA.VIII.A.S1,ifh,explanation,auto,from the Task A References line,"Maintain straight-and-level flight using proper instrument cross-check and interpretation, and coordinated control application."
PA.VIII.A.S1,phak,explanation,auto,from the Task A References line,"Maintain straight-and-level flight using proper instrument cross-check and interpretation, and coordinated control application."
PA.VIII.A.S1,risk-management,explanation,auto,from the Task A References line,"Maintain straight-and-level flight using proper instrument cross-check and interpretation, and coordinated control application."
PA.VIII.A.S2,afh,explanation,auto,from the Task A References line,"Maintain altitude ±200 feet, heading ±20°, and airspeed ±10 knots."
PA.VIII.A.S2,ifh,explanation,auto,from the Task A References line,"Maintain altitude ±200 feet, heading ±20°, and airspeed ±10 knots."
PA.VIII.A.S2,phak,explanation,auto,from the Task A References line,"Maintain altitude ±200 feet, heading ±20°, and airspeed ±10 knots."
PA.VIII.A.S2,risk-management,explanation,auto,from the Task A References line,"Maintain altitude ±200 feet, heading ±20°, and airspeed ±10 knots."
PA.VIII.B.K1,afh,explanation,auto,from the Task B References line,Flight instruments as they relate to:
PA.VIII.B.K1,ifh,explanation,auto,from the Task B References line,Flight instruments as they relate to:
PA.VIII.B.K1,phak,explanation,auto,from the Task B References line,Flight instruments as they relate to:
PA.VIII.B.K1,risk-management,explanation,auto,from the Task B References line,Flight instruments as they relate to:
PA.VIII.B.K1a,afh,explanation,auto,from the Task B References line,a. Instrument limitations and potential errors Private Pilot for Airplane Category ACS (FAA-S-ACS-6C) 47
PA.VIII.B.K1a,ifh,explanation,auto,from the Task B References line,a. Instrument limitations and potential errors Private Pilot for Airplane Category ACS (FAA-S-ACS-6C) 47
PA.VIII.B.K1a,phak,explanation,auto,from the Task B References line,a. Instrument limitations and potential errors Private Pilot for Airplane Category ACS (FAA-S-ACS-6C) 47
PA.VIII.B.K1a,risk-management,explanation,auto,from the Task B References line,a. Instrument limitations and potential errors Private Pilot for Airplane Category ACS (FAA-S-ACS-6C) 47
PA.VIII.B.K1b,afh,explanation,auto,from the Task B References line,b. Indication of the aircraft attitude
PA.VIII.B.K1b,ifh,explanation,auto,from the Task B References line,b. Indication of the aircraft attitude
PA.VIII.B.K1b,phak,explanation,auto,from the Task B References line,b. Indication of the aircraft attitude
PA.VIII.B.K1b,risk-management,explanation,auto,from the Task B References line,b. Indication of the aircraft attitude
PA.VIII.B.K1c,afh,explanation,auto,from the Task B References line,c. Function and operation
PA.VIII.B.K1c,ifh,explanation,auto,from the Task B References line,c. Function and operation
PA.VIII.B.K1c,phak,explanation,auto,from the Task B References line,c. Function and operation
PA.VIII.B.K1c,risk-management,explanation,auto,from the Task B References line,c. Function and operation
PA.VIII.B.K1d,afh,explanation,auto,from the Task B References line,d. Proper instrument cross-check techniques
PA.VIII.B.K1d,ifh,explanation,auto,from the Task B References line,d. Proper instrument cross-check techniques
PA.VIII.B.K1d,phak,explanation,auto,from the Task B References line,d. Proper instrument cross-check techniques
PA.VIII.B.K1d,risk-management,explanation,auto,from the Task B References line,d. Proper instrument cross-check techniques
PA.VIII.B.R1,afh,explanation,auto,from the Task B References line,"Instrument flying hazards, including failure to maintain visual flight rules (VFR), spatial disorientation, loss of control, fatigue, stress, and emergency off airport landings."
PA.VIII.B.R1,ifh,explanation,auto,from the Task B References line,"Instrument flying hazards, including failure to maintain visual flight rules (VFR), spatial disorientation, loss of control, fatigue, stress, and emergency off airport landings."
PA.VIII.B.R1,phak,explanation,auto,from the Task B References line,"Instrument flying hazards, including failure to maintain visual flight rules (VFR), spatial disorientation, loss of control, fatigue, stress, and emergency off airport landings."
PA.VIII.B.R1,risk-management,explanation,auto,from the Task B References line,"Instrument flying hazards, including failure to maintain visual flight rules (VFR), spatial disorientation, loss of control, fatigue, stress, and emergency off airport landings."
PA.VIII.B.R2,afh,explanation,auto,from the Task B References line,When to seek assistance or declare an emergency in a deteriorating situation.
PA.VIII.B.R2,ifh,explanation,auto,from the Task B References line,When to seek assistance or declare an emergency in a deteriorating situation.
PA.VIII.B.R2,phak,explanation,auto,from the Task B References line,When to seek assistance or declare an emergency in a deteriorating situation.
PA.VIII.B.R2,risk-management,explanation,auto,from the Task B References line,When to seek assistance or declare an emergency in a deteriorating situation.
PA.VIII.B.R3,afh,explanation,auto,from the Task B References line,Collision hazards.
PA.VIII.B.R3,ifh,explanation,auto,from the Task B References line,Collision hazards.
PA.VIII.B.R3,phak,explanation,auto,from the Task B References line,Collision hazards.
PA.VIII.B.R3,risk-management,explanation,auto,from the Task B References line,Collision hazards.
PA.VIII.B.R4,afh,explanation,auto,from the Task B References line,"Distractions, task prioritization, loss of situational awareness, or disorientation."
PA.VIII.B.R4,ifh,explanation,auto,from the Task B References line,"Distractions, task prioritization, loss of situational awareness, or disorientation."
PA.VIII.B.R4,phak,explanation,auto,from the Task B References line,"Distractions, task prioritization, loss of situational awareness, or disorientation."
PA.VIII.B.R4,risk-management,explanation,auto,from the Task B References line,"Distractions, task prioritization, loss of situational awareness, or disorientation."
PA.VIII.B.R5,afh,explanation,auto,from the Task B References line,Fixation and omission.
PA.VIII.B.R5,ifh,explanation,auto,from the Task B References line,Fixation and omission.
PA.VIII.B.R5,phak,explanation,auto,from the Task B References line,Fixation and omission.
PA.VIII.B.R5,risk-management,explanation,auto,from the Task B References line,Fixation and omission.
PA.VIII.B.R6,afh,explanation,auto,from the Task B References line,Instrument Interpretation.
PA.VIII.B.R6,ifh,explanation,auto,from the Task B References line,Instrument Interpretation.
PA.VIII.B.R6,phak,explanation,auto,from the Task B References line,Instrument Interpretation.
PA.VIII.B.R6,risk-management,explanation,auto,from the Task B References line,Instrument Interpretation.
PA.VIII.B.R7,afh,explanation,auto,from the Task B References line,Control application solely by reference to instruments.
PA.VIII.B.R7,ifh,explanation,auto,from the Task B References line,Control application solely by reference to instruments.
PA.VIII.B.R7,phak,explanation,auto,from the Task B References line,Control application solely by reference to instruments.
PA.VIII.B.R7,risk-management,explanation,auto,from the Task B References line,Control application solely by reference to instruments.
PA.VIII.B.R8,afh,explanation,auto,from the Task B References line,Trimming the aircraft.
PA.VIII.B.R8,ifh,explanation,auto,from the Task B References line,Trimming the aircraft.
PA.VIII.B.R8,phak,explanation,auto,from the Task B References line,Trimming the aircraft.
PA.VIII.B.R8,risk-management,explanation,auto,from the Task B References line,Trimming the aircraft.
PA.VIII.B.S1,afh,explanation,auto,from the Task B References line,"Transition to the climb pitch attitude and power setting on an assigned heading using proper instrument cross-check and interpretation, and coordinated flight control application."
PA.VIII.B.S1,ifh,explanation,auto,from the Task B References line,"Transition to the climb pitch attitude and power setting on an assigned heading using proper instrument cross-check and interpretation, and coordinated flight control application."
PA.VIII.B.S1,phak,explanation,auto,from the Task B References line,"Transition to the climb pitch attitude and power setting on an assigned heading using proper instrument cross-check and interpretation, and coordinated flight control application."
PA.VIII.B.S1,risk-management,explanation,auto,from the Task B References line,"Transition to the climb pitch attitude and power setting on an assigned heading using proper instrument cross-check and interpretation, and coordinated flight control application."
PA.VIII.B.S2,afh,explanation,auto,from the Task B References line,Climb at a constant airspeed to specific altitudes in straight flight and turns.
PA.VIII.B.S2,ifh,explanation,auto,from the Task B References line,Climb at a constant airspeed to specific altitudes in straight flight and turns.
PA.VIII.B.S2,phak,explanation,auto,from the Task B References line,Climb at a constant airspeed to specific altitudes in straight flight and turns.
PA.VIII.B.S2,risk-management,explanation,auto,from the Task B References line,Climb at a constant airspeed to specific altitudes in straight flight and turns.
PA.VIII.B.S3,afh,explanation,auto,from the Task B References line,"Level off at the assigned altitude and maintain altitude ±200 feet, heading ±20°, and airspeed ±10 knots."
PA.VIII.B.S3,ifh,explanation,auto,from the Task B References line,"Level off at the assigned altitude and maintain altitude ±200 feet, heading ±20°, and airspeed ±10 knots."
PA.VIII.B.S3,phak,explanation,auto,from the Task B References line,"Level off at the assigned altitude and maintain altitude ±200 feet, heading ±20°, and airspeed ±10 knots."
PA.VIII.B.S3,risk-management,explanation,auto,from the Task B References line,"Level off at the assigned altitude and maintain altitude ±200 feet, heading ±20°, and airspeed ±10 knots."
PA.VIII.C.K1,afh,explanation,auto,from the Task C References line,Flight instruments as they relate to:
PA.VIII.C.K1,ifh,explanation,auto,from the Task C References line,Flight instruments as they relate to:
PA.VIII.C.K1,phak,explanation,auto,from the Task C References line,Flight instruments as they relate to:
PA.VIII.C.K1,risk-management,explanation,auto,from the Task C References line,Flight instruments as they relate to:
PA.VIII.C.K1a,afh,explanation,auto,from the Task C References line,a. Instrument limitations and potential errors
PA.VIII.C.K1a,ifh,explanation,auto,from the Task C References line,a. Instrument limitations and potential errors
PA.VIII.C.K1a,phak,explanation,auto,from the Task C References line,a. Instrument limitations and potential errors
PA.VIII.C.K1a,risk-management,explanation,auto,from the Task C References line,a. Instrument limitations and potential errors
PA.VIII.C.K1b,afh,explanation,auto,from the Task C References line,b. Indication of the aircraft attitude
PA.VIII.C.K1b,ifh,explanation,auto,from the Task C References line,b. Indication of the aircraft attitude
PA.VIII.C.K1b,phak,explanation,auto,from the Task C References line,b. Indication of the aircraft attitude
PA.VIII.C.K1b,risk-management,explanation,auto,from the Task C References line,b. Indication of the aircraft attitude
PA.VIII.C.K1c,afh,explanation,auto,from the Task C References line,c. Function and operation
PA.VIII.C.K1c,ifh,explanation,auto,from the Task C References line,c. Function and operation
PA.VIII.C.K1c,phak,explanation,auto,from the Task C References line,c. Function and operation
PA.VIII.C.K1c,risk-management,explanation,auto,from the Task C References line,c. Function and operation
PA.VIII.C.K1d,afh,explanation,auto,from the Task C References line,d. Proper instrument cross-check techniques
PA.VIII.C.K1d,ifh,explanation,auto,from the Task C References line,d. Proper instrument cross-check techniques
PA.VIII.C.K1d,phak,explanation,auto,from the Task C References line,d. Proper instrument cross-check techniques
PA.VIII.C.K1d,risk-management,explanation,auto,from the Task C References line,d. Proper instrument cross-check techniques
PA.VIII.C.R1,afh,explanation,auto,from the Task C References line,"Instrument flying hazards, including failure to maintain visual flight rules (VFR), spatial disorientation, loss of control, fatigue, stress, and emergency off airport landings. Private Pilot for Airplane Category ACS (FAA-S-ACS-6C) 48"
PA.VIII.C.R1,ifh,explanation,auto,from the Task C References line,"Instrument flying hazards, including failure to maintain visual flight rules (VFR), spatial disorientation, loss of control, fatigue, stress, and emergency off airport landings. Private Pilot for Airplane Category ACS (FAA-S-ACS-6C) 48"
PA.VIII.C.R1,phak,explanation,auto,from the Task C References line,"Instrument flying hazards, including failure to maintain visual flight rules (VFR), spatial disorientation, loss of control, fatigue, stress, and emergency off airport landings. Private Pilot for Airplane Category ACS (FAA-S-ACS-6C) 48"
PA.VIII.C.R1,risk-management,explanation,auto,from the Task C References line,"Instrument flying hazards, including failure to maintain visual flight rules (VFR), spatial disorientation, loss of control, fatigue, stress, and emergency off airport landings. Private Pilot for Airplane Category ACS (FAA-S-ACS-6C) 48"
PA.VIII.C.R2,afh,explanation,auto,from the Task C References line,When to seek assistance or declare an emergency in a deteriorating situation.
PA.VIII.C.R2,ifh,explanation,auto,from the Task C References line,When to seek assistance or declare an emergency in a deteriorating situation.
PA.VIII.C.R2,phak,explanation,auto,from the Task C References line,When to seek assistance or declare an emergency in a deteriorating situation.
PA.VIII.C.R2,risk-management,explanation,auto,from the Task C References line,When to seek assistance or declare an emergency in a deteriorating situation.
PA.VIII.C.R3,afh,explanation,auto,from the Task C References line,Collision hazards.
PA.VIII.C.R3,ifh,explanation,auto,from the Task C References line,Collision hazards.
PA.VIII.C.R3,phak,explanation,auto,from the Task C References line,Collision hazards.
PA.VIII.C.R3,risk-management,explanation,auto,from the Task C References line,Collision hazards.
PA.VIII.C.R4,afh,explanation,auto,from the Task C References line,"Distractions, task prioritization, loss of situational awareness, or disorientation."
PA.VIII.C.R4,ifh,explanation,auto,from the Task C References line,"Distractions, task prioritization, loss of situational awareness, or disorientation."
PA.VIII.C.R4,phak,explanation,auto,from the Task C References line,"Distractions, task prioritization, loss of situational awareness, or disorientation."
PA.VIII.C.R4,risk-management,explanation,auto,from the Task C References line,"Distractions, task prioritization, loss of situational awareness, or disorientation."
PA.VIII.C.R5,afh,explanation,auto,from the Task C References line,Fixation and omission.
PA.VIII.C.R5,ifh,explanation,auto,from the Task C References line,Fixation and omission.
PA.VIII.C.R5,phak,explanation,auto,from the Task C References line,Fixation and omission.
PA.VIII.C.R5,risk-management,explanation,auto,from the Task C References line,Fixation and omission.
PA.VIII.C.R6,afh,explanation,auto,from the Task C References line,Instrument Interpretation.
PA.VIII.C.R6,ifh,explanation,auto,from the Task C References line,Instrument Interpretation.
PA.VIII.C.R6,phak,explanation,auto,from the Task C References line,Instrument Interpretation.
PA.VIII.C.R6,risk-management,explanation,auto,from the Task C References line,Instrument Interpretation.
PA.VIII.C.R7,afh,explanation,auto,from the Task C References line,Control application solely by reference to instruments.
PA.VIII.C.R7,ifh,explanation,auto,from the Task C References line,Control application solely by reference to instruments.
PA.VIII.C.R7,phak,explanation,auto,from the Task C References line,Control application solely by reference to instruments.
PA.VIII.C.R7,risk-management,explanation,auto,from the Task C References line,Control application solely by reference to instruments.
PA.VIII.C.R8,afh,explanation,auto,from the Task C References line,Trimming the aircraft.
PA.VIII.C.R8,ifh,explanation,auto,from the Task C References line,Trimming the aircraft.
PA.VIII.C.R8,phak,explanation,auto,from the Task C References line,Trimming the aircraft.
PA.VIII.C.R8,risk-management,explanation,auto,from the Task C References line,Trimming the aircraft.
PA.VIII.C.S1,afh,explanation,auto,from the Task C References line,"Transition to the descent pitch attitude and power setting on an assigned heading using proper instrument cross-check and interpretation, and coordinated flight control application."
PA.VIII.C.S1,ifh,explanation,auto,from the Task C References line,"Transition to the descent pitch attitude and power setting on an assigned heading using proper instrument cross-check and interpretation, and coordinated flight control application."
PA.VIII.C.S1,phak,explanation,auto,from the Task C References line,"Transition to the descent pitch attitude and power setting on an assigned heading using proper instrument cross-check and interpretation, and coordinated flight control application."
PA.VIII.C.S1,risk-management,explanation,auto,from the Task C References line,"Transition to the descent pitch attitude and power setting on an assigned heading using proper instrument cross-check and interpretation, and coordinated flight control application."
PA.VIII.C.S2,afh,explanation,auto,from the Task C References line,Descend at a constant airspeed to specific altitudes in straight flight and turns.
PA.VIII.C.S2,ifh,explanation,auto,from the Task C References line,Descend at a constant airspeed to specific altitudes in straight flight and turns.
PA.VIII.C.S2,phak,explanation,auto,from the Task C References line,Descend at a constant airspeed to specific altitudes in straight flight and turns.
PA.VIII.C.S2,risk-management,explanation,auto,from the Task C References line,Descend at a constant airspeed to specific altitudes in straight flight and turns.
PA.VIII.C.S3,afh,explanation,auto,from the Task C References line,"Level off at the assigned altitude and maintain altitude ±200 feet, heading ±20°, and airspeed ±10 knots."
PA.VIII.C.S3,ifh,explanation,auto,from the Task C References line,"Level off at the assigned altitude and maintain altitude ±200 feet, heading ±20°, and airspeed ±10 knots."
PA.VIII.C.S3,phak,explanation,auto,from the Task C References line,"Level off at the assigned altitude and maintain altitude ±200 feet, heading ±20°, and airspeed ±10 knots."
PA.VIII.C.S3,risk-management,explanation,auto,from the Task C References line,"Level off at the assigned altitude and maintain altitude ±200 feet, heading ±20°, and airspeed ±10 knots."
PA.VIII.D.K1,afh,explanation,auto,from the Task D References line,Flight instruments as they relate to:
PA.VIII.D.K1,ifh,explanation,auto,from the Task D References line,Flight instruments as they relate to:
PA.VIII.D.K1,phak,explanation,auto,from the Task D References line,Flight instruments as they relate to:
PA.VIII.D.K1,risk-management,explanation,auto,from the Task D References line,Flight instruments as they relate to:
PA.VIII.D.K1a,afh,explanation,auto,from the Task D References line,a. Instrument limitations and potential errors
PA.VIII.D.K1a,ifh,explanation,auto,from the Task D References line,a. Instrument limitations and potential errors
PA.VIII.D.K1a,phak,explanation,auto,from the Task D References line,a. Instrument limitations and potential errors
PA.VIII.D.K1a,risk-management,explanation,auto,from the Task D References line,a. Instrument limitations and potential errors
PA.VIII.D.K1b,afh,explanation,auto,from the Task D References line,b. Indication of the aircraft attitude
PA.VIII.D.K1b,ifh,explanation,auto,from the Task D References line,b. Indication of the aircraft attitude
PA.VIII.D.K1b,phak,explanation,auto,from the Task D References line,b. Indication of the aircraft attitude
PA.VIII.D.K1b,risk-management,explanation,auto,from the Task D References line,b. Indication of the aircraft attitude
PA.VIII.D.K1c,afh,explanation,auto,from the Task D References line,c. Function and operation
PA.VIII.D.K1c,ifh,explanation,auto,from the Task D References line,c. Function and operation
PA.VIII.D.K1c,phak,explanation,auto,from the Task D References line,c. Function and operation
PA.VIII.D.K1c,risk-management,explanation,auto,from the Task D References line,c. Function and operation
PA.VIII.D.K1d,afh,explanation,auto,from the Task D References line,d. Proper instrument cross-check techniques
PA.VIII.D.K1d,ifh,explanation,auto,from the Task D References line,d. Proper instrument cross-check techniques
PA.VIII.D.K1d,phak,explanation,auto,from the Task D References line,d. Proper instrument cross-check techniques
PA.VIII.D.K1d,risk-management,explanation,auto,from the Task D References line,d. Proper instrument cross-check techniques
PA.VIII.D.R1,afh,explanation,auto,from the Task D References line,"Instrument flying hazards, including failure to maintain visual flight rules (VFR), spatial disorientation, loss of control, fatigue, stress, and emergency off airport landings."
PA.VIII.D.R1,ifh,explanation,auto,from the Task D References line,"Instrument flying hazards, including failure to maintain visual flight rules (VFR), spatial disorientation, loss of control, fatigue, stress, and emergency off airport landings."
PA.VIII.D.R1,phak,explanation,auto,from the Task D References line,"Instrument flying hazards, including failure to maintain visual flight rules (VFR), spatial disorientation, loss of control, fatigue, stress, and emergency off airport landings."
PA.VIII.D.R1,risk-management,explanation,auto,from the Task D References line,"Instrument flying hazards, including failure to maintain visual flight rules (VFR), spatial disorientation, loss of control, fatigue, stress, and emergency off airport landings."
PA.VIII.D.R2,afh,explanation,auto,from the Task D References line,When to seek assistance or declare an emergency in a deteriorating situation.
PA.VIII.D.R2,ifh,explanation,auto,from the Task D References line,When to seek assistance or declare an emergency in a deteriorating situation.
PA.VIII.D.R2,phak,explanation,auto,from the Task D References line,When to seek assistance or declare an emergency in a deteriorating situation.
PA.VIII.D.R2,risk-management,explanation,auto,from the Task D References line,When to seek assistance or declare an emergency in a deteriorating situation.
PA.VIII.D.R3,afh,explanation,auto,from the Task D References line,Collision hazards.
PA.VIII.D.R3,ifh,explanation,auto,from the Task D References line,Collision hazards.
PA.VIII.D.R3,phak,explanation,auto,from the Task D References line,Collision hazards.
PA.VIII.D.R3,risk-management,explanation,auto,from the Task D References line,Collision hazards.
PA.VIII.D.R4,afh,explanation,auto,from the Task D References line,"Distractions, task prioritization, loss of situational awareness, or disorientation."
PA.VIII.D.R4,ifh,explanation,auto,from the Task D References line,"Distractions, task prioritization, loss of situational awareness, or disorientation."
PA.VIII.D.R4,phak,explanation,auto,from the Task D References line,"Distractions, task prioritization, loss of situational awareness, or disorientation."
PA.VIII.D.R4,risk-management,explanation,auto,from the Task D References line,"Distractions, task prioritization, loss of situational awareness, or disorientation."
PA.VIII.D.R5,afh,explanation,auto,from the Task D References line,Fixation and omission.
PA.VIII.D.R5,ifh,explanation,auto,from the Task D References line,Fixation and omission.
PA.VIII.D.R5,phak,explanation,auto,from the Task D References line,Fixation and omission.
PA.VIII.D.R5,risk-management,explanation,auto,from the Task D References line,Fixation and omission.
PA.VIII.D.R6,afh,explanation,auto,from the Task D References line,Instrument Interpretation.
PA.VIII.D.R6,ifh,explanation,auto,from the Task D References line,Instrument Interpretation.
PA.VIII.D.R6,phak,explanation,auto,from the Task D References line,Instrument Interpretation.
PA.VIII.D.R6,risk-management,explanation,auto,from the Task D References line,Instrument Interpretation.
PA.VIII.D.R7,afh,explanation,auto,from the Task D References line,Control application solely by reference to instruments. Private Pilot for Airplane Category ACS (FAA-S-ACS-6C) 49
PA.VIII.D.R7,ifh,explanation,auto,from the Task D References line,Control application solely by reference to instruments. Private Pilot for Airplane Category ACS (FAA-S-ACS-6C) 49
PA.VIII.D.R7,phak,explanation,auto,from the Task D References line,Control application solely by reference to instruments. Private Pilot for Airplane Category ACS (FAA-S-ACS-6C) 49
PA.VIII.D.R7,risk-management,explanation,auto,from the Task D References line,Control application solely by reference to instruments. Private Pilot for Airplane Category ACS (FAA-S-ACS-6C) 49
PA.VIII.D.R8,afh,explanation,auto,from the Task D References line,Trimming the aircraft.
PA.VIII.D.R8,ifh,explanation,auto,from the Task D References line,Trimming the aircraft.
PA.VIII.D.R8,phak,explanation,auto,from the Task D References line,Trimming the aircraft.
PA.VIII.D.R8,risk-management,explanation,auto,from the Task D References line,Trimming the aircraft.
PA.VIII.D.S1,afh,explanation,auto,from the Task D References line,"Turn to headings, maintain altitude ±200 feet, maintain a standard rate turn, roll out on the assigned heading ±10°, and maintain airspeed ±10 knots."
PA.VIII.D.S1,ifh,explanation,auto,from the Task D References line,"Turn to headings, maintain altitude ±200 feet, maintain a standard rate turn, roll out on the assigned heading ±10°, and maintain airspeed ±10 knots."
PA.VIII.D.S1,phak,explanation,auto,from the Task D References line,"Turn to headings, maintain altitude ±200 feet, maintain a standard rate turn, roll out on the assigned heading ±10°, and maintain airspeed ±10 knots."
PA.VIII.D.S1,risk-management,explanation,auto,from the Task D References line,"Turn to headings, maintain altitude ±200 feet, maintain a standard rate turn, roll out on the assigned heading ±10°, and maintain airspeed ±10 knots."
PA.VIII.E.K1,afh,explanation,auto,from the Task E References line,"Prevention of unusual attitudes, including flight causal, physiological, and environmental factors, and system and equipment failures."
PA.VIII.E.K1,ifh,explanation,auto,from the Task E References line,"Prevention of unusual attitudes, including flight causal, physiological, and environmental factors, and system and equipment failures."
PA.VIII.E.K1,phak,explanation,auto,from the Task E References line,"Prevention of unusual attitudes, including flight causal, physiological, and environmental factors, and system and equipment failures."
PA.VIII.E.K1,risk-management,explanation,auto,from the Task E References line,"Prevention of unusual attitudes, including flight causal, physiological, and environmental factors, and system and equipment failures."
PA.VIII.E.K1a,afh,explanation,auto,from the Task E References line,a. [Archived]
PA.VIII.E.K1a,ifh,explanation,auto,from the Task E References line,a. [Archived]
PA.VIII.E.K1a,phak,explanation,auto,from the Task E References line,a. [Archived]
PA.VIII.E.K1a,risk-management,explanation,auto,from the Task E References line,a. [Archived]
PA.VIII.E.K1b,afh,explanation,auto,from the Task E References line,b. [Archived]
PA.VIII.E.K1b,ifh,explanation,auto,from the Task E References line,b. [Archived]
PA.VIII.E.K1b,phak,explanation,auto,from the Task E References line,b. [Archived]
PA.VIII.E.K1b,risk-management,explanation,auto,from the Task E References line,b. [Archived]
PA.VIII.E.K1c,afh,explanation,auto,from the Task E References line,c. [Archived]
PA.VIII.E.K1c,ifh,explanation,auto,from the Task E References line,c. [Archived]
PA.VIII.E.K1c,phak,explanation,auto,from the Task E References line,c. [Archived]
PA.VIII.E.K1c,risk-management,explanation,auto,from the Task E References line,c. [Archived]
PA.VIII.E.K1d,afh,explanation,auto,from the Task E References line,d. [Archived]
PA.VIII.E.K1d,ifh,explanation,auto,from the Task E References line,d. [Archived]
PA.VIII.E.K1d,phak,explanation,auto,from the Task E References line,d. [Archived]
PA.VIII.E.K1d,risk-management,explanation,auto,from the Task E References line,d. [Archived]
PA.VIII.E.K2,afh,explanation,auto,from the Task E References line,Procedures for recovery from unusual attitudes in flight.
PA.VIII.E.K2,ifh,explanation,auto,from the Task E References line,Procedures for recovery from unusual attitudes in flight.
PA.VIII.E.K2,phak,explanation,auto,from the Task E References line,Procedures for recovery from unusual attitudes in flight.
PA.VIII.E.K2,risk-management,explanation,auto,from the Task E References line,Procedures for recovery from unusual attitudes in flight.
PA.VIII.E.K3,afh,explanation,auto,from the Task E References line,Procedures available to safely regain visual meteorological conditions (VMC) after flight into inadvertent instrument meteorological conditions or unintended instrument meteorological conditions (IIMC)/(UIMC).
PA.VIII.E.K3,ifh,explanation,auto,from the Task E References line,Procedures available to safely regain visual meteorological conditions (VMC) after flight into inadvertent instrument meteorological conditions or unintended instrument meteorological conditions (IIMC)/(UIMC).
PA.VIII.E.K3,phak,explanation,auto,from the Task E References line,Procedures available to safely regain visual meteorological conditions (VMC) after flight into inadvertent instrument meteorological conditions or unintended instrument meteorological conditions (IIMC)/(UIMC).
PA.VIII.E.K3,risk-management,explanation,auto,from the Task E References line,Procedures available to safely regain visual meteorological conditions (VMC) after flight into inadvertent instrument meteorological conditions or unintended instrument meteorological conditions (IIMC)/(UIMC).
PA.VIII.E.K4,afh,explanation,auto,from the Task E References line,"Appropriate use of automation, if applicable."
PA.VIII.E.K4,ifh,explanation,auto,from the Task E References line,"Appropriate use of automation, if applicable."
PA.VIII.E.K4,phak,explanation,auto,from the Task E References line,"Appropriate use of automation, if applicable."
PA.VIII.E.K4,risk-management,explanation,auto,from the Task E References line,"Appropriate use of automation, if applicable."
PA.VIII.E.R1,afh,explanation,auto,from the Task E References line,"Situations that could lead to loss of control in-flight (LOC-I) or unusual attitudes in-flight (e.g., stress, task saturation, inadequate instrument scan distractions, and spatial disorientation)."
PA.VIII.E.R1,ifh,explanation,auto,from the Task E References line,"Situations that could lead to loss of control in-flight (LOC-I) or unusual attitudes in-flight (e.g., stress, task saturation, inadequate instrument scan distractions, and spatial disorientation)."
PA.VIII.E.R1,phak,explanation,auto,from the Task E References line,"Situations that could lead to loss of control in-flight (LOC-I) or unusual attitudes in-flight (e.g., stress, task saturation, inadequate instrument scan distractions, and spatial disorientation)."
PA.VIII.E.R1,risk-management,explanation,auto,from the Task E References line,"Situations that could lead to loss of control in-flight (LOC-I) or unusual attitudes in-flight (e.g., stress, task saturation, inadequate instrument scan distractions, and spatial disorientation)."
PA.VIII.E.R10,afh,explanation,auto,from the Task E References line,Control application solely by reference to instruments.
PA.VIII.E.R10,ifh,explanation,auto,from the Task E References line,Control application solely by reference to instruments.
PA.VIII.E.R10,phak,explanation,auto,from the Task E References line,Control application solely by reference to instruments.
PA.VIII.E.R10,risk-management,explanation,auto,from the Task E References line,Control application solely by reference to instruments.
PA.VIII.E.R2,afh,explanation,auto,from the Task E References line,[Archived]
PA.VIII.E.R2,ifh,explanation,auto,from the Task E References line,[Archived]
PA.VIII.E.R2,phak,explanation,auto,from the Task E References line,[Archived]
PA.VIII.E.R2,risk-management,explanation,auto,from the Task E References line,[Archived]
PA.VIII.E.R3,afh,explanation,auto,from the Task E References line,Collision hazards.
PA.VIII.E.R3,ifh,explanation,auto,from the Task E References line,Collision hazards.
PA.VIII.E.R3,phak,explanation,auto,from the Task E References line,Collision hazards.
PA.VIII.E.R3,risk-management,explanation,auto,from the Task E References line,Collision hazards.
PA.VIII.E.R4,afh,explanation,auto,from the Task E References line,"Distractions, task prioritization, loss of situational awareness, or disorientation."
PA.VIII.E.R4,ifh,explanation,auto,from the Task E References line,"Distractions, task prioritization, loss of situational awareness, or disorientation."
PA.VIII.E.R4,phak,explanation,auto,from the Task E References line,"Distractions, task prioritization, loss of situational awareness, or disorientation."
PA.VIII.E.R4,risk-management,explanation,auto,from the Task E References line,"Distractions, task prioritization, loss of situational awareness, or disorientation."
PA.VIII.E.R5,afh,explanation,auto,from the Task E References line,Interpreting flight instruments.
PA.VIII.E.R5,ifh,explanation,auto,from the Task E References line,Interpreting flight instruments.
PA.VIII.E.R5,phak,explanation,auto,from the Task E References line,Interpreting flight instruments.
PA.VIII.E.R5,risk-management,explanation,auto,from the Task E References line,Interpreting flight instruments.
PA.VIII.E.R6,afh,explanation,auto,from the Task E References line,[Archived]
PA.VIII.E.R6,ifh,explanation,auto,from the Task E References line,[Archived]
PA.VIII.E.R6,phak,explanation,auto,from the Task E References line,[Archived]
PA.VIII.E.R6,risk-management,explanation,auto,from the Task E References line,[Archived]
PA.VIII.E.R7,afh,explanation,auto,from the Task E References line,Operating envelope considerations.
PA.VIII.E.R7,ifh,explanation,auto,from the Task E References line,Operating envelope considerations.
PA.VIII.E.R7,phak,explanation,auto,from the Task E References line,Operating envelope considerations.
PA.VIII.E.R7,risk-management,explanation,auto,from the Task E References line,Operating envelope considerations.
PA.VIII.E.R8,afh,explanation,auto,from the Task E References line,"Control input errors, inducing undesired aircraft attitudes."
PA.VIII.E.R8,ifh,explanation,auto,from the Task E References line,"Control input errors, inducing undesired aircraft attitudes."
PA.VIII.E.R8,phak,explanation,auto,from the Task E References line,"Control input errors, inducing undesired aircraft attitudes."
PA.VIII.E.R8,risk-management,explanation,auto,from the Task E References line,"Control input errors, inducing undesired aircraft attitudes."
PA.VIII.E.R9,afh,explanation,auto,from the Task E References line,Assessment of the unusual attitude.
PA.VIII.E.R9,ifh,explanation,auto,from the Task E References line,Assessment of the unusual attitude.
PA.VIII.E.R9,phak,explanation,auto,from the Task E References line,Assessment of the unusual attitude.
PA.VIII.E.R9,risk-management,explanation,auto,from the Task E References line,Assessment of the unusual attitude.
PA.VIII.E.S1,afh,explanation,auto,from the Task E References line,"Use proper instrument cross-check and interpretation to identify an unusual attitude (including both nose-high and nose-low) in flight, and apply the appropriate flight control, power input, and aircraft configuration in the correct sequence, to return to a stabilized level flight attitude."
PA.VIII.E.S1,ifh,explanation,auto,from the Task E References line,"Use proper instrument cross-check and interpretation to identify an unusual attitude (including both nose-high and nose-low) in flight, and apply the appropriate flight control, power input, and aircraft configuration in the correct sequence, to return to a stabilized level flight attitude."
PA.VIII.E.S1,phak,explanation,auto,from the Task E References line,"Use proper instrument cross-check and interpretation to identify an unusual attitude (including both nose-high and nose-low) in flight, and apply the appropriate flight control, power input, and aircraft configuration in the correct sequence, to return to a stabilized level flight attitude."
PA.VIII.E.S1,risk-management,explanation,auto,from the Task E References line,"Use proper instrument cross-check and interpretation to identify an unusual attitude (including both nose-high and nose-low) in flight, and apply the appropriate flight control, power input, and aircraft configuration in the correct sequence, to return to a stabilized level flight attitude."
PA.VIII.E.S2,afh,explanation,auto,from the Task E References line,"Use single-pilot resource management (SRM) or crew resource management (CRM), as appropriate."
PA.VIII.E.S2,ifh,explanation,auto,from the Task E References line,"Use single-pilot resource management (SRM) or crew resource management (CRM), as appropriate."
PA.VIII.E.S2,phak,explanation,auto,from the Task E References line,"Use single-pilot resource management (SRM) or crew resource management (CRM), as appropriate."
PA.VIII.E.S2,risk-management,explanation,auto,from the Task E References line,"Use single-pilot resource management (SRM) or crew resource management (CRM), as appropriate."
PA.VIII.F.K1,afh,explanation,auto,from the Task F References line,"Operating communications equipment, including identifying and selecting radio frequencies, requesting and following air traffic control (ATC) instructions."
PA.VIII.F.K1,ifh,explanation,auto,from the Task F References line,"Operating communications equipment, including identifying and selecting radio frequencies, requesting and following air traffic control (ATC) instructions."
PA.VIII.F.K1,phak,explanation,auto,from the Task F References line,"Operating communications equipment, including identifying and selecting radio frequencies, requesting and following air traffic control (ATC) instructions."
PA.VIII.F.K1,risk-management,explanation,auto,from the Task F References line,"Operating communications equipment, including identifying and selecting radio frequencies, requesting and following air traffic control (ATC) instructions."
PA.VIII.F.K2,afh,explanation,auto,from the Task F References line,"Operating navigation equipment, including functions and displays, and following bearings, radials, or courses."
PA.VIII.F.K2,ifh,explanation,auto,from the Task F References line,"Operating navigation equipment, including functions and displays, and following bearings, radials, or courses."
PA.VIII.F.K2,phak,explanation,auto,from the Task F References line,"Operating navigation equipment, including functions and displays, and following bearings, radials, or courses."
PA.VIII.F.K2,risk-management,explanation,auto,from the Task F References line,"Operating navigation equipment, including functions and displays, and following bearings, radials, or courses."
PA.VIII.F.K3,afh,explanation,auto,from the Task F References line,Air traffic control facilities and services.
PA.VIII.F.K3,ifh,explanation,auto,from the Task F References line,Air traffic control facilities and services.
PA.VIII.F.K3,phak,explanation,auto,from the Task F References line,Air traffic control facilities and services.
PA.VIII.F.K3,risk-management,explanation,auto,from the Task F References line,Air traffic control facilities and services.
PA.VIII.F.R1,afh,explanation,auto,from the Task F References line,When to seek assistance or declare an emergency in a deteriorating situation.
PA.VIII.F.R1,ifh,explanation,auto,from the Task F References line,When to seek assistance or declare an emergency in a deteriorating situation.
PA.VIII.F.R1,phak,explanation,auto,from the Task F References line,When to seek assistance or declare an emergency in a deteriorating situation.
PA.VIII.F.R1,risk-management,explanation,auto,from the Task F References line,When to seek assistance or declare an emergency in a deteriorating situation.
PA.VIII.F.R2,afh,explanation,auto,from the Task F References line,"Using available resources (e.g., automation, ATC, and flight deck planning aids)."
PA.VIII.F.R2,ifh,explanation,auto,from the Task F References line,"Using available resources (e.g., automation, ATC, and flight deck planning aids)."
PA.VIII.F.R2,phak,explanation,auto,from the Task F References line,"Using available resources (e.g., automation, ATC, and flight deck planning aids)."
PA.VIII.F.R2,risk-management,explanation,auto,from the Task F References line,"Using available resources (e.g., automation, ATC, and flight deck planning aids)."
PA.VIII.F.S1,afh,explanation,auto,from the Task F References line,"Maintain airplane control while selecting proper communications frequencies, identifying the appropriate facility, and managing navigation equipment."
PA.VIII.F.S1,ifh,explanation,auto,from the Task F References line,"Maintain airplane control while selecting proper communications frequencies, identifying the appropriate facility, and managing navigation equipment."
PA.VIII.F.S1,phak,explanation,auto,from the Task F References line,"Maintain airplane control while selecting proper communications frequencies, identifying the appropriate facility, and managing navigation equipment."
PA.VIII.F.S1,risk-management,explanation,auto,from the Task F References line,"Maintain airplane control while selecting proper communications frequencies, identifying the appropriate facility, and managing navigation equipment."
PA.VIII.F.S2,afh,explanation,auto,from the Task F References line,Comply with ATC instructions.
PA.VIII.F.S2,ifh,explanation,auto,from the Task F References line,Comply with ATC instructions.
PA.VIII.F.S2,phak,explanation,auto,from the Task F References line,Comply with ATC instructions.
PA.VIII.F.S2,risk-management,explanation,auto,from the Task F References line,Comply with ATC instructions.
PA.VIII.F.S3,afh,explanation,auto,from the Task F References line,[Archived] Private Pilot for Airplane Category ACS (FAA-S-ACS-6C) 51
PA.VIII.F.S3,ifh,explanation,auto,from the Task F References line,[Archived] Private Pilot for Airplane Category ACS (FAA-S-ACS-6C) 51
PA.VIII.F.S3,phak,explanation,auto,from the Task F References line,[Archived] Private Pilot for Airplane Category ACS (FAA-S-ACS-6C) 51
PA.VIII.F.S3,risk-management,explanation,auto,from the Task F References line,[Archived] Private Pilot for Airplane Category ACS (FAA-S-ACS-6C) 51
PA.X.A.K1,afh,explanation,auto,from the Task A References line,Factors affecting minimum controllable speed (VMC).
PA.X.A.K1,phak,explanation,auto,from the Task A References line,Factors affecting minimum controllable speed (VMC).
PA.X.A.K1,risk-management,explanation,auto,from the Task A References line,Factors affecting minimum controllable speed (VMC).
PA.X.A.K2,afh,explanation,auto,from the Task A References line,VMC (red line) and best single-engine rate of climb airspeed (VYSE) (blue line).
PA.X.A.K2,phak,explanation,auto,from the Task A References line,VMC (red line) and best single-engine rate of climb airspeed (VYSE) (blue line).
PA.X.A.K2,risk-management,explanation,auto,from the Task A References line,VMC (red line) and best single-engine rate of climb airspeed (VYSE) (blue line).
PA.X.A.K3,afh,explanation,auto,from the Task A References line,"How to identify, verify, feather, and secure an inoperative engine."
PA.X.A.K3,phak,explanation,auto,from the Task A References line,"How to identify, verify, feather, and secure an inoperative engine."
PA.X.A.K3,risk-management,explanation,auto,from the Task A References line,"How to identify, verify, feather, and secure an inoperative engine."
PA.X.A.K4,afh,explanation,auto,from the Task A References line,"Importance of drag reduction, including propeller feathering, gear and flap retraction, the manufacturer's recommended control input and its relation to zero sideslip."
PA.X.A.K4,phak,explanation,auto,from the Task A References line,"Importance of drag reduction, including propeller feathering, gear and flap retraction, the manufacturer's recommended control input and its relation to zero sideslip."
PA.X.A.K4,risk-management,explanation,auto,from the Task A References line,"Importance of drag reduction, including propeller feathering, gear and flap retraction, the manufacturer's recommended control input and its relation to zero sideslip."
PA.X.A.K5,afh,explanation,auto,from the Task A References line,"Feathering, securing, unfeathering, and restarting."
PA.X.A.K5,phak,explanation,auto,from the Task A References line,"Feathering, securing, unfeathering, and restarting."
PA.X.A.K5,risk-management,explanation,auto,from the Task A References line,"Feathering, securing, unfeathering, and restarting."
PA.X.A.R1,afh,explanation,auto,from the Task A References line,Potential engine failure during flight.
PA.X.A.R1,phak,explanation,auto,from the Task A References line,Potential engine failure during flight.
PA.X.A.R1,risk-management,explanation,auto,from the Task A References line,Potential engine failure during flight.
PA.X.A.R2,afh,explanation,auto,from the Task A References line,Collision hazards.
PA.X.A.R2,phak,explanation,auto,from the Task A References line,Collision hazards.
PA.X.A.R2,risk-management,explanation,auto,from the Task A References line,Collision hazards.
PA.X.A.R3,afh,explanation,auto,from the Task A References line,Configuring the airplane.
PA.X.A.R3,phak,explanation,auto,from the Task A References line,Configuring the airplane.
PA.X.A.R3,risk-management,explanation,auto,from the Task A References line,Configuring the airplane.
PA.X.A.R4,afh,explanation,auto,from the Task A References line,"Low altitude maneuvering, including stall, spin, or controlled flight into terrain (CFIT)."
PA.X.A.R4,phak,explanation,auto,from the Task A References line,"Low altitude maneuvering, including stall, spin, or controlled flight into terrain (CFIT)."
PA.X.A.R4,risk-management,explanation,auto,from the Task A References line,"Low altitude maneuvering, including stall, spin, or controlled flight into terrain (CFIT)."
PA.X.A.R5,afh,explanation,auto,from the Task A References line,"Distractions, task prioritization, loss of situational awareness, or disorientation."
PA.X.A.R5,phak,explanation,auto,from the Task A References line,"Distractions, task prioritization, loss of situational awareness, or disorientation."
PA.X.A.R5,risk-management,explanation,auto,from the Task A References line,"Distractions, task prioritization, loss of situational awareness, or disorientation."
PA.X.A.S1,afh,explanation,auto,from the Task A References line,"Recognize an engine failure, maintain control, use manufacturer’s memory item procedures, and use appropriate emergency procedures."
PA.X.A.S1,phak,explanation,auto,from the Task A References line,"Recognize an engine failure, maintain control, use manufacturer’s memory item procedures, and use appropriate emergency procedures."
PA.X.A.S1,risk-management,explanation,auto,from the Task A References line,"Recognize an engine failure, maintain control, use manufacturer’s memory item procedures, and use appropriate emergency procedures."
PA.X.A.S2,afh,explanation,auto,from the Task A References line,"Set the engine controls, identify and verify the inoperative engine, and feather the appropriate propeller."
PA.X.A.S2,phak,explanation,auto,from the Task A References line,"Set the engine controls, identify and verify the inoperative engine, and feather the appropriate propeller."
PA.X.A.S2,risk-management,explanation,auto,from the Task A References line,"Set the engine controls, identify and verify the inoperative engine, and feather the appropriate propeller."
PA.X.A.S3,afh,explanation,auto,from the Task A References line,"Use flight controls in the proper combination as recommended by the manufacturer, or as required to maintain best performance, and trim as required."
PA.X.A.S3,phak,explanation,auto,from the Task A References line,"Use flight controls in the proper combination as recommended by the manufacturer, or as required to maintain best performance, and trim as required."
PA.X.A.S3,risk-management,explanation,auto,from the Task A References line,"Use flight controls in the proper combination as recommended by the manufacturer, or as required to maintain best performance, and trim as required."
PA.X.A.S4,afh,explanation,auto,from the Task A References line,Attempt to determine and resolve the reason for the engine failure.
PA.X.A.S4,phak,explanation,auto,from the Task A References line,Attempt to determine and resolve the reason for the engine failure.
PA.X.A.S4,risk-management,explanation,auto,from the Task A References line,Attempt to determine and resolve the reason for the engine failure.
PA.X.A.S5,afh,explanation,auto,from the Task A References line,Secure the inoperative engine and monitor the operating engine and make necessary adjustments.
PA.X.A.S5,phak,explanation,auto,from the Task A References line,Secure the inoperative engine and monitor the operating engine and make necessary adjustments.
PA.X.A.S5,risk-management,explanation,auto,from the Task A References line,Secure the inoperative engine and monitor the operating engine and make necessary adjustments.
PA.X.A.S6,afh,explanation,auto,from the Task A References line,Restart the inoperative engine using manufacturer’s restart procedures.
PA.X.A.S6,phak,explanation,auto,from the Task A References line,Restart the inoperative engine using manufacturer’s restart procedures.
PA.X.A.S6,risk-management,explanation,auto,from the Task A References line,Restart the inoperative engine using manufacturer’s restart procedures.
PA.X.A.S7,afh,explanation,auto,from the Task A References line,"Maintain altitude ±100 feet or minimum sink rate if applicable, airspeed ±10 knots, and selected headings ±10°."
PA.X.A.S7,phak,explanation,auto,from the Task A References line,"Maintain altitude ±100 feet or minimum sink rate if applicable, airspeed ±10 knots, and selected headings ±10°."
PA.X.A.S7,risk-management,explanation,auto,from the Task A References line,"Maintain altitude ±100 feet or minimum sink rate if applicable, airspeed ±10 knots, and selected headings ±10°."
PA.X.A.S8,afh,explanation,auto,from the Task A References line,Complete the appropriate checklist(s). Private Pilot for Airplane Category ACS (FAA-S-ACS-6C) 59
PA.X.A.S8,phak,explanation,auto,from the Task A References line,Complete the appropriate checklist(s). Private Pilot for Airplane Category ACS (FAA-S-ACS-6C) 59
PA.X.A.S8,risk-management,explanation,auto,from the Task A References line,Complete the appropriate checklist(s). Private Pilot for Airplane Category ACS (FAA-S-ACS-6C) 59
PA.X.B.K1,afh,explanation,auto,from the Task B References line,Factors affecting VMC and how VMC differs from stall speed (VS).
PA.X.B.K1,phak,explanation,auto,from the Task B References line,Factors affecting VMC and how VMC differs from stall speed (VS).
PA.X.B.K1,risk-management,explanation,auto,from the Task B References line,Factors affecting VMC and how VMC differs from stall speed (VS).
PA.X.B.K2,afh,explanation,auto,from the Task B References line,"VMC (red line), VYSE (blue line), and safe single-engine speed (VSSE)."
PA.X.B.K2,phak,explanation,auto,from the Task B References line,"VMC (red line), VYSE (blue line), and safe single-engine speed (VSSE)."
PA.X.B.K2,risk-management,explanation,auto,from the Task B References line,"VMC (red line), VYSE (blue line), and safe single-engine speed (VSSE)."
PA.X.B.K3,afh,explanation,auto,from the Task B References line,Cause of loss of directional control at airspeeds below VMC.
PA.X.B.K3,phak,explanation,auto,from the Task B References line,Cause of loss of directional control at airspeeds below VMC.
PA.X.B.K3,risk-management,explanation,auto,from the Task B References line,Cause of loss of directional control at airspeeds below VMC.
PA.X.B.K4,afh,explanation,auto,from the Task B References line,Proper procedures for maneuver entry and safe recovery.
PA.X.B.K4,phak,explanation,auto,from the Task B References line,Proper procedures for maneuver entry and safe recovery.
PA.X.B.K4,risk-management,explanation,auto,from the Task B References line,Proper procedures for maneuver entry and safe recovery.
PA.X.B.R1,afh,explanation,auto,from the Task B References line,Configuring the airplane.
PA.X.B.R1,phak,explanation,auto,from the Task B References line,Configuring the airplane.
PA.X.B.R1,risk-management,explanation,auto,from the Task B References line,Configuring the airplane.
PA.X.B.R2,afh,explanation,auto,from the Task B References line,Maneuvering with one engine inoperative.
PA.X.B.R2,phak,explanation,auto,from the Task B References line,Maneuvering with one engine inoperative.
PA.X.B.R2,risk-management,explanation,auto,from the Task B References line,Maneuvering with one engine inoperative.
PA.X.B.R3,afh,explanation,auto,from the Task B References line,"Distractions, task prioritization, loss of situational awareness, or disorientation."
PA.X.B.R3,phak,explanation,auto,from the Task B References line,"Distractions, task prioritization, loss of situational awareness, or disorientation."
PA.X.B.R3,risk-management,explanation,auto,from the Task B References line,"Distractions, task prioritization, loss of situational awareness, or disorientation."
PA.X.B.S1,afh,explanation,auto,from the Task B References line,"Configure the airplane in accordance with the manufacturer’s recommendations, in the absence of the manufacturer’s recommendations, then at safe single-engine speed (VSSE/VYSE), as appropriate, and:"
PA.X.B.S1,phak,explanation,auto,from the Task B References line,"Configure the airplane in accordance with the manufacturer’s recommendations, in the absence of the manufacturer’s recommendations, then at safe single-engine speed (VSSE/VYSE), as appropriate, and:"
PA.X.B.S1,risk-management,explanation,auto,from the Task B References line,"Configure the airplane in accordance with the manufacturer’s recommendations, in the absence of the manufacturer’s recommendations, then at safe single-engine speed (VSSE/VYSE), as appropriate, and:"
PA.X.B.S1a,afh,explanation,auto,from the Task B References line,a. Landing gear retracted
PA.X.B.S1a,phak,explanation,auto,from the Task B References line,a. Landing gear retracted
PA.X.B.S1a,risk-management,explanation,auto,from the Task B References line,a. Landing gear retracted
PA.X.B.S1b,afh,explanation,auto,from the Task B References line,b. Flaps set for takeoff
PA.X.B.S1b,phak,explanation,auto,from the Task B References line,b. Flaps set for takeoff
PA.X.B.S1b,risk-management,explanation,auto,from the Task B References line,b. Flaps set for takeoff
PA.X.B.S1c,afh,explanation,auto,from the Task B References line,c. Cowl flaps set for takeoff
PA.X.B.S1c,phak,explanation,auto,from the Task B References line,c. Cowl flaps set for takeoff
PA.X.B.S1c,risk-management,explanation,auto,from the Task B References line,c. Cowl flaps set for takeoff
PA.X.B.S1d,afh,explanation,auto,from the Task B References line,d. Trim set for takeoff
PA.X.B.S1d,phak,explanation,auto,from the Task B References line,d. Trim set for takeoff
PA.X.B.S1d,risk-management,explanation,auto,from the Task B References line,d. Trim set for takeoff
PA.X.B.S1e,afh,explanation,auto,from the Task B References line,e. Propellers set for high revolutions per minute (rpm)
PA.X.B.S1e,phak,explanation,auto,from the Task B References line,e. Propellers set for high revolutions per minute (rpm)
PA.X.B.S1e,risk-management,explanation,auto,from the Task B References line,e. Propellers set for high revolutions per minute (rpm)
PA.X.B.S1f,afh,explanation,auto,from the Task B References line,f. Power on critical engine reduced to idle and propeller windmilling
PA.X.B.S1f,phak,explanation,auto,from the Task B References line,f. Power on critical engine reduced to idle and propeller windmilling
PA.X.B.S1f,risk-management,explanation,auto,from the Task B References line,f. Power on critical engine reduced to idle and propeller windmilling
PA.X.B.S1g,afh,explanation,auto,from the Task B References line,g. Power on operating engine set to takeoff or maximum available power
PA.X.B.S1g,phak,explanation,auto,from the Task B References line,g. Power on operating engine set to takeoff or maximum available power
PA.X.B.S1g,risk-management,explanation,auto,from the Task B References line,g. Power on operating engine set to takeoff or maximum available power
PA.X.B.S2,afh,explanation,auto,from the Task B References line,Establish a single-engine climb attitude with the airspeed at approximately 10 knots above VSSE.
PA.X.B.S2,phak,explanation,auto,from the Task B References line,Establish a single-engine climb attitude with the airspeed at approximately 10 knots above VSSE.
PA.X.B.S2,risk-management,explanation,auto,from the Task B References line,Establish a single-engine climb attitude with the airspeed at approximately 10 knots above VSSE.
PA.X.B.S3,afh,explanation,auto,from the Task B References line,"Establish a bank angle not to exceed 5° toward the operating engine, as required for best performance and controllability."
PA.X.B.S3,phak,explanation,auto,from the Task B References line,"Establish a bank angle not to exceed 5° toward the operating engine, as required for best performance and controllability."
PA.X.B.S3,risk-management,explanation,auto,from the Task B References line,"Establish a bank angle not to exceed 5° toward the operating engine, as required for best performance and controllability."
PA.X.B.S4,afh,explanation,auto,from the Task B References line,Increase the pitch attitude slowly to reduce the airspeed at approximately 1 knot per second while applying increased rudder pressure as needed to maintain directional control.
PA.X.B.S4,phak,explanation,auto,from the Task B References line,Increase the pitch attitude slowly to reduce the airspeed at approximately 1 knot per second while applying increased rudder pressure as needed to maintain directional control.
PA.X.B.S4,risk-management,explanation,auto,from the Task B References line,Increase the pitch attitude slowly to reduce the airspeed at approximately 1 knot per second while applying increased rudder pressure as needed to maintain directional control.
PA.X.B.S5,afh,explanation,auto,from the Task B References line,"Recognize and recover at the first indication of loss of directional control, stall warning, or buffet."
PA.X.B.S5,phak,explanation,auto,from the Task B References line,"Recognize and recover at the first indication of loss of directional control, stall warning, or buffet."
PA.X.B.S5,risk-management,explanation,auto,from the Task B References line,"Recognize and recover at the first indication of loss of directional control, stall warning, or buffet."
PA.X.B.S6,afh,explanation,auto,from the Task B References line,"Recover promptly by simultaneously reducing power sufficiently on the operating engine, decreasing the angle of attack as necessary to regain airspeed and directional control, and without adding power on the simulated failed engine."
PA.X.B.S6,phak,explanation,auto,from the Task B References line,"Recover promptly by simultaneously reducing power sufficiently on the operating engine, decreasing the angle of attack as necessary to regain airspeed and directional control, and without adding power on the simulated failed engine."
PA.X.B.S6,risk-management,explanation,auto,from the Task B References line,"Recover promptly by simultaneously reducing power sufficiently on the operating engine, decreasing the angle of attack as necessary to regain airspeed and directional control, and without adding power on the simulated failed engine."
PA.X.B.S7,afh,explanation,auto,from the Task B References line,Recover within 20° of entry heading. Private Pilot for Airplane Category ACS (FAA-S-ACS-6C) 60
PA.X.B.S7,phak,explanation,auto,from the Task B References line,Recover within 20° of entry heading. Private Pilot for Airplane Category ACS (FAA-S-ACS-6C) 60
PA.X.B.S7,risk-management,explanation,auto,from the Task B References line,Recover within 20° of entry heading. Private Pilot for Airplane Category ACS (FAA-S-ACS-6C) 60
PA.X.B.S8,afh,explanation,auto,from the Task B References line,"Advance power smoothly on the operating engine and accelerate to VSSE/VYSE, as appropriate, +10/-5 knots during recovery."
PA.X.B.S8,phak,explanation,auto,from the Task B References line,"Advance power smoothly on the operating engine and accelerate to VSSE/VYSE, as appropriate, +10/-5 knots during recovery."
PA.X.B.S8,risk-management,explanation,auto,from the Task B References line,"Advance power smoothly on the operating engine and accelerate to VSSE/VYSE, as appropriate, +10/-5 knots during recovery."
PA.X.C.K1,afh,explanation,auto,from the Task C References line,Procedures used if engine failure occurs during straight-and-level flight and turns while on instruments.
PA.X.C.K1,ifh,explanation,auto,from the Task C References line,Procedures used if engine failure occurs during straight-and-level flight and turns while on instruments.
PA.X.C.K1,phak,explanation,auto,from the Task C References line,Procedures used if engine failure occurs during straight-and-level flight and turns while on instruments.
PA.X.C.K1,risk-management,explanation,auto,from the Task C References line,Procedures used if engine failure occurs during straight-and-level flight and turns while on instruments.
PA.X.C.R1,afh,explanation,auto,from the Task C References line,Identification of the inoperative engine.
PA.X.C.R1,ifh,explanation,auto,from the Task C References line,Identification of the inoperative engine.
PA.X.C.R1,phak,explanation,auto,from the Task C References line,Identification of the inoperative engine.
PA.X.C.R1,risk-management,explanation,auto,from the Task C References line,Identification of the inoperative engine.
PA.X.C.R2,afh,explanation,auto,from the Task C References line,Inability to climb or maintain altitude with an inoperative engine.
PA.X.C.R2,ifh,explanation,auto,from the Task C References line,Inability to climb or maintain altitude with an inoperative engine.
PA.X.C.R2,phak,explanation,auto,from the Task C References line,Inability to climb or maintain altitude with an inoperative engine.
PA.X.C.R2,risk-management,explanation,auto,from the Task C References line,Inability to climb or maintain altitude with an inoperative engine.
PA.X.C.R3,afh,explanation,auto,from the Task C References line,"Low altitude maneuvering, including stall, spin, or controlled flight into terrain (CFIT)."
PA.X.C.R3,ifh,explanation,auto,from the Task C References line,"Low altitude maneuvering, including stall, spin, or controlled flight into terrain (CFIT)."
PA.X.C.R3,phak,explanation,auto,from the Task C References line,"Low altitude maneuvering, including stall, spin, or controlled flight into terrain (CFIT)."
PA.X.C.R3,risk-management,explanation,auto,from the Task C References line,"Low altitude maneuvering, including stall, spin, or controlled flight into terrain (CFIT)."
PA.X.C.R4,afh,explanation,auto,from the Task C References line,"Distractions, task prioritization, loss of situational awareness, or disorientation."
PA.X.C.R4,ifh,explanation,auto,from the Task C References line,"Distractions, task prioritization, loss of situational awareness, or disorientation."
PA.X.C.R4,phak,explanation,auto,from the Task C References line,"Distractions, task prioritization, loss of situational awareness, or disorientation."
PA.X.C.R4,risk-management,explanation,auto,from the Task C References line,"Distractions, task prioritization, loss of situational awareness, or disorientation."
PA.X.C.R5,afh,explanation,auto,from the Task C References line,Fuel management during single-engine operation.
PA.X.C.R5,ifh,explanation,auto,from the Task C References line,Fuel management during single-engine operation.
PA.X.C.R5,phak,explanation,auto,from the Task C References line,Fuel management during single-engine operation.
PA.X.C.R5,risk-management,explanation,auto,from the Task C References line,Fuel management during single-engine operation.
PA.X.C.S1,afh,explanation,auto,from the Task C References line,Promptly recognize an engine failure and maintain positive aircraft control.
PA.X.C.S1,ifh,explanation,auto,from the Task C References line,Promptly recognize an engine failure and maintain positive aircraft control.
PA.X.C.S1,phak,explanation,auto,from the Task C References line,Promptly recognize an engine failure and maintain positive aircraft control.
PA.X.C.S1,risk-management,explanation,auto,from the Task C References line,Promptly recognize an engine failure and maintain positive aircraft control.
PA.X.C.S10,afh,explanation,auto,from the Task C References line,Avoid loss of airplane control or attempted flight contrary to the engine-inoperative operating limitations of the airplane.
PA.X.C.S10,ifh,explanation,auto,from the Task C References line,Avoid loss of airplane control or attempted flight contrary to the engine-inoperative operating limitations of the airplane.
PA.X.C.S10,phak,explanation,auto,from the Task C References line,Avoid loss of airplane control or attempted flight contrary to the engine-inoperative operating limitations of the airplane.
PA.X.C.S10,risk-management,explanation,auto,from the Task C References line,Avoid loss of airplane control or attempted flight contrary to the engine-inoperative operating limitations of the airplane.
PA.X.C.S11,afh,explanation,auto,from the Task C References line,"Use single-pilot resource management (SRM) or crew resource management (CRM), as appropriate. Private Pilot for Airplane Category ACS (FAA-S-ACS-6C) 61"
PA.X.C.S11,ifh,explanation,auto,from the Task C References line,"Use single-pilot resource management (SRM) or crew resource management (CRM), as appropriate. Private Pilot for Airplane Category ACS (FAA-S-ACS-6C) 61"
PA.X.C.S11,phak,explanation,auto,from the Task C References line,"Use single-pilot resource management (SRM) or crew resource management (CRM), as appropriate. Private Pilot for Airplane Category ACS (FAA-S-ACS-6C) 61"
PA.X.C.S11,risk-management,explanation,auto,from the Task C References line,"Use single-pilot resource management (SRM) or crew resource management (CRM), as appropriate. Private Pilot for Airplane Category ACS (FAA-S-ACS-6C) 61"
PA.X.C.S2,afh,explanation,auto,from the Task C References line,"Set the engine controls, reduce drag, identify and verify the inoperative engine, and simulate feathering of the propeller on the inoperative engine (evaluator should then establish zero thrust on the inoperative engine)."
PA.X.C.S2,ifh,explanation,auto,from the Task C References line,"Set the engine controls, reduce drag, identify and verify the inoperative engine, and simulate feathering of the propeller on the inoperative engine (evaluator should then establish zero thrust on the inoperative engine)."
PA.X.C.S2,phak,explanation,auto,from the Task C References line,"Set the engine controls, reduce drag, identify and verify the inoperative engine, and simulate feathering of the propeller on the inoperative engine (evaluator should then establish zero thrust on the inoperative engine)."
PA.X.C.S2,risk-management,explanation,auto,from the Task C References line,"Set the engine controls, reduce drag, identify and verify the inoperative engine, and simulate feathering of the propeller on the inoperative engine (evaluator should then establish zero thrust on the inoperative engine)."
PA.X.C.S3,afh,explanation,auto,from the Task C References line,Establish the best engine-inoperative airspeed and trim the airplane.
PA.X.C.S3,ifh,explanation,auto,from the Task C References line,Establish the best engine-inoperative airspeed and trim the airplane.
PA.X.C.S3,phak,explanation,auto,from the Task C References line,Establish the best engine-inoperative airspeed and trim the airplane.
PA.X.C.S3,risk-management,explanation,auto,from the Task C References line,Establish the best engine-inoperative airspeed and trim the airplane.
PA.X.C.S4,afh,explanation,auto,from the Task C References line,"Use flight controls in the proper combination as recommended by the manufacturer, or as required to maintain best performance, and trim as required."
PA.X.C.S4,ifh,explanation,auto,from the Task C References line,"Use flight controls in the proper combination as recommended by the manufacturer, or as required to maintain best performance, and trim as required."
PA.X.C.S4,phak,explanation,auto,from the Task C References line,"Use flight controls in the proper combination as recommended by the manufacturer, or as required to maintain best performance, and trim as required."
PA.X.C.S4,risk-management,explanation,auto,from the Task C References line,"Use flight controls in the proper combination as recommended by the manufacturer, or as required to maintain best performance, and trim as required."
PA.X.C.S5,afh,explanation,auto,from the Task C References line,Verify the prescribed checklist procedures used for securing the inoperative engine.
PA.X.C.S5,ifh,explanation,auto,from the Task C References line,Verify the prescribed checklist procedures used for securing the inoperative engine.
PA.X.C.S5,phak,explanation,auto,from the Task C References line,Verify the prescribed checklist procedures used for securing the inoperative engine.
PA.X.C.S5,risk-management,explanation,auto,from the Task C References line,Verify the prescribed checklist procedures used for securing the inoperative engine.
PA.X.C.S6,afh,explanation,auto,from the Task C References line,Attempt to determine and resolve the reason for the engine failure.
PA.X.C.S6,ifh,explanation,auto,from the Task C References line,Attempt to determine and resolve the reason for the engine failure.
PA.X.C.S6,phak,explanation,auto,from the Task C References line,Attempt to determine and resolve the reason for the engine failure.
PA.X.C.S6,risk-management,explanation,auto,from the Task C References line,Attempt to determine and resolve the reason for the engine failure.
PA.X.C.S7,afh,explanation,auto,from the Task C References line,Monitor engine functions and make necessary adjustments.
PA.X.C.S7,ifh,explanation,auto,from the Task C References line,Monitor engine functions and make necessary adjustments.
PA.X.C.S7,phak,explanation,auto,from the Task C References line,Monitor engine functions and make necessary adjustments.
PA.X.C.S7,risk-management,explanation,auto,from the Task C References line,Monitor engine functions and make necessary adjustments.
PA.X.C.S8,afh,explanation,auto,from the Task C References line,"Maintain the specified altitude ±100 feet or minimum sink rate if applicable, airspeed ±10 knots, and the specified heading ±10°."
PA.X.C.S8,ifh,explanation,auto,from the Task C References line,"Maintain the specified altitude ±100 feet or minimum sink rate if applicable, airspeed ±10 knots, and the specified heading ±10°."
PA.X.C.S8,phak,explanation,auto,from the Task C References line,"Maintain the specified altitude ±100 feet or minimum sink rate if applicable, airspeed ±10 knots, and the specified heading ±10°."
PA.X.C.S8,risk-management,explanation,auto,from the Task C References line,"Maintain the specified altitude ±100 feet or minimum sink rate if applicable, airspeed ±10 knots, and the specified heading ±10°."
PA.X.C.S9,afh,explanation,auto,from the Task C References line,Assess the aircraft’s performance capability and decide an appropriate action to ensure a safe landing.
PA.X.C.S9,ifh,explanation,auto,from the Task C References line,Assess the aircraft’s performance capability and decide an appropriate action to ensure a safe landing.
PA.X.C.S9,phak,explanation,auto,from the Task C References line,Assess the aircraft’s performance capability and decide an appropriate action to ensure a safe landing.
PA.X.C.S9,risk-management,explanation,auto,from the Task C References line,Assess the aircraft’s performance capability and decide an appropriate action to ensure a safe landing.
PA.X.D.K1,afh,explanation,auto,from the Task D References line,Instrument approach procedures with one engine inoperative.
PA.X.D.K1,ifh,explanation,auto,from the Task D References line,Instrument approach procedures with one engine inoperative.
PA.X.D.K1,phak,explanation,auto,from the Task D References line,Instrument approach procedures with one engine inoperative.
PA.X.D.K1,risk-management,explanation,auto,from the Task D References line,Instrument approach procedures with one engine inoperative.
PA.X.D.R1,afh,explanation,auto,from the Task D References line,Potential engine failure during approach and landing.
PA.X.D.R1,ifh,explanation,auto,from the Task D References line,Potential engine failure during approach and landing.
PA.X.D.R1,phak,explanation,auto,from the Task D References line,Potential engine failure during approach and landing.
PA.X.D.R1,risk-management,explanation,auto,from the Task D References line,Potential engine failure during approach and landing.
PA.X.D.R2,afh,explanation,auto,from the Task D References line,Collision hazards.
PA.X.D.R2,ifh,explanation,auto,from the Task D References line,Collision hazards.
PA.X.D.R2,phak,explanation,auto,from the Task D References line,Collision hazards.
PA.X.D.R2,risk-management,explanation,auto,from the Task D References line,Collision hazards.
PA.X.D.R3,afh,explanation,auto,from the Task D References line,Configuring the airplane.
PA.X.D.R3,ifh,explanation,auto,from the Task D References line,Configuring the airplane.
PA.X.D.R3,phak,explanation,auto,from the Task D References line,Configuring the airplane.
PA.X.D.R3,risk-management,explanation,auto,from the Task D References line,Configuring the airplane.
PA.X.D.R4,afh,explanation,auto,from the Task D References line,"Low altitude maneuvering, including stall, spin, or controlled flight into terrain (CFIT)."
PA.X.D.R4,ifh,explanation,auto,from the Task D References line,"Low altitude maneuvering, including stall, spin, or controlled flight into terrain (CFIT)."
PA.X.D.R4,phak,explanation,auto,from the Task D References line,"Low altitude maneuvering, including stall, spin, or controlled flight into terrain (CFIT)."
PA.X.D.R4,risk-management,explanation,auto,from the Task D References line,"Low altitude maneuvering, including stall, spin, or controlled flight into terrain (CFIT)."
PA.X.D.R5,afh,explanation,auto,from the Task D References line,"Distractions, task prioritization, loss of situational awareness, or disorientation."
PA.X.D.R5,ifh,explanation,auto,from the Task D References line,"Distractions, task prioritization, loss of situational awareness, or disorientation."
PA.X.D.R5,phak,explanation,auto,from the Task D References line,"Distractions, task prioritization, loss of situational awareness, or disorientation."
PA.X.D.R5,risk-management,explanation,auto,from the Task D References line,"Distractions, task prioritization, loss of situational awareness, or disorientation."
PA.X.D.R6,afh,explanation,auto,from the Task D References line,Performing a go-around/rejected landing with an engine failure.
PA.X.D.R6,ifh,explanation,auto,from the Task D References line,Performing a go-around/rejected landing with an engine failure.
PA.X.D.R6,phak,explanation,auto,from the Task D References line,Performing a go-around/rejected landing with an engine failure.
PA.X.D.R6,risk-management,explanation,auto,from the Task D References line,Performing a go-around/rejected landing with an engine failure.
PA.X.D.S1,afh,explanation,auto,from the Task D References line,Promptly recognize an engine failure and maintain positive aircraft control.
PA.X.D.S1,ifh,explanation,auto,from the Task D References line,Promptly recognize an engine failure and maintain positive aircraft control.
PA.X.D.S1,phak,explanation,auto,from the Task D References line,Promptly recognize an engine failure and maintain positive aircraft control.
PA.X.D.S1,risk-management,explanation,auto,from the Task D References line,Promptly recognize an engine failure and maintain positive aircraft control.
PA.X.D.S10,afh,explanation,auto,from the Task D References line,Avoid loss of airplane control or attempted flight contrary to the operating limitations of the airplane.
PA.X.D.S10,ifh,explanation,auto,from the Task D References line,Avoid loss of airplane control or attempted flight contrary to the operating limitations of the airplane.
PA.X.D.S10,phak,explanation,auto,from the Task D References line,Avoid loss of airplane control or attempted flight contrary to the operating limitations of the airplane.
PA.X.D.S10,risk-management,explanation,auto,from the Task D References line,Avoid loss of airplane control or attempted flight contrary to the operating limitations of the airplane.
PA.X.D.S11,afh,explanation,auto,from the Task D References line,Comply with the published criteria for the aircraft approach category if circling.
PA.X.D.S11,ifh,explanation,auto,from the Task D References line,Comply with the published criteria for the aircraft approach category if circling.
PA.X.D.S11,phak,explanation,auto,from the Task D References line,Comply with the published criteria for the aircraft approach category if circling.
PA.X.D.S11,risk-management,explanation,auto,from the Task D References line,Comply with the published criteria for the aircraft approach category if circling.
PA.X.D.S12,afh,explanation,auto,from the Task D References line,Execute a landing.
PA.X.D.S12,ifh,explanation,auto,from the Task D References line,Execute a landing.
PA.X.D.S12,phak,explanation,auto,from the Task D References line,Execute a landing.
PA.X.D.S12,risk-management,explanation,auto,from the Task D References line,Execute a landing.
PA.X.D.S13,afh,explanation,auto,from the Task D References line,Complete the appropriate checklist(s). Private Pilot for Airplane Category ACS (FAA-S-ACS-6C) 63
PA.X.D.S13,ifh,explanation,auto,from the Task D References line,Complete the appropriate checklist(s). Private Pilot for Airplane Category ACS (FAA-S-ACS-6C) 63
PA.X.D.S13,phak,explanation,auto,from the Task D References line,Complete the appropriate checklist(s). Private Pilot for Airplane Category ACS (FAA-S-ACS-6C) 63
PA.X.D.S13,risk-management,explanation,auto,from the Task D References line,Complete the appropriate checklist(s). Private Pilot for Airplane Category ACS (FAA-S-ACS-6C) 63
PA.X.D.S2,afh,explanation,auto,from the Task D References line,"Set the engine controls, reduce drag, identify and verify the inoperative engine, and simulate feathering of the propeller on the inoperative engine (evaluator should then establish zero thrust on the inoperative engine)."
PA.X.D.S2,ifh,explanation,auto,from the Task D References line,"Set the engine controls, reduce drag, identify and verify the inoperative engine, and simulate feathering of the propeller on the inoperative engine (evaluator should then establish zero thrust on the inoperative engine)."
PA.X.D.S2,phak,explanation,auto,from the Task D References line,"Set the engine controls, reduce drag, identify and verify the inoperative engine, and simulate feathering of the propeller on the inoperative engine (evaluator should then establish zero thrust on the inoperative engine)."
PA.X.D.S2,risk-management,explanation,auto,from the Task D References line,"Set the engine controls, reduce drag, identify and verify the inoperative engine, and simulate feathering of the propeller on the inoperative engine (evaluator should then establish zero thrust on the inoperative engine)."
PA.X.D.S3,afh,explanation,auto,from the Task D References line,"Use flight controls in the proper combination as recommended by the manufacturer, or as required to maintain best performance, and trim as required."
PA.X.D.S3,ifh,explanation,auto,from the Task D References line,"Use flight controls in the proper combination as recommended by the manufacturer, or as required to maintain best performance, and trim as required."
PA.X.D.S3,phak,explanation,auto,from the Task D References line,"Use flight controls in the proper combination as recommended by the manufacturer, or as required to maintain best performance, and trim as required."
PA.X.D.S3,risk-management,explanation,auto,from the Task D References line,"Use flight controls in the proper combination as recommended by the manufacturer, or as required to maintain best performance, and trim as required."
PA.X.D.S4,afh,explanation,auto,from the Task D References line,Follow the manufacturer’s recommended emergency procedures and complete the appropriate checklist.
PA.X.D.S4,ifh,explanation,auto,from the Task D References line,Follow the manufacturer’s recommended emergency procedures and complete the appropriate checklist.
PA.X.D.S4,phak,explanation,auto,from the Task D References line,Follow the manufacturer’s recommended emergency procedures and complete the appropriate checklist.
PA.X.D.S4,risk-management,explanation,auto,from the Task D References line,Follow the manufacturer’s recommended emergency procedures and complete the appropriate checklist.
PA.X.D.S5,afh,explanation,auto,from the Task D References line,Monitor the operating engine and aircraft systems and make adjustments as necessary.
PA.X.D.S5,ifh,explanation,auto,from the Task D References line,Monitor the operating engine and aircraft systems and make adjustments as necessary.
PA.X.D.S5,phak,explanation,auto,from the Task D References line,Monitor the operating engine and aircraft systems and make adjustments as necessary.
PA.X.D.S5,risk-management,explanation,auto,from the Task D References line,Monitor the operating engine and aircraft systems and make adjustments as necessary.
PA.X.D.S6,afh,explanation,auto,from the Task D References line,Request and follow an actual or a simulated air traffic control (ATC) clearance for an instrument approach.
PA.X.D.S6,ifh,explanation,auto,from the Task D References line,Request and follow an actual or a simulated air traffic control (ATC) clearance for an instrument approach.
PA.X.D.S6,phak,explanation,auto,from the Task D References line,Request and follow an actual or a simulated air traffic control (ATC) clearance for an instrument approach.
PA.X.D.S6,risk-management,explanation,auto,from the Task D References line,Request and follow an actual or a simulated air traffic control (ATC) clearance for an instrument approach.
PA.X.D.S7,afh,explanation,auto,from the Task D References line,"Maintain altitude ±100 feet or minimum sink rate if applicable, airspeed ±10 knots, and selected heading ±10°."
PA.X.D.S7,ifh,explanation,auto,from the Task D References line,"Maintain altitude ±100 feet or minimum sink rate if applicable, airspeed ±10 knots, and selected heading ±10°."
PA.X.D.S7,phak,explanation,auto,from the Task D References line,"Maintain altitude ±100 feet or minimum sink rate if applicable, airspeed ±10 knots, and selected heading ±10°."
PA.X.D.S7,risk-management,explanation,auto,from the Task D References line,"Maintain altitude ±100 feet or minimum sink rate if applicable, airspeed ±10 knots, and selected heading ±10°."
PA.X.D.S8,afh,explanation,auto,from the Task D References line,"Establish a rate of descent that ensures arrival at the minimum descent altitude (MDA) or decision altitude (DA)/decision height (DH) with the airplane in a position from which a descent to a landing on the intended runway or landing path can be made, either straight in or circling as appropriate."
PA.X.D.S8,ifh,explanation,auto,from the Task D References line,"Establish a rate of descent that ensures arrival at the minimum descent altitude (MDA) or decision altitude (DA)/decision height (DH) with the airplane in a position from which a descent to a landing on the intended runway or landing path can be made, either straight in or circling as appropriate."
PA.X.D.S8,phak,explanation,auto,from the Task D References line,"Establish a rate of descent that ensures arrival at the minimum descent altitude (MDA) or decision altitude (DA)/decision height (DH) with the airplane in a position from which a descent to a landing on the intended runway or landing path can be made, either straight in or circling as appropriate."
PA.X.D.S8,risk-management,explanation,auto,from the Task D References line,"Establish a rate of descent that ensures arrival at the minimum descent altitude (MDA) or decision altitude (DA)/decision height (DH) with the airplane in a position from which a descent to a landing on the intended runway or landing path can be made, either straight in or circling as appropriate."
PA.X.D.S9,afh,explanation,auto,from the Task D References line,"On final approach segment, maintain vertical (as applicable) and lateral guidance within ¾-scale deflection. Private Pilot for Airplane Category ACS (FAA-S-ACS-6C) 62"
PA.X.D.S9,ifh,explanation,auto,from the Task D References line,"On final approach segment, maintain vertical (as applicable) and lateral guidance within ¾-scale deflection. Private Pilot for Airplane Category ACS (FAA-S-ACS-6C) 62"
PA.X.D.S9,phak,explanation,auto,from the Task D References line,"On final approach segment, maintain vertical (as applicable) and lateral guidance within ¾-scale deflection. Private Pilot for Airplane Category ACS (FAA-S-ACS-6C) 62"
PA.X.D.S9,risk-management,explanation,auto,from the Task D References line,"On final approach segment, maintain vertical (as applicable) and lateral guidance within ¾-scale deflection. Private Pilot for Airplane Category ACS (FAA-S-ACS-6C) 62"
PA.XI.A.K1,afh,explanation,auto,from the Task A References line,Physiological aspects of vision related to night flying.
PA.XI.A.K1,aim,guidance,auto,from the Task A References line,Physiological aspects of vision related to night flying.
PA.XI.A.K1,phak,explanation,auto,from the Task A References line,Physiological aspects of vision related to night flying.
PA.XI.A.K1,risk-management,explanation,auto,from the Task A References line,Physiological aspects of vision related to night flying.
PA.XI.A.K2,afh,explanation,auto,from the Task A References line,"Lighting systems identifying airports, runways, taxiways and obstructions, as well as pilot controlled lighting."
PA.XI.A.K2,aim,guidance,auto,from the Task A References line,"Lighting systems identifying airports, runways, taxiways and obstructions, as well as pilot controlled lighting."
PA.XI.A.K2,phak,explanation,auto,from the Task A References line,"Lighting systems identifying airports, runways, taxiways and obstructions, as well as pilot controlled lighting."
PA.XI.A.K2,risk-management,explanation,auto,from the Task A References line,"Lighting systems identifying airports, runways, taxiways and obstructions, as well as pilot controlled lighting."
PA.XI.A.K3,afh,explanation,auto,from the Task A References line,Airplane equipment and lighting requirements for night operations.
PA.XI.A.K3,aim,guidance,auto,from the Task A References line,Airplane equipment and lighting requirements for night operations.
PA.XI.A.K3,phak,explanation,auto,from the Task A References line,Airplane equipment and lighting requirements for night operations.
PA.XI.A.K3,risk-management,explanation,auto,from the Task A References line,Airplane equipment and lighting requirements for night operations.
PA.XI.A.K4,afh,explanation,auto,from the Task A References line,Personal equipment essential for night flight.
PA.XI.A.K4,aim,guidance,auto,from the Task A References line,Personal equipment essential for night flight.
PA.XI.A.K4,phak,explanation,auto,from the Task A References line,Personal equipment essential for night flight.
PA.XI.A.K4,risk-management,explanation,auto,from the Task A References line,Personal equipment essential for night flight.
PA.XI.A.K5,afh,explanation,auto,from the Task A References line,"Night orientation, navigation, chart reading techniques and methods for maintaining night vision effectiveness."
PA.XI.A.K5,aim,guidance,auto,from the Task A References line,"Night orientation, navigation, chart reading techniques and methods for maintaining night vision effectiveness."
PA.XI.A.K5,phak,explanation,auto,from the Task A References line,"Night orientation, navigation, chart reading techniques and methods for maintaining night vision effectiveness."
PA.XI.A.K5,risk-management,explanation,auto,from the Task A References line,"Night orientation, navigation, chart reading techniques and methods for maintaining night vision effectiveness."
PA.XI.A.K6,afh,explanation,auto,from the Task A References line,Night taxi operations.
PA.XI.A.K6,aim,guidance,auto,from the Task A References line,Night taxi operations.
PA.XI.A.K6,phak,explanation,auto,from the Task A References line,Night taxi operations.
PA.XI.A.K6,risk-management,explanation,auto,from the Task A References line,Night taxi operations.
PA.XI.A.K7,afh,explanation,auto,from the Task A References line,Interpretation of traffic position and direction based solely on position lights.
PA.XI.A.K7,aim,guidance,auto,from the Task A References line,Interpretation of traffic position and direction based solely on position lights.
PA.XI.A.K7,phak,explanation,auto,from the Task A References line,Interpretation of traffic position and direction based solely on position lights.
PA.XI.A.K7,risk-management,explanation,auto,from the Task A References line,Interpretation of traffic position and direction based solely on position lights.
PA.XI.A.K8,afh,explanation,auto,from the Task A References line,Visual illusions at night.
PA.XI.A.K8,aim,guidance,auto,from the Task A References line,Visual illusions at night.
PA.XI.A.K8,phak,explanation,auto,from the Task A References line,Visual illusions at night.
PA.XI.A.K8,risk-management,explanation,auto,from the Task A References line,Visual illusions at night.
PA.XI.A.R1,afh,explanation,auto,from the Task A References line,Collision hazards.
PA.XI.A.R1,aim,guidance,auto,from the Task A References line,Collision hazards.
PA.XI.A.R1,phak,explanation,auto,from the Task A References line,Collision hazards.
PA.XI.A.R1,risk-management,explanation,auto,from the Task A References line,Collision hazards.
PA.XI.A.R2,afh,explanation,auto,from the Task A References line,"Distractions, task prioritization, loss of situational awareness, or disorientation."
PA.XI.A.R2,aim,guidance,auto,from the Task A References line,"Distractions, task prioritization, loss of situational awareness, or disorientation."
PA.XI.A.R2,phak,explanation,auto,from the Task A References line,"Distractions, task prioritization, loss of situational awareness, or disorientation."
PA.XI.A.R2,risk-management,explanation,auto,from the Task A References line,"Distractions, task prioritization, loss of situational awareness, or disorientation."
PA.XI.A.R3,afh,explanation,auto,from the Task A References line,Effect of visual illusions and night adaptation during all phases of night flying.
PA.XI.A.R3,aim,guidance,auto,from the Task A References line,Effect of visual illusions and night adaptation during all phases of night flying.
PA.XI.A.R3,phak,explanation,auto,from the Task A References line,Effect of visual illusions and night adaptation during all phases of night flying.
PA.XI.A.R3,risk-management,explanation,auto,from the Task A References line,Effect of visual illusions and night adaptation during all phases of night flying.
PA.XI.A.R4,afh,explanation,auto,from the Task A References line,Runway incursion.
PA.XI.A.R4,aim,guidance,auto,from the Task A References line,Runway incursion.
PA.XI.A.R4,phak,explanation,auto,from the Task A References line,Runway incursion.
PA.XI.A.R4,risk-management,explanation,auto,from the Task A References line,Runway incursion.
PA.XI.A.R5,afh,explanation,auto,from the Task A References line,Night currency versus proficiency.
PA.XI.A.R5,aim,guidance,auto,from the Task A References line,Night currency versus proficiency.
PA.XI.A.R5,phak,explanation,auto,from the Task A References line,Night currency versus proficiency.
PA.XI.A.R5,risk-management,explanation,auto,from the Task A References line,Night currency versus proficiency.
PA.XI.A.R6,afh,explanation,auto,from the Task A References line,Weather considerations specific to night operations.
PA.XI.A.R6,aim,guidance,auto,from the Task A References line,Weather considerations specific to night operations.
PA.XI.A.R6,phak,explanation,auto,from the Task A References line,Weather considerations specific to night operations.
PA.XI.A.R6,risk-management,explanation,auto,from the Task A References line,Weather considerations specific to night operations.
PA.XI.A.R7,afh,explanation,auto,from the Task A References line,Inoperative equipment.
PA.XI.A.R7,aim,guidance,auto,from the Task A References line,Inoperative equipment.
PA.XI.A.R7,phak,explanation,auto,from the Task A References line,Inoperative equipment.
PA.XI.A.R7,risk-management,explanation,auto,from the Task A References line,Inoperative equipment.
PA.XII.A.K1,afh,explanation,auto,from the Task A References line,"Airplane shutdown, securing, and postflight inspection."
PA.XII.A.K1,phak,explanation,auto,from the Task A References line,"Airplane shutdown, securing, and postflight inspection."
PA.XII.A.K1,risk-management,explanation,auto,from the Task A References line,"Airplane shutdown, securing, and postflight inspection."
PA.XII.A.K2,afh,explanation,auto,from the Task A References line,Documenting in-flight/postflight discrepancies.
PA.XII.A.K2,phak,explanation,auto,from the Task A References line,Documenting in-flight/postflight discrepancies.
PA.XII.A.K2,risk-management,explanation,auto,from the Task A References line,Documenting in-flight/postflight discrepancies.
PA.XII.A.R1,afh,explanation,auto,from the Task A References line,Activities and distractions.
PA.XII.A.R1,phak,explanation,auto,from the Task A References line,Activities and distractions.
PA.XII.A.R1,risk-management,explanation,auto,from the Task A References line,Activities and distractions.
PA.XII.A.R2,afh,explanation,auto,from the Task A References line,[Archived]
PA.XII.A.R2,phak,explanation,auto,from the Task A References line,[Archived]
PA.XII.A.R2,risk-management,explanation,auto,from the Task A References line,[Archived]
PA.XII.A.R3,afh,explanation,auto,from the Task A References line,Airport specific security procedures.
PA.XII.A.R3,phak,explanation,auto,from the Task A References line,Airport specific security procedures.
PA.XII.A.R3,risk-management,explanation,auto,from the Task A References line,Airport specific security procedures.
PA.XII.A.R4,afh,explanation,auto,from the Task A References line,Disembarking passengers safely on the ramp and monitoring passenger movement while on the ramp.
PA.XII.A.R4,phak,explanation,auto,from the Task A References line,Disembarking passengers safely on the ramp and monitoring passenger movement while on the ramp.
PA.XII.A.R4,risk-management,explanation,auto,from the Task A References line,Disembarking passengers safely on the ramp and monitoring passenger movement while on the ramp.
PA.XII.A.S1,afh,explanation,auto,from the Task A References line,[Archived]
PA.XII.A.S1,phak,explanation,auto,from the Task A References line,[Archived]
PA.XII.A.S1,risk-management,explanation,auto,from the Task A References line,[Archived]
PA.XII.A.S2,afh,explanation,auto,from the Task A References line,"Park in an appropriate area, considering the safety of nearby persons and property."
PA.XII.A.S2,phak,explanation,auto,from the Task A References line,"Park in an appropriate area, considering the safety of nearby persons and property."
PA.XII.A.S2,risk-management,explanation,auto,from the Task A References line,"Park in an appropriate area, considering the safety of nearby persons and property."
PA.XII.A.S3,afh,explanation,auto,from the Task A References line,Complete the appropriate checklist(s).
PA.XII.A.S3,phak,explanation,auto,from the Task A References line,Complete the appropriate checklist(s).
PA.XII.A.S3,risk-management,explanation,auto,from the Task A References line,Complete the appropriate checklist(s).
PA.XII.A.S4,afh,explanation,auto,from the Task A References line,"Conduct a postflight inspection and document discrepancies and servicing requirements, if any."
PA.XII.A.S4,phak,explanation,auto,from the Task A References line,"Conduct a postflight inspection and document discrepancies and servicing requirements, if any."
PA.XII.A.S4,risk-management,explanation,auto,from the Task A References line,"Conduct a postflight inspection and document discrepancies and servicing requirements, if any."
PA.XII.A.S5,afh,explanation,auto,from the Task A References line,Secure the airplane.
PA.XII.A.S5,phak,explanation,auto,from the Task A References line,Secure the airplane.
PA.XII.A.S5,risk-management,explanation,auto,from the Task A References line,Secure the airplane.
PA.XII.B.K1,afh,explanation,auto,from the Task B References line,Mooring.
PA.XII.B.K1,phak,explanation,auto,from the Task B References line,Mooring.
PA.XII.B.K1,risk-management,explanation,auto,from the Task B References line,Mooring.
PA.XII.B.K1,seaplane,explanation,auto,from the Task B References line,Mooring.
PA.XII.B.K2,afh,explanation,auto,from the Task B References line,Docking.
PA.XII.B.K2,phak,explanation,auto,from the Task B References line,Docking.
PA.XII.B.K2,risk-management,explanation,auto,from the Task B References line,Docking.
PA.XII.B.K2,seaplane,explanation,auto,from the Task B References line,Docking.
PA.XII.B.K3,afh,explanation,auto,from the Task B References line,Anchoring.
PA.XII.B.K3,phak,explanation,auto,from the Task B References line,Anchoring.
PA.XII.B.K3,risk-management,explanation,auto,from the Task B References line,Anchoring.
PA.XII.B.K3,seaplane,explanation,auto,from the Task B References line,Anchoring.
PA.XII.B.K4,afh,explanation,auto,from the Task B References line,Beaching/ramping.
PA.XII.B.K4,phak,explanation,auto,from the Task B References line,Beaching/ramping.
PA.XII.B.K4,risk-management,explanation,auto,from the Task B References line,Beaching/ramping.
PA.XII.B.K4,seaplane,explanation,auto,from the Task B References line,Beaching/ramping.
PA.XII.B.K5,afh,explanation,auto,from the Task B References line,"Postflight inspection, recording of in-flight/postflight discrepancies. Private Pilot for Airplane Category ACS (FAA-S-ACS-6C) 65"
PA.XII.B.K5,phak,explanation,auto,from the Task B References line,"Postflight inspection, recording of in-flight/postflight discrepancies. Private Pilot for Airplane Category ACS (FAA-S-ACS-6C) 65"
PA.XII.B.K5,risk-management,explanation,auto,from the Task B References line,"Postflight inspection, recording of in-flight/postflight discrepancies. Private Pilot for Airplane Category ACS (FAA-S-ACS-6C) 65"
PA.XII.B.K5,seaplane,explanation,auto,from the Task B References line,"Postflight inspection, recording of in-flight/postflight discrepancies. Private Pilot for Airplane Category ACS (FAA-S-ACS-6C) 65"
PA.XII.B.R1,afh,explanation,auto,from the Task B References line,Activities and distractions.
PA.XII.B.R1,phak,explanation,auto,from the Task B References line,Activities and distractions.
PA.XII.B.R1,risk-management,explanation,auto,from the Task B References line,Activities and distractions.
PA.XII.B.R1,seaplane,explanation,auto,from the Task B References line,Activities and distractions.
PA.XII.B.R2,afh,explanation,auto,from the Task B References line,[Archived]
PA.XII.B.R2,phak,explanation,auto,from the Task B References line,[Archived]
PA.XII.B.R2,risk-management,explanation,auto,from the Task B References line,[Archived]
PA.XII.B.R2,seaplane,explanation,auto,from the Task B References line,[Archived]
PA.XII.B.R3,afh,explanation,auto,from the Task B References line,"Seaplane base specific security procedures, if applicable."
PA.XII.B.R3,phak,explanation,auto,from the Task B References line,"Seaplane base specific security procedures, if applicable."
PA.XII.B.R3,risk-management,explanation,auto,from the Task B References line,"Seaplane base specific security procedures, if applicable."
PA.XII.B.R3,seaplane,explanation,auto,from the Task B References line,"Seaplane base specific security procedures, if applicable."
PA.XII.B.R4,afh,explanation,auto,from the Task B References line,Disembarking passengers safely on the ramp and monitoring passenger movement while on the ramp.
PA.XII.B.R4,phak,explanation,auto,from the Task B References line,Disembarking passengers safely on the ramp and monitoring passenger movement while on the ramp.
PA.XII.B.R4,risk-management,explanation,auto,from the Task B References line,Disembarking passengers safely on the ramp and monitoring passenger movement while on the ramp.
PA.XII.B.R4,seaplane,explanation,auto,from the Task B References line,Disembarking passengers safely on the ramp and monitoring passenger movement while on the ramp.
PA.XII.B.S1,afh,explanation,auto,from the Task B References line,"If anchoring, select a suitable area considering seaplane movement, water depth, tide, wind, and weather changes. Use an adequate number of anchors and lines of sufficient strength and length to ensure the seaplane’s security."
PA.XII.B.S1,phak,explanation,auto,from the Task B References line,"If anchoring, select a suitable area considering seaplane movement, water depth, tide, wind, and weather changes. Use an adequate number of anchors and lines of sufficient strength and length to ensure the seaplane’s security."
PA.XII.B.S1,risk-management,explanation,auto,from the Task B References line,"If anchoring, select a suitable area considering seaplane movement, water depth, tide, wind, and weather changes. Use an adequate number of anchors and lines of sufficient strength and length to ensure the seaplane’s security."
PA.XII.B.S1,seaplane,explanation,auto,from the Task B References line,"If anchoring, select a suitable area considering seaplane movement, water depth, tide, wind, and weather changes. Use an adequate number of anchors and lines of sufficient strength and length to ensure the seaplane’s security."
PA.XII.B.S2,afh,explanation,auto,from the Task B References line,"If not anchoring, approach the dock/mooring buoy or beach/ramp in the proper direction and at a safe speed, considering water depth, tide, current, and wind."
PA.XII.B.S2,phak,explanation,auto,from the Task B References line,"If not anchoring, approach the dock/mooring buoy or beach/ramp in the proper direction and at a safe speed, considering water depth, tide, current, and wind."
PA.XII.B.S2,risk-management,explanation,auto,from the Task B References line,"If not anchoring, approach the dock/mooring buoy or beach/ramp in the proper direction and at a safe speed, considering water depth, tide, current, and wind."
PA.XII.B.S2,seaplane,explanation,auto,from the Task B References line,"If not anchoring, approach the dock/mooring buoy or beach/ramp in the proper direction and at a safe speed, considering water depth, tide, current, and wind."
PA.XII.B.S3,afh,explanation,auto,from the Task B References line,Complete the appropriate checklist(s).
PA.XII.B.S3,phak,explanation,auto,from the Task B References line,Complete the appropriate checklist(s).
PA.XII.B.S3,risk-management,explanation,auto,from the Task B References line,Complete the appropriate checklist(s).
PA.XII.B.S3,seaplane,explanation,auto,from the Task B References line,Complete the appropriate checklist(s).
PA.XII.B.S4,afh,explanation,auto,from the Task B References line,"Conduct a postflight inspection and document discrepancies and servicing requirements, if any."
PA.XII.B.S4,phak,explanation,auto,from the Task B References line,"Conduct a postflight inspection and document discrepancies and servicing requirements, if any."
PA.XII.B.S4,risk-management,explanation,auto,from the Task B References line,"Conduct a postflight inspection and document discrepancies and servicing requirements, if any."
PA.XII.B.S4,seaplane,explanation,auto,from the Task B References line,"Conduct a postflight inspection and document discrepancies and servicing requirements, if any."
PA.XII.B.S5,afh,explanation,auto,from the Task B References line,"Secure the seaplane considering the effect of wind, waves, and changes in water level, or comply with applicable after landing, parking, and securing procedures if operating an amphibious airplane on land. Private Pilot for Airplane Category ACS (FAA-S-ACS-6C) 66 Appendix 1: Practical Test Roles, Re"
PA.XII.B.S5,phak,explanation,auto,from the Task B References line,"Secure the seaplane considering the effect of wind, waves, and changes in water level, or comply with applicable after landing, parking, and securing procedures if operating an amphibious airplane on land. Private Pilot for Airplane Category ACS (FAA-S-ACS-6C) 66 Appendix 1: Practical Test Roles, Re"
PA.XII.B.S5,risk-management,explanation,auto,from the Task B References line,"Secure the seaplane considering the effect of wind, waves, and changes in water level, or comply with applicable after landing, parking, and securing procedures if operating an amphibious airplane on land. Private Pilot for Airplane Category ACS (FAA-S-ACS-6C) 66 Appendix 1: Practical Test Roles, Re"
PA.XII.B.S5,seaplane,explanation,auto,from the Task B References line,"Secure the seaplane considering the effect of wind, waves, and changes in water level, or comply with applicable after landing, parking, and securing procedures if operating an amphibious airplane on land. Private Pilot for Airplane Category ACS (FAA-S-ACS-6C) 66 Appendix 1: Practical Test Roles, Re"
